Timing Report Max Delay Analysis

SmartTime Version 2025.2
Microchip Technology Inc. - Microchip Libero Software Release 2025.2 (Version 2025.2.0.14)
Date: Mon Mar 23 10:37:13 2026


Design: MPFS_DISCOVERY_KIT
Family: PolarFireSoC
Die: MPFS095T
Package: FCSG325
Temperature Range: 0 - 100 C
Voltage Range: 0.97 - 1.03 V
Speed Grade: -1
Design State: Post-Layout
Data source: Production
Multi Corner Report Operating Conditions: slow_lv_lt,fast_hv_lt,slow_lv_ht


-----------------------------------------------------
SUMMARY

Clock Domain:               CLOCKS_AND_RESETS_0/CCC_FIC_x_CLK/PF_CCC_C0_0/pll_inst_0/OUT0
Required Period (ns):       8.000
Required Frequency (MHz):   125.000
Worst Slack (ns):           -0.420
Operating Conditions:       slow_lv_ht

Clock Domain:               CLOCKS_AND_RESETS_0/CCC_FIC_x_CLK/PF_CCC_C0_0/pll_inst_0/OUT3
Required Period (ns):       20.000
Required Frequency (MHz):   50.000
Worst Slack (ns):           2.783
Operating Conditions:       slow_lv_ht

Clock Domain:               FIC_0_PERIPHERALS_0/security_core_0/rng/neoTRNG_0/entropy_cell_gen.0.neoTRNG_cell_inst/sreg_0[0]:Q
Required Period (ns):       N/A
Required Frequency (MHz):   N/A
Worst Slack (ns):           
Operating Conditions:       

Clock Domain:               FIC_0_PERIPHERALS_0/security_core_0/rng/neoTRNG_0/entropy_cell_gen.0.neoTRNG_cell_inst/sreg_1[0]:Q
Required Period (ns):       N/A
Required Frequency (MHz):   N/A
Worst Slack (ns):           
Operating Conditions:       

Clock Domain:               FIC_0_PERIPHERALS_0/security_core_0/rng/neoTRNG_0/entropy_cell_gen.0.neoTRNG_cell_inst/sreg_2[0]:Q
Required Period (ns):       N/A
Required Frequency (MHz):   N/A
Worst Slack (ns):           
Operating Conditions:       

Clock Domain:               FIC_0_PERIPHERALS_0/security_core_0/rng/neoTRNG_0/entropy_cell_gen.0.neoTRNG_cell_inst/sreg_3[0]:Q
Required Period (ns):       N/A
Required Frequency (MHz):   N/A
Worst Slack (ns):           
Operating Conditions:       

Clock Domain:               FIC_0_PERIPHERALS_0/security_core_0/rng/neoTRNG_0/entropy_cell_gen.0.neoTRNG_cell_inst/sreg_4[0]:Q
Required Period (ns):       N/A
Required Frequency (MHz):   N/A
Worst Slack (ns):           
Operating Conditions:       

Clock Domain:               FIC_0_PERIPHERALS_0/security_core_0/rng/neoTRNG_0/entropy_cell_gen.1.neoTRNG_cell_inst/sreg_0[0]:Q
Required Period (ns):       N/A
Required Frequency (MHz):   N/A
Worst Slack (ns):           
Operating Conditions:       

Clock Domain:               FIC_0_PERIPHERALS_0/security_core_0/rng/neoTRNG_0/entropy_cell_gen.1.neoTRNG_cell_inst/sreg_1[0]:Q
Required Period (ns):       N/A
Required Frequency (MHz):   N/A
Worst Slack (ns):           
Operating Conditions:       

Clock Domain:               FIC_0_PERIPHERALS_0/security_core_0/rng/neoTRNG_0/entropy_cell_gen.1.neoTRNG_cell_inst/sreg_2[0]:Q
Required Period (ns):       N/A
Required Frequency (MHz):   N/A
Worst Slack (ns):           
Operating Conditions:       

Clock Domain:               FIC_0_PERIPHERALS_0/security_core_0/rng/neoTRNG_0/entropy_cell_gen.1.neoTRNG_cell_inst/sreg_3[0]:Q
Required Period (ns):       N/A
Required Frequency (MHz):   N/A
Worst Slack (ns):           
Operating Conditions:       

Clock Domain:               FIC_0_PERIPHERALS_0/security_core_0/rng/neoTRNG_0/entropy_cell_gen.1.neoTRNG_cell_inst/sreg_4[0]:Q
Required Period (ns):       N/A
Required Frequency (MHz):   N/A
Worst Slack (ns):           
Operating Conditions:       

Clock Domain:               FIC_0_PERIPHERALS_0/security_core_0/rng/neoTRNG_0/entropy_cell_gen.1.neoTRNG_cell_inst/sreg_5[0]:Q
Required Period (ns):       N/A
Required Frequency (MHz):   N/A
Worst Slack (ns):           
Operating Conditions:       

Clock Domain:               FIC_0_PERIPHERALS_0/security_core_0/rng/neoTRNG_0/entropy_cell_gen.1.neoTRNG_cell_inst/sreg_6[0]:Q
Required Period (ns):       N/A
Required Frequency (MHz):   N/A
Worst Slack (ns):           
Operating Conditions:       

Clock Domain:               FIC_0_PERIPHERALS_0/security_core_0/rng/neoTRNG_0/entropy_cell_gen.2.neoTRNG_cell_inst/sreg_0[0]:Q
Required Period (ns):       N/A
Required Frequency (MHz):   N/A
Worst Slack (ns):           
Operating Conditions:       

Clock Domain:               FIC_0_PERIPHERALS_0/security_core_0/rng/neoTRNG_0/entropy_cell_gen.2.neoTRNG_cell_inst/sreg_1[0]:Q
Required Period (ns):       N/A
Required Frequency (MHz):   N/A
Worst Slack (ns):           
Operating Conditions:       

Clock Domain:               FIC_0_PERIPHERALS_0/security_core_0/rng/neoTRNG_0/entropy_cell_gen.2.neoTRNG_cell_inst/sreg_2[0]:Q
Required Period (ns):       N/A
Required Frequency (MHz):   N/A
Worst Slack (ns):           
Operating Conditions:       

Clock Domain:               FIC_0_PERIPHERALS_0/security_core_0/rng/neoTRNG_0/entropy_cell_gen.2.neoTRNG_cell_inst/sreg_3[0]:Q
Required Period (ns):       N/A
Required Frequency (MHz):   N/A
Worst Slack (ns):           
Operating Conditions:       

Clock Domain:               FIC_0_PERIPHERALS_0/security_core_0/rng/neoTRNG_0/entropy_cell_gen.2.neoTRNG_cell_inst/sreg_4[0]:Q
Required Period (ns):       N/A
Required Frequency (MHz):   N/A
Worst Slack (ns):           
Operating Conditions:       

Clock Domain:               FIC_0_PERIPHERALS_0/security_core_0/rng/neoTRNG_0/entropy_cell_gen.2.neoTRNG_cell_inst/sreg_5[0]:Q
Required Period (ns):       N/A
Required Frequency (MHz):   N/A
Worst Slack (ns):           
Operating Conditions:       

Clock Domain:               FIC_0_PERIPHERALS_0/security_core_0/rng/neoTRNG_0/entropy_cell_gen.2.neoTRNG_cell_inst/sreg_6[0]:Q
Required Period (ns):       N/A
Required Frequency (MHz):   N/A
Worst Slack (ns):           
Operating Conditions:       

Clock Domain:               FIC_0_PERIPHERALS_0/security_core_0/rng/neoTRNG_0/entropy_cell_gen.2.neoTRNG_cell_inst/sreg_7[0]:Q
Required Period (ns):       N/A
Required Frequency (MHz):   N/A
Worst Slack (ns):           
Operating Conditions:       

Clock Domain:               FIC_0_PERIPHERALS_0/security_core_0/rng/neoTRNG_0/entropy_cell_gen.2.neoTRNG_cell_inst/sreg_8[0]:Q
Required Period (ns):       N/A
Required Frequency (MHz):   N/A
Worst Slack (ns):           
Operating Conditions:       

Clock Domain:               MBUS_SPI_CLK
Required Period (ns):       N/A
Required Frequency (MHz):   N/A
Worst Slack (ns):           
Operating Conditions:       

Clock Domain:               MSS_WRAPPER_0/MPFS_DISCOVERY_KIT_MSS_0/I_MSS:SPI_0_CLK_M2F
Required Period (ns):       N/A
Required Frequency (MHz):   N/A
Worst Slack (ns):           
Operating Conditions:       

Clock Domain:               MSS_WRAPPER_0/MPFS_DISCOVERY_KIT_MSS_0/I_MSS:SPI_0_CLK_M2F
Required Period (ns):       N/A
Required Frequency (MHz):   N/A
Worst Slack (ns):           
Operating Conditions:       

Clock Domain:               REF_CLK_50MHz
Required Period (ns):       20.000
Required Frequency (MHz):   50.000
Worst Slack (ns):           
Operating Conditions:       

Clock Domain:               CLOCKS_AND_RESETS_0/CCC_FIC_x_CLK/PF_CCC_C0_0/pll_inst_0/OUT1
Required Period (ns):       8.000
Required Frequency (MHz):   125.000
Worst Slack (ns):           
Operating Conditions:       

Clock Domain:               CLOCKS_AND_RESETS_0/CCC_FIC_x_CLK/PF_CCC_C0_0/pll_inst_0/OUT2
Required Period (ns):       8.000
Required Frequency (MHz):   125.000
Worst Slack (ns):           
Operating Conditions:       

                            Input to Output
Max Delay (ns):             N/A

END SUMMARY
-----------------------------------------------------

Clock Domain CLOCKS_AND_RESETS_0/CCC_FIC_x_CLK/PF_CCC_C0_0/pll_inst_0/OUT0

SET Register to Register

Path 1
  From: FIC_0_PERIPHERALS_0/security_core_0/hash_core/t_fast[2]:CLK
  To:   FIC_0_PERIPHERALS_0/security_core_0/hash_core/a[31]:D
  Delay (ns):              8.167
  Slack (ns):             -0.420
  Arrival (ns):           14.261
  Required (ns):          13.841
  Setup (ns):              0.000
  Minimum Period (ns):     8.285
  Operating Conditions: slow_lv_ht

Path 2
  From: FIC_0_PERIPHERALS_0/security_core_0/hash_core/t_fast[2]:CLK
  To:   FIC_0_PERIPHERALS_0/security_core_0/hash_core/a[29]:D
  Delay (ns):              8.117
  Slack (ns):             -0.370
  Arrival (ns):           14.211
  Required (ns):          13.841
  Setup (ns):              0.000
  Minimum Period (ns):     8.235
  Operating Conditions: slow_lv_ht

Path 3
  From: FIC_0_PERIPHERALS_0/security_core_0/hash_core/t_Z[4]:CLK
  To:   FIC_0_PERIPHERALS_0/security_core_0/hash_core/a[31]:D
  Delay (ns):              8.123
  Slack (ns):             -0.370
  Arrival (ns):           14.211
  Required (ns):          13.841
  Setup (ns):              0.000
  Minimum Period (ns):     8.235
  Operating Conditions: slow_lv_ht

Path 4
  From: FIC_0_PERIPHERALS_0/security_core_0/hash_core/t_fast[1]:CLK
  To:   FIC_0_PERIPHERALS_0/security_core_0/hash_core/a[31]:D
  Delay (ns):              8.078
  Slack (ns):             -0.332
  Arrival (ns):           14.173
  Required (ns):          13.841
  Setup (ns):              0.000
  Minimum Period (ns):     8.197
  Operating Conditions: slow_lv_ht

Path 5
  From: FIC_0_PERIPHERALS_0/security_core_0/hash_core/t_Z[4]:CLK
  To:   FIC_0_PERIPHERALS_0/security_core_0/hash_core/a[29]:D
  Delay (ns):              8.073
  Slack (ns):             -0.320
  Arrival (ns):           14.161
  Required (ns):          13.841
  Setup (ns):              0.000
  Minimum Period (ns):     8.185
  Operating Conditions: slow_lv_ht


Expanded Path 1
  From: FIC_0_PERIPHERALS_0/security_core_0/hash_core/t_fast[2]:CLK
  To: FIC_0_PERIPHERALS_0/security_core_0/hash_core/a[31]:D
  data required time                                 13.841
  data arrival time                          -       14.261
  slack                                              -0.420
  ________________________________________________________
  Data arrival time calculation
  0.000                        CLOCKS_AND_RESETS_0/CCC_FIC_x_CLK/PF_CCC_C0_0/pll_inst_0/OUT0
               +     0.000          Clock source
  0.000                        CLOCKS_AND_RESETS_0/CCC_FIC_x_CLK/PF_CCC_C0_0/pll_inst_0:OUT0 (r)
               +     4.304          Clock generation
  4.304                        
               +     0.273          net: CLOCKS_AND_RESETS_0/CCC_FIC_x_CLK/PF_CCC_C0_0/pll_inst_0_clkint_0
  4.577                        CLOCKS_AND_RESETS_0/CCC_FIC_x_CLK/PF_CCC_C0_0/clkint_0_1:A (r)
               +     0.243          cell: ADLIB:ICB_CLKINT
  4.820                        CLOCKS_AND_RESETS_0/CCC_FIC_x_CLK/PF_CCC_C0_0/clkint_0_1:Y (r)
               +     0.148          net: CLOCKS_AND_RESETS_0/CCC_FIC_x_CLK/PF_CCC_C0_0/clkint_0_NET
  4.968                        CLOCKS_AND_RESETS_0/CCC_FIC_x_CLK/PF_CCC_C0_0/clkint_0:A (r)
               +     0.164          cell: ADLIB:GB
  5.132                        CLOCKS_AND_RESETS_0/CCC_FIC_x_CLK/PF_CCC_C0_0/clkint_0:Y (r)
               +     0.414          net: CLOCKS_AND_RESETS_0/CCC_FIC_x_CLK/PF_CCC_C0_0/clkint_0/U0_Y
  5.546                        CLOCKS_AND_RESETS_0/CCC_FIC_x_CLK/PF_CCC_C0_0/clkint_0/U0_RGB1_RGB9:A (r)
               +     0.058          cell: ADLIB:RGB
  5.604                        CLOCKS_AND_RESETS_0/CCC_FIC_x_CLK/PF_CCC_C0_0/clkint_0/U0_RGB1_RGB9:Y (f)
               +     0.490          net: CLOCKS_AND_RESETS_0/CCC_FIC_x_CLK/PF_CCC_C0_0/clkint_0/U0_RGB1_RGB9_rgb_net_1
  6.094                        FIC_0_PERIPHERALS_0/security_core_0/hash_core/t_fast[2]:CLK (r)
               +     0.201          cell: ADLIB:SLE
  6.295                        FIC_0_PERIPHERALS_0/security_core_0/hash_core/t_fast[2]:Q (r)
               +     0.424          net: FIC_0_PERIPHERALS_0/security_core_0_hash_core_t[2]
  6.719                        FIC_0_PERIPHERALS_0/security_core_0/hash_core/N_60_0_i:B (r)
               +     0.148          cell: ADLIB:CFG3
  6.867                        FIC_0_PERIPHERALS_0/security_core_0/hash_core/N_60_0_i:Y (f)
               +     0.164          net: FIC_0_PERIPHERALS_0/security_core_0/hash_core/N_60_0_i_Z
  7.031                        FIC_0_PERIPHERALS_0/security_core_0/hash_core/m131_1_0_wmux:D (f)
               +     0.178          cell: ADLIB:CFG4A
  7.209                        FIC_0_PERIPHERALS_0/security_core_0/hash_core/m131_1_0_wmux:Y (f)
               +     0.074          net: FIC_0_PERIPHERALS_0/security_core_0/hash_core/m131_1_0_y0
  7.283                        FIC_0_PERIPHERALS_0/security_core_0/hash_core/m131_1_0_wmux_0:A (f)
               +     0.071          cell: ADLIB:CFG4A
  7.354                        FIC_0_PERIPHERALS_0/security_core_0/hash_core/m131_1_0_wmux_0:Y (r)
               +     0.570          net: FIC_0_PERIPHERALS_0/security_core_0/hash_core/m131_1_0_wmux_0_Y
  7.924                        FIC_0_PERIPHERALS_0/security_core_0/hash_core/un1_ROUND_7_cry_4:B (r)
               +     0.094          cell: ADLIB:ARI1_CC
  8.018                        FIC_0_PERIPHERALS_0/security_core_0/hash_core/un1_ROUND_7_cry_4:P (f)
               +     0.016          net: NET_CC_CONFIG10679
  8.034                        FIC_0_PERIPHERALS_0/security_core_0/hash_core/un1_ROUND_7_cry_0_CC_1:P[1] (f)
               +     0.432          cell: ADLIB:CC_CONFIG
  8.466                        FIC_0_PERIPHERALS_0/security_core_0/hash_core/un1_ROUND_7_cry_0_CC_1:CC[7] (r)
               +     0.000          net: NET_CC_CONFIG10706
  8.466                        FIC_0_PERIPHERALS_0/security_core_0/hash_core/un1_ROUND_7_cry_10:CC (r)
               +     0.063          cell: ADLIB:ARI1_CC
  8.529                        FIC_0_PERIPHERALS_0/security_core_0/hash_core/un1_ROUND_7_cry_10:S (r)
               +     0.592          net: FIC_0_PERIPHERALS_0/security_core_0/hash_core/un1_ROUND_7_Z[10]
  9.121                        FIC_0_PERIPHERALS_0/security_core_0/hash_core/un1_ROUND_7_cry_10_RNIU5BBDK:B (r)
               +     0.090          cell: ADLIB:ARI1_CC
  9.211                        FIC_0_PERIPHERALS_0/security_core_0/hash_core/un1_ROUND_7_cry_10_RNIU5BBDK:Y (r)
               +     0.065          net: FIC_0_PERIPHERALS_0/security_core_0/hash_core/un1_ROUND_7_cry_10_RNIU5BBDK_Y
  9.276                        FIC_0_PERIPHERALS_0/security_core_0/hash_core/un1_ROUND_7_cry_11_RNIUT3GQ51:A (r)
               +     0.051          cell: ADLIB:ARI1_CC
  9.327                        FIC_0_PERIPHERALS_0/security_core_0/hash_core/un1_ROUND_7_cry_11_RNIUT3GQ51:P (f)
               +     0.016          net: NET_CC_CONFIG3240
  9.343                        FIC_0_PERIPHERALS_0/security_core_0/hash_core/un1_ROUND_7_cry_0_RNIO6M8J_CC_2:P[1] (f)
               +     0.373          cell: ADLIB:CC_CONFIG
  9.716                        FIC_0_PERIPHERALS_0/security_core_0/hash_core/un1_ROUND_7_cry_0_RNIO6M8J_CC_2:CO (f)
               +     0.011          net: CI_TO_CO3149
  9.727                        FIC_0_PERIPHERALS_0/security_core_0/hash_core/un1_ROUND_7_cry_0_RNIO6M8J_CC_3:CI (f)
               +     0.223          cell: ADLIB:CC_CONFIG
  9.950                        FIC_0_PERIPHERALS_0/security_core_0/hash_core/un1_ROUND_7_cry_0_RNIO6M8J_CC_3:CC[11] (r)
               +     0.000          net: NET_CC_CONFIG3331
  9.950                        FIC_0_PERIPHERALS_0/security_core_0/hash_core/un1_ROUND_7_cry_22_RNIO4N7GH:CC (r)
               +     0.063          cell: ADLIB:ARI1_CC
  10.013                       FIC_0_PERIPHERALS_0/security_core_0/hash_core/un1_ROUND_7_cry_22_RNIO4N7GH:S (r)
               +     0.328          net: FIC_0_PERIPHERALS_0/security_core_0/hash_core/un1_ROUND_7_cry_22_RNIO4N7GH_S
  10.341                       FIC_0_PERIPHERALS_0/security_core_0/hash_core/un8_T1__v[22]:B (r)
               +     0.053          cell: ADLIB:CFG3
  10.394                       FIC_0_PERIPHERALS_0/security_core_0/hash_core/un8_T1__v[22]:Y (r)
               +     0.501          net: FIC_0_PERIPHERALS_0/security_core_0/hash_core/CH[22]
  10.895                       FIC_0_PERIPHERALS_0/security_core_0/hash_core/un8_T1__v_RNIAJ6FVL[22]:B (r)
               +     0.090          cell: ADLIB:ARI1_CC
  10.985                       FIC_0_PERIPHERALS_0/security_core_0/hash_core/un8_T1__v_RNIAJ6FVL[22]:Y (r)
               +     0.065          net: FIC_0_PERIPHERALS_0/security_core_0/hash_core/un8_T1__v_RNIAJ6FVL_Y[22]
  11.050                       FIC_0_PERIPHERALS_0/security_core_0/hash_core/un8_T1__v_RNITAEG8H1[23]:A (r)
               +     0.051          cell: ADLIB:ARI1_CC
  11.101                       FIC_0_PERIPHERALS_0/security_core_0/hash_core/un8_T1__v_RNITAEG8H1[23]:P (f)
               +     0.016          net: NET_CC_CONFIG13514
  11.117                       FIC_0_PERIPHERALS_0/security_core_0/hash_core/un8_T1__v_RNIOOH6C4[0]_CC_4:P[1] (f)
               +     0.432          cell: ADLIB:CC_CONFIG
  11.549                       FIC_0_PERIPHERALS_0/security_core_0/hash_core/un8_T1__v_RNIOOH6C4[0]_CC_4:CC[7] (r)
               +     0.000          net: NET_CC_CONFIG13541
  11.549                       FIC_0_PERIPHERALS_0/security_core_0/hash_core/un8_T1__v_RNI7PJR3P2[26]:CC (r)
               +     0.063          cell: ADLIB:ARI1_CC
  11.612                       FIC_0_PERIPHERALS_0/security_core_0/hash_core/un8_T1__v_RNI7PJR3P2[26]:S (r)
               +     0.350          net: FIC_0_PERIPHERALS_0/security_core_0/hash_core/un9_ROUND_8[26]
  11.962                       FIC_0_PERIPHERALS_0/security_core_0/hash_core/EP1_RNIS87VGJ2[26]:B (r)
               +     0.090          cell: ADLIB:ARI1_CC
  12.052                       FIC_0_PERIPHERALS_0/security_core_0/hash_core/EP1_RNIS87VGJ2[26]:Y (r)
               +     0.067          net: FIC_0_PERIPHERALS_0/security_core_0/hash_core/EP1_RNIS87VGJ2_Y[26]
  12.119                       FIC_0_PERIPHERALS_0/security_core_0/hash_core/EP1_RNI9RLPQ43[27]:A (r)
               +     0.051          cell: ADLIB:ARI1_CC
  12.170                       FIC_0_PERIPHERALS_0/security_core_0/hash_core/EP1_RNI9RLPQ43[27]:P (f)
               +     0.015          net: NET_CC_CONFIG5683
  12.185                       FIC_0_PERIPHERALS_0/security_core_0/hash_core/EP1_RNI375LM4[0]_CC_4:P[7] (f)
               +     0.424          cell: ADLIB:CC_CONFIG
  12.609                       FIC_0_PERIPHERALS_0/security_core_0/hash_core/EP1_RNI375LM4[0]_CC_4:CC[11] (r)
               +     0.000          net: NET_CC_CONFIG5702
  12.609                       FIC_0_PERIPHERALS_0/security_core_0/hash_core/EP1_RNIVCOO562[29]:CC (r)
               +     0.063          cell: ADLIB:ARI1_CC
  12.672                       FIC_0_PERIPHERALS_0/security_core_0/hash_core/EP1_RNIVCOO562[29]:S (r)
               +     0.359          net: FIC_0_PERIPHERALS_0/security_core_0/hash_core/un9_ROUND_6[29]
  13.031                       FIC_0_PERIPHERALS_0/security_core_0/hash_core/MAJ_RNISHIBR21[29]:C (r)
               +     0.156          cell: ADLIB:ARI1_CC
  13.187                       FIC_0_PERIPHERALS_0/security_core_0/hash_core/MAJ_RNISHIBR21[29]:Y (r)
               +     0.434          net: FIC_0_PERIPHERALS_0/security_core_0/hash_core/MAJ_RNISHIBR21_Y[29]
  13.621                       FIC_0_PERIPHERALS_0/security_core_0/hash_core/MAJ_RNIBCKO892[30]:A (r)
               +     0.051          cell: ADLIB:ARI1_CC
  13.672                       FIC_0_PERIPHERALS_0/security_core_0/hash_core/MAJ_RNIBCKO892[30]:P (f)
               +     0.014          net: NET_CC_CONFIG10260
  13.686                       FIC_0_PERIPHERALS_0/security_core_0/hash_core/EP0_RNIUHAQ05[0]_CC_5:P[0] (f)
               +     0.191          cell: ADLIB:CC_CONFIG
  13.877                       FIC_0_PERIPHERALS_0/security_core_0/hash_core/EP0_RNIUHAQ05[0]_CC_5:CC[2] (r)
               +     0.000          net: NET_CC_CONFIG10271
  13.877                       FIC_0_PERIPHERALS_0/security_core_0/hash_core/a_7_3_RNO[31]:CC (r)
               +     0.063          cell: ADLIB:ARI1_CC
  13.940                       FIC_0_PERIPHERALS_0/security_core_0/hash_core/a_7_3_RNO[31]:S (r)
               +     0.243          net: FIC_0_PERIPHERALS_0/security_core_0/hash_core/a_7_3_RNO_S[31]
  14.183                       FIC_0_PERIPHERALS_0/security_core_0/hash_core/a_7_3[31]:C (r)
               +     0.053          cell: ADLIB:CFG4
  14.236                       FIC_0_PERIPHERALS_0/security_core_0/hash_core/a_7_3[31]:Y (r)
               +     0.025          net: FIC_0_PERIPHERALS_0/security_core_0/hash_core/a_7[31]
  14.261                       FIC_0_PERIPHERALS_0/security_core_0/hash_core/a[31]:D (r)
                                    
  14.261                       data arrival time
  ________________________________________________________
  Data required time calculation
  8.000                        CLOCKS_AND_RESETS_0/CCC_FIC_x_CLK/PF_CCC_C0_0/pll_inst_0/OUT0
               +     0.000          Clock source
  8.000                        CLOCKS_AND_RESETS_0/CCC_FIC_x_CLK/PF_CCC_C0_0/pll_inst_0:OUT0 (r)
               +     3.885          Clock generation
  11.885                       
               +     0.249          net: CLOCKS_AND_RESETS_0/CCC_FIC_x_CLK/PF_CCC_C0_0/pll_inst_0_clkint_0
  12.134                       CLOCKS_AND_RESETS_0/CCC_FIC_x_CLK/PF_CCC_C0_0/clkint_0_1:A (r)
               +     0.211          cell: ADLIB:ICB_CLKINT
  12.345                       CLOCKS_AND_RESETS_0/CCC_FIC_x_CLK/PF_CCC_C0_0/clkint_0_1:Y (r)
               +     0.134          net: CLOCKS_AND_RESETS_0/CCC_FIC_x_CLK/PF_CCC_C0_0/clkint_0_NET
  12.479                       CLOCKS_AND_RESETS_0/CCC_FIC_x_CLK/PF_CCC_C0_0/clkint_0/U0_GB0:A (r)
               +     0.149          cell: ADLIB:GB
  12.628                       CLOCKS_AND_RESETS_0/CCC_FIC_x_CLK/PF_CCC_C0_0/clkint_0/U0_GB0:Y (r)
               +     0.376          net: CLOCKS_AND_RESETS_0/CCC_FIC_x_CLK/PF_CCC_C0_0/clkint_0/U0_gbs_1
  13.004                       CLOCKS_AND_RESETS_0/CCC_FIC_x_CLK/PF_CCC_C0_0/clkint_0/U0_RGB1_RGB7:A (r)
               +     0.052          cell: ADLIB:RGB
  13.056                       CLOCKS_AND_RESETS_0/CCC_FIC_x_CLK/PF_CCC_C0_0/clkint_0/U0_RGB1_RGB7:Y (f)
               +     0.431          net: CLOCKS_AND_RESETS_0/CCC_FIC_x_CLK/PF_CCC_C0_0/clkint_0/U0_RGB1_RGB7_rgb_net_1
  13.487                       FIC_0_PERIPHERALS_0/security_core_0/hash_core/a[31]:CLK (r)
               +     0.489          
  13.976                       clock reconvergence pessimism
               -     0.135          
  13.841                       clock jitter
               -     0.000          Library setup time: ADLIB:SLE
  13.841                       FIC_0_PERIPHERALS_0/security_core_0/hash_core/a[31]:D
                                    
  13.841                       data required time


Operating Conditions : slow_lv_ht

END SET Register to Register

----------------------------------------------------

SET External Setup

No Path 

END SET External Setup

----------------------------------------------------

SET Clock to Output

No Path 

END SET Clock to Output

----------------------------------------------------

SET Register to Asynchronous

Path 1
  From: CLOCKS_AND_RESETS_0/RESET_FIC_0_CLK/CORERESET_0/dff_15[0]_GB_DEMOTE:CLK
  To:   FIC_0_PERIPHERALS_0/security_core_0/hash_core/W[8][5]:ALn
  Delay (ns):              3.395
  Slack (ns):              4.154
  Arrival (ns):            9.466
  Required (ns):          13.620
  Recovery (ns):           0.209
  Minimum Period (ns):     3.711
  Skew (ns):               0.107
  Operating Conditions: slow_lv_ht

Path 2
  From: CLOCKS_AND_RESETS_0/RESET_FIC_0_CLK/CORERESET_0/dff_15[0]_GB_DEMOTE:CLK
  To:   FIC_0_PERIPHERALS_0/security_core_0/hash_core/W[12][5]:ALn
  Delay (ns):              3.395
  Slack (ns):              4.154
  Arrival (ns):            9.466
  Required (ns):          13.620
  Recovery (ns):           0.209
  Minimum Period (ns):     3.711
  Skew (ns):               0.107
  Operating Conditions: slow_lv_ht

Path 3
  From: CLOCKS_AND_RESETS_0/RESET_FIC_0_CLK/CORERESET_0/dff_15[0]_GB_DEMOTE:CLK
  To:   FIC_0_PERIPHERALS_0/security_core_0/hash_core/buffer[357]:ALn
  Delay (ns):              3.394
  Slack (ns):              4.155
  Arrival (ns):            9.465
  Required (ns):          13.620
  Recovery (ns):           0.209
  Minimum Period (ns):     3.710
  Skew (ns):               0.107
  Operating Conditions: slow_lv_ht

Path 4
  From: CLOCKS_AND_RESETS_0/RESET_FIC_0_CLK/CORERESET_0/dff_15[0]_GB_DEMOTE:CLK
  To:   FIC_0_PERIPHERALS_0/security_core_0/hash_core/W[4][5]:ALn
  Delay (ns):              3.394
  Slack (ns):              4.155
  Arrival (ns):            9.465
  Required (ns):          13.620
  Recovery (ns):           0.209
  Minimum Period (ns):     3.710
  Skew (ns):               0.107
  Operating Conditions: slow_lv_ht

Path 5
  From: CLOCKS_AND_RESETS_0/RESET_FIC_0_CLK/CORERESET_0/dff_15[0]_GB_DEMOTE:CLK
  To:   FIC_0_PERIPHERALS_0/security_core_0/hash_block_15[2]:ALn
  Delay (ns):              3.393
  Slack (ns):              4.156
  Arrival (ns):            9.464
  Required (ns):          13.620
  Recovery (ns):           0.209
  Minimum Period (ns):     3.709
  Skew (ns):               0.107
  Operating Conditions: slow_lv_ht


Expanded Path 1
  From: CLOCKS_AND_RESETS_0/RESET_FIC_0_CLK/CORERESET_0/dff_15[0]_GB_DEMOTE:CLK
  To: FIC_0_PERIPHERALS_0/security_core_0/hash_core/W[8][5]:ALn
  data required time                                 13.620
  data arrival time                          -        9.466
  slack                                               4.154
  ________________________________________________________
  Data arrival time calculation
  0.000                        CLOCKS_AND_RESETS_0/CCC_FIC_x_CLK/PF_CCC_C0_0/pll_inst_0/OUT0
               +     0.000          Clock source
  0.000                        CLOCKS_AND_RESETS_0/CCC_FIC_x_CLK/PF_CCC_C0_0/pll_inst_0:OUT0 (r)
               +     4.304          Clock generation
  4.304                        
               +     0.273          net: CLOCKS_AND_RESETS_0/CCC_FIC_x_CLK/PF_CCC_C0_0/pll_inst_0_clkint_0
  4.577                        CLOCKS_AND_RESETS_0/CCC_FIC_x_CLK/PF_CCC_C0_0/clkint_0_1:A (r)
               +     0.243          cell: ADLIB:ICB_CLKINT
  4.820                        CLOCKS_AND_RESETS_0/CCC_FIC_x_CLK/PF_CCC_C0_0/clkint_0_1:Y (r)
               +     0.148          net: CLOCKS_AND_RESETS_0/CCC_FIC_x_CLK/PF_CCC_C0_0/clkint_0_NET
  4.968                        CLOCKS_AND_RESETS_0/CCC_FIC_x_CLK/PF_CCC_C0_0/clkint_0/U0_GB0:A (r)
               +     0.164          cell: ADLIB:GB
  5.132                        CLOCKS_AND_RESETS_0/CCC_FIC_x_CLK/PF_CCC_C0_0/clkint_0/U0_GB0:Y (r)
               +     0.414          net: CLOCKS_AND_RESETS_0/CCC_FIC_x_CLK/PF_CCC_C0_0/clkint_0/U0_gbs_1
  5.546                        CLOCKS_AND_RESETS_0/CCC_FIC_x_CLK/PF_CCC_C0_0/clkint_0/U0_RGB1_RGB7:A (r)
               +     0.058          cell: ADLIB:RGB
  5.604                        CLOCKS_AND_RESETS_0/CCC_FIC_x_CLK/PF_CCC_C0_0/clkint_0/U0_RGB1_RGB7:Y (f)
               +     0.467          net: CLOCKS_AND_RESETS_0/CCC_FIC_x_CLK/PF_CCC_C0_0/clkint_0/U0_RGB1_RGB7_rgb_net_1
  6.071                        CLOCKS_AND_RESETS_0/RESET_FIC_0_CLK/CORERESET_0/dff_15[0]_GB_DEMOTE:CLK (r)
               +     0.209          cell: ADLIB:SLE
  6.280                        CLOCKS_AND_RESETS_0/RESET_FIC_0_CLK/CORERESET_0/dff_15[0]_GB_DEMOTE:Q (r)
               +     2.094          net: CLOCKS_AND_RESETS_0/RESET_FIC_0_CLK/CORERESET_0/dff_15[0]_GB_DEMOTE_net
  8.374                        CLOCKS_AND_RESETS_0/RESET_FIC_0_CLK/CORERESET_0/dff_15_RNIJUDE1_0[0]:A (r)
               +     0.141          cell: ADLIB:GB
  8.515                        CLOCKS_AND_RESETS_0/RESET_FIC_0_CLK/CORERESET_0/dff_15_RNIJUDE1_0[0]:Y (r)
               +     0.406          net: CLOCKS_AND_RESETS_0/RESET_FIC_0_CLK/CORERESET_0/dff_15_RNIJUDE1_0[0]/U0_Y
  8.921                        CLOCKS_AND_RESETS_0/RESET_FIC_0_CLK/CORERESET_0/dff_15_RNIJUDE1_0[0]/U0_RGB1_RGB11:A (r)
               +     0.058          cell: ADLIB:RGB
  8.979                        CLOCKS_AND_RESETS_0/RESET_FIC_0_CLK/CORERESET_0/dff_15_RNIJUDE1_0[0]/U0_RGB1_RGB11:Y (f)
               +     0.487          net: CLOCKS_AND_RESETS_0/RESET_FIC_0_CLK/CORERESET_0/dff_15_RNIJUDE1_0[0]/U0_RGB1_RGB11_rgb_net_1
  9.466                        FIC_0_PERIPHERALS_0/security_core_0/hash_core/W[8][5]:ALn (r)
                                    
  9.466                        data arrival time
  ________________________________________________________
  Data required time calculation
  8.000                        CLOCKS_AND_RESETS_0/CCC_FIC_x_CLK/PF_CCC_C0_0/pll_inst_0/OUT0
               +     0.000          Clock source
  8.000                        CLOCKS_AND_RESETS_0/CCC_FIC_x_CLK/PF_CCC_C0_0/pll_inst_0:OUT0 (r)
               +     3.885          Clock generation
  11.885                       
               +     0.249          net: CLOCKS_AND_RESETS_0/CCC_FIC_x_CLK/PF_CCC_C0_0/pll_inst_0_clkint_0
  12.134                       CLOCKS_AND_RESETS_0/CCC_FIC_x_CLK/PF_CCC_C0_0/clkint_0_1:A (r)
               +     0.211          cell: ADLIB:ICB_CLKINT
  12.345                       CLOCKS_AND_RESETS_0/CCC_FIC_x_CLK/PF_CCC_C0_0/clkint_0_1:Y (r)
               +     0.134          net: CLOCKS_AND_RESETS_0/CCC_FIC_x_CLK/PF_CCC_C0_0/clkint_0_NET
  12.479                       CLOCKS_AND_RESETS_0/CCC_FIC_x_CLK/PF_CCC_C0_0/clkint_0:A (r)
               +     0.149          cell: ADLIB:GB
  12.628                       CLOCKS_AND_RESETS_0/CCC_FIC_x_CLK/PF_CCC_C0_0/clkint_0:Y (r)
               +     0.372          net: CLOCKS_AND_RESETS_0/CCC_FIC_x_CLK/PF_CCC_C0_0/clkint_0/U0_Y
  13.000                       CLOCKS_AND_RESETS_0/CCC_FIC_x_CLK/PF_CCC_C0_0/clkint_0/U0_RGB1_RGB12:A (r)
               +     0.052          cell: ADLIB:RGB
  13.052                       CLOCKS_AND_RESETS_0/CCC_FIC_x_CLK/PF_CCC_C0_0/clkint_0/U0_RGB1_RGB12:Y (f)
               +     0.423          net: CLOCKS_AND_RESETS_0/CCC_FIC_x_CLK/PF_CCC_C0_0/clkint_0/U0_RGB1_RGB12_rgb_net_1
  13.475                       FIC_0_PERIPHERALS_0/security_core_0/hash_core/W[8][5]:CLK (r)
               +     0.489          
  13.964                       clock reconvergence pessimism
               -     0.135          
  13.829                       clock jitter
               -     0.209          Library recovery time: ADLIB:SLE
  13.620                       FIC_0_PERIPHERALS_0/security_core_0/hash_core/W[8][5]:ALn
                                    
  13.620                       data required time


Operating Conditions : slow_lv_ht

END SET Register to Asynchronous

----------------------------------------------------

SET External Recovery

Path 1
  From: SWITCH2
  To:   CLOCKS_AND_RESETS_0/RESET_FIC_0_CLK/CORERESET_0/dff_15[0]_GB_DEMOTE:ALn
  Delay (ns):             10.137
  Arrival (ns):           10.137
  Recovery (ns):           0.209
  External Recovery (ns):   5.011
  Operating Conditions: slow_lv_ht

Path 2
  From: SWITCH2
  To:   CLOCKS_AND_RESETS_0/RESET_FIC_0_CLK/CORERESET_0/dff_13[0]:ALn
  Delay (ns):             10.138
  Arrival (ns):           10.138
  Recovery (ns):           0.209
  External Recovery (ns):   5.011
  Operating Conditions: slow_lv_ht

Path 3
  From: SWITCH2
  To:   CLOCKS_AND_RESETS_0/RESET_FIC_0_CLK/CORERESET_0/dff_12[0]:ALn
  Delay (ns):             10.137
  Arrival (ns):           10.137
  Recovery (ns):           0.209
  External Recovery (ns):   5.011
  Operating Conditions: slow_lv_ht

Path 4
  From: SWITCH2
  To:   CLOCKS_AND_RESETS_0/RESET_FIC_0_CLK/CORERESET_0/dff_14[0]:ALn
  Delay (ns):             10.136
  Arrival (ns):           10.136
  Recovery (ns):           0.209
  External Recovery (ns):   5.010
  Operating Conditions: slow_lv_ht

Path 5
  From: SWITCH2
  To:   CLOCKS_AND_RESETS_0/RESET_FIC_0_CLK/CORERESET_0/dff_11[0]:ALn
  Delay (ns):             10.137
  Arrival (ns):           10.137
  Recovery (ns):           0.209
  External Recovery (ns):   5.010
  Operating Conditions: slow_lv_ht


Expanded Path 1
  From: SWITCH2
  To: CLOCKS_AND_RESETS_0/RESET_FIC_0_CLK/CORERESET_0/dff_15[0]_GB_DEMOTE:ALn
  data required time                                    N/C
  data arrival time                          -       10.137
  slack                                                 N/C
  ________________________________________________________
  Data arrival time calculation
  0.000                        SWITCH2 (r)
               +     0.000          net: SWITCH2
  0.000                        SWITCH2_ibuf/U_IOPAD:PAD (r)
               +     0.610          cell: ADLIB:IOPAD_IN
  0.610                        SWITCH2_ibuf/U_IOPAD:Y (r)
               +     0.000          net: SWITCH2_ibuf/YIN
  0.610                        SWITCH2_ibuf/U_IOIN:YIN (r)
               +     0.336          cell: ADLIB:IOIN_IB_E
  0.946                        SWITCH2_ibuf/U_IOIN:Y (r)
               +     4.531          net: SWITCH2_c
  5.477                        CLOCKS_AND_RESETS_0/AND3_0:A (r)
               +     0.171          cell: ADLIB:CFG3
  5.648                        CLOCKS_AND_RESETS_0/AND3_0:Y (r)
               +     0.872          net: CLOCKS_AND_RESETS_0/AND3_0_Y
  6.520                        CLOCKS_AND_RESETS_0/RESET_FIC_0_CLK/CORERESET_0/un1_EXT_RST_N_2:C (r)
               +     0.053          cell: ADLIB:CFG3
  6.573                        CLOCKS_AND_RESETS_0/RESET_FIC_0_CLK/CORERESET_0/un1_EXT_RST_N_2:Y (r)
               +     3.564          net: CLOCKS_AND_RESETS_0/un1_EXT_RST_N_2
  10.137                       CLOCKS_AND_RESETS_0/RESET_FIC_0_CLK/CORERESET_0/dff_15[0]_GB_DEMOTE:ALn (r)
                                    
  10.137                       data arrival time
  ________________________________________________________
  Data required time calculation
  N/C                          CLOCKS_AND_RESETS_0/CCC_FIC_x_CLK/PF_CCC_C0_0/pll_inst_0/OUT0
               +     0.000          Clock source
  N/C                          CLOCKS_AND_RESETS_0/CCC_FIC_x_CLK/PF_CCC_C0_0/pll_inst_0:OUT0 (r)
               +     3.885          Clock generation
  N/C                          
               +     0.249          net: CLOCKS_AND_RESETS_0/CCC_FIC_x_CLK/PF_CCC_C0_0/pll_inst_0_clkint_0
  N/C                          CLOCKS_AND_RESETS_0/CCC_FIC_x_CLK/PF_CCC_C0_0/clkint_0_1:A (r)
               +     0.211          cell: ADLIB:ICB_CLKINT
  N/C                          CLOCKS_AND_RESETS_0/CCC_FIC_x_CLK/PF_CCC_C0_0/clkint_0_1:Y (r)
               +     0.134          net: CLOCKS_AND_RESETS_0/CCC_FIC_x_CLK/PF_CCC_C0_0/clkint_0_NET
  N/C                          CLOCKS_AND_RESETS_0/CCC_FIC_x_CLK/PF_CCC_C0_0/clkint_0/U0_GB0:A (r)
               +     0.149          cell: ADLIB:GB
  N/C                          CLOCKS_AND_RESETS_0/CCC_FIC_x_CLK/PF_CCC_C0_0/clkint_0/U0_GB0:Y (r)
               +     0.376          net: CLOCKS_AND_RESETS_0/CCC_FIC_x_CLK/PF_CCC_C0_0/clkint_0/U0_gbs_1
  N/C                          CLOCKS_AND_RESETS_0/CCC_FIC_x_CLK/PF_CCC_C0_0/clkint_0/U0_RGB1_RGB7:A (r)
               +     0.052          cell: ADLIB:RGB
  N/C                          CLOCKS_AND_RESETS_0/CCC_FIC_x_CLK/PF_CCC_C0_0/clkint_0/U0_RGB1_RGB7:Y (f)
               +     0.414          net: CLOCKS_AND_RESETS_0/CCC_FIC_x_CLK/PF_CCC_C0_0/clkint_0/U0_RGB1_RGB7_rgb_net_1
  N/C                          CLOCKS_AND_RESETS_0/RESET_FIC_0_CLK/CORERESET_0/dff_15[0]_GB_DEMOTE:CLK (r)
               -     0.135          
  N/C                          clock jitter
               -     0.209          Library recovery time: ADLIB:SLE
  N/C                          CLOCKS_AND_RESETS_0/RESET_FIC_0_CLK/CORERESET_0/dff_15[0]_GB_DEMOTE:ALn


Operating Conditions : slow_lv_ht

END SET External Recovery

----------------------------------------------------

SET Asynchronous to Register

No Path 

END SET Asynchronous to Register

----------------------------------------------------

SET FIC_0_PERIPHERALS_0/security_core_0/rng/neoTRNG_0/entropy_cell_gen.0.neoTRNG_cell_inst/sreg_0[0]:Q to CLOCKS_AND_RESETS_0/CCC_FIC_x_CLK/PF_CCC_C0_0/pll_inst_0/OUT0

No Path 

END SET FIC_0_PERIPHERALS_0/security_core_0/rng/neoTRNG_0/entropy_cell_gen.0.neoTRNG_cell_inst/sreg_0[0]:Q to CLOCKS_AND_RESETS_0/CCC_FIC_x_CLK/PF_CCC_C0_0/pll_inst_0/OUT0

----------------------------------------------------

SET FIC_0_PERIPHERALS_0/security_core_0/rng/neoTRNG_0/entropy_cell_gen.0.neoTRNG_cell_inst/sreg_1[0]:Q to CLOCKS_AND_RESETS_0/CCC_FIC_x_CLK/PF_CCC_C0_0/pll_inst_0/OUT0

No Path 

END SET FIC_0_PERIPHERALS_0/security_core_0/rng/neoTRNG_0/entropy_cell_gen.0.neoTRNG_cell_inst/sreg_1[0]:Q to CLOCKS_AND_RESETS_0/CCC_FIC_x_CLK/PF_CCC_C0_0/pll_inst_0/OUT0

----------------------------------------------------

SET FIC_0_PERIPHERALS_0/security_core_0/rng/neoTRNG_0/entropy_cell_gen.0.neoTRNG_cell_inst/sreg_2[0]:Q to CLOCKS_AND_RESETS_0/CCC_FIC_x_CLK/PF_CCC_C0_0/pll_inst_0/OUT0

No Path 

END SET FIC_0_PERIPHERALS_0/security_core_0/rng/neoTRNG_0/entropy_cell_gen.0.neoTRNG_cell_inst/sreg_2[0]:Q to CLOCKS_AND_RESETS_0/CCC_FIC_x_CLK/PF_CCC_C0_0/pll_inst_0/OUT0

----------------------------------------------------

SET FIC_0_PERIPHERALS_0/security_core_0/rng/neoTRNG_0/entropy_cell_gen.0.neoTRNG_cell_inst/sreg_3[0]:Q to CLOCKS_AND_RESETS_0/CCC_FIC_x_CLK/PF_CCC_C0_0/pll_inst_0/OUT0

No Path 

END SET FIC_0_PERIPHERALS_0/security_core_0/rng/neoTRNG_0/entropy_cell_gen.0.neoTRNG_cell_inst/sreg_3[0]:Q to CLOCKS_AND_RESETS_0/CCC_FIC_x_CLK/PF_CCC_C0_0/pll_inst_0/OUT0

----------------------------------------------------

SET FIC_0_PERIPHERALS_0/security_core_0/rng/neoTRNG_0/entropy_cell_gen.0.neoTRNG_cell_inst/sreg_4[0]:Q to CLOCKS_AND_RESETS_0/CCC_FIC_x_CLK/PF_CCC_C0_0/pll_inst_0/OUT0

No Path 

END SET FIC_0_PERIPHERALS_0/security_core_0/rng/neoTRNG_0/entropy_cell_gen.0.neoTRNG_cell_inst/sreg_4[0]:Q to CLOCKS_AND_RESETS_0/CCC_FIC_x_CLK/PF_CCC_C0_0/pll_inst_0/OUT0

----------------------------------------------------

SET FIC_0_PERIPHERALS_0/security_core_0/rng/neoTRNG_0/entropy_cell_gen.1.neoTRNG_cell_inst/sreg_0[0]:Q to CLOCKS_AND_RESETS_0/CCC_FIC_x_CLK/PF_CCC_C0_0/pll_inst_0/OUT0

No Path 

END SET FIC_0_PERIPHERALS_0/security_core_0/rng/neoTRNG_0/entropy_cell_gen.1.neoTRNG_cell_inst/sreg_0[0]:Q to CLOCKS_AND_RESETS_0/CCC_FIC_x_CLK/PF_CCC_C0_0/pll_inst_0/OUT0

----------------------------------------------------

SET FIC_0_PERIPHERALS_0/security_core_0/rng/neoTRNG_0/entropy_cell_gen.1.neoTRNG_cell_inst/sreg_1[0]:Q to CLOCKS_AND_RESETS_0/CCC_FIC_x_CLK/PF_CCC_C0_0/pll_inst_0/OUT0

No Path 

END SET FIC_0_PERIPHERALS_0/security_core_0/rng/neoTRNG_0/entropy_cell_gen.1.neoTRNG_cell_inst/sreg_1[0]:Q to CLOCKS_AND_RESETS_0/CCC_FIC_x_CLK/PF_CCC_C0_0/pll_inst_0/OUT0

----------------------------------------------------

SET FIC_0_PERIPHERALS_0/security_core_0/rng/neoTRNG_0/entropy_cell_gen.1.neoTRNG_cell_inst/sreg_2[0]:Q to CLOCKS_AND_RESETS_0/CCC_FIC_x_CLK/PF_CCC_C0_0/pll_inst_0/OUT0

No Path 

END SET FIC_0_PERIPHERALS_0/security_core_0/rng/neoTRNG_0/entropy_cell_gen.1.neoTRNG_cell_inst/sreg_2[0]:Q to CLOCKS_AND_RESETS_0/CCC_FIC_x_CLK/PF_CCC_C0_0/pll_inst_0/OUT0

----------------------------------------------------

SET FIC_0_PERIPHERALS_0/security_core_0/rng/neoTRNG_0/entropy_cell_gen.1.neoTRNG_cell_inst/sreg_3[0]:Q to CLOCKS_AND_RESETS_0/CCC_FIC_x_CLK/PF_CCC_C0_0/pll_inst_0/OUT0

No Path 

END SET FIC_0_PERIPHERALS_0/security_core_0/rng/neoTRNG_0/entropy_cell_gen.1.neoTRNG_cell_inst/sreg_3[0]:Q to CLOCKS_AND_RESETS_0/CCC_FIC_x_CLK/PF_CCC_C0_0/pll_inst_0/OUT0

----------------------------------------------------

SET FIC_0_PERIPHERALS_0/security_core_0/rng/neoTRNG_0/entropy_cell_gen.1.neoTRNG_cell_inst/sreg_4[0]:Q to CLOCKS_AND_RESETS_0/CCC_FIC_x_CLK/PF_CCC_C0_0/pll_inst_0/OUT0

No Path 

END SET FIC_0_PERIPHERALS_0/security_core_0/rng/neoTRNG_0/entropy_cell_gen.1.neoTRNG_cell_inst/sreg_4[0]:Q to CLOCKS_AND_RESETS_0/CCC_FIC_x_CLK/PF_CCC_C0_0/pll_inst_0/OUT0

----------------------------------------------------

SET FIC_0_PERIPHERALS_0/security_core_0/rng/neoTRNG_0/entropy_cell_gen.1.neoTRNG_cell_inst/sreg_5[0]:Q to CLOCKS_AND_RESETS_0/CCC_FIC_x_CLK/PF_CCC_C0_0/pll_inst_0/OUT0

No Path 

END SET FIC_0_PERIPHERALS_0/security_core_0/rng/neoTRNG_0/entropy_cell_gen.1.neoTRNG_cell_inst/sreg_5[0]:Q to CLOCKS_AND_RESETS_0/CCC_FIC_x_CLK/PF_CCC_C0_0/pll_inst_0/OUT0

----------------------------------------------------

SET FIC_0_PERIPHERALS_0/security_core_0/rng/neoTRNG_0/entropy_cell_gen.1.neoTRNG_cell_inst/sreg_6[0]:Q to CLOCKS_AND_RESETS_0/CCC_FIC_x_CLK/PF_CCC_C0_0/pll_inst_0/OUT0

No Path 

END SET FIC_0_PERIPHERALS_0/security_core_0/rng/neoTRNG_0/entropy_cell_gen.1.neoTRNG_cell_inst/sreg_6[0]:Q to CLOCKS_AND_RESETS_0/CCC_FIC_x_CLK/PF_CCC_C0_0/pll_inst_0/OUT0

----------------------------------------------------

SET FIC_0_PERIPHERALS_0/security_core_0/rng/neoTRNG_0/entropy_cell_gen.2.neoTRNG_cell_inst/sreg_0[0]:Q to CLOCKS_AND_RESETS_0/CCC_FIC_x_CLK/PF_CCC_C0_0/pll_inst_0/OUT0

No Path 

END SET FIC_0_PERIPHERALS_0/security_core_0/rng/neoTRNG_0/entropy_cell_gen.2.neoTRNG_cell_inst/sreg_0[0]:Q to CLOCKS_AND_RESETS_0/CCC_FIC_x_CLK/PF_CCC_C0_0/pll_inst_0/OUT0

----------------------------------------------------

SET FIC_0_PERIPHERALS_0/security_core_0/rng/neoTRNG_0/entropy_cell_gen.2.neoTRNG_cell_inst/sreg_1[0]:Q to CLOCKS_AND_RESETS_0/CCC_FIC_x_CLK/PF_CCC_C0_0/pll_inst_0/OUT0

No Path 

END SET FIC_0_PERIPHERALS_0/security_core_0/rng/neoTRNG_0/entropy_cell_gen.2.neoTRNG_cell_inst/sreg_1[0]:Q to CLOCKS_AND_RESETS_0/CCC_FIC_x_CLK/PF_CCC_C0_0/pll_inst_0/OUT0

----------------------------------------------------

SET FIC_0_PERIPHERALS_0/security_core_0/rng/neoTRNG_0/entropy_cell_gen.2.neoTRNG_cell_inst/sreg_2[0]:Q to CLOCKS_AND_RESETS_0/CCC_FIC_x_CLK/PF_CCC_C0_0/pll_inst_0/OUT0

No Path 

END SET FIC_0_PERIPHERALS_0/security_core_0/rng/neoTRNG_0/entropy_cell_gen.2.neoTRNG_cell_inst/sreg_2[0]:Q to CLOCKS_AND_RESETS_0/CCC_FIC_x_CLK/PF_CCC_C0_0/pll_inst_0/OUT0

----------------------------------------------------

SET FIC_0_PERIPHERALS_0/security_core_0/rng/neoTRNG_0/entropy_cell_gen.2.neoTRNG_cell_inst/sreg_3[0]:Q to CLOCKS_AND_RESETS_0/CCC_FIC_x_CLK/PF_CCC_C0_0/pll_inst_0/OUT0

No Path 

END SET FIC_0_PERIPHERALS_0/security_core_0/rng/neoTRNG_0/entropy_cell_gen.2.neoTRNG_cell_inst/sreg_3[0]:Q to CLOCKS_AND_RESETS_0/CCC_FIC_x_CLK/PF_CCC_C0_0/pll_inst_0/OUT0

----------------------------------------------------

SET FIC_0_PERIPHERALS_0/security_core_0/rng/neoTRNG_0/entropy_cell_gen.2.neoTRNG_cell_inst/sreg_4[0]:Q to CLOCKS_AND_RESETS_0/CCC_FIC_x_CLK/PF_CCC_C0_0/pll_inst_0/OUT0

No Path 

END SET FIC_0_PERIPHERALS_0/security_core_0/rng/neoTRNG_0/entropy_cell_gen.2.neoTRNG_cell_inst/sreg_4[0]:Q to CLOCKS_AND_RESETS_0/CCC_FIC_x_CLK/PF_CCC_C0_0/pll_inst_0/OUT0

----------------------------------------------------

SET FIC_0_PERIPHERALS_0/security_core_0/rng/neoTRNG_0/entropy_cell_gen.2.neoTRNG_cell_inst/sreg_5[0]:Q to CLOCKS_AND_RESETS_0/CCC_FIC_x_CLK/PF_CCC_C0_0/pll_inst_0/OUT0

No Path 

END SET FIC_0_PERIPHERALS_0/security_core_0/rng/neoTRNG_0/entropy_cell_gen.2.neoTRNG_cell_inst/sreg_5[0]:Q to CLOCKS_AND_RESETS_0/CCC_FIC_x_CLK/PF_CCC_C0_0/pll_inst_0/OUT0

----------------------------------------------------

SET FIC_0_PERIPHERALS_0/security_core_0/rng/neoTRNG_0/entropy_cell_gen.2.neoTRNG_cell_inst/sreg_6[0]:Q to CLOCKS_AND_RESETS_0/CCC_FIC_x_CLK/PF_CCC_C0_0/pll_inst_0/OUT0

No Path 

END SET FIC_0_PERIPHERALS_0/security_core_0/rng/neoTRNG_0/entropy_cell_gen.2.neoTRNG_cell_inst/sreg_6[0]:Q to CLOCKS_AND_RESETS_0/CCC_FIC_x_CLK/PF_CCC_C0_0/pll_inst_0/OUT0

----------------------------------------------------

SET FIC_0_PERIPHERALS_0/security_core_0/rng/neoTRNG_0/entropy_cell_gen.2.neoTRNG_cell_inst/sreg_7[0]:Q to CLOCKS_AND_RESETS_0/CCC_FIC_x_CLK/PF_CCC_C0_0/pll_inst_0/OUT0

No Path 

END SET FIC_0_PERIPHERALS_0/security_core_0/rng/neoTRNG_0/entropy_cell_gen.2.neoTRNG_cell_inst/sreg_7[0]:Q to CLOCKS_AND_RESETS_0/CCC_FIC_x_CLK/PF_CCC_C0_0/pll_inst_0/OUT0

----------------------------------------------------

SET FIC_0_PERIPHERALS_0/security_core_0/rng/neoTRNG_0/entropy_cell_gen.2.neoTRNG_cell_inst/sreg_8[0]:Q to CLOCKS_AND_RESETS_0/CCC_FIC_x_CLK/PF_CCC_C0_0/pll_inst_0/OUT0

No Path 

END SET FIC_0_PERIPHERALS_0/security_core_0/rng/neoTRNG_0/entropy_cell_gen.2.neoTRNG_cell_inst/sreg_8[0]:Q to CLOCKS_AND_RESETS_0/CCC_FIC_x_CLK/PF_CCC_C0_0/pll_inst_0/OUT0

----------------------------------------------------

Clock Domain CLOCKS_AND_RESETS_0/CCC_FIC_x_CLK/PF_CCC_C0_0/pll_inst_0/OUT3

SET Register to Register

Path 1
  From: MSS_WRAPPER_0/MPFS_DISCOVERY_KIT_MSS_0/I_MSS:FIC_3_PCLK
  To:   MSS_WRAPPER_0/MPFS_DISCOVERY_KIT_MSS_0/I_MSS:FIC_3_APB_M_PRDATA[7]
  Delay (ns):              7.298
  Slack (ns):              2.783
  Arrival (ns):           14.307
  Required (ns):          17.090
  Setup (ns):             -0.268
  Minimum Period (ns):    14.164
  Operating Conditions: slow_lv_ht

Path 2
  From: MSS_WRAPPER_0/MPFS_DISCOVERY_KIT_MSS_0/I_MSS:FIC_3_PCLK
  To:   MSS_WRAPPER_0/MPFS_DISCOVERY_KIT_MSS_0/I_MSS:FIC_3_APB_M_PRDATA[2]
  Delay (ns):              7.093
  Slack (ns):              2.825
  Arrival (ns):           14.102
  Required (ns):          16.927
  Setup (ns):             -0.105
  Minimum Period (ns):    14.080
  Operating Conditions: slow_lv_ht

Path 3
  From: MSS_WRAPPER_0/MPFS_DISCOVERY_KIT_MSS_0/I_MSS:FIC_3_PCLK
  To:   MSS_WRAPPER_0/MPFS_DISCOVERY_KIT_MSS_0/I_MSS:FIC_3_APB_M_PRDATA[5]
  Delay (ns):              7.143
  Slack (ns):              2.887
  Arrival (ns):           14.152
  Required (ns):          17.039
  Setup (ns):             -0.217
  Minimum Period (ns):    13.956
  Operating Conditions: slow_lv_ht

Path 4
  From: MSS_WRAPPER_0/MPFS_DISCOVERY_KIT_MSS_0/I_MSS:FIC_3_PCLK
  To:   MSS_WRAPPER_0/MPFS_DISCOVERY_KIT_MSS_0/I_MSS:FIC_3_APB_M_PRDATA[3]
  Delay (ns):              7.047
  Slack (ns):              2.915
  Arrival (ns):           14.056
  Required (ns):          16.971
  Setup (ns):             -0.149
  Minimum Period (ns):    13.900
  Operating Conditions: slow_lv_ht

Path 5
  From: MSS_WRAPPER_0/MPFS_DISCOVERY_KIT_MSS_0/I_MSS:FIC_3_PCLK
  To:   MSS_WRAPPER_0/MPFS_DISCOVERY_KIT_MSS_0/I_MSS:FIC_3_APB_M_PRDATA[4]
  Delay (ns):              6.954
  Slack (ns):              3.003
  Arrival (ns):           13.963
  Required (ns):          16.966
  Setup (ns):             -0.144
  Minimum Period (ns):    13.724
  Operating Conditions: slow_lv_ht


Expanded Path 1
  From: MSS_WRAPPER_0/MPFS_DISCOVERY_KIT_MSS_0/I_MSS:FIC_3_PCLK
  To: MSS_WRAPPER_0/MPFS_DISCOVERY_KIT_MSS_0/I_MSS:FIC_3_APB_M_PRDATA[7]
  data required time                                 17.090
  data arrival time                          -       14.307
  slack                                               2.783
  ________________________________________________________
  Data arrival time calculation
  0.000                        CLOCKS_AND_RESETS_0/CCC_FIC_x_CLK/PF_CCC_C0_0/pll_inst_0/OUT3
               +     0.000          Clock source
  0.000                        CLOCKS_AND_RESETS_0/CCC_FIC_x_CLK/PF_CCC_C0_0/pll_inst_0:OUT3 (r)
               +     4.314          Clock generation
  4.314                        
               +     0.959          net: CLOCKS_AND_RESETS_0/CCC_FIC_x_CLK/PF_CCC_C0_0/pll_inst_0_clkint_12
  5.273                        CLOCKS_AND_RESETS_0/CCC_FIC_x_CLK/PF_CCC_C0_0/clkint_12_1:A (r)
               +     0.243          cell: ADLIB:ICB_CLKINT
  5.516                        CLOCKS_AND_RESETS_0/CCC_FIC_x_CLK/PF_CCC_C0_0/clkint_12_1:Y (r)
               +     0.145          net: CLOCKS_AND_RESETS_0/CCC_FIC_x_CLK/PF_CCC_C0_0/clkint_12_NET
  5.661                        CLOCKS_AND_RESETS_0/CCC_FIC_x_CLK/PF_CCC_C0_0/clkint_12:A (r)
               +     0.163          cell: ADLIB:GB
  5.824                        CLOCKS_AND_RESETS_0/CCC_FIC_x_CLK/PF_CCC_C0_0/clkint_12:Y (r)
               +     0.410          net: CLOCKS_AND_RESETS_0/CCC_FIC_x_CLK/PF_CCC_C0_0/clkint_12/U0_Y
  6.234                        CLOCKS_AND_RESETS_0/CCC_FIC_x_CLK/PF_CCC_C0_0/clkint_12/U0_RGB1_RGB0:A (r)
               +     0.058          cell: ADLIB:RGB
  6.292                        CLOCKS_AND_RESETS_0/CCC_FIC_x_CLK/PF_CCC_C0_0/clkint_12/U0_RGB1_RGB0:Y (f)
               +     0.717          net: CLOCKS_AND_RESETS_0/CCC_FIC_x_CLK/PF_CCC_C0_0/clkint_12/U0_RGB1_RGB0_rgb_net_1
  7.009                        MSS_WRAPPER_0/MPFS_DISCOVERY_KIT_MSS_0/I_MSS:FIC_3_PCLK (r)
               +     1.738          cell: ADLIB:MSS
  8.747                        MSS_WRAPPER_0/MPFS_DISCOVERY_KIT_MSS_0/I_MSS:FIC_3_APB_M_PADDR[26] (r)
               +     1.387          net: MSS_WRAPPER_0_FIC_3_APB_INITIATOR_PADDR[26]
  10.134                       FIC_3_PERIPHERALS_0/FIC_3_ADDRESS_GENERATION_1/FIC_3_0x4xxx_xxxx_0/FIC_3_0x4xxx_xxxx_0/iPSELS_raw_2_2_0_.m2:A (r)
               +     0.142          cell: ADLIB:CFG3
  10.276                       FIC_3_PERIPHERALS_0/FIC_3_ADDRESS_GENERATION_1/FIC_3_0x4xxx_xxxx_0/FIC_3_0x4xxx_xxxx_0/iPSELS_raw_2_2_0_.m2:Y (f)
               +     0.067          net: FIC_3_PERIPHERALS_0/FIC_3_ADDRESS_GENERATION_1/FIC_3_0x4xxx_xxxx_0/FIC_3_0x4xxx_xxxx_0/N_9_mux
  10.343                       FIC_3_PERIPHERALS_0/FIC_3_ADDRESS_GENERATION_1/FIC_3_0x4xxx_xxxx_0/FIC_3_0x4xxx_xxxx_0/iPSELS[0]:D (f)
               +     0.052          cell: ADLIB:CFG4
  10.395                       FIC_3_PERIPHERALS_0/FIC_3_ADDRESS_GENERATION_1/FIC_3_0x4xxx_xxxx_0/FIC_3_0x4xxx_xxxx_0/iPSELS[0]:Y (f)
               +     0.238          net: FIC_3_PERIPHERALS_0/FIC_3_0x4xxx_xxxx_0_APBmslave0_PSELx
  10.633                       FIC_3_PERIPHERALS_0/COREGPIO_C0/GPIO_0/xhdl1.GEN_BITS[4].REG_GEN.CONFIG_reg[4]2_2_0_0_a2_0_i_o3:A (f)
               +     0.050          cell: ADLIB:CFG2
  10.683                       FIC_3_PERIPHERALS_0/COREGPIO_C0/GPIO_0/xhdl1.GEN_BITS[4].REG_GEN.CONFIG_reg[4]2_2_0_0_a2_0_i_o3:Y (r)
               +     0.061          net: FIC_3_PERIPHERALS_0/N_406
  10.744                       FIC_3_PERIPHERALS_0/CoreUARTapb_C0_0/CoreUARTapb_C0_0/p_CtrlReg1Seq.controlReg15_1_0_o2:A (r)
               +     0.090          cell: ADLIB:CFG2
  10.834                       FIC_3_PERIPHERALS_0/CoreUARTapb_C0_0/CoreUARTapb_C0_0/p_CtrlReg1Seq.controlReg15_1_0_o2:Y (r)
               +     0.120          net: FIC_3_PERIPHERALS_0/N_412
  10.954                       FIC_3_PERIPHERALS_0/FIC_3_ADDRESS_GENERATION_1/FIC_3_0x4000_0xxx_0/FIC_3_0x4000_0xxx_0/iPSELS_0_a3[3]:B (r)
               +     0.051          cell: ADLIB:CFG3
  11.005                       FIC_3_PERIPHERALS_0/FIC_3_ADDRESS_GENERATION_1/FIC_3_0x4000_0xxx_0/FIC_3_0x4000_0xxx_0/iPSELS_0_a3[3]:Y (f)
               +     0.216          net: FIC_3_PERIPHERALS_0/FIC_3_ADDRESS_GENERATION_1_FIC_3_0x4000_03xx_PSELx
  11.221                       FIC_3_PERIPHERALS_0/FIC_3_ADDRESS_GENERATION_1/FIC_3_0x4000_0xxx_0/FIC_3_0x4000_0xxx_0/u_mux_p_to_b3/PSELSBUS[1]:A (f)
               +     0.052          cell: ADLIB:CFG2
  11.273                       FIC_3_PERIPHERALS_0/FIC_3_ADDRESS_GENERATION_1/FIC_3_0x4000_0xxx_0/FIC_3_0x4000_0xxx_0/u_mux_p_to_b3/PSELSBUS[1]:Y (f)
               +     0.462          net: FIC_3_PERIPHERALS_0/FIC_3_ADDRESS_GENERATION_1/FIC_3_0x4000_0xxx_0/FIC_3_0x4000_0xxx_0/u_mux_p_to_b3/PSELSBUS_Z[1]
  11.735                       FIC_3_PERIPHERALS_0/FIC_3_ADDRESS_GENERATION_1/FIC_3_0x4000_0xxx_0/FIC_3_0x4000_0xxx_0/u_mux_p_to_b3/iPRDATA30:B (f)
               +     0.136          cell: ADLIB:CFG3
  11.871                       FIC_3_PERIPHERALS_0/FIC_3_ADDRESS_GENERATION_1/FIC_3_0x4000_0xxx_0/FIC_3_0x4000_0xxx_0/u_mux_p_to_b3/iPRDATA30:Y (r)
               +     0.384          net: FIC_3_PERIPHERALS_0/FIC_3_ADDRESS_GENERATION_1/FIC_3_0x4000_0xxx_0/FIC_3_0x4000_0xxx_0/u_mux_p_to_b3/iPRDATA30_Z
  12.255                       FIC_3_PERIPHERALS_0/FIC_3_ADDRESS_GENERATION_1/FIC_3_0x4000_0xxx_0/FIC_3_0x4000_0xxx_0/u_mux_p_to_b3/PRDATA_0_iv_0[7]:D (r)
               +     0.090          cell: ADLIB:CFG4
  12.345                       FIC_3_PERIPHERALS_0/FIC_3_ADDRESS_GENERATION_1/FIC_3_0x4000_0xxx_0/FIC_3_0x4000_0xxx_0/u_mux_p_to_b3/PRDATA_0_iv_0[7]:Y (r)
               +     0.438          net: FIC_3_PERIPHERALS_0/FIC_3_ADDRESS_GENERATION_1/FIC_3_0x4000_0xxx_0/FIC_3_0x4000_0xxx_0/u_mux_p_to_b3/PRDATA_0_iv_0_Z[7]
  12.783                       FIC_3_PERIPHERALS_0/FIC_3_ADDRESS_GENERATION_1/FIC_3_0x4000_0xxx_0/FIC_3_0x4000_0xxx_0/u_mux_p_to_b3/PRDATA_0_iv_2_cZ[7]:C (r)
               +     0.053          cell: ADLIB:CFG4
  12.836                       FIC_3_PERIPHERALS_0/FIC_3_ADDRESS_GENERATION_1/FIC_3_0x4000_0xxx_0/FIC_3_0x4000_0xxx_0/u_mux_p_to_b3/PRDATA_0_iv_2_cZ[7]:Y (r)
               +     0.408          net: FIC_3_PERIPHERALS_0/FIC_3_ADDRESS_GENERATION_1/PRDATA_0_iv_2[7]
  13.244                       FIC_3_PERIPHERALS_0/FIC_3_ADDRESS_GENERATION_1/FIC_3_0x4xxx_xxxx_0/FIC_3_0x4xxx_xxxx_0/u_mux_p_to_b3/PRDATA_0[7]:D (r)
               +     0.090          cell: ADLIB:CFG4
  13.334                       FIC_3_PERIPHERALS_0/FIC_3_ADDRESS_GENERATION_1/FIC_3_0x4xxx_xxxx_0/FIC_3_0x4xxx_xxxx_0/u_mux_p_to_b3/PRDATA_0[7]:Y (r)
               +     0.056          net: FIC_3_PERIPHERALS_0/FIC_3_ADDRESS_GENERATION_1/N_231
  13.390                       FIC_3_PERIPHERALS_0/FIC_3_ADDRESS_GENERATION_1/APB_ARBITER_0/in_prdata[7]:A (r)
               +     0.053          cell: ADLIB:CFG3
  13.443                       FIC_3_PERIPHERALS_0/FIC_3_ADDRESS_GENERATION_1/APB_ARBITER_0/in_prdata[7]:Y (r)
               +     0.864          net: MSS_WRAPPER_0_FIC_3_APB_INITIATOR_PRDATA[7]
  14.307                       MSS_WRAPPER_0/MPFS_DISCOVERY_KIT_MSS_0/I_MSS:FIC_3_APB_M_PRDATA[7] (r)
                                    
  14.307                       data arrival time
  ________________________________________________________
  Data required time calculation
  10.000                       CLOCKS_AND_RESETS_0/CCC_FIC_x_CLK/PF_CCC_C0_0/pll_inst_0/OUT3
               +     0.000          Clock source
  10.000                       CLOCKS_AND_RESETS_0/CCC_FIC_x_CLK/PF_CCC_C0_0/pll_inst_0:OUT3 (f)
               +     3.886          Clock generation
  13.886                       
               +     0.849          net: CLOCKS_AND_RESETS_0/CCC_FIC_x_CLK/PF_CCC_C0_0/pll_inst_0_clkint_12
  14.735                       CLOCKS_AND_RESETS_0/CCC_FIC_x_CLK/PF_CCC_C0_0/clkint_12_1:A (f)
               +     0.224          cell: ADLIB:ICB_CLKINT
  14.959                       CLOCKS_AND_RESETS_0/CCC_FIC_x_CLK/PF_CCC_C0_0/clkint_12_1:Y (f)
               +     0.125          net: CLOCKS_AND_RESETS_0/CCC_FIC_x_CLK/PF_CCC_C0_0/clkint_12_NET
  15.084                       CLOCKS_AND_RESETS_0/CCC_FIC_x_CLK/PF_CCC_C0_0/clkint_12:A (f)
               +     0.141          cell: ADLIB:GB
  15.225                       CLOCKS_AND_RESETS_0/CCC_FIC_x_CLK/PF_CCC_C0_0/clkint_12:Y (f)
               +     0.372          net: CLOCKS_AND_RESETS_0/CCC_FIC_x_CLK/PF_CCC_C0_0/clkint_12/U0_Y
  15.597                       CLOCKS_AND_RESETS_0/CCC_FIC_x_CLK/PF_CCC_C0_0/clkint_12/U0_RGB1_RGB0:A (f)
               +     0.054          cell: ADLIB:RGB
  15.651                       CLOCKS_AND_RESETS_0/CCC_FIC_x_CLK/PF_CCC_C0_0/clkint_12/U0_RGB1_RGB0:Y (r)
               +     0.517          net: CLOCKS_AND_RESETS_0/CCC_FIC_x_CLK/PF_CCC_C0_0/clkint_12/U0_RGB1_RGB0_rgb_net_1
  16.168                       MSS_WRAPPER_0/MPFS_DISCOVERY_KIT_MSS_0/I_MSS:FIC_3_PCLK (f)
               +     0.789          
  16.957                       clock reconvergence pessimism
               -     0.135          
  16.822                       clock jitter
               -    -0.268          Library setup time: ADLIB:MSS
  17.090                       MSS_WRAPPER_0/MPFS_DISCOVERY_KIT_MSS_0/I_MSS:FIC_3_APB_M_PRDATA[7]
                                    
  17.090                       data required time


Operating Conditions : slow_lv_ht

END SET Register to Register

----------------------------------------------------

SET External Setup

Path 1
  From: RPI_I2C_SCL
  To:   FIC_3_PERIPHERALS_0/CORE_I2C_C0_0_WRAPPER_1/COREI2C_C0_0/COREI2C_C0_0/I2C_NUM_GENERATION[0].ui2c/SCLI_ff_reg_0[5]:D
  Delay (ns):              3.327
  Arrival (ns):            3.327
  Setup (ns):              0.000
  External Setup (ns):    -0.612
  Operating Conditions: fast_hv_lt

Path 2
  From: RPI_I2C_SCL
  To:   FIC_3_PERIPHERALS_0/CORE_I2C_C0_0_WRAPPER_1/COREI2C_C0_0/COREI2C_C0_0/I2C_NUM_GENERATION[0].ui2c/SCLI_ff_reg_0[11]:D
  Delay (ns):              3.325
  Arrival (ns):            3.325
  Setup (ns):              0.000
  External Setup (ns):    -0.614
  Operating Conditions: fast_hv_lt

Path 3
  From: RPI_I2C_SCL
  To:   FIC_3_PERIPHERALS_0/CORE_I2C_C0_0_WRAPPER_1/COREI2C_C0_0/COREI2C_C0_0/I2C_NUM_GENERATION[0].ui2c/SCLI_ff_reg_0[3]:D
  Delay (ns):              3.237
  Arrival (ns):            3.237
  Setup (ns):              0.000
  External Setup (ns):    -0.702
  Operating Conditions: fast_hv_lt

Path 4
  From: RPI_I2C_SCL
  To:   FIC_3_PERIPHERALS_0/CORE_I2C_C0_0_WRAPPER_1/COREI2C_C0_0/COREI2C_C0_0/I2C_NUM_GENERATION[0].ui2c/SCLI_ff_reg_0[4]:D
  Delay (ns):              3.230
  Arrival (ns):            3.230
  Setup (ns):              0.000
  External Setup (ns):    -0.709
  Operating Conditions: fast_hv_lt

Path 5
  From: RPI_I2C_SCL
  To:   FIC_3_PERIPHERALS_0/CORE_I2C_C0_0_WRAPPER_1/COREI2C_C0_0/COREI2C_C0_0/I2C_NUM_GENERATION[0].ui2c/SCLI_ff_reg_0[2]:D
  Delay (ns):              3.201
  Arrival (ns):            3.201
  Setup (ns):              0.000
  External Setup (ns):    -0.738
  Operating Conditions: fast_hv_lt


Expanded Path 1
  From: RPI_I2C_SCL
  To: FIC_3_PERIPHERALS_0/CORE_I2C_C0_0_WRAPPER_1/COREI2C_C0_0/COREI2C_C0_0/I2C_NUM_GENERATION[0].ui2c/SCLI_ff_reg_0[5]:D
  data required time                                    N/C
  data arrival time                          -        3.327
  slack                                                 N/C
  ________________________________________________________
  Data arrival time calculation
  0.000                        RPI_I2C_SCL (f)
               +     1.078          cell: ADLIB:IOPAD_BI
  1.078                        FIC_3_PERIPHERALS_0/CORE_I2C_C0_0_WRAPPER_1/COREI2C_C0_0_SCL_BIBUF/U_IOPAD:Y (f)
               +     0.000          net: FIC_3_PERIPHERALS_0/CORE_I2C_C0_0_WRAPPER_1/COREI2C_C0_0_SCL_BIBUF/YIN
  1.078                        FIC_3_PERIPHERALS_0/CORE_I2C_C0_0_WRAPPER_1/COREI2C_C0_0_SCL_BIBUF/U_IOBI:YIN (f)
               +     0.131          cell: ADLIB:IOBI_IB_OB_EB
  1.209                        FIC_3_PERIPHERALS_0/CORE_I2C_C0_0_WRAPPER_1/COREI2C_C0_0_SCL_BIBUF/U_IOBI:Y (f)
               +     1.366          net: FIC_3_PERIPHERALS_0/CORE_I2C_C0_0_WRAPPER_1/COREI2C_C0_0_SCL_BIBUF_Y
  2.575                        FIC_3_PERIPHERALS_0/CORE_I2C_C0_0_WRAPPER_1/COREI2C_C0_0/COREI2C_C0_0/I2C_NUM_GENERATION[0].ui2c/SCLI_ff_reg_0_4[0]:B (f)
               +     0.082          cell: ADLIB:CFG2
  2.657                        FIC_3_PERIPHERALS_0/CORE_I2C_C0_0_WRAPPER_1/COREI2C_C0_0/COREI2C_C0_0/I2C_NUM_GENERATION[0].ui2c/SCLI_ff_reg_0_4[0]:Y (f)
               +     0.303          net: FIC_3_PERIPHERALS_0/CORE_I2C_C0_0_WRAPPER_1/COREI2C_C0_0/COREI2C_C0_0/I2C_NUM_GENERATION[0].ui2c/SCLI_ff_reg_0_4_Z[0]
  2.960                        FIC_3_PERIPHERALS_0/CORE_I2C_C0_0_WRAPPER_1/COREI2C_C0_0/COREI2C_C0_0/I2C_NUM_GENERATION[0].ui2c/SCLI_ff_reg_0_ns_i_0_o3[13]:B (f)
               +     0.091          cell: ADLIB:CFG2
  3.051                        FIC_3_PERIPHERALS_0/CORE_I2C_C0_0_WRAPPER_1/COREI2C_C0_0/COREI2C_C0_0/I2C_NUM_GENERATION[0].ui2c/SCLI_ff_reg_0_ns_i_0_o3[13]:Y (r)
               +     0.166          net: FIC_3_PERIPHERALS_0/CORE_I2C_C0_0_WRAPPER_1/COREI2C_C0_0/COREI2C_C0_0/I2C_NUM_GENERATION[0].ui2c/N_253
  3.217                        FIC_3_PERIPHERALS_0/CORE_I2C_C0_0_WRAPPER_1/COREI2C_C0_0/COREI2C_C0_0/I2C_NUM_GENERATION[0].ui2c/SCLI_ff_reg_0_RNO[5]:D (r)
               +     0.093          cell: ADLIB:CFG4
  3.310                        FIC_3_PERIPHERALS_0/CORE_I2C_C0_0_WRAPPER_1/COREI2C_C0_0/COREI2C_C0_0/I2C_NUM_GENERATION[0].ui2c/SCLI_ff_reg_0_RNO[5]:Y (f)
               +     0.017          net: FIC_3_PERIPHERALS_0/CORE_I2C_C0_0_WRAPPER_1/COREI2C_C0_0/COREI2C_C0_0/I2C_NUM_GENERATION[0].ui2c/N_857_i
  3.327                        FIC_3_PERIPHERALS_0/CORE_I2C_C0_0_WRAPPER_1/COREI2C_C0_0/COREI2C_C0_0/I2C_NUM_GENERATION[0].ui2c/SCLI_ff_reg_0[5]:D (f)
                                    
  3.327                        data arrival time
  ________________________________________________________
  Data required time calculation
  N/C                          CLOCKS_AND_RESETS_0/CCC_FIC_x_CLK/PF_CCC_C0_0/pll_inst_0/OUT3
               +     0.000          Clock source
  N/C                          CLOCKS_AND_RESETS_0/CCC_FIC_x_CLK/PF_CCC_C0_0/pll_inst_0:OUT3 (r)
               +     2.578          Clock generation
  N/C                          
               +     0.586          net: CLOCKS_AND_RESETS_0/CCC_FIC_x_CLK/PF_CCC_C0_0/pll_inst_0_clkint_12
  N/C                          CLOCKS_AND_RESETS_0/CCC_FIC_x_CLK/PF_CCC_C0_0/clkint_12_1:A (r)
               +     0.141          cell: ADLIB:ICB_CLKINT
  N/C                          CLOCKS_AND_RESETS_0/CCC_FIC_x_CLK/PF_CCC_C0_0/clkint_12_1:Y (r)
               +     0.093          net: CLOCKS_AND_RESETS_0/CCC_FIC_x_CLK/PF_CCC_C0_0/clkint_12_NET
  N/C                          CLOCKS_AND_RESETS_0/CCC_FIC_x_CLK/PF_CCC_C0_0/clkint_12:A (r)
               +     0.108          cell: ADLIB:GB
  N/C                          CLOCKS_AND_RESETS_0/CCC_FIC_x_CLK/PF_CCC_C0_0/clkint_12:Y (r)
               +     0.256          net: CLOCKS_AND_RESETS_0/CCC_FIC_x_CLK/PF_CCC_C0_0/clkint_12/U0_Y
  N/C                          CLOCKS_AND_RESETS_0/CCC_FIC_x_CLK/PF_CCC_C0_0/clkint_12/U0_RGB1_RGB0:A (r)
               +     0.038          cell: ADLIB:RGB
  N/C                          CLOCKS_AND_RESETS_0/CCC_FIC_x_CLK/PF_CCC_C0_0/clkint_12/U0_RGB1_RGB0:Y (f)
               +     0.274          net: CLOCKS_AND_RESETS_0/CCC_FIC_x_CLK/PF_CCC_C0_0/clkint_12/U0_RGB1_RGB0_rgb_net_1
  N/C                          FIC_3_PERIPHERALS_0/CORE_I2C_C0_0_WRAPPER_1/COREI2C_C0_0/COREI2C_C0_0/I2C_NUM_GENERATION[0].ui2c/SCLI_ff_reg_0[5]:CLK (r)
               -     0.135          
  N/C                          clock jitter
               -     0.000          Library setup time: ADLIB:SLE
  N/C                          FIC_3_PERIPHERALS_0/CORE_I2C_C0_0_WRAPPER_1/COREI2C_C0_0/COREI2C_C0_0/I2C_NUM_GENERATION[0].ui2c/SCLI_ff_reg_0[5]:D


Operating Conditions : fast_hv_lt

END SET External Setup

----------------------------------------------------

SET Clock to Output

Path 1
  From: FIC_3_PERIPHERALS_0/SPI_FOR_7_SEG_0/SPI_FOR_7_SEG_0/USPI/URF/control1[1]:CLK
  To:   SPISDO
  Delay (ns):              9.280
  Arrival (ns):           16.038
  Clock to Out (ns):      16.038
  Operating Conditions: slow_lv_ht

Path 2
  From: FIC_3_PERIPHERALS_0/SPI_FOR_7_SEG_0/SPI_FOR_7_SEG_0/USPI/UCC/stxs_txzeros:CLK
  To:   SPISDO
  Delay (ns):              9.055
  Arrival (ns):           15.801
  Clock to Out (ns):      15.801
  Operating Conditions: slow_lv_ht

Path 3
  From: FIC_3_PERIPHERALS_0/SPI_FOR_7_SEG_0/SPI_FOR_7_SEG_0/USPI/UCC/stxs_datareg[15]:CLK
  To:   SPISDO
  Delay (ns):              8.801
  Arrival (ns):           15.564
  Clock to Out (ns):      15.564
  Operating Conditions: slow_lv_ht

Path 4
  From: FIC_3_PERIPHERALS_0/SPI_FOR_7_SEG_0/SPI_FOR_7_SEG_0/USPI/UCC/stxs_direct:CLK
  To:   SPISDO
  Delay (ns):              8.697
  Arrival (ns):           15.444
  Clock to Out (ns):      15.444
  Operating Conditions: slow_lv_ht

Path 5
  From: FIC_3_PERIPHERALS_0/SPI_FOR_7_SEG_0/SPI_FOR_7_SEG_0/USPI/UCC/txfifo_datadelay[15]:CLK
  To:   SPISDO
  Delay (ns):              8.632
  Arrival (ns):           15.381
  Clock to Out (ns):      15.381
  Operating Conditions: slow_lv_ht


Expanded Path 1
  From: FIC_3_PERIPHERALS_0/SPI_FOR_7_SEG_0/SPI_FOR_7_SEG_0/USPI/URF/control1[1]:CLK
  To: SPISDO
  data required time                                    N/C
  data arrival time                          -       16.038
  slack                                                 N/C
  ________________________________________________________
  Data arrival time calculation
  0.000                        CLOCKS_AND_RESETS_0/CCC_FIC_x_CLK/PF_CCC_C0_0/pll_inst_0/OUT3
               +     0.000          Clock source
  0.000                        CLOCKS_AND_RESETS_0/CCC_FIC_x_CLK/PF_CCC_C0_0/pll_inst_0:OUT3 (r)
               +     4.314          Clock generation
  4.314                        
               +     0.959          net: CLOCKS_AND_RESETS_0/CCC_FIC_x_CLK/PF_CCC_C0_0/pll_inst_0_clkint_12
  5.273                        CLOCKS_AND_RESETS_0/CCC_FIC_x_CLK/PF_CCC_C0_0/clkint_12_1:A (r)
               +     0.243          cell: ADLIB:ICB_CLKINT
  5.516                        CLOCKS_AND_RESETS_0/CCC_FIC_x_CLK/PF_CCC_C0_0/clkint_12_1:Y (r)
               +     0.145          net: CLOCKS_AND_RESETS_0/CCC_FIC_x_CLK/PF_CCC_C0_0/clkint_12_NET
  5.661                        CLOCKS_AND_RESETS_0/CCC_FIC_x_CLK/PF_CCC_C0_0/clkint_12:A (r)
               +     0.163          cell: ADLIB:GB
  5.824                        CLOCKS_AND_RESETS_0/CCC_FIC_x_CLK/PF_CCC_C0_0/clkint_12:Y (r)
               +     0.414          net: CLOCKS_AND_RESETS_0/CCC_FIC_x_CLK/PF_CCC_C0_0/clkint_12/U0_Y
  6.238                        CLOCKS_AND_RESETS_0/CCC_FIC_x_CLK/PF_CCC_C0_0/clkint_12/U0_RGB1:A (r)
               +     0.058          cell: ADLIB:RGB
  6.296                        CLOCKS_AND_RESETS_0/CCC_FIC_x_CLK/PF_CCC_C0_0/clkint_12/U0_RGB1:Y (f)
               +     0.462          net: CLOCKS_AND_RESETS_0_FIC_3_CLK
  6.758                        FIC_3_PERIPHERALS_0/SPI_FOR_7_SEG_0/SPI_FOR_7_SEG_0/USPI/URF/control1[1]:CLK (r)
               +     0.201          cell: ADLIB:SLE
  6.959                        FIC_3_PERIPHERALS_0/SPI_FOR_7_SEG_0/SPI_FOR_7_SEG_0/USPI/URF/control1[1]:Q (r)
               +     0.593          net: FIC_3_PERIPHERALS_0/SPI_FOR_7_SEG_0/SPI_FOR_7_SEG_0/USPI/SPIMODE
  7.552                        FIC_3_PERIPHERALS_0/SPI_FOR_7_SEG_0/SPI_FOR_7_SEG_0/USPI/UCC/spi_data_out_u_2_0_RNO:A (r)
               +     0.073          cell: ADLIB:CFG2
  7.625                        FIC_3_PERIPHERALS_0/SPI_FOR_7_SEG_0/SPI_FOR_7_SEG_0/USPI/UCC/spi_data_out_u_2_0_RNO:Y (f)
               +     0.120          net: FIC_3_PERIPHERALS_0/SPI_FOR_7_SEG_0/SPI_FOR_7_SEG_0/USPI/UCC/spi_data_out_sn_N_3
  7.745                        FIC_3_PERIPHERALS_0/SPI_FOR_7_SEG_0/SPI_FOR_7_SEG_0/USPI/UCC/spi_data_out_u_2_0:D (f)
               +     0.134          cell: ADLIB:CFG4
  7.879                        FIC_3_PERIPHERALS_0/SPI_FOR_7_SEG_0/SPI_FOR_7_SEG_0/USPI/UCC/spi_data_out_u_2_0:Y (f)
               +     0.133          net: FIC_3_PERIPHERALS_0/SPI_FOR_7_SEG_0/SPI_FOR_7_SEG_0/USPI/UCC/SPISDO_c_2
  8.012                        FIC_3_PERIPHERALS_0/SPI_FOR_7_SEG_0/SPI_FOR_7_SEG_0/USPI/UCC/spi_data_out_u:A (f)
               +     0.134          cell: ADLIB:CFG3
  8.146                        FIC_3_PERIPHERALS_0/SPI_FOR_7_SEG_0/SPI_FOR_7_SEG_0/USPI/UCC/spi_data_out_u:Y (f)
               +     4.906          net: SPISDO_c
  13.052                       SPISDO_obuf/U_IOTRI:D (f)
               +     0.918          cell: ADLIB:IOTRI_OB_EB
  13.970                       SPISDO_obuf/U_IOTRI:DOUT (f)
               +     0.000          net: SPISDO_obuf/DOUT
  13.970                       SPISDO_obuf/U_IOPAD:D (f)
               +     2.068          cell: ADLIB:IOPAD_TRI
  16.038                       SPISDO_obuf/U_IOPAD:PAD (f)
               +     0.000          net: SPISDO
  16.038                       SPISDO (f)
                                    
  16.038                       data arrival time
  ________________________________________________________
  Data required time calculation
  N/C                          CLOCKS_AND_RESETS_0/CCC_FIC_x_CLK/PF_CCC_C0_0/pll_inst_0/OUT3
                                    
  N/C                          SPISDO (f)


Operating Conditions : slow_lv_ht

END SET Clock to Output

----------------------------------------------------

SET Register to Asynchronous

Path 1
  From: CLOCKS_AND_RESETS_0/RESET_FIC_3_CLK/CORERESET_0/dff_15_rep[0]:CLK
  To:   FIC_3_PERIPHERALS_0/MIV_IHC_C0_0/MIV_IHC_C0_0/miv_ihc_core_0/gen_intr_module_h2.h2_irq_module/irq_mask[7]:ALn
  Delay (ns):              3.545
  Slack (ns):             16.035
  Arrival (ns):           10.299
  Required (ns):          26.334
  Recovery (ns):           0.209
  Minimum Period (ns):     3.830
  Skew (ns):               0.076
  Operating Conditions: slow_lv_ht

Path 2
  From: CLOCKS_AND_RESETS_0/RESET_FIC_3_CLK/CORERESET_0/dff_15_rep[0]:CLK
  To:   FIC_3_PERIPHERALS_0/MIV_IHC_C0_0/MIV_IHC_C0_0/miv_ihc_core_0/gen_intr_module_h2.h2_irq_module/irq_mask[2]:ALn
  Delay (ns):              3.545
  Slack (ns):             16.035
  Arrival (ns):           10.299
  Required (ns):          26.334
  Recovery (ns):           0.209
  Minimum Period (ns):     3.830
  Skew (ns):               0.076
  Operating Conditions: slow_lv_ht

Path 3
  From: CLOCKS_AND_RESETS_0/RESET_FIC_3_CLK/CORERESET_0/dff_15_rep[0]:CLK
  To:   FIC_3_PERIPHERALS_0/MIV_IHC_C0_0/MIV_IHC_C0_0/miv_ihc_core_0/gen_intr_module_h2.h2_irq_module/RDATA_1[2]:ALn
  Delay (ns):              3.544
  Slack (ns):             16.035
  Arrival (ns):           10.298
  Required (ns):          26.333
  Recovery (ns):           0.209
  Minimum Period (ns):     3.830
  Skew (ns):               0.077
  Operating Conditions: slow_lv_ht

Path 4
  From: CLOCKS_AND_RESETS_0/RESET_FIC_3_CLK/CORERESET_0/dff_15_rep[0]:CLK
  To:   FIC_3_PERIPHERALS_0/MIV_IHC_C0_0/MIV_IHC_C0_0/miv_ihc_core_0/gen_intr_module_h2.h2_irq_module/RDATA_1[0]:ALn
  Delay (ns):              3.544
  Slack (ns):             16.035
  Arrival (ns):           10.298
  Required (ns):          26.333
  Recovery (ns):           0.209
  Minimum Period (ns):     3.830
  Skew (ns):               0.077
  Operating Conditions: slow_lv_ht

Path 5
  From: CLOCKS_AND_RESETS_0/RESET_FIC_3_CLK/CORERESET_0/dff_15_rep[0]:CLK
  To:   FIC_3_PERIPHERALS_0/MIV_IHC_C0_0/MIV_IHC_C0_0/miv_ihc_core_0/gen_h0_h2.CH_H0_H2/b_mp:ALn
  Delay (ns):              3.545
  Slack (ns):             16.035
  Arrival (ns):           10.299
  Required (ns):          26.334
  Recovery (ns):           0.209
  Minimum Period (ns):     3.830
  Skew (ns):               0.076
  Operating Conditions: slow_lv_ht


Expanded Path 1
  From: CLOCKS_AND_RESETS_0/RESET_FIC_3_CLK/CORERESET_0/dff_15_rep[0]:CLK
  To: FIC_3_PERIPHERALS_0/MIV_IHC_C0_0/MIV_IHC_C0_0/miv_ihc_core_0/gen_intr_module_h2.h2_irq_module/irq_mask[7]:ALn
  data required time                                 26.334
  data arrival time                          -       10.299
  slack                                              16.035
  ________________________________________________________
  Data arrival time calculation
  0.000                        CLOCKS_AND_RESETS_0/CCC_FIC_x_CLK/PF_CCC_C0_0/pll_inst_0/OUT3
               +     0.000          Clock source
  0.000                        CLOCKS_AND_RESETS_0/CCC_FIC_x_CLK/PF_CCC_C0_0/pll_inst_0:OUT3 (r)
               +     4.314          Clock generation
  4.314                        
               +     0.959          net: CLOCKS_AND_RESETS_0/CCC_FIC_x_CLK/PF_CCC_C0_0/pll_inst_0_clkint_12
  5.273                        CLOCKS_AND_RESETS_0/CCC_FIC_x_CLK/PF_CCC_C0_0/clkint_12_1:A (r)
               +     0.243          cell: ADLIB:ICB_CLKINT
  5.516                        CLOCKS_AND_RESETS_0/CCC_FIC_x_CLK/PF_CCC_C0_0/clkint_12_1:Y (r)
               +     0.145          net: CLOCKS_AND_RESETS_0/CCC_FIC_x_CLK/PF_CCC_C0_0/clkint_12_NET
  5.661                        CLOCKS_AND_RESETS_0/CCC_FIC_x_CLK/PF_CCC_C0_0/clkint_12:A (r)
               +     0.163          cell: ADLIB:GB
  5.824                        CLOCKS_AND_RESETS_0/CCC_FIC_x_CLK/PF_CCC_C0_0/clkint_12:Y (r)
               +     0.414          net: CLOCKS_AND_RESETS_0/CCC_FIC_x_CLK/PF_CCC_C0_0/clkint_12/U0_Y
  6.238                        CLOCKS_AND_RESETS_0/CCC_FIC_x_CLK/PF_CCC_C0_0/clkint_12/U0_RGB1:A (r)
               +     0.058          cell: ADLIB:RGB
  6.296                        CLOCKS_AND_RESETS_0/CCC_FIC_x_CLK/PF_CCC_C0_0/clkint_12/U0_RGB1:Y (f)
               +     0.458          net: CLOCKS_AND_RESETS_0_FIC_3_CLK
  6.754                        CLOCKS_AND_RESETS_0/RESET_FIC_3_CLK/CORERESET_0/dff_15_rep[0]:CLK (r)
               +     0.209          cell: ADLIB:SLE
  6.963                        CLOCKS_AND_RESETS_0/RESET_FIC_3_CLK/CORERESET_0/dff_15_rep[0]:Q (r)
               +     2.219          net: CLOCKS_AND_RESETS_0/RESET_FIC_3_CLK/CORERESET_0/dff_15_rep_Z[0]
  9.182                        CLOCKS_AND_RESETS_0/RESET_FIC_3_CLK/CORERESET_0/dff_15_rep_RNIS9V04[0]:A (r)
               +     0.141          cell: ADLIB:GB
  9.323                        CLOCKS_AND_RESETS_0/RESET_FIC_3_CLK/CORERESET_0/dff_15_rep_RNIS9V04[0]:Y (r)
               +     0.415          net: CLOCKS_AND_RESETS_0/RESET_FIC_3_CLK/CORERESET_0/dff_15_rep_RNIS9V04[0]/U0_Y
  9.738                        CLOCKS_AND_RESETS_0/RESET_FIC_3_CLK/CORERESET_0/dff_15_rep_RNIS9V04[0]/U0_RGB1_RGB0:A (r)
               +     0.058          cell: ADLIB:RGB
  9.796                        CLOCKS_AND_RESETS_0/RESET_FIC_3_CLK/CORERESET_0/dff_15_rep_RNIS9V04[0]/U0_RGB1_RGB0:Y (f)
               +     0.503          net: CLOCKS_AND_RESETS_0/RESET_FIC_3_CLK/CORERESET_0/dff_15_rep_RNIS9V04[0]/U0_RGB1_RGB0_rgb_net_1
  10.299                       FIC_3_PERIPHERALS_0/MIV_IHC_C0_0/MIV_IHC_C0_0/miv_ihc_core_0/gen_intr_module_h2.h2_irq_module/irq_mask[7]:ALn (r)
                                    
  10.299                       data arrival time
  ________________________________________________________
  Data required time calculation
  20.000                       CLOCKS_AND_RESETS_0/CCC_FIC_x_CLK/PF_CCC_C0_0/pll_inst_0/OUT3
               +     0.000          Clock source
  20.000                       CLOCKS_AND_RESETS_0/CCC_FIC_x_CLK/PF_CCC_C0_0/pll_inst_0:OUT3 (r)
               +     3.894          Clock generation
  23.894                       
               +     0.872          net: CLOCKS_AND_RESETS_0/CCC_FIC_x_CLK/PF_CCC_C0_0/pll_inst_0_clkint_12
  24.766                       CLOCKS_AND_RESETS_0/CCC_FIC_x_CLK/PF_CCC_C0_0/clkint_12_1:A (r)
               +     0.211          cell: ADLIB:ICB_CLKINT
  24.977                       CLOCKS_AND_RESETS_0/CCC_FIC_x_CLK/PF_CCC_C0_0/clkint_12_1:Y (r)
               +     0.132          net: CLOCKS_AND_RESETS_0/CCC_FIC_x_CLK/PF_CCC_C0_0/clkint_12_NET
  25.109                       CLOCKS_AND_RESETS_0/CCC_FIC_x_CLK/PF_CCC_C0_0/clkint_12:A (r)
               +     0.148          cell: ADLIB:GB
  25.257                       CLOCKS_AND_RESETS_0/CCC_FIC_x_CLK/PF_CCC_C0_0/clkint_12:Y (r)
               +     0.372          net: CLOCKS_AND_RESETS_0/CCC_FIC_x_CLK/PF_CCC_C0_0/clkint_12/U0_Y
  25.629                       CLOCKS_AND_RESETS_0/CCC_FIC_x_CLK/PF_CCC_C0_0/clkint_12/U0_RGB1_RGB0:A (r)
               +     0.052          cell: ADLIB:RGB
  25.681                       CLOCKS_AND_RESETS_0/CCC_FIC_x_CLK/PF_CCC_C0_0/clkint_12/U0_RGB1_RGB0:Y (f)
               +     0.426          net: CLOCKS_AND_RESETS_0/CCC_FIC_x_CLK/PF_CCC_C0_0/clkint_12/U0_RGB1_RGB0_rgb_net_1
  26.107                       FIC_3_PERIPHERALS_0/MIV_IHC_C0_0/MIV_IHC_C0_0/miv_ihc_core_0/gen_intr_module_h2.h2_irq_module/irq_mask[7]:CLK (r)
               +     0.571          
  26.678                       clock reconvergence pessimism
               -     0.135          
  26.543                       clock jitter
               -     0.209          Library recovery time: ADLIB:SLE
  26.334                       FIC_3_PERIPHERALS_0/MIV_IHC_C0_0/MIV_IHC_C0_0/miv_ihc_core_0/gen_intr_module_h2.h2_irq_module/irq_mask[7]:ALn
                                    
  26.334                       data required time


Operating Conditions : slow_lv_ht

END SET Register to Asynchronous

----------------------------------------------------

SET External Recovery

Path 1
  From: SWITCH2
  To:   CLOCKS_AND_RESETS_0/RESET_FIC_3_CLK/CORERESET_0/dff_9[0]:ALn
  Delay (ns):              7.592
  Arrival (ns):            7.592
  Recovery (ns):           0.209
  External Recovery (ns):   1.847
  Operating Conditions: slow_lv_ht

Path 2
  From: SWITCH2
  To:   CLOCKS_AND_RESETS_0/RESET_FIC_3_CLK/CORERESET_0/dff_8[0]:ALn
  Delay (ns):              7.592
  Arrival (ns):            7.592
  Recovery (ns):           0.209
  External Recovery (ns):   1.847
  Operating Conditions: slow_lv_ht

Path 3
  From: SWITCH2
  To:   CLOCKS_AND_RESETS_0/RESET_FIC_3_CLK/CORERESET_0/dff_15_rep[0]:ALn
  Delay (ns):              7.592
  Arrival (ns):            7.592
  Recovery (ns):           0.209
  External Recovery (ns):   1.847
  Operating Conditions: slow_lv_ht

Path 4
  From: SWITCH2
  To:   CLOCKS_AND_RESETS_0/RESET_FIC_3_CLK/CORERESET_0/dff_11[0]:ALn
  Delay (ns):              7.592
  Arrival (ns):            7.592
  Recovery (ns):           0.209
  External Recovery (ns):   1.847
  Operating Conditions: slow_lv_ht

Path 5
  From: SWITCH2
  To:   CLOCKS_AND_RESETS_0/RESET_FIC_3_CLK/CORERESET_0/dff_10[0]:ALn
  Delay (ns):              7.592
  Arrival (ns):            7.592
  Recovery (ns):           0.209
  External Recovery (ns):   1.847
  Operating Conditions: slow_lv_ht


Expanded Path 1
  From: SWITCH2
  To: CLOCKS_AND_RESETS_0/RESET_FIC_3_CLK/CORERESET_0/dff_9[0]:ALn
  data required time                                    N/C
  data arrival time                          -        7.592
  slack                                                 N/C
  ________________________________________________________
  Data arrival time calculation
  0.000                        SWITCH2 (r)
               +     0.000          net: SWITCH2
  0.000                        SWITCH2_ibuf/U_IOPAD:PAD (r)
               +     0.610          cell: ADLIB:IOPAD_IN
  0.610                        SWITCH2_ibuf/U_IOPAD:Y (r)
               +     0.000          net: SWITCH2_ibuf/YIN
  0.610                        SWITCH2_ibuf/U_IOIN:YIN (r)
               +     0.336          cell: ADLIB:IOIN_IB_E
  0.946                        SWITCH2_ibuf/U_IOIN:Y (r)
               +     4.531          net: SWITCH2_c
  5.477                        CLOCKS_AND_RESETS_0/AND3_0:A (r)
               +     0.171          cell: ADLIB:CFG3
  5.648                        CLOCKS_AND_RESETS_0/AND3_0:Y (r)
               +     0.872          net: CLOCKS_AND_RESETS_0/AND3_0_Y
  6.520                        CLOCKS_AND_RESETS_0/RESET_FIC_0_CLK/CORERESET_0/un1_EXT_RST_N_2:C (r)
               +     0.053          cell: ADLIB:CFG3
  6.573                        CLOCKS_AND_RESETS_0/RESET_FIC_0_CLK/CORERESET_0/un1_EXT_RST_N_2:Y (r)
               +     1.019          net: CLOCKS_AND_RESETS_0/un1_EXT_RST_N_2
  7.592                        CLOCKS_AND_RESETS_0/RESET_FIC_3_CLK/CORERESET_0/dff_9[0]:ALn (r)
                                    
  7.592                        data arrival time
  ________________________________________________________
  Data required time calculation
  N/C                          CLOCKS_AND_RESETS_0/CCC_FIC_x_CLK/PF_CCC_C0_0/pll_inst_0/OUT3
               +     0.000          Clock source
  N/C                          CLOCKS_AND_RESETS_0/CCC_FIC_x_CLK/PF_CCC_C0_0/pll_inst_0:OUT3 (r)
               +     3.894          Clock generation
  N/C                          
               +     0.872          net: CLOCKS_AND_RESETS_0/CCC_FIC_x_CLK/PF_CCC_C0_0/pll_inst_0_clkint_12
  N/C                          CLOCKS_AND_RESETS_0/CCC_FIC_x_CLK/PF_CCC_C0_0/clkint_12_1:A (r)
               +     0.211          cell: ADLIB:ICB_CLKINT
  N/C                          CLOCKS_AND_RESETS_0/CCC_FIC_x_CLK/PF_CCC_C0_0/clkint_12_1:Y (r)
               +     0.132          net: CLOCKS_AND_RESETS_0/CCC_FIC_x_CLK/PF_CCC_C0_0/clkint_12_NET
  N/C                          CLOCKS_AND_RESETS_0/CCC_FIC_x_CLK/PF_CCC_C0_0/clkint_12:A (r)
               +     0.148          cell: ADLIB:GB
  N/C                          CLOCKS_AND_RESETS_0/CCC_FIC_x_CLK/PF_CCC_C0_0/clkint_12:Y (r)
               +     0.375          net: CLOCKS_AND_RESETS_0/CCC_FIC_x_CLK/PF_CCC_C0_0/clkint_12/U0_Y
  N/C                          CLOCKS_AND_RESETS_0/CCC_FIC_x_CLK/PF_CCC_C0_0/clkint_12/U0_RGB1:A (r)
               +     0.052          cell: ADLIB:RGB
  N/C                          CLOCKS_AND_RESETS_0/CCC_FIC_x_CLK/PF_CCC_C0_0/clkint_12/U0_RGB1:Y (f)
               +     0.405          net: CLOCKS_AND_RESETS_0_FIC_3_CLK
  N/C                          CLOCKS_AND_RESETS_0/RESET_FIC_3_CLK/CORERESET_0/dff_9[0]:CLK (r)
               -     0.135          
  N/C                          clock jitter
               -     0.209          Library recovery time: ADLIB:SLE
  N/C                          CLOCKS_AND_RESETS_0/RESET_FIC_3_CLK/CORERESET_0/dff_9[0]:ALn


Operating Conditions : slow_lv_ht

END SET External Recovery

----------------------------------------------------

SET Asynchronous to Register

No Path 

END SET Asynchronous to Register

----------------------------------------------------

Clock Domain FIC_0_PERIPHERALS_0/security_core_0/rng/neoTRNG_0/entropy_cell_gen.0.neoTRNG_cell_inst/sreg_0[0]:Q

Info: The maximum frequency of this clock domain is limited by the minimum pulse widths of pin FIC_0_PERIPHERALS_0/security_core_0/rng/neoTRNG_0/entropy_cell_gen.0.neoTRNG_cell_inst/ring_osc_gen.0.latch[0]:CLK

SET Register to Register

No Path 

END SET Register to Register

----------------------------------------------------

SET External Setup

No Path 

END SET External Setup

----------------------------------------------------

SET Clock to Output

No Path 

END SET Clock to Output

----------------------------------------------------

SET FIC_0_PERIPHERALS_0/security_core_0/rng/neoTRNG_0/entropy_cell_gen.0.neoTRNG_cell_inst/sreg_4[0]:Q to FIC_0_PERIPHERALS_0/security_core_0/rng/neoTRNG_0/entropy_cell_gen.0.neoTRNG_cell_inst/sreg_0[0]:Q

No Path 

END SET FIC_0_PERIPHERALS_0/security_core_0/rng/neoTRNG_0/entropy_cell_gen.0.neoTRNG_cell_inst/sreg_4[0]:Q to FIC_0_PERIPHERALS_0/security_core_0/rng/neoTRNG_0/entropy_cell_gen.0.neoTRNG_cell_inst/sreg_0[0]:Q

----------------------------------------------------

SET Register to Asynchronous

No Path 

END SET Register to Asynchronous

----------------------------------------------------

SET External Recovery

No Path 

END SET External Recovery

----------------------------------------------------

SET Asynchronous to Register

No Path 

END SET Asynchronous to Register

----------------------------------------------------

SET CLOCKS_AND_RESETS_0/CCC_FIC_x_CLK/PF_CCC_C0_0/pll_inst_0/OUT0 to FIC_0_PERIPHERALS_0/security_core_0/rng/neoTRNG_0/entropy_cell_gen.0.neoTRNG_cell_inst/sreg_0[0]:Q

No Path 

END SET CLOCKS_AND_RESETS_0/CCC_FIC_x_CLK/PF_CCC_C0_0/pll_inst_0/OUT0 to FIC_0_PERIPHERALS_0/security_core_0/rng/neoTRNG_0/entropy_cell_gen.0.neoTRNG_cell_inst/sreg_0[0]:Q

----------------------------------------------------

Clock Domain FIC_0_PERIPHERALS_0/security_core_0/rng/neoTRNG_0/entropy_cell_gen.0.neoTRNG_cell_inst/sreg_1[0]:Q

Info: The maximum frequency of this clock domain is limited by the minimum pulse widths of pin FIC_0_PERIPHERALS_0/security_core_0/rng/neoTRNG_0/entropy_cell_gen.0.neoTRNG_cell_inst/ring_osc_gen.1.latch[1]:CLK

SET Register to Register

No Path 

END SET Register to Register

----------------------------------------------------

SET External Setup

No Path 

END SET External Setup

----------------------------------------------------

SET Clock to Output

No Path 

END SET Clock to Output

----------------------------------------------------

SET FIC_0_PERIPHERALS_0/security_core_0/rng/neoTRNG_0/entropy_cell_gen.0.neoTRNG_cell_inst/sreg_0[0]:Q to FIC_0_PERIPHERALS_0/security_core_0/rng/neoTRNG_0/entropy_cell_gen.0.neoTRNG_cell_inst/sreg_1[0]:Q

No Path 

END SET FIC_0_PERIPHERALS_0/security_core_0/rng/neoTRNG_0/entropy_cell_gen.0.neoTRNG_cell_inst/sreg_0[0]:Q to FIC_0_PERIPHERALS_0/security_core_0/rng/neoTRNG_0/entropy_cell_gen.0.neoTRNG_cell_inst/sreg_1[0]:Q

----------------------------------------------------

SET Register to Asynchronous

No Path 

END SET Register to Asynchronous

----------------------------------------------------

SET External Recovery

No Path 

END SET External Recovery

----------------------------------------------------

SET Asynchronous to Register

No Path 

END SET Asynchronous to Register

----------------------------------------------------

SET CLOCKS_AND_RESETS_0/CCC_FIC_x_CLK/PF_CCC_C0_0/pll_inst_0/OUT0 to FIC_0_PERIPHERALS_0/security_core_0/rng/neoTRNG_0/entropy_cell_gen.0.neoTRNG_cell_inst/sreg_1[0]:Q

No Path 

END SET CLOCKS_AND_RESETS_0/CCC_FIC_x_CLK/PF_CCC_C0_0/pll_inst_0/OUT0 to FIC_0_PERIPHERALS_0/security_core_0/rng/neoTRNG_0/entropy_cell_gen.0.neoTRNG_cell_inst/sreg_1[0]:Q

----------------------------------------------------

Clock Domain FIC_0_PERIPHERALS_0/security_core_0/rng/neoTRNG_0/entropy_cell_gen.0.neoTRNG_cell_inst/sreg_2[0]:Q

Info: The maximum frequency of this clock domain is limited by the minimum pulse widths of pin FIC_0_PERIPHERALS_0/security_core_0/rng/neoTRNG_0/entropy_cell_gen.0.neoTRNG_cell_inst/ring_osc_gen.2.latch[2]:CLK

SET Register to Register

No Path 

END SET Register to Register

----------------------------------------------------

SET External Setup

No Path 

END SET External Setup

----------------------------------------------------

SET Clock to Output

No Path 

END SET Clock to Output

----------------------------------------------------

SET FIC_0_PERIPHERALS_0/security_core_0/rng/neoTRNG_0/entropy_cell_gen.0.neoTRNG_cell_inst/sreg_1[0]:Q to FIC_0_PERIPHERALS_0/security_core_0/rng/neoTRNG_0/entropy_cell_gen.0.neoTRNG_cell_inst/sreg_2[0]:Q

No Path 

END SET FIC_0_PERIPHERALS_0/security_core_0/rng/neoTRNG_0/entropy_cell_gen.0.neoTRNG_cell_inst/sreg_1[0]:Q to FIC_0_PERIPHERALS_0/security_core_0/rng/neoTRNG_0/entropy_cell_gen.0.neoTRNG_cell_inst/sreg_2[0]:Q

----------------------------------------------------

SET Register to Asynchronous

No Path 

END SET Register to Asynchronous

----------------------------------------------------

SET External Recovery

No Path 

END SET External Recovery

----------------------------------------------------

SET Asynchronous to Register

No Path 

END SET Asynchronous to Register

----------------------------------------------------

SET CLOCKS_AND_RESETS_0/CCC_FIC_x_CLK/PF_CCC_C0_0/pll_inst_0/OUT0 to FIC_0_PERIPHERALS_0/security_core_0/rng/neoTRNG_0/entropy_cell_gen.0.neoTRNG_cell_inst/sreg_2[0]:Q

No Path 

END SET CLOCKS_AND_RESETS_0/CCC_FIC_x_CLK/PF_CCC_C0_0/pll_inst_0/OUT0 to FIC_0_PERIPHERALS_0/security_core_0/rng/neoTRNG_0/entropy_cell_gen.0.neoTRNG_cell_inst/sreg_2[0]:Q

----------------------------------------------------

Clock Domain FIC_0_PERIPHERALS_0/security_core_0/rng/neoTRNG_0/entropy_cell_gen.0.neoTRNG_cell_inst/sreg_3[0]:Q

Info: The maximum frequency of this clock domain is limited by the minimum pulse widths of pin FIC_0_PERIPHERALS_0/security_core_0/rng/neoTRNG_0/entropy_cell_gen.0.neoTRNG_cell_inst/ring_osc_gen.3.latch[3]:CLK

SET Register to Register

No Path 

END SET Register to Register

----------------------------------------------------

SET External Setup

No Path 

END SET External Setup

----------------------------------------------------

SET Clock to Output

No Path 

END SET Clock to Output

----------------------------------------------------

SET FIC_0_PERIPHERALS_0/security_core_0/rng/neoTRNG_0/entropy_cell_gen.0.neoTRNG_cell_inst/sreg_2[0]:Q to FIC_0_PERIPHERALS_0/security_core_0/rng/neoTRNG_0/entropy_cell_gen.0.neoTRNG_cell_inst/sreg_3[0]:Q

No Path 

END SET FIC_0_PERIPHERALS_0/security_core_0/rng/neoTRNG_0/entropy_cell_gen.0.neoTRNG_cell_inst/sreg_2[0]:Q to FIC_0_PERIPHERALS_0/security_core_0/rng/neoTRNG_0/entropy_cell_gen.0.neoTRNG_cell_inst/sreg_3[0]:Q

----------------------------------------------------

SET Register to Asynchronous

No Path 

END SET Register to Asynchronous

----------------------------------------------------

SET External Recovery

No Path 

END SET External Recovery

----------------------------------------------------

SET Asynchronous to Register

No Path 

END SET Asynchronous to Register

----------------------------------------------------

SET CLOCKS_AND_RESETS_0/CCC_FIC_x_CLK/PF_CCC_C0_0/pll_inst_0/OUT0 to FIC_0_PERIPHERALS_0/security_core_0/rng/neoTRNG_0/entropy_cell_gen.0.neoTRNG_cell_inst/sreg_3[0]:Q

No Path 

END SET CLOCKS_AND_RESETS_0/CCC_FIC_x_CLK/PF_CCC_C0_0/pll_inst_0/OUT0 to FIC_0_PERIPHERALS_0/security_core_0/rng/neoTRNG_0/entropy_cell_gen.0.neoTRNG_cell_inst/sreg_3[0]:Q

----------------------------------------------------

Clock Domain FIC_0_PERIPHERALS_0/security_core_0/rng/neoTRNG_0/entropy_cell_gen.0.neoTRNG_cell_inst/sreg_4[0]:Q

Info: The maximum frequency of this clock domain is limited by the minimum pulse widths of pin FIC_0_PERIPHERALS_0/security_core_0/rng/neoTRNG_0/entropy_cell_gen.0.neoTRNG_cell_inst/ring_osc_gen.4.latch[4]:CLK

SET Register to Register

No Path 

END SET Register to Register

----------------------------------------------------

SET External Setup

No Path 

END SET External Setup

----------------------------------------------------

SET Clock to Output

No Path 

END SET Clock to Output

----------------------------------------------------

SET FIC_0_PERIPHERALS_0/security_core_0/rng/neoTRNG_0/entropy_cell_gen.0.neoTRNG_cell_inst/sreg_3[0]:Q to FIC_0_PERIPHERALS_0/security_core_0/rng/neoTRNG_0/entropy_cell_gen.0.neoTRNG_cell_inst/sreg_4[0]:Q

No Path 

END SET FIC_0_PERIPHERALS_0/security_core_0/rng/neoTRNG_0/entropy_cell_gen.0.neoTRNG_cell_inst/sreg_3[0]:Q to FIC_0_PERIPHERALS_0/security_core_0/rng/neoTRNG_0/entropy_cell_gen.0.neoTRNG_cell_inst/sreg_4[0]:Q

----------------------------------------------------

SET Register to Asynchronous

No Path 

END SET Register to Asynchronous

----------------------------------------------------

SET External Recovery

No Path 

END SET External Recovery

----------------------------------------------------

SET Asynchronous to Register

No Path 

END SET Asynchronous to Register

----------------------------------------------------

SET CLOCKS_AND_RESETS_0/CCC_FIC_x_CLK/PF_CCC_C0_0/pll_inst_0/OUT0 to FIC_0_PERIPHERALS_0/security_core_0/rng/neoTRNG_0/entropy_cell_gen.0.neoTRNG_cell_inst/sreg_4[0]:Q

No Path 

END SET CLOCKS_AND_RESETS_0/CCC_FIC_x_CLK/PF_CCC_C0_0/pll_inst_0/OUT0 to FIC_0_PERIPHERALS_0/security_core_0/rng/neoTRNG_0/entropy_cell_gen.0.neoTRNG_cell_inst/sreg_4[0]:Q

----------------------------------------------------

Clock Domain FIC_0_PERIPHERALS_0/security_core_0/rng/neoTRNG_0/entropy_cell_gen.1.neoTRNG_cell_inst/sreg_0[0]:Q

Info: The maximum frequency of this clock domain is limited by the minimum pulse widths of pin FIC_0_PERIPHERALS_0/security_core_0/rng/neoTRNG_0/entropy_cell_gen.1.neoTRNG_cell_inst/ring_osc_gen.0.latch[0]:CLK

SET Register to Register

No Path 

END SET Register to Register

----------------------------------------------------

SET External Setup

No Path 

END SET External Setup

----------------------------------------------------

SET Clock to Output

No Path 

END SET Clock to Output

----------------------------------------------------

SET FIC_0_PERIPHERALS_0/security_core_0/rng/neoTRNG_0/entropy_cell_gen.0.neoTRNG_cell_inst/sreg_4[0]:Q to FIC_0_PERIPHERALS_0/security_core_0/rng/neoTRNG_0/entropy_cell_gen.1.neoTRNG_cell_inst/sreg_0[0]:Q

No Path 

END SET FIC_0_PERIPHERALS_0/security_core_0/rng/neoTRNG_0/entropy_cell_gen.0.neoTRNG_cell_inst/sreg_4[0]:Q to FIC_0_PERIPHERALS_0/security_core_0/rng/neoTRNG_0/entropy_cell_gen.1.neoTRNG_cell_inst/sreg_0[0]:Q

----------------------------------------------------

SET FIC_0_PERIPHERALS_0/security_core_0/rng/neoTRNG_0/entropy_cell_gen.1.neoTRNG_cell_inst/sreg_6[0]:Q to FIC_0_PERIPHERALS_0/security_core_0/rng/neoTRNG_0/entropy_cell_gen.1.neoTRNG_cell_inst/sreg_0[0]:Q

No Path 

END SET FIC_0_PERIPHERALS_0/security_core_0/rng/neoTRNG_0/entropy_cell_gen.1.neoTRNG_cell_inst/sreg_6[0]:Q to FIC_0_PERIPHERALS_0/security_core_0/rng/neoTRNG_0/entropy_cell_gen.1.neoTRNG_cell_inst/sreg_0[0]:Q

----------------------------------------------------

SET Register to Asynchronous

No Path 

END SET Register to Asynchronous

----------------------------------------------------

SET External Recovery

No Path 

END SET External Recovery

----------------------------------------------------

SET Asynchronous to Register

No Path 

END SET Asynchronous to Register

----------------------------------------------------

SET CLOCKS_AND_RESETS_0/CCC_FIC_x_CLK/PF_CCC_C0_0/pll_inst_0/OUT0 to FIC_0_PERIPHERALS_0/security_core_0/rng/neoTRNG_0/entropy_cell_gen.1.neoTRNG_cell_inst/sreg_0[0]:Q

No Path 

END SET CLOCKS_AND_RESETS_0/CCC_FIC_x_CLK/PF_CCC_C0_0/pll_inst_0/OUT0 to FIC_0_PERIPHERALS_0/security_core_0/rng/neoTRNG_0/entropy_cell_gen.1.neoTRNG_cell_inst/sreg_0[0]:Q

----------------------------------------------------

Clock Domain FIC_0_PERIPHERALS_0/security_core_0/rng/neoTRNG_0/entropy_cell_gen.1.neoTRNG_cell_inst/sreg_1[0]:Q

Info: The maximum frequency of this clock domain is limited by the minimum pulse widths of pin FIC_0_PERIPHERALS_0/security_core_0/rng/neoTRNG_0/entropy_cell_gen.1.neoTRNG_cell_inst/ring_osc_gen.1.latch[1]:CLK

SET Register to Register

No Path 

END SET Register to Register

----------------------------------------------------

SET External Setup

No Path 

END SET External Setup

----------------------------------------------------

SET Clock to Output

No Path 

END SET Clock to Output

----------------------------------------------------

SET FIC_0_PERIPHERALS_0/security_core_0/rng/neoTRNG_0/entropy_cell_gen.0.neoTRNG_cell_inst/sreg_4[0]:Q to FIC_0_PERIPHERALS_0/security_core_0/rng/neoTRNG_0/entropy_cell_gen.1.neoTRNG_cell_inst/sreg_1[0]:Q

No Path 

END SET FIC_0_PERIPHERALS_0/security_core_0/rng/neoTRNG_0/entropy_cell_gen.0.neoTRNG_cell_inst/sreg_4[0]:Q to FIC_0_PERIPHERALS_0/security_core_0/rng/neoTRNG_0/entropy_cell_gen.1.neoTRNG_cell_inst/sreg_1[0]:Q

----------------------------------------------------

SET FIC_0_PERIPHERALS_0/security_core_0/rng/neoTRNG_0/entropy_cell_gen.1.neoTRNG_cell_inst/sreg_0[0]:Q to FIC_0_PERIPHERALS_0/security_core_0/rng/neoTRNG_0/entropy_cell_gen.1.neoTRNG_cell_inst/sreg_1[0]:Q

No Path 

END SET FIC_0_PERIPHERALS_0/security_core_0/rng/neoTRNG_0/entropy_cell_gen.1.neoTRNG_cell_inst/sreg_0[0]:Q to FIC_0_PERIPHERALS_0/security_core_0/rng/neoTRNG_0/entropy_cell_gen.1.neoTRNG_cell_inst/sreg_1[0]:Q

----------------------------------------------------

SET Register to Asynchronous

No Path 

END SET Register to Asynchronous

----------------------------------------------------

SET External Recovery

No Path 

END SET External Recovery

----------------------------------------------------

SET Asynchronous to Register

No Path 

END SET Asynchronous to Register

----------------------------------------------------

SET CLOCKS_AND_RESETS_0/CCC_FIC_x_CLK/PF_CCC_C0_0/pll_inst_0/OUT0 to FIC_0_PERIPHERALS_0/security_core_0/rng/neoTRNG_0/entropy_cell_gen.1.neoTRNG_cell_inst/sreg_1[0]:Q

No Path 

END SET CLOCKS_AND_RESETS_0/CCC_FIC_x_CLK/PF_CCC_C0_0/pll_inst_0/OUT0 to FIC_0_PERIPHERALS_0/security_core_0/rng/neoTRNG_0/entropy_cell_gen.1.neoTRNG_cell_inst/sreg_1[0]:Q

----------------------------------------------------

Clock Domain FIC_0_PERIPHERALS_0/security_core_0/rng/neoTRNG_0/entropy_cell_gen.1.neoTRNG_cell_inst/sreg_2[0]:Q

Info: The maximum frequency of this clock domain is limited by the minimum pulse widths of pin FIC_0_PERIPHERALS_0/security_core_0/rng/neoTRNG_0/entropy_cell_gen.1.neoTRNG_cell_inst/ring_osc_gen.2.latch[2]:CLK

SET Register to Register

No Path 

END SET Register to Register

----------------------------------------------------

SET External Setup

No Path 

END SET External Setup

----------------------------------------------------

SET Clock to Output

No Path 

END SET Clock to Output

----------------------------------------------------

SET FIC_0_PERIPHERALS_0/security_core_0/rng/neoTRNG_0/entropy_cell_gen.0.neoTRNG_cell_inst/sreg_4[0]:Q to FIC_0_PERIPHERALS_0/security_core_0/rng/neoTRNG_0/entropy_cell_gen.1.neoTRNG_cell_inst/sreg_2[0]:Q

No Path 

END SET FIC_0_PERIPHERALS_0/security_core_0/rng/neoTRNG_0/entropy_cell_gen.0.neoTRNG_cell_inst/sreg_4[0]:Q to FIC_0_PERIPHERALS_0/security_core_0/rng/neoTRNG_0/entropy_cell_gen.1.neoTRNG_cell_inst/sreg_2[0]:Q

----------------------------------------------------

SET FIC_0_PERIPHERALS_0/security_core_0/rng/neoTRNG_0/entropy_cell_gen.1.neoTRNG_cell_inst/sreg_1[0]:Q to FIC_0_PERIPHERALS_0/security_core_0/rng/neoTRNG_0/entropy_cell_gen.1.neoTRNG_cell_inst/sreg_2[0]:Q

No Path 

END SET FIC_0_PERIPHERALS_0/security_core_0/rng/neoTRNG_0/entropy_cell_gen.1.neoTRNG_cell_inst/sreg_1[0]:Q to FIC_0_PERIPHERALS_0/security_core_0/rng/neoTRNG_0/entropy_cell_gen.1.neoTRNG_cell_inst/sreg_2[0]:Q

----------------------------------------------------

SET Register to Asynchronous

No Path 

END SET Register to Asynchronous

----------------------------------------------------

SET External Recovery

No Path 

END SET External Recovery

----------------------------------------------------

SET Asynchronous to Register

No Path 

END SET Asynchronous to Register

----------------------------------------------------

SET CLOCKS_AND_RESETS_0/CCC_FIC_x_CLK/PF_CCC_C0_0/pll_inst_0/OUT0 to FIC_0_PERIPHERALS_0/security_core_0/rng/neoTRNG_0/entropy_cell_gen.1.neoTRNG_cell_inst/sreg_2[0]:Q

No Path 

END SET CLOCKS_AND_RESETS_0/CCC_FIC_x_CLK/PF_CCC_C0_0/pll_inst_0/OUT0 to FIC_0_PERIPHERALS_0/security_core_0/rng/neoTRNG_0/entropy_cell_gen.1.neoTRNG_cell_inst/sreg_2[0]:Q

----------------------------------------------------

Clock Domain FIC_0_PERIPHERALS_0/security_core_0/rng/neoTRNG_0/entropy_cell_gen.1.neoTRNG_cell_inst/sreg_3[0]:Q

Info: The maximum frequency of this clock domain is limited by the minimum pulse widths of pin FIC_0_PERIPHERALS_0/security_core_0/rng/neoTRNG_0/entropy_cell_gen.1.neoTRNG_cell_inst/ring_osc_gen.3.latch[3]:CLK

SET Register to Register

No Path 

END SET Register to Register

----------------------------------------------------

SET External Setup

No Path 

END SET External Setup

----------------------------------------------------

SET Clock to Output

No Path 

END SET Clock to Output

----------------------------------------------------

SET FIC_0_PERIPHERALS_0/security_core_0/rng/neoTRNG_0/entropy_cell_gen.0.neoTRNG_cell_inst/sreg_4[0]:Q to FIC_0_PERIPHERALS_0/security_core_0/rng/neoTRNG_0/entropy_cell_gen.1.neoTRNG_cell_inst/sreg_3[0]:Q

No Path 

END SET FIC_0_PERIPHERALS_0/security_core_0/rng/neoTRNG_0/entropy_cell_gen.0.neoTRNG_cell_inst/sreg_4[0]:Q to FIC_0_PERIPHERALS_0/security_core_0/rng/neoTRNG_0/entropy_cell_gen.1.neoTRNG_cell_inst/sreg_3[0]:Q

----------------------------------------------------

SET FIC_0_PERIPHERALS_0/security_core_0/rng/neoTRNG_0/entropy_cell_gen.1.neoTRNG_cell_inst/sreg_2[0]:Q to FIC_0_PERIPHERALS_0/security_core_0/rng/neoTRNG_0/entropy_cell_gen.1.neoTRNG_cell_inst/sreg_3[0]:Q

No Path 

END SET FIC_0_PERIPHERALS_0/security_core_0/rng/neoTRNG_0/entropy_cell_gen.1.neoTRNG_cell_inst/sreg_2[0]:Q to FIC_0_PERIPHERALS_0/security_core_0/rng/neoTRNG_0/entropy_cell_gen.1.neoTRNG_cell_inst/sreg_3[0]:Q

----------------------------------------------------

SET Register to Asynchronous

No Path 

END SET Register to Asynchronous

----------------------------------------------------

SET External Recovery

No Path 

END SET External Recovery

----------------------------------------------------

SET Asynchronous to Register

No Path 

END SET Asynchronous to Register

----------------------------------------------------

SET CLOCKS_AND_RESETS_0/CCC_FIC_x_CLK/PF_CCC_C0_0/pll_inst_0/OUT0 to FIC_0_PERIPHERALS_0/security_core_0/rng/neoTRNG_0/entropy_cell_gen.1.neoTRNG_cell_inst/sreg_3[0]:Q

No Path 

END SET CLOCKS_AND_RESETS_0/CCC_FIC_x_CLK/PF_CCC_C0_0/pll_inst_0/OUT0 to FIC_0_PERIPHERALS_0/security_core_0/rng/neoTRNG_0/entropy_cell_gen.1.neoTRNG_cell_inst/sreg_3[0]:Q

----------------------------------------------------

Clock Domain FIC_0_PERIPHERALS_0/security_core_0/rng/neoTRNG_0/entropy_cell_gen.1.neoTRNG_cell_inst/sreg_4[0]:Q

Info: The maximum frequency of this clock domain is limited by the minimum pulse widths of pin FIC_0_PERIPHERALS_0/security_core_0/rng/neoTRNG_0/entropy_cell_gen.1.neoTRNG_cell_inst/ring_osc_gen.4.latch[4]:CLK

SET Register to Register

No Path 

END SET Register to Register

----------------------------------------------------

SET External Setup

No Path 

END SET External Setup

----------------------------------------------------

SET Clock to Output

No Path 

END SET Clock to Output

----------------------------------------------------

SET FIC_0_PERIPHERALS_0/security_core_0/rng/neoTRNG_0/entropy_cell_gen.0.neoTRNG_cell_inst/sreg_4[0]:Q to FIC_0_PERIPHERALS_0/security_core_0/rng/neoTRNG_0/entropy_cell_gen.1.neoTRNG_cell_inst/sreg_4[0]:Q

No Path 

END SET FIC_0_PERIPHERALS_0/security_core_0/rng/neoTRNG_0/entropy_cell_gen.0.neoTRNG_cell_inst/sreg_4[0]:Q to FIC_0_PERIPHERALS_0/security_core_0/rng/neoTRNG_0/entropy_cell_gen.1.neoTRNG_cell_inst/sreg_4[0]:Q

----------------------------------------------------

SET FIC_0_PERIPHERALS_0/security_core_0/rng/neoTRNG_0/entropy_cell_gen.1.neoTRNG_cell_inst/sreg_3[0]:Q to FIC_0_PERIPHERALS_0/security_core_0/rng/neoTRNG_0/entropy_cell_gen.1.neoTRNG_cell_inst/sreg_4[0]:Q

No Path 

END SET FIC_0_PERIPHERALS_0/security_core_0/rng/neoTRNG_0/entropy_cell_gen.1.neoTRNG_cell_inst/sreg_3[0]:Q to FIC_0_PERIPHERALS_0/security_core_0/rng/neoTRNG_0/entropy_cell_gen.1.neoTRNG_cell_inst/sreg_4[0]:Q

----------------------------------------------------

SET Register to Asynchronous

No Path 

END SET Register to Asynchronous

----------------------------------------------------

SET External Recovery

No Path 

END SET External Recovery

----------------------------------------------------

SET Asynchronous to Register

No Path 

END SET Asynchronous to Register

----------------------------------------------------

SET CLOCKS_AND_RESETS_0/CCC_FIC_x_CLK/PF_CCC_C0_0/pll_inst_0/OUT0 to FIC_0_PERIPHERALS_0/security_core_0/rng/neoTRNG_0/entropy_cell_gen.1.neoTRNG_cell_inst/sreg_4[0]:Q

No Path 

END SET CLOCKS_AND_RESETS_0/CCC_FIC_x_CLK/PF_CCC_C0_0/pll_inst_0/OUT0 to FIC_0_PERIPHERALS_0/security_core_0/rng/neoTRNG_0/entropy_cell_gen.1.neoTRNG_cell_inst/sreg_4[0]:Q

----------------------------------------------------

Clock Domain FIC_0_PERIPHERALS_0/security_core_0/rng/neoTRNG_0/entropy_cell_gen.1.neoTRNG_cell_inst/sreg_5[0]:Q

Info: The maximum frequency of this clock domain is limited by the minimum pulse widths of pin FIC_0_PERIPHERALS_0/security_core_0/rng/neoTRNG_0/entropy_cell_gen.1.neoTRNG_cell_inst/ring_osc_gen.5.latch[5]:CLK

SET Register to Register

No Path 

END SET Register to Register

----------------------------------------------------

SET External Setup

No Path 

END SET External Setup

----------------------------------------------------

SET Clock to Output

No Path 

END SET Clock to Output

----------------------------------------------------

SET FIC_0_PERIPHERALS_0/security_core_0/rng/neoTRNG_0/entropy_cell_gen.0.neoTRNG_cell_inst/sreg_4[0]:Q to FIC_0_PERIPHERALS_0/security_core_0/rng/neoTRNG_0/entropy_cell_gen.1.neoTRNG_cell_inst/sreg_5[0]:Q

No Path 

END SET FIC_0_PERIPHERALS_0/security_core_0/rng/neoTRNG_0/entropy_cell_gen.0.neoTRNG_cell_inst/sreg_4[0]:Q to FIC_0_PERIPHERALS_0/security_core_0/rng/neoTRNG_0/entropy_cell_gen.1.neoTRNG_cell_inst/sreg_5[0]:Q

----------------------------------------------------

SET FIC_0_PERIPHERALS_0/security_core_0/rng/neoTRNG_0/entropy_cell_gen.1.neoTRNG_cell_inst/sreg_4[0]:Q to FIC_0_PERIPHERALS_0/security_core_0/rng/neoTRNG_0/entropy_cell_gen.1.neoTRNG_cell_inst/sreg_5[0]:Q

No Path 

END SET FIC_0_PERIPHERALS_0/security_core_0/rng/neoTRNG_0/entropy_cell_gen.1.neoTRNG_cell_inst/sreg_4[0]:Q to FIC_0_PERIPHERALS_0/security_core_0/rng/neoTRNG_0/entropy_cell_gen.1.neoTRNG_cell_inst/sreg_5[0]:Q

----------------------------------------------------

SET Register to Asynchronous

No Path 

END SET Register to Asynchronous

----------------------------------------------------

SET External Recovery

No Path 

END SET External Recovery

----------------------------------------------------

SET Asynchronous to Register

No Path 

END SET Asynchronous to Register

----------------------------------------------------

SET CLOCKS_AND_RESETS_0/CCC_FIC_x_CLK/PF_CCC_C0_0/pll_inst_0/OUT0 to FIC_0_PERIPHERALS_0/security_core_0/rng/neoTRNG_0/entropy_cell_gen.1.neoTRNG_cell_inst/sreg_5[0]:Q

No Path 

END SET CLOCKS_AND_RESETS_0/CCC_FIC_x_CLK/PF_CCC_C0_0/pll_inst_0/OUT0 to FIC_0_PERIPHERALS_0/security_core_0/rng/neoTRNG_0/entropy_cell_gen.1.neoTRNG_cell_inst/sreg_5[0]:Q

----------------------------------------------------

Clock Domain FIC_0_PERIPHERALS_0/security_core_0/rng/neoTRNG_0/entropy_cell_gen.1.neoTRNG_cell_inst/sreg_6[0]:Q

Info: The maximum frequency of this clock domain is limited by the minimum pulse widths of pin FIC_0_PERIPHERALS_0/security_core_0/rng/neoTRNG_0/entropy_cell_gen.1.neoTRNG_cell_inst/ring_osc_gen.6.latch[6]:CLK

SET Register to Register

No Path 

END SET Register to Register

----------------------------------------------------

SET External Setup

No Path 

END SET External Setup

----------------------------------------------------

SET Clock to Output

No Path 

END SET Clock to Output

----------------------------------------------------

SET FIC_0_PERIPHERALS_0/security_core_0/rng/neoTRNG_0/entropy_cell_gen.0.neoTRNG_cell_inst/sreg_4[0]:Q to FIC_0_PERIPHERALS_0/security_core_0/rng/neoTRNG_0/entropy_cell_gen.1.neoTRNG_cell_inst/sreg_6[0]:Q

No Path 

END SET FIC_0_PERIPHERALS_0/security_core_0/rng/neoTRNG_0/entropy_cell_gen.0.neoTRNG_cell_inst/sreg_4[0]:Q to FIC_0_PERIPHERALS_0/security_core_0/rng/neoTRNG_0/entropy_cell_gen.1.neoTRNG_cell_inst/sreg_6[0]:Q

----------------------------------------------------

SET FIC_0_PERIPHERALS_0/security_core_0/rng/neoTRNG_0/entropy_cell_gen.1.neoTRNG_cell_inst/sreg_5[0]:Q to FIC_0_PERIPHERALS_0/security_core_0/rng/neoTRNG_0/entropy_cell_gen.1.neoTRNG_cell_inst/sreg_6[0]:Q

No Path 

END SET FIC_0_PERIPHERALS_0/security_core_0/rng/neoTRNG_0/entropy_cell_gen.1.neoTRNG_cell_inst/sreg_5[0]:Q to FIC_0_PERIPHERALS_0/security_core_0/rng/neoTRNG_0/entropy_cell_gen.1.neoTRNG_cell_inst/sreg_6[0]:Q

----------------------------------------------------

SET Register to Asynchronous

No Path 

END SET Register to Asynchronous

----------------------------------------------------

SET External Recovery

No Path 

END SET External Recovery

----------------------------------------------------

SET Asynchronous to Register

No Path 

END SET Asynchronous to Register

----------------------------------------------------

SET CLOCKS_AND_RESETS_0/CCC_FIC_x_CLK/PF_CCC_C0_0/pll_inst_0/OUT0 to FIC_0_PERIPHERALS_0/security_core_0/rng/neoTRNG_0/entropy_cell_gen.1.neoTRNG_cell_inst/sreg_6[0]:Q

No Path 

END SET CLOCKS_AND_RESETS_0/CCC_FIC_x_CLK/PF_CCC_C0_0/pll_inst_0/OUT0 to FIC_0_PERIPHERALS_0/security_core_0/rng/neoTRNG_0/entropy_cell_gen.1.neoTRNG_cell_inst/sreg_6[0]:Q

----------------------------------------------------

Clock Domain FIC_0_PERIPHERALS_0/security_core_0/rng/neoTRNG_0/entropy_cell_gen.2.neoTRNG_cell_inst/sreg_0[0]:Q

Info: The maximum frequency of this clock domain is limited by the minimum pulse widths of pin FIC_0_PERIPHERALS_0/security_core_0/rng/neoTRNG_0/entropy_cell_gen.2.neoTRNG_cell_inst/ring_osc_gen.0.latch[0]:CLK

SET Register to Register

No Path 

END SET Register to Register

----------------------------------------------------

SET External Setup

No Path 

END SET External Setup

----------------------------------------------------

SET Clock to Output

No Path 

END SET Clock to Output

----------------------------------------------------

SET FIC_0_PERIPHERALS_0/security_core_0/rng/neoTRNG_0/entropy_cell_gen.1.neoTRNG_cell_inst/sreg_6[0]:Q to FIC_0_PERIPHERALS_0/security_core_0/rng/neoTRNG_0/entropy_cell_gen.2.neoTRNG_cell_inst/sreg_0[0]:Q

No Path 

END SET FIC_0_PERIPHERALS_0/security_core_0/rng/neoTRNG_0/entropy_cell_gen.1.neoTRNG_cell_inst/sreg_6[0]:Q to FIC_0_PERIPHERALS_0/security_core_0/rng/neoTRNG_0/entropy_cell_gen.2.neoTRNG_cell_inst/sreg_0[0]:Q

----------------------------------------------------

SET FIC_0_PERIPHERALS_0/security_core_0/rng/neoTRNG_0/entropy_cell_gen.2.neoTRNG_cell_inst/sreg_8[0]:Q to FIC_0_PERIPHERALS_0/security_core_0/rng/neoTRNG_0/entropy_cell_gen.2.neoTRNG_cell_inst/sreg_0[0]:Q

No Path 

END SET FIC_0_PERIPHERALS_0/security_core_0/rng/neoTRNG_0/entropy_cell_gen.2.neoTRNG_cell_inst/sreg_8[0]:Q to FIC_0_PERIPHERALS_0/security_core_0/rng/neoTRNG_0/entropy_cell_gen.2.neoTRNG_cell_inst/sreg_0[0]:Q

----------------------------------------------------

SET Register to Asynchronous

No Path 

END SET Register to Asynchronous

----------------------------------------------------

SET External Recovery

No Path 

END SET External Recovery

----------------------------------------------------

SET Asynchronous to Register

No Path 

END SET Asynchronous to Register

----------------------------------------------------

SET CLOCKS_AND_RESETS_0/CCC_FIC_x_CLK/PF_CCC_C0_0/pll_inst_0/OUT0 to FIC_0_PERIPHERALS_0/security_core_0/rng/neoTRNG_0/entropy_cell_gen.2.neoTRNG_cell_inst/sreg_0[0]:Q

No Path 

END SET CLOCKS_AND_RESETS_0/CCC_FIC_x_CLK/PF_CCC_C0_0/pll_inst_0/OUT0 to FIC_0_PERIPHERALS_0/security_core_0/rng/neoTRNG_0/entropy_cell_gen.2.neoTRNG_cell_inst/sreg_0[0]:Q

----------------------------------------------------

Clock Domain FIC_0_PERIPHERALS_0/security_core_0/rng/neoTRNG_0/entropy_cell_gen.2.neoTRNG_cell_inst/sreg_1[0]:Q

Info: The maximum frequency of this clock domain is limited by the minimum pulse widths of pin FIC_0_PERIPHERALS_0/security_core_0/rng/neoTRNG_0/entropy_cell_gen.2.neoTRNG_cell_inst/ring_osc_gen.1.latch[1]:CLK

SET Register to Register

No Path 

END SET Register to Register

----------------------------------------------------

SET External Setup

No Path 

END SET External Setup

----------------------------------------------------

SET Clock to Output

No Path 

END SET Clock to Output

----------------------------------------------------

SET FIC_0_PERIPHERALS_0/security_core_0/rng/neoTRNG_0/entropy_cell_gen.1.neoTRNG_cell_inst/sreg_6[0]:Q to FIC_0_PERIPHERALS_0/security_core_0/rng/neoTRNG_0/entropy_cell_gen.2.neoTRNG_cell_inst/sreg_1[0]:Q

No Path 

END SET FIC_0_PERIPHERALS_0/security_core_0/rng/neoTRNG_0/entropy_cell_gen.1.neoTRNG_cell_inst/sreg_6[0]:Q to FIC_0_PERIPHERALS_0/security_core_0/rng/neoTRNG_0/entropy_cell_gen.2.neoTRNG_cell_inst/sreg_1[0]:Q

----------------------------------------------------

SET FIC_0_PERIPHERALS_0/security_core_0/rng/neoTRNG_0/entropy_cell_gen.2.neoTRNG_cell_inst/sreg_0[0]:Q to FIC_0_PERIPHERALS_0/security_core_0/rng/neoTRNG_0/entropy_cell_gen.2.neoTRNG_cell_inst/sreg_1[0]:Q

No Path 

END SET FIC_0_PERIPHERALS_0/security_core_0/rng/neoTRNG_0/entropy_cell_gen.2.neoTRNG_cell_inst/sreg_0[0]:Q to FIC_0_PERIPHERALS_0/security_core_0/rng/neoTRNG_0/entropy_cell_gen.2.neoTRNG_cell_inst/sreg_1[0]:Q

----------------------------------------------------

SET Register to Asynchronous

No Path 

END SET Register to Asynchronous

----------------------------------------------------

SET External Recovery

No Path 

END SET External Recovery

----------------------------------------------------

SET Asynchronous to Register

No Path 

END SET Asynchronous to Register

----------------------------------------------------

SET CLOCKS_AND_RESETS_0/CCC_FIC_x_CLK/PF_CCC_C0_0/pll_inst_0/OUT0 to FIC_0_PERIPHERALS_0/security_core_0/rng/neoTRNG_0/entropy_cell_gen.2.neoTRNG_cell_inst/sreg_1[0]:Q

No Path 

END SET CLOCKS_AND_RESETS_0/CCC_FIC_x_CLK/PF_CCC_C0_0/pll_inst_0/OUT0 to FIC_0_PERIPHERALS_0/security_core_0/rng/neoTRNG_0/entropy_cell_gen.2.neoTRNG_cell_inst/sreg_1[0]:Q

----------------------------------------------------

Clock Domain FIC_0_PERIPHERALS_0/security_core_0/rng/neoTRNG_0/entropy_cell_gen.2.neoTRNG_cell_inst/sreg_2[0]:Q

Info: The maximum frequency of this clock domain is limited by the minimum pulse widths of pin FIC_0_PERIPHERALS_0/security_core_0/rng/neoTRNG_0/entropy_cell_gen.2.neoTRNG_cell_inst/ring_osc_gen.2.latch[2]:CLK

SET Register to Register

No Path 

END SET Register to Register

----------------------------------------------------

SET External Setup

No Path 

END SET External Setup

----------------------------------------------------

SET Clock to Output

No Path 

END SET Clock to Output

----------------------------------------------------

SET FIC_0_PERIPHERALS_0/security_core_0/rng/neoTRNG_0/entropy_cell_gen.1.neoTRNG_cell_inst/sreg_6[0]:Q to FIC_0_PERIPHERALS_0/security_core_0/rng/neoTRNG_0/entropy_cell_gen.2.neoTRNG_cell_inst/sreg_2[0]:Q

No Path 

END SET FIC_0_PERIPHERALS_0/security_core_0/rng/neoTRNG_0/entropy_cell_gen.1.neoTRNG_cell_inst/sreg_6[0]:Q to FIC_0_PERIPHERALS_0/security_core_0/rng/neoTRNG_0/entropy_cell_gen.2.neoTRNG_cell_inst/sreg_2[0]:Q

----------------------------------------------------

SET FIC_0_PERIPHERALS_0/security_core_0/rng/neoTRNG_0/entropy_cell_gen.2.neoTRNG_cell_inst/sreg_1[0]:Q to FIC_0_PERIPHERALS_0/security_core_0/rng/neoTRNG_0/entropy_cell_gen.2.neoTRNG_cell_inst/sreg_2[0]:Q

No Path 

END SET FIC_0_PERIPHERALS_0/security_core_0/rng/neoTRNG_0/entropy_cell_gen.2.neoTRNG_cell_inst/sreg_1[0]:Q to FIC_0_PERIPHERALS_0/security_core_0/rng/neoTRNG_0/entropy_cell_gen.2.neoTRNG_cell_inst/sreg_2[0]:Q

----------------------------------------------------

SET Register to Asynchronous

No Path 

END SET Register to Asynchronous

----------------------------------------------------

SET External Recovery

No Path 

END SET External Recovery

----------------------------------------------------

SET Asynchronous to Register

No Path 

END SET Asynchronous to Register

----------------------------------------------------

SET CLOCKS_AND_RESETS_0/CCC_FIC_x_CLK/PF_CCC_C0_0/pll_inst_0/OUT0 to FIC_0_PERIPHERALS_0/security_core_0/rng/neoTRNG_0/entropy_cell_gen.2.neoTRNG_cell_inst/sreg_2[0]:Q

No Path 

END SET CLOCKS_AND_RESETS_0/CCC_FIC_x_CLK/PF_CCC_C0_0/pll_inst_0/OUT0 to FIC_0_PERIPHERALS_0/security_core_0/rng/neoTRNG_0/entropy_cell_gen.2.neoTRNG_cell_inst/sreg_2[0]:Q

----------------------------------------------------

Clock Domain FIC_0_PERIPHERALS_0/security_core_0/rng/neoTRNG_0/entropy_cell_gen.2.neoTRNG_cell_inst/sreg_3[0]:Q

Info: The maximum frequency of this clock domain is limited by the minimum pulse widths of pin FIC_0_PERIPHERALS_0/security_core_0/rng/neoTRNG_0/entropy_cell_gen.2.neoTRNG_cell_inst/ring_osc_gen.3.latch[3]:CLK

SET Register to Register

No Path 

END SET Register to Register

----------------------------------------------------

SET External Setup

No Path 

END SET External Setup

----------------------------------------------------

SET Clock to Output

No Path 

END SET Clock to Output

----------------------------------------------------

SET FIC_0_PERIPHERALS_0/security_core_0/rng/neoTRNG_0/entropy_cell_gen.1.neoTRNG_cell_inst/sreg_6[0]:Q to FIC_0_PERIPHERALS_0/security_core_0/rng/neoTRNG_0/entropy_cell_gen.2.neoTRNG_cell_inst/sreg_3[0]:Q

No Path 

END SET FIC_0_PERIPHERALS_0/security_core_0/rng/neoTRNG_0/entropy_cell_gen.1.neoTRNG_cell_inst/sreg_6[0]:Q to FIC_0_PERIPHERALS_0/security_core_0/rng/neoTRNG_0/entropy_cell_gen.2.neoTRNG_cell_inst/sreg_3[0]:Q

----------------------------------------------------

SET FIC_0_PERIPHERALS_0/security_core_0/rng/neoTRNG_0/entropy_cell_gen.2.neoTRNG_cell_inst/sreg_2[0]:Q to FIC_0_PERIPHERALS_0/security_core_0/rng/neoTRNG_0/entropy_cell_gen.2.neoTRNG_cell_inst/sreg_3[0]:Q

No Path 

END SET FIC_0_PERIPHERALS_0/security_core_0/rng/neoTRNG_0/entropy_cell_gen.2.neoTRNG_cell_inst/sreg_2[0]:Q to FIC_0_PERIPHERALS_0/security_core_0/rng/neoTRNG_0/entropy_cell_gen.2.neoTRNG_cell_inst/sreg_3[0]:Q

----------------------------------------------------

SET Register to Asynchronous

No Path 

END SET Register to Asynchronous

----------------------------------------------------

SET External Recovery

No Path 

END SET External Recovery

----------------------------------------------------

SET Asynchronous to Register

No Path 

END SET Asynchronous to Register

----------------------------------------------------

SET CLOCKS_AND_RESETS_0/CCC_FIC_x_CLK/PF_CCC_C0_0/pll_inst_0/OUT0 to FIC_0_PERIPHERALS_0/security_core_0/rng/neoTRNG_0/entropy_cell_gen.2.neoTRNG_cell_inst/sreg_3[0]:Q

No Path 

END SET CLOCKS_AND_RESETS_0/CCC_FIC_x_CLK/PF_CCC_C0_0/pll_inst_0/OUT0 to FIC_0_PERIPHERALS_0/security_core_0/rng/neoTRNG_0/entropy_cell_gen.2.neoTRNG_cell_inst/sreg_3[0]:Q

----------------------------------------------------

Clock Domain FIC_0_PERIPHERALS_0/security_core_0/rng/neoTRNG_0/entropy_cell_gen.2.neoTRNG_cell_inst/sreg_4[0]:Q

Info: The maximum frequency of this clock domain is limited by the minimum pulse widths of pin FIC_0_PERIPHERALS_0/security_core_0/rng/neoTRNG_0/entropy_cell_gen.2.neoTRNG_cell_inst/ring_osc_gen.4.latch[4]:CLK

SET Register to Register

No Path 

END SET Register to Register

----------------------------------------------------

SET External Setup

No Path 

END SET External Setup

----------------------------------------------------

SET Clock to Output

No Path 

END SET Clock to Output

----------------------------------------------------

SET FIC_0_PERIPHERALS_0/security_core_0/rng/neoTRNG_0/entropy_cell_gen.1.neoTRNG_cell_inst/sreg_6[0]:Q to FIC_0_PERIPHERALS_0/security_core_0/rng/neoTRNG_0/entropy_cell_gen.2.neoTRNG_cell_inst/sreg_4[0]:Q

No Path 

END SET FIC_0_PERIPHERALS_0/security_core_0/rng/neoTRNG_0/entropy_cell_gen.1.neoTRNG_cell_inst/sreg_6[0]:Q to FIC_0_PERIPHERALS_0/security_core_0/rng/neoTRNG_0/entropy_cell_gen.2.neoTRNG_cell_inst/sreg_4[0]:Q

----------------------------------------------------

SET FIC_0_PERIPHERALS_0/security_core_0/rng/neoTRNG_0/entropy_cell_gen.2.neoTRNG_cell_inst/sreg_3[0]:Q to FIC_0_PERIPHERALS_0/security_core_0/rng/neoTRNG_0/entropy_cell_gen.2.neoTRNG_cell_inst/sreg_4[0]:Q

No Path 

END SET FIC_0_PERIPHERALS_0/security_core_0/rng/neoTRNG_0/entropy_cell_gen.2.neoTRNG_cell_inst/sreg_3[0]:Q to FIC_0_PERIPHERALS_0/security_core_0/rng/neoTRNG_0/entropy_cell_gen.2.neoTRNG_cell_inst/sreg_4[0]:Q

----------------------------------------------------

SET Register to Asynchronous

No Path 

END SET Register to Asynchronous

----------------------------------------------------

SET External Recovery

No Path 

END SET External Recovery

----------------------------------------------------

SET Asynchronous to Register

No Path 

END SET Asynchronous to Register

----------------------------------------------------

SET CLOCKS_AND_RESETS_0/CCC_FIC_x_CLK/PF_CCC_C0_0/pll_inst_0/OUT0 to FIC_0_PERIPHERALS_0/security_core_0/rng/neoTRNG_0/entropy_cell_gen.2.neoTRNG_cell_inst/sreg_4[0]:Q

No Path 

END SET CLOCKS_AND_RESETS_0/CCC_FIC_x_CLK/PF_CCC_C0_0/pll_inst_0/OUT0 to FIC_0_PERIPHERALS_0/security_core_0/rng/neoTRNG_0/entropy_cell_gen.2.neoTRNG_cell_inst/sreg_4[0]:Q

----------------------------------------------------

Clock Domain FIC_0_PERIPHERALS_0/security_core_0/rng/neoTRNG_0/entropy_cell_gen.2.neoTRNG_cell_inst/sreg_5[0]:Q

Info: The maximum frequency of this clock domain is limited by the minimum pulse widths of pin FIC_0_PERIPHERALS_0/security_core_0/rng/neoTRNG_0/entropy_cell_gen.2.neoTRNG_cell_inst/ring_osc_gen.5.latch[5]:CLK

SET Register to Register

No Path 

END SET Register to Register

----------------------------------------------------

SET External Setup

No Path 

END SET External Setup

----------------------------------------------------

SET Clock to Output

No Path 

END SET Clock to Output

----------------------------------------------------

SET FIC_0_PERIPHERALS_0/security_core_0/rng/neoTRNG_0/entropy_cell_gen.1.neoTRNG_cell_inst/sreg_6[0]:Q to FIC_0_PERIPHERALS_0/security_core_0/rng/neoTRNG_0/entropy_cell_gen.2.neoTRNG_cell_inst/sreg_5[0]:Q

No Path 

END SET FIC_0_PERIPHERALS_0/security_core_0/rng/neoTRNG_0/entropy_cell_gen.1.neoTRNG_cell_inst/sreg_6[0]:Q to FIC_0_PERIPHERALS_0/security_core_0/rng/neoTRNG_0/entropy_cell_gen.2.neoTRNG_cell_inst/sreg_5[0]:Q

----------------------------------------------------

SET FIC_0_PERIPHERALS_0/security_core_0/rng/neoTRNG_0/entropy_cell_gen.2.neoTRNG_cell_inst/sreg_4[0]:Q to FIC_0_PERIPHERALS_0/security_core_0/rng/neoTRNG_0/entropy_cell_gen.2.neoTRNG_cell_inst/sreg_5[0]:Q

No Path 

END SET FIC_0_PERIPHERALS_0/security_core_0/rng/neoTRNG_0/entropy_cell_gen.2.neoTRNG_cell_inst/sreg_4[0]:Q to FIC_0_PERIPHERALS_0/security_core_0/rng/neoTRNG_0/entropy_cell_gen.2.neoTRNG_cell_inst/sreg_5[0]:Q

----------------------------------------------------

SET Register to Asynchronous

No Path 

END SET Register to Asynchronous

----------------------------------------------------

SET External Recovery

No Path 

END SET External Recovery

----------------------------------------------------

SET Asynchronous to Register

No Path 

END SET Asynchronous to Register

----------------------------------------------------

SET CLOCKS_AND_RESETS_0/CCC_FIC_x_CLK/PF_CCC_C0_0/pll_inst_0/OUT0 to FIC_0_PERIPHERALS_0/security_core_0/rng/neoTRNG_0/entropy_cell_gen.2.neoTRNG_cell_inst/sreg_5[0]:Q

No Path 

END SET CLOCKS_AND_RESETS_0/CCC_FIC_x_CLK/PF_CCC_C0_0/pll_inst_0/OUT0 to FIC_0_PERIPHERALS_0/security_core_0/rng/neoTRNG_0/entropy_cell_gen.2.neoTRNG_cell_inst/sreg_5[0]:Q

----------------------------------------------------

Clock Domain FIC_0_PERIPHERALS_0/security_core_0/rng/neoTRNG_0/entropy_cell_gen.2.neoTRNG_cell_inst/sreg_6[0]:Q

Info: The maximum frequency of this clock domain is limited by the minimum pulse widths of pin FIC_0_PERIPHERALS_0/security_core_0/rng/neoTRNG_0/entropy_cell_gen.2.neoTRNG_cell_inst/ring_osc_gen.6.latch[6]:CLK

SET Register to Register

No Path 

END SET Register to Register

----------------------------------------------------

SET External Setup

No Path 

END SET External Setup

----------------------------------------------------

SET Clock to Output

No Path 

END SET Clock to Output

----------------------------------------------------

SET FIC_0_PERIPHERALS_0/security_core_0/rng/neoTRNG_0/entropy_cell_gen.1.neoTRNG_cell_inst/sreg_6[0]:Q to FIC_0_PERIPHERALS_0/security_core_0/rng/neoTRNG_0/entropy_cell_gen.2.neoTRNG_cell_inst/sreg_6[0]:Q

No Path 

END SET FIC_0_PERIPHERALS_0/security_core_0/rng/neoTRNG_0/entropy_cell_gen.1.neoTRNG_cell_inst/sreg_6[0]:Q to FIC_0_PERIPHERALS_0/security_core_0/rng/neoTRNG_0/entropy_cell_gen.2.neoTRNG_cell_inst/sreg_6[0]:Q

----------------------------------------------------

SET FIC_0_PERIPHERALS_0/security_core_0/rng/neoTRNG_0/entropy_cell_gen.2.neoTRNG_cell_inst/sreg_5[0]:Q to FIC_0_PERIPHERALS_0/security_core_0/rng/neoTRNG_0/entropy_cell_gen.2.neoTRNG_cell_inst/sreg_6[0]:Q

No Path 

END SET FIC_0_PERIPHERALS_0/security_core_0/rng/neoTRNG_0/entropy_cell_gen.2.neoTRNG_cell_inst/sreg_5[0]:Q to FIC_0_PERIPHERALS_0/security_core_0/rng/neoTRNG_0/entropy_cell_gen.2.neoTRNG_cell_inst/sreg_6[0]:Q

----------------------------------------------------

SET Register to Asynchronous

No Path 

END SET Register to Asynchronous

----------------------------------------------------

SET External Recovery

No Path 

END SET External Recovery

----------------------------------------------------

SET Asynchronous to Register

No Path 

END SET Asynchronous to Register

----------------------------------------------------

SET CLOCKS_AND_RESETS_0/CCC_FIC_x_CLK/PF_CCC_C0_0/pll_inst_0/OUT0 to FIC_0_PERIPHERALS_0/security_core_0/rng/neoTRNG_0/entropy_cell_gen.2.neoTRNG_cell_inst/sreg_6[0]:Q

No Path 

END SET CLOCKS_AND_RESETS_0/CCC_FIC_x_CLK/PF_CCC_C0_0/pll_inst_0/OUT0 to FIC_0_PERIPHERALS_0/security_core_0/rng/neoTRNG_0/entropy_cell_gen.2.neoTRNG_cell_inst/sreg_6[0]:Q

----------------------------------------------------

Clock Domain FIC_0_PERIPHERALS_0/security_core_0/rng/neoTRNG_0/entropy_cell_gen.2.neoTRNG_cell_inst/sreg_7[0]:Q

Info: The maximum frequency of this clock domain is limited by the minimum pulse widths of pin FIC_0_PERIPHERALS_0/security_core_0/rng/neoTRNG_0/entropy_cell_gen.2.neoTRNG_cell_inst/ring_osc_gen.7.latch[7]:CLK

SET Register to Register

No Path 

END SET Register to Register

----------------------------------------------------

SET External Setup

No Path 

END SET External Setup

----------------------------------------------------

SET Clock to Output

No Path 

END SET Clock to Output

----------------------------------------------------

SET FIC_0_PERIPHERALS_0/security_core_0/rng/neoTRNG_0/entropy_cell_gen.1.neoTRNG_cell_inst/sreg_6[0]:Q to FIC_0_PERIPHERALS_0/security_core_0/rng/neoTRNG_0/entropy_cell_gen.2.neoTRNG_cell_inst/sreg_7[0]:Q

No Path 

END SET FIC_0_PERIPHERALS_0/security_core_0/rng/neoTRNG_0/entropy_cell_gen.1.neoTRNG_cell_inst/sreg_6[0]:Q to FIC_0_PERIPHERALS_0/security_core_0/rng/neoTRNG_0/entropy_cell_gen.2.neoTRNG_cell_inst/sreg_7[0]:Q

----------------------------------------------------

SET FIC_0_PERIPHERALS_0/security_core_0/rng/neoTRNG_0/entropy_cell_gen.2.neoTRNG_cell_inst/sreg_6[0]:Q to FIC_0_PERIPHERALS_0/security_core_0/rng/neoTRNG_0/entropy_cell_gen.2.neoTRNG_cell_inst/sreg_7[0]:Q

No Path 

END SET FIC_0_PERIPHERALS_0/security_core_0/rng/neoTRNG_0/entropy_cell_gen.2.neoTRNG_cell_inst/sreg_6[0]:Q to FIC_0_PERIPHERALS_0/security_core_0/rng/neoTRNG_0/entropy_cell_gen.2.neoTRNG_cell_inst/sreg_7[0]:Q

----------------------------------------------------

SET Register to Asynchronous

No Path 

END SET Register to Asynchronous

----------------------------------------------------

SET External Recovery

No Path 

END SET External Recovery

----------------------------------------------------

SET Asynchronous to Register

No Path 

END SET Asynchronous to Register

----------------------------------------------------

SET CLOCKS_AND_RESETS_0/CCC_FIC_x_CLK/PF_CCC_C0_0/pll_inst_0/OUT0 to FIC_0_PERIPHERALS_0/security_core_0/rng/neoTRNG_0/entropy_cell_gen.2.neoTRNG_cell_inst/sreg_7[0]:Q

No Path 

END SET CLOCKS_AND_RESETS_0/CCC_FIC_x_CLK/PF_CCC_C0_0/pll_inst_0/OUT0 to FIC_0_PERIPHERALS_0/security_core_0/rng/neoTRNG_0/entropy_cell_gen.2.neoTRNG_cell_inst/sreg_7[0]:Q

----------------------------------------------------

Clock Domain FIC_0_PERIPHERALS_0/security_core_0/rng/neoTRNG_0/entropy_cell_gen.2.neoTRNG_cell_inst/sreg_8[0]:Q

Info: The maximum frequency of this clock domain is limited by the minimum pulse widths of pin FIC_0_PERIPHERALS_0/security_core_0/rng/neoTRNG_0/entropy_cell_gen.2.neoTRNG_cell_inst/ring_osc_gen.8.latch[8]:CLK

SET Register to Register

No Path 

END SET Register to Register

----------------------------------------------------

SET External Setup

No Path 

END SET External Setup

----------------------------------------------------

SET Clock to Output

No Path 

END SET Clock to Output

----------------------------------------------------

SET FIC_0_PERIPHERALS_0/security_core_0/rng/neoTRNG_0/entropy_cell_gen.1.neoTRNG_cell_inst/sreg_6[0]:Q to FIC_0_PERIPHERALS_0/security_core_0/rng/neoTRNG_0/entropy_cell_gen.2.neoTRNG_cell_inst/sreg_8[0]:Q

No Path 

END SET FIC_0_PERIPHERALS_0/security_core_0/rng/neoTRNG_0/entropy_cell_gen.1.neoTRNG_cell_inst/sreg_6[0]:Q to FIC_0_PERIPHERALS_0/security_core_0/rng/neoTRNG_0/entropy_cell_gen.2.neoTRNG_cell_inst/sreg_8[0]:Q

----------------------------------------------------

SET FIC_0_PERIPHERALS_0/security_core_0/rng/neoTRNG_0/entropy_cell_gen.2.neoTRNG_cell_inst/sreg_7[0]:Q to FIC_0_PERIPHERALS_0/security_core_0/rng/neoTRNG_0/entropy_cell_gen.2.neoTRNG_cell_inst/sreg_8[0]:Q

No Path 

END SET FIC_0_PERIPHERALS_0/security_core_0/rng/neoTRNG_0/entropy_cell_gen.2.neoTRNG_cell_inst/sreg_7[0]:Q to FIC_0_PERIPHERALS_0/security_core_0/rng/neoTRNG_0/entropy_cell_gen.2.neoTRNG_cell_inst/sreg_8[0]:Q

----------------------------------------------------

SET Register to Asynchronous

No Path 

END SET Register to Asynchronous

----------------------------------------------------

SET External Recovery

No Path 

END SET External Recovery

----------------------------------------------------

SET Asynchronous to Register

No Path 

END SET Asynchronous to Register

----------------------------------------------------

SET CLOCKS_AND_RESETS_0/CCC_FIC_x_CLK/PF_CCC_C0_0/pll_inst_0/OUT0 to FIC_0_PERIPHERALS_0/security_core_0/rng/neoTRNG_0/entropy_cell_gen.2.neoTRNG_cell_inst/sreg_8[0]:Q

No Path 

END SET CLOCKS_AND_RESETS_0/CCC_FIC_x_CLK/PF_CCC_C0_0/pll_inst_0/OUT0 to FIC_0_PERIPHERALS_0/security_core_0/rng/neoTRNG_0/entropy_cell_gen.2.neoTRNG_cell_inst/sreg_8[0]:Q

----------------------------------------------------

Clock Domain MBUS_SPI_CLK

Info: The maximum frequency of this clock domain is limited by the period of pin MSS_WRAPPER_0/MPFS_DISCOVERY_KIT_MSS_0/I_MSS:SPI_0_CLK_F2M

SET Register to Register

No Path 

END SET Register to Register

----------------------------------------------------

SET External Setup

Path 1
  From: MBUS_SPI_MISO
  To:   MSS_WRAPPER_0/MPFS_DISCOVERY_KIT_MSS_0/I_MSS:SPI_0_DI_F2M
  Delay (ns):              3.426
  Arrival (ns):            3.426
  Setup (ns):              0.803
  External Setup (ns):     1.459
  Operating Conditions: slow_lv_lt


Expanded Path 1
  From: MBUS_SPI_MISO
  To: MSS_WRAPPER_0/MPFS_DISCOVERY_KIT_MSS_0/I_MSS:SPI_0_DI_F2M
  data required time                                    N/C
  data arrival time                          -        3.426
  slack                                                 N/C
  ________________________________________________________
  Data arrival time calculation
  0.000                        MBUS_SPI_MISO (f)
               +     0.000          net: MBUS_SPI_MISO
  0.000                        MBUS_SPI_MISO_ibuf/U_IOPAD:PAD (f)
               +     1.082          cell: ADLIB:IOPAD_IN
  1.082                        MBUS_SPI_MISO_ibuf/U_IOPAD:Y (f)
               +     0.000          net: MBUS_SPI_MISO_ibuf/YIN
  1.082                        MBUS_SPI_MISO_ibuf/U_IOIN:YIN (f)
               +     0.267          cell: ADLIB:IOIN_IB_E
  1.349                        MBUS_SPI_MISO_ibuf/U_IOIN:Y (f)
               +     2.077          net: MBUS_SPI_MISO_c
  3.426                        MSS_WRAPPER_0/MPFS_DISCOVERY_KIT_MSS_0/I_MSS:SPI_0_DI_F2M (f)
                                    
  3.426                        data arrival time
  ________________________________________________________
  Data required time calculation
  N/C                          MBUS_SPI_CLK
               +     0.000          Clock source
  N/C                          MBUS_SPI_CLK (r)
               +     0.652          cell: ADLIB:IOPAD_BI
  N/C                          MSS_WRAPPER_0/SPI_0_CLK_BIBUF/U_IOPAD:Y (r)
               +     0.000          net: MSS_WRAPPER_0/SPI_0_CLK_BIBUF/YIN
  N/C                          MSS_WRAPPER_0/SPI_0_CLK_BIBUF/U_IOBI:YIN (r)
               +     0.262          cell: ADLIB:IOBI_IB_OB_EB
  N/C                          MSS_WRAPPER_0/SPI_0_CLK_BIBUF/U_IOBI:Y (r)
               +     1.856          net: MSS_WRAPPER_0/SPI_0_CLK_BIBUF_Y
  N/C                          MSS_WRAPPER_0/MPFS_DISCOVERY_KIT_MSS_0/I_MSS:SPI_0_CLK_F2M (r)
               -     0.803          Library setup time: ADLIB:MSS
  N/C                          MSS_WRAPPER_0/MPFS_DISCOVERY_KIT_MSS_0/I_MSS:SPI_0_DI_F2M


Operating Conditions : slow_lv_lt

END SET External Setup

----------------------------------------------------

SET Clock to Output

Path 1
  From: MSS_WRAPPER_0/MPFS_DISCOVERY_KIT_MSS_0/I_MSS:SPI_0_CLK_F2M
  To:   MBUS_SPI_MOSI
  Delay (ns):             10.710
  Arrival (ns):           14.960
  Clock to Out (ns):      14.960
  Operating Conditions: slow_lv_ht


Expanded Path 1
  From: MSS_WRAPPER_0/MPFS_DISCOVERY_KIT_MSS_0/I_MSS:SPI_0_CLK_F2M
  To: MBUS_SPI_MOSI
  data required time                                    N/C
  data arrival time                          -       14.960
  slack                                                 N/C
  ________________________________________________________
  Data arrival time calculation
  0.000                        MBUS_SPI_CLK
               +     0.000          Clock source
  0.000                        MBUS_SPI_CLK (f)
               +     1.199          cell: ADLIB:IOPAD_BI
  1.199                        MSS_WRAPPER_0/SPI_0_CLK_BIBUF/U_IOPAD:Y (f)
               +     0.000          net: MSS_WRAPPER_0/SPI_0_CLK_BIBUF/YIN
  1.199                        MSS_WRAPPER_0/SPI_0_CLK_BIBUF/U_IOBI:YIN (f)
               +     0.338          cell: ADLIB:IOBI_IB_OB_EB
  1.537                        MSS_WRAPPER_0/SPI_0_CLK_BIBUF/U_IOBI:Y (f)
               +     2.713          net: MSS_WRAPPER_0/SPI_0_CLK_BIBUF_Y
  4.250                        MSS_WRAPPER_0/MPFS_DISCOVERY_KIT_MSS_0/I_MSS:SPI_0_CLK_F2M (f)
               +     3.145          cell: ADLIB:MSS
  7.395                        MSS_WRAPPER_0/MPFS_DISCOVERY_KIT_MSS_0/I_MSS:SPI_0_DO_M2F (f)
               +     4.020          net: MBUS_SPI_MOSI_c
  11.415                       MBUS_SPI_MOSI_obuf/U_IOTRI:D (f)
               +     0.918          cell: ADLIB:IOTRI_OB_EB
  12.333                       MBUS_SPI_MOSI_obuf/U_IOTRI:DOUT (f)
               +     0.000          net: MBUS_SPI_MOSI_obuf/DOUT
  12.333                       MBUS_SPI_MOSI_obuf/U_IOPAD:D (f)
               +     2.627          cell: ADLIB:IOPAD_TRI
  14.960                       MBUS_SPI_MOSI_obuf/U_IOPAD:PAD (f)
               +     0.000          net: MBUS_SPI_MOSI
  14.960                       MBUS_SPI_MOSI (f)
                                    
  14.960                       data arrival time
  ________________________________________________________
  Data required time calculation
  N/C                          MBUS_SPI_CLK
                                    
  N/C                          MBUS_SPI_MOSI (f)


Operating Conditions : slow_lv_ht

END SET Clock to Output

----------------------------------------------------

SET Register to Asynchronous

No Path 

END SET Register to Asynchronous

----------------------------------------------------

SET External Recovery

Path 1
  From: MBUS_SPI_CS
  To:   MSS_WRAPPER_0/MPFS_DISCOVERY_KIT_MSS_0/I_MSS:SPI_0_SS_F2M
  Delay (ns):              3.937
  Arrival (ns):            3.937
  Recovery (ns):           1.686
  External Recovery (ns):   2.557
  Operating Conditions: slow_lv_lt


Expanded Path 1
  From: MBUS_SPI_CS
  To: MSS_WRAPPER_0/MPFS_DISCOVERY_KIT_MSS_0/I_MSS:SPI_0_SS_F2M
  data required time                                    N/C
  data arrival time                          -        3.937
  slack                                                 N/C
  ________________________________________________________
  Data arrival time calculation
  0.000                        MBUS_SPI_CS (f)
               +     1.082          cell: ADLIB:IOPAD_BI
  1.082                        MSS_WRAPPER_0/SPI_0_SS_BIBUF/U_IOPAD:Y (f)
               +     0.000          net: MSS_WRAPPER_0/SPI_0_SS_BIBUF/YIN
  1.082                        MSS_WRAPPER_0/SPI_0_SS_BIBUF/U_IOBI:YIN (f)
               +     0.267          cell: ADLIB:IOBI_IB_OB_EB
  1.349                        MSS_WRAPPER_0/SPI_0_SS_BIBUF/U_IOBI:Y (f)
               +     2.588          net: MSS_WRAPPER_0/SPI_0_SS_BIBUF_Y
  3.937                        MSS_WRAPPER_0/MPFS_DISCOVERY_KIT_MSS_0/I_MSS:SPI_0_SS_F2M (f)
                                    
  3.937                        data arrival time
  ________________________________________________________
  Data required time calculation
  N/C                          MBUS_SPI_CLK
               +     0.000          Clock source
  N/C                          MBUS_SPI_CLK (f)
               +     0.943          cell: ADLIB:IOPAD_BI
  N/C                          MSS_WRAPPER_0/SPI_0_CLK_BIBUF/U_IOPAD:Y (f)
               +     0.000          net: MSS_WRAPPER_0/SPI_0_CLK_BIBUF/YIN
  N/C                          MSS_WRAPPER_0/SPI_0_CLK_BIBUF/U_IOBI:YIN (f)
               +     0.255          cell: ADLIB:IOBI_IB_OB_EB
  N/C                          MSS_WRAPPER_0/SPI_0_CLK_BIBUF/U_IOBI:Y (f)
               +     1.868          net: MSS_WRAPPER_0/SPI_0_CLK_BIBUF_Y
  N/C                          MSS_WRAPPER_0/MPFS_DISCOVERY_KIT_MSS_0/I_MSS:SPI_0_CLK_F2M (f)
               -     1.686          Library recovery time: ADLIB:MSS
  N/C                          MSS_WRAPPER_0/MPFS_DISCOVERY_KIT_MSS_0/I_MSS:SPI_0_SS_F2M


Operating Conditions : slow_lv_lt

END SET External Recovery

----------------------------------------------------

SET Asynchronous to Register

No Path 

END SET Asynchronous to Register

----------------------------------------------------

Clock Domain MSS_WRAPPER_0/MPFS_DISCOVERY_KIT_MSS_0/I_MSS:SPI_0_CLK_M2F

SET Register to Register

No Path 

END SET Register to Register

----------------------------------------------------

SET External Setup

No Path 

END SET External Setup

----------------------------------------------------

SET Clock to Output

No Path 

END SET Clock to Output

----------------------------------------------------

SET Register to Asynchronous

No Path 

END SET Register to Asynchronous

----------------------------------------------------

SET External Recovery

No Path 

END SET External Recovery

----------------------------------------------------

SET Asynchronous to Register

No Path 

END SET Asynchronous to Register

----------------------------------------------------

Clock Domain MSS_WRAPPER_0/MPFS_DISCOVERY_KIT_MSS_0/I_MSS:SPI_0_CLK_M2F

SET Register to Register

No Path 

END SET Register to Register

----------------------------------------------------

SET External Setup

No Path 

END SET External Setup

----------------------------------------------------

SET Clock to Output

No Path 

END SET Clock to Output

----------------------------------------------------

SET Register to Asynchronous

No Path 

END SET Register to Asynchronous

----------------------------------------------------

SET External Recovery

No Path 

END SET External Recovery

----------------------------------------------------

SET Asynchronous to Register

No Path 

END SET Asynchronous to Register

----------------------------------------------------

Clock Domain REF_CLK_50MHz

Info: The maximum frequency of this clock domain is limited by the minimum pulse widths of pin REF_CLK_50MHz_ibuf/U_IOPAD:PAD

SET Register to Register

No Path 

END SET Register to Register

----------------------------------------------------

SET External Setup

No Path 

END SET External Setup

----------------------------------------------------

SET Clock to Output

No Path 

END SET Clock to Output

----------------------------------------------------

SET Register to Asynchronous

No Path 

END SET Register to Asynchronous

----------------------------------------------------

SET External Recovery

No Path 

END SET External Recovery

----------------------------------------------------

SET Asynchronous to Register

No Path 

END SET Asynchronous to Register

----------------------------------------------------

Clock Domain CLOCKS_AND_RESETS_0/CCC_FIC_x_CLK/PF_CCC_C0_0/pll_inst_0/OUT1

Info: The maximum frequency of this clock domain is limited by the period of pin MSS_WRAPPER_0/MPFS_DISCOVERY_KIT_MSS_0/I_MSS:FIC_1_ACLK

SET Register to Register

No Path 

END SET Register to Register

----------------------------------------------------

SET External Setup

No Path 

END SET External Setup

----------------------------------------------------

SET Clock to Output

No Path 

END SET Clock to Output

----------------------------------------------------

SET Register to Asynchronous

No Path 

END SET Register to Asynchronous

----------------------------------------------------

SET External Recovery

No Path 

END SET External Recovery

----------------------------------------------------

SET Asynchronous to Register

No Path 

END SET Asynchronous to Register

----------------------------------------------------

Clock Domain CLOCKS_AND_RESETS_0/CCC_FIC_x_CLK/PF_CCC_C0_0/pll_inst_0/OUT2

Info: The maximum frequency of this clock domain is limited by the period of pin MSS_WRAPPER_0/MPFS_DISCOVERY_KIT_MSS_0/I_MSS:FIC_2_ACLK

SET Register to Register

No Path 

END SET Register to Register

----------------------------------------------------

SET External Setup

No Path 

END SET External Setup

----------------------------------------------------

SET Clock to Output

No Path 

END SET Clock to Output

----------------------------------------------------

SET Register to Asynchronous

No Path 

END SET Register to Asynchronous

----------------------------------------------------

SET External Recovery

No Path 

END SET External Recovery

----------------------------------------------------

SET Asynchronous to Register

No Path 

END SET Asynchronous to Register

----------------------------------------------------

Path set Pin to Pin

SET Input to Output

No Path 

END SET Input to Output

----------------------------------------------------

