Timing Report Max Delay Analysis

SmartTime Version 2025.2
Microchip Technology Inc. - Microchip Libero Software Release 2025.2 (Version 2025.2.0.14)
Date: Fri Apr 10 23:28:16 2026


Design: MPFS_DISCOVERY_KIT
Family: PolarFireSoC
Die: MPFS095T
Package: FCSG325
Temperature Range: 0 - 100 C
Voltage Range: 0.97 - 1.03 V
Speed Grade: -1
Design State: Post-Layout
Data source: Production
Multi Corner Report Operating Conditions: slow_lv_lt,fast_hv_lt,slow_lv_ht


-----------------------------------------------------
SUMMARY

Clock Domain:               CLOCKS_AND_RESETS_0/CCC_FIC_x_CLK/PF_CCC_C0_0/pll_inst_0/OUT0
Required Period (ns):       8.000
Required Frequency (MHz):   125.000
Worst Slack (ns):           -0.004
Operating Conditions:       slow_lv_ht

Clock Domain:               CLOCKS_AND_RESETS_0/CCC_FIC_x_CLK/PF_CCC_C0_0/pll_inst_0/OUT1
Required Period (ns):       8.000
Required Frequency (MHz):   125.000
Worst Slack (ns):           -0.080
Operating Conditions:       slow_lv_ht

Clock Domain:               CLOCKS_AND_RESETS_0/CCC_FIC_x_CLK/PF_CCC_C0_0/pll_inst_0/OUT3
Required Period (ns):       20.000
Required Frequency (MHz):   50.000
Worst Slack (ns):           2.615
Operating Conditions:       slow_lv_ht

Clock Domain:               FIC_0_PERIPHERALS_0/security_core_0/rng/neoTRNG_0/entropy_cell_gen.0.neoTRNG_cell_inst/sreg_0[0]:Q
Required Period (ns):       N/A
Required Frequency (MHz):   N/A
Worst Slack (ns):           
Operating Conditions:       

Clock Domain:               FIC_0_PERIPHERALS_0/security_core_0/rng/neoTRNG_0/entropy_cell_gen.0.neoTRNG_cell_inst/sreg_1[0]:Q
Required Period (ns):       N/A
Required Frequency (MHz):   N/A
Worst Slack (ns):           
Operating Conditions:       

Clock Domain:               FIC_0_PERIPHERALS_0/security_core_0/rng/neoTRNG_0/entropy_cell_gen.0.neoTRNG_cell_inst/sreg_2[0]:Q
Required Period (ns):       N/A
Required Frequency (MHz):   N/A
Worst Slack (ns):           
Operating Conditions:       

Clock Domain:               FIC_0_PERIPHERALS_0/security_core_0/rng/neoTRNG_0/entropy_cell_gen.0.neoTRNG_cell_inst/sreg_3[0]:Q
Required Period (ns):       N/A
Required Frequency (MHz):   N/A
Worst Slack (ns):           
Operating Conditions:       

Clock Domain:               FIC_0_PERIPHERALS_0/security_core_0/rng/neoTRNG_0/entropy_cell_gen.0.neoTRNG_cell_inst/sreg_4[0]:Q
Required Period (ns):       N/A
Required Frequency (MHz):   N/A
Worst Slack (ns):           
Operating Conditions:       

Clock Domain:               FIC_0_PERIPHERALS_0/security_core_0/rng/neoTRNG_0/entropy_cell_gen.1.neoTRNG_cell_inst/sreg_0[0]:Q
Required Period (ns):       N/A
Required Frequency (MHz):   N/A
Worst Slack (ns):           
Operating Conditions:       

Clock Domain:               FIC_0_PERIPHERALS_0/security_core_0/rng/neoTRNG_0/entropy_cell_gen.1.neoTRNG_cell_inst/sreg_1[0]:Q
Required Period (ns):       N/A
Required Frequency (MHz):   N/A
Worst Slack (ns):           
Operating Conditions:       

Clock Domain:               FIC_0_PERIPHERALS_0/security_core_0/rng/neoTRNG_0/entropy_cell_gen.1.neoTRNG_cell_inst/sreg_2[0]:Q
Required Period (ns):       N/A
Required Frequency (MHz):   N/A
Worst Slack (ns):           
Operating Conditions:       

Clock Domain:               FIC_0_PERIPHERALS_0/security_core_0/rng/neoTRNG_0/entropy_cell_gen.1.neoTRNG_cell_inst/sreg_3[0]:Q
Required Period (ns):       N/A
Required Frequency (MHz):   N/A
Worst Slack (ns):           
Operating Conditions:       

Clock Domain:               FIC_0_PERIPHERALS_0/security_core_0/rng/neoTRNG_0/entropy_cell_gen.1.neoTRNG_cell_inst/sreg_4[0]:Q
Required Period (ns):       N/A
Required Frequency (MHz):   N/A
Worst Slack (ns):           
Operating Conditions:       

Clock Domain:               FIC_0_PERIPHERALS_0/security_core_0/rng/neoTRNG_0/entropy_cell_gen.1.neoTRNG_cell_inst/sreg_5[0]:Q
Required Period (ns):       N/A
Required Frequency (MHz):   N/A
Worst Slack (ns):           
Operating Conditions:       

Clock Domain:               FIC_0_PERIPHERALS_0/security_core_0/rng/neoTRNG_0/entropy_cell_gen.1.neoTRNG_cell_inst/sreg_6[0]:Q
Required Period (ns):       N/A
Required Frequency (MHz):   N/A
Worst Slack (ns):           
Operating Conditions:       

Clock Domain:               FIC_0_PERIPHERALS_0/security_core_0/rng/neoTRNG_0/entropy_cell_gen.2.neoTRNG_cell_inst/sreg_0[0]:Q
Required Period (ns):       N/A
Required Frequency (MHz):   N/A
Worst Slack (ns):           
Operating Conditions:       

Clock Domain:               FIC_0_PERIPHERALS_0/security_core_0/rng/neoTRNG_0/entropy_cell_gen.2.neoTRNG_cell_inst/sreg_1[0]:Q
Required Period (ns):       N/A
Required Frequency (MHz):   N/A
Worst Slack (ns):           
Operating Conditions:       

Clock Domain:               FIC_0_PERIPHERALS_0/security_core_0/rng/neoTRNG_0/entropy_cell_gen.2.neoTRNG_cell_inst/sreg_2[0]:Q
Required Period (ns):       N/A
Required Frequency (MHz):   N/A
Worst Slack (ns):           
Operating Conditions:       

Clock Domain:               FIC_0_PERIPHERALS_0/security_core_0/rng/neoTRNG_0/entropy_cell_gen.2.neoTRNG_cell_inst/sreg_3[0]:Q
Required Period (ns):       N/A
Required Frequency (MHz):   N/A
Worst Slack (ns):           
Operating Conditions:       

Clock Domain:               FIC_0_PERIPHERALS_0/security_core_0/rng/neoTRNG_0/entropy_cell_gen.2.neoTRNG_cell_inst/sreg_4[0]:Q
Required Period (ns):       N/A
Required Frequency (MHz):   N/A
Worst Slack (ns):           
Operating Conditions:       

Clock Domain:               FIC_0_PERIPHERALS_0/security_core_0/rng/neoTRNG_0/entropy_cell_gen.2.neoTRNG_cell_inst/sreg_5[0]:Q
Required Period (ns):       N/A
Required Frequency (MHz):   N/A
Worst Slack (ns):           
Operating Conditions:       

Clock Domain:               FIC_0_PERIPHERALS_0/security_core_0/rng/neoTRNG_0/entropy_cell_gen.2.neoTRNG_cell_inst/sreg_6[0]:Q
Required Period (ns):       N/A
Required Frequency (MHz):   N/A
Worst Slack (ns):           
Operating Conditions:       

Clock Domain:               FIC_0_PERIPHERALS_0/security_core_0/rng/neoTRNG_0/entropy_cell_gen.2.neoTRNG_cell_inst/sreg_7[0]:Q
Required Period (ns):       N/A
Required Frequency (MHz):   N/A
Worst Slack (ns):           
Operating Conditions:       

Clock Domain:               FIC_0_PERIPHERALS_0/security_core_0/rng/neoTRNG_0/entropy_cell_gen.2.neoTRNG_cell_inst/sreg_8[0]:Q
Required Period (ns):       N/A
Required Frequency (MHz):   N/A
Worst Slack (ns):           
Operating Conditions:       

Clock Domain:               MBUS_SPI_CLK
Required Period (ns):       N/A
Required Frequency (MHz):   N/A
Worst Slack (ns):           
Operating Conditions:       

Clock Domain:               MIPI_CAMERA_0/PF_CCC_C1_0/PF_CCC_C1_0/pll_inst_0/OUT0
Required Period (ns):       20.000
Required Frequency (MHz):   50.000
Worst Slack (ns):           -0.124
Operating Conditions:       slow_lv_ht

Clock Domain:               MIPI_CAMERA_0/PF_IOD_GENERIC_RX_C0_0/COREBCLKSCLKALIGN_0/PF_IOD_GENERIC_RX_C0_TR_0/genblk1.U_ICB_BCLKSCLKALIGN/RX_CLK_ALIGN_MOVE:Q
Required Period (ns):       N/A
Required Frequency (MHz):   N/A
Worst Slack (ns):           
Operating Conditions:       

Clock Domain:               MIPI_CAMERA_0/PF_IOD_GENERIC_RX_C0_0/PF_CLK_DIV_FIFO/I_CDD/Y_DIV
Required Period (ns):       16.000
Required Frequency (MHz):   62.500
Worst Slack (ns):           -0.201
Operating Conditions:       slow_lv_ht

Clock Domain:               MSS_WRAPPER_0/MPFS_DISCOVERY_KIT_MSS_0/I_MSS:SPI_0_CLK_M2F
Required Period (ns):       N/A
Required Frequency (MHz):   N/A
Worst Slack (ns):           
Operating Conditions:       

Clock Domain:               MSS_WRAPPER_0/MPFS_DISCOVERY_KIT_MSS_0/I_MSS:SPI_0_CLK_M2F
Required Period (ns):       N/A
Required Frequency (MHz):   N/A
Worst Slack (ns):           
Operating Conditions:       

Clock Domain:               REF_CLK_50MHz
Required Period (ns):       20.000
Required Frequency (MHz):   50.000
Worst Slack (ns):           
Operating Conditions:       

Clock Domain:               RX_CLK_P
Required Period (ns):       4.000
Required Frequency (MHz):   250.000
Worst Slack (ns):           
Operating Conditions:       

Clock Domain:               CLOCKS_AND_RESETS_0/CCC_FIC_x_CLK/PF_CCC_C0_0/pll_inst_0/OUT2
Required Period (ns):       8.000
Required Frequency (MHz):   125.000
Worst Slack (ns):           
Operating Conditions:       

                            Input to Output
Max Delay (ns):             N/A

END SUMMARY
-----------------------------------------------------

Clock Domain CLOCKS_AND_RESETS_0/CCC_FIC_x_CLK/PF_CCC_C0_0/pll_inst_0/OUT0

SET Register to Register

Path 1
  From: FIC_0_PERIPHERALS_0/security_core_0/hash_core/t_fast[2]:CLK
  To:   FIC_0_PERIPHERALS_0/security_core_0/hash_core/a[27]:D
  Delay (ns):              7.822
  Slack (ns):             -0.004
  Arrival (ns):           15.462
  Required (ns):          15.458
  Setup (ns):              0.000
  Minimum Period (ns):     7.869
  Operating Conditions: slow_lv_ht

Path 2
  From: FIC_0_PERIPHERALS_0/security_core_0/hash_core/t_fast[2]:CLK
  To:   FIC_0_PERIPHERALS_0/security_core_0/hash_core/a[30]:D
  Delay (ns):              7.808
  Slack (ns):              0.000
  Arrival (ns):           15.448
  Required (ns):          15.448
  Setup (ns):              0.000
  Minimum Period (ns):     7.865
  Operating Conditions: slow_lv_ht

Path 3
  From: FIC_0_PERIPHERALS_0/security_core_0/hash_core/t_fast[2]:CLK
  To:   FIC_0_PERIPHERALS_0/security_core_0/hash_core/a[28]:D
  Delay (ns):              7.804
  Slack (ns):              0.014
  Arrival (ns):           15.444
  Required (ns):          15.458
  Setup (ns):              0.000
  Minimum Period (ns):     7.851
  Operating Conditions: slow_lv_ht

Path 4
  From: FIC_0_PERIPHERALS_0/security_core_0/hash_core/t_fast[1]:CLK
  To:   FIC_0_PERIPHERALS_0/security_core_0/hash_core/a[27]:D
  Delay (ns):              7.795
  Slack (ns):              0.018
  Arrival (ns):           15.440
  Required (ns):          15.458
  Setup (ns):              0.000
  Minimum Period (ns):     7.847
  Operating Conditions: slow_lv_ht

Path 5
  From: FIC_0_PERIPHERALS_0/security_core_0/hash_core/t_fast[1]:CLK
  To:   FIC_0_PERIPHERALS_0/security_core_0/hash_core/a[30]:D
  Delay (ns):              7.781
  Slack (ns):              0.022
  Arrival (ns):           15.426
  Required (ns):          15.448
  Setup (ns):              0.000
  Minimum Period (ns):     7.843
  Operating Conditions: slow_lv_ht


Expanded Path 1
  From: FIC_0_PERIPHERALS_0/security_core_0/hash_core/t_fast[2]:CLK
  To: FIC_0_PERIPHERALS_0/security_core_0/hash_core/a[27]:D
  data required time                                 15.458
  data arrival time                          -       15.462
  slack                                              -0.004
  ________________________________________________________
  Data arrival time calculation
  0.000                        CLOCKS_AND_RESETS_0/CCC_FIC_x_CLK/PF_CCC_C0_0/pll_inst_0/OUT0
               +     0.000          Clock source
  0.000                        CLOCKS_AND_RESETS_0/CCC_FIC_x_CLK/PF_CCC_C0_0/pll_inst_0:OUT0 (r)
               +     4.312          Clock generation
  4.312                        
               +     1.709          net: CLOCKS_AND_RESETS_0/CCC_FIC_x_CLK/PF_CCC_C0_0/pll_inst_0_clkint_0
  6.021                        CLOCKS_AND_RESETS_0/CCC_FIC_x_CLK/PF_CCC_C0_0/clkint_0_1:A (r)
               +     0.150          cell: ADLIB:ICB_CLKINT
  6.171                        CLOCKS_AND_RESETS_0/CCC_FIC_x_CLK/PF_CCC_C0_0/clkint_0_1:Y (r)
               +     0.386          net: CLOCKS_AND_RESETS_0/CCC_FIC_x_CLK/PF_CCC_C0_0/clkint_0_NET
  6.557                        CLOCKS_AND_RESETS_0/CCC_FIC_x_CLK/PF_CCC_C0_0/clkint_0/U0_GB0:A (r)
               +     0.167          cell: ADLIB:GB
  6.724                        CLOCKS_AND_RESETS_0/CCC_FIC_x_CLK/PF_CCC_C0_0/clkint_0/U0_GB0:Y (r)
               +     0.401          net: CLOCKS_AND_RESETS_0/CCC_FIC_x_CLK/PF_CCC_C0_0/clkint_0/U0_gbs_1
  7.125                        CLOCKS_AND_RESETS_0/CCC_FIC_x_CLK/PF_CCC_C0_0/clkint_0/U0_RGB1_RGB11:A (r)
               +     0.058          cell: ADLIB:RGB
  7.183                        CLOCKS_AND_RESETS_0/CCC_FIC_x_CLK/PF_CCC_C0_0/clkint_0/U0_RGB1_RGB11:Y (f)
               +     0.457          net: CLOCKS_AND_RESETS_0/CCC_FIC_x_CLK/PF_CCC_C0_0/clkint_0/U0_RGB1_RGB11_rgb_net_1
  7.640                        FIC_0_PERIPHERALS_0/security_core_0/hash_core/t_fast[2]:CLK (r)
               +     0.201          cell: ADLIB:SLE
  7.841                        FIC_0_PERIPHERALS_0/security_core_0/hash_core/t_fast[2]:Q (r)
               +     0.477          net: FIC_0_PERIPHERALS_0_security_core_0_hash_core_t[2]
  8.318                        FIC_0_PERIPHERALS_0/security_core_0/hash_core/_l0.ROUND_0.Ki_2_31_0_.m37_1_1:B (r)
               +     0.286          cell: ADLIB:CFG4
  8.604                        FIC_0_PERIPHERALS_0/security_core_0/hash_core/_l0.ROUND_0.Ki_2_31_0_.m37_1_1:Y (f)
               +     0.067          net: FIC_0_PERIPHERALS_0/security_core_0/hash_core/m37_1_1
  8.671                        FIC_0_PERIPHERALS_0/security_core_0/hash_core/_l0.ROUND_0.Ki_2_31_0_.m37_1:B (f)
               +     0.071          cell: ADLIB:CFG3
  8.742                        FIC_0_PERIPHERALS_0/security_core_0/hash_core/_l0.ROUND_0.Ki_2_31_0_.m37_1:Y (r)
               +     0.080          net: FIC_0_PERIPHERALS_0/security_core_0/hash_core/m37_1
  8.822                        FIC_0_PERIPHERALS_0/security_core_0/hash_core/_l0.ROUND_0.Ki_2_31_0_.m37_2:C (r)
               +     0.078          cell: ADLIB:CFG4
  8.900                        FIC_0_PERIPHERALS_0/security_core_0/hash_core/_l0.ROUND_0.Ki_2_31_0_.m37_2:Y (r)
               +     0.448          net: FIC_0_PERIPHERALS_0/security_core_0/hash_core/m37_2
  9.348                        FIC_0_PERIPHERALS_0/security_core_0/hash_core/un1_ROUND_7_cry_4:B (r)
               +     0.094          cell: ADLIB:ARI1_CC
  9.442                        FIC_0_PERIPHERALS_0/security_core_0/hash_core/un1_ROUND_7_cry_4:P (f)
               +     0.015          net: NET_CC_CONFIG15302
  9.457                        FIC_0_PERIPHERALS_0/security_core_0/hash_core/un1_ROUND_7_cry_0_CC_0:P[4] (f)
               +     0.353          cell: ADLIB:CC_CONFIG
  9.810                        FIC_0_PERIPHERALS_0/security_core_0/hash_core/un1_ROUND_7_cry_0_CC_0:CC[7] (r)
               +     0.000          net: NET_CC_CONFIG15317
  9.810                        FIC_0_PERIPHERALS_0/security_core_0/hash_core/un1_ROUND_7_cry_7:CC (r)
               +     0.063          cell: ADLIB:ARI1_CC
  9.873                        FIC_0_PERIPHERALS_0/security_core_0/hash_core/un1_ROUND_7_cry_7:S (r)
               +     0.641          net: FIC_0_PERIPHERALS_0/security_core_0/hash_core/un1_ROUND_7_Z[7]
  10.514                       FIC_0_PERIPHERALS_0/security_core_0/hash_core/un1_ROUND_7_cry_7_RNIJ80J451:C (r)
               +     0.094          cell: ADLIB:ARI1_CC
  10.608                       FIC_0_PERIPHERALS_0/security_core_0/hash_core/un1_ROUND_7_cry_7_RNIJ80J451:P (f)
               +     0.014          net: NET_CC_CONFIG2156
  10.622                       FIC_0_PERIPHERALS_0/security_core_0/hash_core/un1_ROUND_7_cry_0_RNI4KQTK_CC_1:P[11] (f)
               +     0.164          cell: ADLIB:CC_CONFIG
  10.786                       FIC_0_PERIPHERALS_0/security_core_0/hash_core/un1_ROUND_7_cry_0_RNI4KQTK_CC_1:CO (f)
               +     0.008          net: CI_TO_CO2096
  10.794                       FIC_0_PERIPHERALS_0/security_core_0/hash_core/un1_ROUND_7_cry_0_RNI4KQTK_CC_2:CI (f)
               +     0.223          cell: ADLIB:CC_CONFIG
  11.017                       FIC_0_PERIPHERALS_0/security_core_0/hash_core/un1_ROUND_7_cry_0_RNI4KQTK_CC_2:CC[11] (r)
               +     0.000          net: NET_CC_CONFIG2207
  11.017                       FIC_0_PERIPHERALS_0/security_core_0/hash_core/un1_ROUND_7_cry_13_RNI4D7NLN1:CC (r)
               +     0.063          cell: ADLIB:ARI1_CC
  11.080                       FIC_0_PERIPHERALS_0/security_core_0/hash_core/un1_ROUND_7_cry_13_RNI4D7NLN1:S (r)
               +     0.380          net: FIC_0_PERIPHERALS_0/security_core_0/hash_core/un1_ROUND_7_cry_13_RNI4D7NLN1_S
  11.460                       FIC_0_PERIPHERALS_0/security_core_0/hash_core/un8_T1__v[13]:B (r)
               +     0.053          cell: ADLIB:CFG3
  11.513                       FIC_0_PERIPHERALS_0/security_core_0/hash_core/un8_T1__v[13]:Y (r)
               +     0.364          net: FIC_0_PERIPHERALS_0/security_core_0/hash_core/CH[13]
  11.877                       FIC_0_PERIPHERALS_0/security_core_0/hash_core/un8_T1__v_RNIAFH8QE1[13]:B (r)
               +     0.090          cell: ADLIB:ARI1_CC
  11.967                       FIC_0_PERIPHERALS_0/security_core_0/hash_core/un8_T1__v_RNIAFH8QE1[13]:Y (r)
               +     0.065          net: FIC_0_PERIPHERALS_0/security_core_0/hash_core/un8_T1__v_RNIAFH8QE1_Y[13]
  12.032                       FIC_0_PERIPHERALS_0/security_core_0/hash_core/un8_T1__v_RNI6BCIOU2[14]:A (r)
               +     0.051          cell: ADLIB:ARI1_CC
  12.083                       FIC_0_PERIPHERALS_0/security_core_0/hash_core/un8_T1__v_RNI6BCIOU2[14]:P (f)
               +     0.016          net: NET_CC_CONFIG8229
  12.099                       FIC_0_PERIPHERALS_0/security_core_0/hash_core/un8_T1__v_RNID94AR1[0]_CC_3:P[1] (f)
               +     0.445          cell: ADLIB:CC_CONFIG
  12.544                       FIC_0_PERIPHERALS_0/security_core_0/hash_core/un8_T1__v_RNID94AR1[0]_CC_3:CC[5] (r)
               +     0.000          net: NET_CC_CONFIG8248
  12.544                       FIC_0_PERIPHERALS_0/security_core_0/hash_core/un8_T1__v_RNI5MR7L8[16]:CC (r)
               +     0.063          cell: ADLIB:ARI1_CC
  12.607                       FIC_0_PERIPHERALS_0/security_core_0/hash_core/un8_T1__v_RNI5MR7L8[16]:S (r)
               +     0.452          net: FIC_0_PERIPHERALS_0/security_core_0/hash_core/un9_ROUND_8[16]
  13.059                       FIC_0_PERIPHERALS_0/security_core_0/hash_core/EP1_RNI4UVB821[16]:B (r)
               +     0.090          cell: ADLIB:ARI1_CC
  13.149                       FIC_0_PERIPHERALS_0/security_core_0/hash_core/EP1_RNI4UVB821[16]:Y (r)
               +     0.065          net: FIC_0_PERIPHERALS_0/security_core_0/hash_core/EP1_RNI4UVB821_Y[16]
  13.214                       FIC_0_PERIPHERALS_0/security_core_0/hash_core/EP1_RNIEIO92R2[17]:A (r)
               +     0.051          cell: ADLIB:ARI1_CC
  13.265                       FIC_0_PERIPHERALS_0/security_core_0/hash_core/EP1_RNIEIO92R2[17]:P (f)
               +     0.016          net: NET_CC_CONFIG10229
  13.281                       FIC_0_PERIPHERALS_0/security_core_0/hash_core/EP1_RNIGRGI32[0]_CC_3:P[1] (f)
               +     0.381          cell: ADLIB:CC_CONFIG
  13.662                       FIC_0_PERIPHERALS_0/security_core_0/hash_core/EP1_RNIGRGI32[0]_CC_3:CO (r)
               +     0.008          net: CI_TO_CO10091
  13.670                       FIC_0_PERIPHERALS_0/security_core_0/hash_core/EP1_RNIGRGI32[0]_CC_4:CI (r)
               +     0.101          cell: ADLIB:CC_CONFIG
  13.771                       FIC_0_PERIPHERALS_0/security_core_0/hash_core/EP1_RNIGRGI32[0]_CC_4:CC[1] (r)
               +     0.000          net: NET_CC_CONFIG10280
  13.771                       FIC_0_PERIPHERALS_0/security_core_0/hash_core/EP1_RNIMTHBE82[23]:CC (r)
               +     0.063          cell: ADLIB:ARI1_CC
  13.834                       FIC_0_PERIPHERALS_0/security_core_0/hash_core/EP1_RNIMTHBE82[23]:S (r)
               +     0.492          net: FIC_0_PERIPHERALS_0/security_core_0/hash_core/un9_ROUND_6[23]
  14.326                       FIC_0_PERIPHERALS_0/security_core_0/hash_core/MAJ_RNIUMNSRD1[23]:C (r)
               +     0.156          cell: ADLIB:ARI1_CC
  14.482                       FIC_0_PERIPHERALS_0/security_core_0/hash_core/MAJ_RNIUMNSRD1[23]:Y (r)
               +     0.067          net: FIC_0_PERIPHERALS_0/security_core_0/hash_core/MAJ_RNIUMNSRD1_Y[23]
  14.549                       FIC_0_PERIPHERALS_0/security_core_0/hash_core/MAJ_RNIOCRA602[24]:A (r)
               +     0.051          cell: ADLIB:ARI1_CC
  14.600                       FIC_0_PERIPHERALS_0/security_core_0/hash_core/MAJ_RNIOCRA602[24]:P (f)
               +     0.014          net: NET_CC_CONFIG9496
  14.614                       FIC_0_PERIPHERALS_0/security_core_0/hash_core/EP0_RNI32NOE2[0]_CC_4:P[11] (f)
               +     0.162          cell: ADLIB:CC_CONFIG
  14.776                       FIC_0_PERIPHERALS_0/security_core_0/hash_core/EP0_RNI32NOE2[0]_CC_4:CO (r)
               +     0.008          net: CI_TO_CO9302
  14.784                       FIC_0_PERIPHERALS_0/security_core_0/hash_core/EP0_RNI32NOE2[0]_CC_5:CI (r)
               +     0.162          cell: ADLIB:CC_CONFIG
  14.946                       FIC_0_PERIPHERALS_0/security_core_0/hash_core/EP0_RNI32NOE2[0]_CC_5:CC[5] (r)
               +     0.000          net: NET_CC_CONFIG9523
  14.946                       FIC_0_PERIPHERALS_0/security_core_0/hash_core/MAJ_RNIMF8J7G3[27]:CC (r)
               +     0.063          cell: ADLIB:ARI1_CC
  15.009                       FIC_0_PERIPHERALS_0/security_core_0/hash_core/MAJ_RNIMF8J7G3[27]:S (r)
               +     0.344          net: FIC_0_PERIPHERALS_0/security_core_0/hash_core/MAJ_RNIMF8J7G3_S[27]
  15.353                       FIC_0_PERIPHERALS_0/security_core_0/hash_core/a_7_3[27]:C (r)
               +     0.078          cell: ADLIB:CFG4
  15.431                       FIC_0_PERIPHERALS_0/security_core_0/hash_core/a_7_3[27]:Y (r)
               +     0.031          net: FIC_0_PERIPHERALS_0/security_core_0/hash_core/a_7[27]
  15.462                       FIC_0_PERIPHERALS_0/security_core_0/hash_core/a[27]:D (r)
                                    
  15.462                       data arrival time
  ________________________________________________________
  Data required time calculation
  8.000                        CLOCKS_AND_RESETS_0/CCC_FIC_x_CLK/PF_CCC_C0_0/pll_inst_0/OUT0
               +     0.000          Clock source
  8.000                        CLOCKS_AND_RESETS_0/CCC_FIC_x_CLK/PF_CCC_C0_0/pll_inst_0:OUT0 (r)
               +     3.893          Clock generation
  11.893                       
               +     1.555          net: CLOCKS_AND_RESETS_0/CCC_FIC_x_CLK/PF_CCC_C0_0/pll_inst_0_clkint_0
  13.448                       CLOCKS_AND_RESETS_0/CCC_FIC_x_CLK/PF_CCC_C0_0/clkint_0_1:A (r)
               +     0.130          cell: ADLIB:ICB_CLKINT
  13.578                       CLOCKS_AND_RESETS_0/CCC_FIC_x_CLK/PF_CCC_C0_0/clkint_0_1:Y (r)
               +     0.352          net: CLOCKS_AND_RESETS_0/CCC_FIC_x_CLK/PF_CCC_C0_0/clkint_0_NET
  13.930                       CLOCKS_AND_RESETS_0/CCC_FIC_x_CLK/PF_CCC_C0_0/clkint_0/U0_GB0:A (r)
               +     0.152          cell: ADLIB:GB
  14.082                       CLOCKS_AND_RESETS_0/CCC_FIC_x_CLK/PF_CCC_C0_0/clkint_0/U0_GB0:Y (r)
               +     0.365          net: CLOCKS_AND_RESETS_0/CCC_FIC_x_CLK/PF_CCC_C0_0/clkint_0/U0_gbs_1
  14.447                       CLOCKS_AND_RESETS_0/CCC_FIC_x_CLK/PF_CCC_C0_0/clkint_0/U0_RGB1_RGB11:A (r)
               +     0.052          cell: ADLIB:RGB
  14.499                       CLOCKS_AND_RESETS_0/CCC_FIC_x_CLK/PF_CCC_C0_0/clkint_0/U0_RGB1_RGB11:Y (f)
               +     0.410          net: CLOCKS_AND_RESETS_0/CCC_FIC_x_CLK/PF_CCC_C0_0/clkint_0/U0_RGB1_RGB11_rgb_net_1
  14.909                       FIC_0_PERIPHERALS_0/security_core_0/hash_core/a[27]:CLK (r)
               +     0.684          
  15.593                       clock reconvergence pessimism
               -     0.135          
  15.458                       clock jitter
               -     0.000          Library setup time: ADLIB:SLE
  15.458                       FIC_0_PERIPHERALS_0/security_core_0/hash_core/a[27]:D
                                    
  15.458                       data required time


Operating Conditions : slow_lv_ht

END SET Register to Register

----------------------------------------------------

SET External Setup

No Path 

END SET External Setup

----------------------------------------------------

SET Clock to Output

No Path 

END SET Clock to Output

----------------------------------------------------

SET Register to Asynchronous

Path 1
  From: CLOCKS_AND_RESETS_0/RESET_FIC_0_CLK/CORERESET_0/dff_15[0]:CLK
  To:   FIC_0_PERIPHERALS_0/DMA_CONTROLLER_inst_0/DMA_CONTROLLER_0/U_bufferDescriptors/CONFIG_RAM/genblk1.genblk1.LI_ram_wrapper_bd/ram_bd/DMA_CONTROLLER_DMA_CONTROLLER_0_SRAM_bd_R0C0/INST_RAM1K20_IP:A_DOUT_ARST_N
  Delay (ns):              4.906
  Slack (ns):              2.778
  Arrival (ns):           12.524
  Required (ns):          15.302
  Recovery (ns):           0.281
  Minimum Period (ns):     5.087
  Skew (ns):              -0.100
  Operating Conditions: slow_lv_ht

Path 2
  From: CLOCKS_AND_RESETS_0/RESET_FIC_0_CLK/CORERESET_0/dff_15[0]:CLK
  To:   FIC_0_PERIPHERALS_0/DMA_CONTROLLER_inst_0/DMA_CONTROLLER_0/U_bufferDescriptors/SRC_ADDR_RAM/genblk1.genblk1.LI_ram_wrapper_bd/ram_bd/DMA_CONTROLLER_DMA_CONTROLLER_0_SRAM_bd_R0C0/INST_RAM1K20_IP:A_DOUT_ARST_N
  Delay (ns):              4.877
  Slack (ns):              2.808
  Arrival (ns):           12.495
  Required (ns):          15.303
  Recovery (ns):           0.281
  Minimum Period (ns):     5.057
  Skew (ns):              -0.101
  Operating Conditions: slow_lv_ht

Path 3
  From: CLOCKS_AND_RESETS_0/RESET_FIC_0_CLK/CORERESET_0/dff_15[0]:CLK
  To:   FIC_0_PERIPHERALS_0/DMA_CONTROLLER_inst_0/DMA_CONTROLLER_0/U_bufferDescriptors/BYTE_CNT_RAM/genblk1.genblk1.LI_ram_wrapper_bd/ram_bd/DMA_CONTROLLER_DMA_CONTROLLER_0_SRAM_bd_R0C0/INST_RAM1K20_IP:A_DOUT_ARST_N
  Delay (ns):              4.600
  Slack (ns):              3.084
  Arrival (ns):           12.218
  Required (ns):          15.302
  Recovery (ns):           0.281
  Minimum Period (ns):     4.781
  Skew (ns):              -0.100
  Operating Conditions: slow_lv_ht

Path 4
  From: CLOCKS_AND_RESETS_0/RESET_FIC_0_CLK/CORERESET_0/dff_15[0]:CLK
  To:   FIC_0_PERIPHERALS_0/DMA_CONTROLLER_inst_0/DMA_CONTROLLER_0/U_bufferDescriptors/NEXT_DSCRPTR_RAM/genblk1.genblk1.LI_ram_wrapper_bd/ram_bd/DMA_CONTROLLER_DMA_CONTROLLER_0_SRAM_bd_R0C0/INST_RAM1K20_IP:A_DOUT_ARST_N
  Delay (ns):              4.408
  Slack (ns):              3.277
  Arrival (ns):           12.026
  Required (ns):          15.303
  Recovery (ns):           0.281
  Minimum Period (ns):     4.588
  Skew (ns):              -0.101
  Operating Conditions: slow_lv_ht

Path 5
  From: CLOCKS_AND_RESETS_0/RESET_FIC_0_CLK/CORERESET_0/dff_15[0]:CLK
  To:   FIC_0_PERIPHERALS_0/DMA_CONTROLLER_inst_0/DMA_CONTROLLER_0/U_bufferDescriptors/DEST_ADDR_RAM/genblk1.genblk1.LI_ram_wrapper_bd/ram_bd/DMA_CONTROLLER_DMA_CONTROLLER_0_SRAM_bd_R0C0/INST_RAM1K20_IP:A_DOUT_ARST_N
  Delay (ns):              4.307
  Slack (ns):              3.375
  Arrival (ns):           11.925
  Required (ns):          15.300
  Recovery (ns):           0.281
  Minimum Period (ns):     4.490
  Skew (ns):              -0.098
  Operating Conditions: slow_lv_ht


Expanded Path 1
  From: CLOCKS_AND_RESETS_0/RESET_FIC_0_CLK/CORERESET_0/dff_15[0]:CLK
  To: FIC_0_PERIPHERALS_0/DMA_CONTROLLER_inst_0/DMA_CONTROLLER_0/U_bufferDescriptors/CONFIG_RAM/genblk1.genblk1.LI_ram_wrapper_bd/ram_bd/DMA_CONTROLLER_DMA_CONTROLLER_0_SRAM_bd_R0C0/INST_RAM1K20_IP:A_DOUT_ARST_N
  data required time                                 15.302
  data arrival time                          -       12.524
  slack                                               2.778
  ________________________________________________________
  Data arrival time calculation
  0.000                        CLOCKS_AND_RESETS_0/CCC_FIC_x_CLK/PF_CCC_C0_0/pll_inst_0/OUT0
               +     0.000          Clock source
  0.000                        CLOCKS_AND_RESETS_0/CCC_FIC_x_CLK/PF_CCC_C0_0/pll_inst_0:OUT0 (r)
               +     4.312          Clock generation
  4.312                        
               +     1.709          net: CLOCKS_AND_RESETS_0/CCC_FIC_x_CLK/PF_CCC_C0_0/pll_inst_0_clkint_0
  6.021                        CLOCKS_AND_RESETS_0/CCC_FIC_x_CLK/PF_CCC_C0_0/clkint_0_1:A (r)
               +     0.150          cell: ADLIB:ICB_CLKINT
  6.171                        CLOCKS_AND_RESETS_0/CCC_FIC_x_CLK/PF_CCC_C0_0/clkint_0_1:Y (r)
               +     0.386          net: CLOCKS_AND_RESETS_0/CCC_FIC_x_CLK/PF_CCC_C0_0/clkint_0_NET
  6.557                        CLOCKS_AND_RESETS_0/CCC_FIC_x_CLK/PF_CCC_C0_0/clkint_0:A (r)
               +     0.161          cell: ADLIB:GB
  6.718                        CLOCKS_AND_RESETS_0/CCC_FIC_x_CLK/PF_CCC_C0_0/clkint_0:Y (r)
               +     0.387          net: CLOCKS_AND_RESETS_0/CCC_FIC_x_CLK/PF_CCC_C0_0/clkint_0/U0_Y
  7.105                        CLOCKS_AND_RESETS_0/CCC_FIC_x_CLK/PF_CCC_C0_0/clkint_0/U0_RGB1_RGB18:A (r)
               +     0.058          cell: ADLIB:RGB
  7.163                        CLOCKS_AND_RESETS_0/CCC_FIC_x_CLK/PF_CCC_C0_0/clkint_0/U0_RGB1_RGB18:Y (f)
               +     0.455          net: CLOCKS_AND_RESETS_0/CCC_FIC_x_CLK/PF_CCC_C0_0/clkint_0/U0_RGB1_RGB18_rgb_net_1
  7.618                        CLOCKS_AND_RESETS_0/RESET_FIC_0_CLK/CORERESET_0/dff_15[0]:CLK (r)
               +     0.201          cell: ADLIB:SLE
  7.819                        CLOCKS_AND_RESETS_0/RESET_FIC_0_CLK/CORERESET_0/dff_15[0]:Q (r)
               +     4.705          net: CLOCKS_AND_RESETS_0_RESET_FIC_0_CLK_CORERESET_0_dff
  12.524                       FIC_0_PERIPHERALS_0/DMA_CONTROLLER_inst_0/DMA_CONTROLLER_0/U_bufferDescriptors/CONFIG_RAM/genblk1.genblk1.LI_ram_wrapper_bd/ram_bd/DMA_CONTROLLER_DMA_CONTROLLER_0_SRAM_bd_R0C0/INST_RAM1K20_IP:A_DOUT_ARST_N (r)
                                    
  12.524                       data arrival time
  ________________________________________________________
  Data required time calculation
  8.000                        CLOCKS_AND_RESETS_0/CCC_FIC_x_CLK/PF_CCC_C0_0/pll_inst_0/OUT0
               +     0.000          Clock source
  8.000                        CLOCKS_AND_RESETS_0/CCC_FIC_x_CLK/PF_CCC_C0_0/pll_inst_0:OUT0 (r)
               +     3.893          Clock generation
  11.893                       
               +     1.555          net: CLOCKS_AND_RESETS_0/CCC_FIC_x_CLK/PF_CCC_C0_0/pll_inst_0_clkint_0
  13.448                       CLOCKS_AND_RESETS_0/CCC_FIC_x_CLK/PF_CCC_C0_0/clkint_0_1:A (r)
               +     0.130          cell: ADLIB:ICB_CLKINT
  13.578                       CLOCKS_AND_RESETS_0/CCC_FIC_x_CLK/PF_CCC_C0_0/clkint_0_1:Y (r)
               +     0.352          net: CLOCKS_AND_RESETS_0/CCC_FIC_x_CLK/PF_CCC_C0_0/clkint_0_NET
  13.930                       CLOCKS_AND_RESETS_0/CCC_FIC_x_CLK/PF_CCC_C0_0/clkint_0:A (r)
               +     0.147          cell: ADLIB:GB
  14.077                       CLOCKS_AND_RESETS_0/CCC_FIC_x_CLK/PF_CCC_C0_0/clkint_0:Y (r)
               +     0.375          net: CLOCKS_AND_RESETS_0/CCC_FIC_x_CLK/PF_CCC_C0_0/clkint_0/U0_Y
  14.452                       CLOCKS_AND_RESETS_0/CCC_FIC_x_CLK/PF_CCC_C0_0/clkint_0/U0_RGB1:A (r)
               +     0.052          cell: ADLIB:RGB
  14.504                       CLOCKS_AND_RESETS_0/CCC_FIC_x_CLK/PF_CCC_C0_0/clkint_0/U0_RGB1:Y (f)
               +     0.570          net: CLOCKS_AND_RESETS_0_FIC_0_CLK
  15.074                       FIC_0_PERIPHERALS_0/DMA_CONTROLLER_inst_0/DMA_CONTROLLER_0/U_bufferDescriptors/CONFIG_RAM/genblk1.genblk1.LI_ram_wrapper_bd/ram_bd/DMA_CONTROLLER_DMA_CONTROLLER_0_SRAM_bd_R0C0/INST_RAM1K20_IP:A_CLK (r)
               +     0.644          
  15.718                       clock reconvergence pessimism
               -     0.135          
  15.583                       clock jitter
               -     0.281          Library recovery time: ADLIB:RAM1K20_IP
  15.302                       FIC_0_PERIPHERALS_0/DMA_CONTROLLER_inst_0/DMA_CONTROLLER_0/U_bufferDescriptors/CONFIG_RAM/genblk1.genblk1.LI_ram_wrapper_bd/ram_bd/DMA_CONTROLLER_DMA_CONTROLLER_0_SRAM_bd_R0C0/INST_RAM1K20_IP:A_DOUT_ARST_N
                                    
  15.302                       data required time


Operating Conditions : slow_lv_ht

END SET Register to Asynchronous

----------------------------------------------------

SET External Recovery

Path 1
  From: SWITCH2
  To:   CLOCKS_AND_RESETS_0/RESET_FIC_0_CLK/CORERESET_0/dff_7[0]:ALn
  Delay (ns):              9.483
  Arrival (ns):            9.483
  Recovery (ns):           0.209
  External Recovery (ns):   2.935
  Operating Conditions: slow_lv_ht

Path 2
  From: SWITCH2
  To:   CLOCKS_AND_RESETS_0/RESET_FIC_0_CLK/CORERESET_0/dff_4[0]:ALn
  Delay (ns):              9.482
  Arrival (ns):            9.482
  Recovery (ns):           0.209
  External Recovery (ns):   2.934
  Operating Conditions: slow_lv_ht

Path 3
  From: SWITCH2
  To:   CLOCKS_AND_RESETS_0/RESET_FIC_0_CLK/CORERESET_0/dff_3[0]:ALn
  Delay (ns):              9.482
  Arrival (ns):            9.482
  Recovery (ns):           0.209
  External Recovery (ns):   2.934
  Operating Conditions: slow_lv_ht

Path 4
  From: SWITCH2
  To:   CLOCKS_AND_RESETS_0/RESET_FIC_0_CLK/CORERESET_0/dff_1[0]:ALn
  Delay (ns):              9.482
  Arrival (ns):            9.482
  Recovery (ns):           0.209
  External Recovery (ns):   2.934
  Operating Conditions: slow_lv_ht

Path 5
  From: SWITCH2
  To:   CLOCKS_AND_RESETS_0/RESET_FIC_0_CLK/CORERESET_0/dff_0[0]:ALn
  Delay (ns):              9.482
  Arrival (ns):            9.482
  Recovery (ns):           0.209
  External Recovery (ns):   2.934
  Operating Conditions: slow_lv_ht


Expanded Path 1
  From: SWITCH2
  To: CLOCKS_AND_RESETS_0/RESET_FIC_0_CLK/CORERESET_0/dff_7[0]:ALn
  data required time                                    N/C
  data arrival time                          -        9.483
  slack                                                 N/C
  ________________________________________________________
  Data arrival time calculation
  0.000                        SWITCH2 (r)
               +     0.000          net: SWITCH2
  0.000                        SWITCH2_ibuf/U_IOPAD:PAD (r)
               +     0.610          cell: ADLIB:IOPAD_IN
  0.610                        SWITCH2_ibuf/U_IOPAD:Y (r)
               +     0.000          net: SWITCH2_ibuf/YIN
  0.610                        SWITCH2_ibuf/U_IOIN:YIN (r)
               +     0.336          cell: ADLIB:IOIN_IB_E
  0.946                        SWITCH2_ibuf/U_IOIN:Y (r)
               +     4.408          net: SWITCH2_c
  5.354                        CLOCKS_AND_RESETS_0/AND3_0:A (r)
               +     0.171          cell: ADLIB:CFG3
  5.525                        CLOCKS_AND_RESETS_0/AND3_0:Y (r)
               +     1.915          net: CLOCKS_AND_RESETS_0/AND3_0_Y
  7.440                        CLOCKS_AND_RESETS_0/RESET_FIC_0_CLK/CORERESET_0/un1_EXT_RST_N_2:C (r)
               +     0.078          cell: ADLIB:CFG3
  7.518                        CLOCKS_AND_RESETS_0/RESET_FIC_0_CLK/CORERESET_0/un1_EXT_RST_N_2:Y (r)
               +     1.965          net: CLOCKS_AND_RESETS_0/un1_EXT_RST_N_2
  9.483                        CLOCKS_AND_RESETS_0/RESET_FIC_0_CLK/CORERESET_0/dff_7[0]:ALn (r)
                                    
  9.483                        data arrival time
  ________________________________________________________
  Data required time calculation
  N/C                          CLOCKS_AND_RESETS_0/CCC_FIC_x_CLK/PF_CCC_C0_0/pll_inst_0/OUT0
               +     0.000          Clock source
  N/C                          CLOCKS_AND_RESETS_0/CCC_FIC_x_CLK/PF_CCC_C0_0/pll_inst_0:OUT0 (r)
               +     3.893          Clock generation
  N/C                          
               +     1.555          net: CLOCKS_AND_RESETS_0/CCC_FIC_x_CLK/PF_CCC_C0_0/pll_inst_0_clkint_0
  N/C                          CLOCKS_AND_RESETS_0/CCC_FIC_x_CLK/PF_CCC_C0_0/clkint_0_1:A (r)
               +     0.130          cell: ADLIB:ICB_CLKINT
  N/C                          CLOCKS_AND_RESETS_0/CCC_FIC_x_CLK/PF_CCC_C0_0/clkint_0_1:Y (r)
               +     0.352          net: CLOCKS_AND_RESETS_0/CCC_FIC_x_CLK/PF_CCC_C0_0/clkint_0_NET
  N/C                          CLOCKS_AND_RESETS_0/CCC_FIC_x_CLK/PF_CCC_C0_0/clkint_0:A (r)
               +     0.147          cell: ADLIB:GB
  N/C                          CLOCKS_AND_RESETS_0/CCC_FIC_x_CLK/PF_CCC_C0_0/clkint_0:Y (r)
               +     0.371          net: CLOCKS_AND_RESETS_0/CCC_FIC_x_CLK/PF_CCC_C0_0/clkint_0/U0_Y
  N/C                          CLOCKS_AND_RESETS_0/CCC_FIC_x_CLK/PF_CCC_C0_0/clkint_0/U0_RGB1_RGB10:A (r)
               +     0.052          cell: ADLIB:RGB
  N/C                          CLOCKS_AND_RESETS_0/CCC_FIC_x_CLK/PF_CCC_C0_0/clkint_0/U0_RGB1_RGB10:Y (f)
               +     0.392          net: CLOCKS_AND_RESETS_0/CCC_FIC_x_CLK/PF_CCC_C0_0/clkint_0/U0_RGB1_RGB10_rgb_net_1
  N/C                          CLOCKS_AND_RESETS_0/RESET_FIC_0_CLK/CORERESET_0/dff_7[0]:CLK (r)
               -     0.135          
  N/C                          clock jitter
               -     0.209          Library recovery time: ADLIB:SLE
  N/C                          CLOCKS_AND_RESETS_0/RESET_FIC_0_CLK/CORERESET_0/dff_7[0]:ALn


Operating Conditions : slow_lv_ht

END SET External Recovery

----------------------------------------------------

SET Asynchronous to Register

No Path 

END SET Asynchronous to Register

----------------------------------------------------

SET FIC_0_PERIPHERALS_0/security_core_0/rng/neoTRNG_0/entropy_cell_gen.0.neoTRNG_cell_inst/sreg_0[0]:Q to CLOCKS_AND_RESETS_0/CCC_FIC_x_CLK/PF_CCC_C0_0/pll_inst_0/OUT0

No Path 

END SET FIC_0_PERIPHERALS_0/security_core_0/rng/neoTRNG_0/entropy_cell_gen.0.neoTRNG_cell_inst/sreg_0[0]:Q to CLOCKS_AND_RESETS_0/CCC_FIC_x_CLK/PF_CCC_C0_0/pll_inst_0/OUT0

----------------------------------------------------

SET FIC_0_PERIPHERALS_0/security_core_0/rng/neoTRNG_0/entropy_cell_gen.0.neoTRNG_cell_inst/sreg_1[0]:Q to CLOCKS_AND_RESETS_0/CCC_FIC_x_CLK/PF_CCC_C0_0/pll_inst_0/OUT0

No Path 

END SET FIC_0_PERIPHERALS_0/security_core_0/rng/neoTRNG_0/entropy_cell_gen.0.neoTRNG_cell_inst/sreg_1[0]:Q to CLOCKS_AND_RESETS_0/CCC_FIC_x_CLK/PF_CCC_C0_0/pll_inst_0/OUT0

----------------------------------------------------

SET FIC_0_PERIPHERALS_0/security_core_0/rng/neoTRNG_0/entropy_cell_gen.0.neoTRNG_cell_inst/sreg_2[0]:Q to CLOCKS_AND_RESETS_0/CCC_FIC_x_CLK/PF_CCC_C0_0/pll_inst_0/OUT0

No Path 

END SET FIC_0_PERIPHERALS_0/security_core_0/rng/neoTRNG_0/entropy_cell_gen.0.neoTRNG_cell_inst/sreg_2[0]:Q to CLOCKS_AND_RESETS_0/CCC_FIC_x_CLK/PF_CCC_C0_0/pll_inst_0/OUT0

----------------------------------------------------

SET FIC_0_PERIPHERALS_0/security_core_0/rng/neoTRNG_0/entropy_cell_gen.0.neoTRNG_cell_inst/sreg_3[0]:Q to CLOCKS_AND_RESETS_0/CCC_FIC_x_CLK/PF_CCC_C0_0/pll_inst_0/OUT0

No Path 

END SET FIC_0_PERIPHERALS_0/security_core_0/rng/neoTRNG_0/entropy_cell_gen.0.neoTRNG_cell_inst/sreg_3[0]:Q to CLOCKS_AND_RESETS_0/CCC_FIC_x_CLK/PF_CCC_C0_0/pll_inst_0/OUT0

----------------------------------------------------

SET FIC_0_PERIPHERALS_0/security_core_0/rng/neoTRNG_0/entropy_cell_gen.0.neoTRNG_cell_inst/sreg_4[0]:Q to CLOCKS_AND_RESETS_0/CCC_FIC_x_CLK/PF_CCC_C0_0/pll_inst_0/OUT0

No Path 

END SET FIC_0_PERIPHERALS_0/security_core_0/rng/neoTRNG_0/entropy_cell_gen.0.neoTRNG_cell_inst/sreg_4[0]:Q to CLOCKS_AND_RESETS_0/CCC_FIC_x_CLK/PF_CCC_C0_0/pll_inst_0/OUT0

----------------------------------------------------

SET FIC_0_PERIPHERALS_0/security_core_0/rng/neoTRNG_0/entropy_cell_gen.1.neoTRNG_cell_inst/sreg_0[0]:Q to CLOCKS_AND_RESETS_0/CCC_FIC_x_CLK/PF_CCC_C0_0/pll_inst_0/OUT0

No Path 

END SET FIC_0_PERIPHERALS_0/security_core_0/rng/neoTRNG_0/entropy_cell_gen.1.neoTRNG_cell_inst/sreg_0[0]:Q to CLOCKS_AND_RESETS_0/CCC_FIC_x_CLK/PF_CCC_C0_0/pll_inst_0/OUT0

----------------------------------------------------

SET FIC_0_PERIPHERALS_0/security_core_0/rng/neoTRNG_0/entropy_cell_gen.1.neoTRNG_cell_inst/sreg_1[0]:Q to CLOCKS_AND_RESETS_0/CCC_FIC_x_CLK/PF_CCC_C0_0/pll_inst_0/OUT0

No Path 

END SET FIC_0_PERIPHERALS_0/security_core_0/rng/neoTRNG_0/entropy_cell_gen.1.neoTRNG_cell_inst/sreg_1[0]:Q to CLOCKS_AND_RESETS_0/CCC_FIC_x_CLK/PF_CCC_C0_0/pll_inst_0/OUT0

----------------------------------------------------

SET FIC_0_PERIPHERALS_0/security_core_0/rng/neoTRNG_0/entropy_cell_gen.1.neoTRNG_cell_inst/sreg_2[0]:Q to CLOCKS_AND_RESETS_0/CCC_FIC_x_CLK/PF_CCC_C0_0/pll_inst_0/OUT0

No Path 

END SET FIC_0_PERIPHERALS_0/security_core_0/rng/neoTRNG_0/entropy_cell_gen.1.neoTRNG_cell_inst/sreg_2[0]:Q to CLOCKS_AND_RESETS_0/CCC_FIC_x_CLK/PF_CCC_C0_0/pll_inst_0/OUT0

----------------------------------------------------

SET FIC_0_PERIPHERALS_0/security_core_0/rng/neoTRNG_0/entropy_cell_gen.1.neoTRNG_cell_inst/sreg_3[0]:Q to CLOCKS_AND_RESETS_0/CCC_FIC_x_CLK/PF_CCC_C0_0/pll_inst_0/OUT0

No Path 

END SET FIC_0_PERIPHERALS_0/security_core_0/rng/neoTRNG_0/entropy_cell_gen.1.neoTRNG_cell_inst/sreg_3[0]:Q to CLOCKS_AND_RESETS_0/CCC_FIC_x_CLK/PF_CCC_C0_0/pll_inst_0/OUT0

----------------------------------------------------

SET FIC_0_PERIPHERALS_0/security_core_0/rng/neoTRNG_0/entropy_cell_gen.1.neoTRNG_cell_inst/sreg_4[0]:Q to CLOCKS_AND_RESETS_0/CCC_FIC_x_CLK/PF_CCC_C0_0/pll_inst_0/OUT0

No Path 

END SET FIC_0_PERIPHERALS_0/security_core_0/rng/neoTRNG_0/entropy_cell_gen.1.neoTRNG_cell_inst/sreg_4[0]:Q to CLOCKS_AND_RESETS_0/CCC_FIC_x_CLK/PF_CCC_C0_0/pll_inst_0/OUT0

----------------------------------------------------

SET FIC_0_PERIPHERALS_0/security_core_0/rng/neoTRNG_0/entropy_cell_gen.1.neoTRNG_cell_inst/sreg_5[0]:Q to CLOCKS_AND_RESETS_0/CCC_FIC_x_CLK/PF_CCC_C0_0/pll_inst_0/OUT0

No Path 

END SET FIC_0_PERIPHERALS_0/security_core_0/rng/neoTRNG_0/entropy_cell_gen.1.neoTRNG_cell_inst/sreg_5[0]:Q to CLOCKS_AND_RESETS_0/CCC_FIC_x_CLK/PF_CCC_C0_0/pll_inst_0/OUT0

----------------------------------------------------

SET FIC_0_PERIPHERALS_0/security_core_0/rng/neoTRNG_0/entropy_cell_gen.1.neoTRNG_cell_inst/sreg_6[0]:Q to CLOCKS_AND_RESETS_0/CCC_FIC_x_CLK/PF_CCC_C0_0/pll_inst_0/OUT0

No Path 

END SET FIC_0_PERIPHERALS_0/security_core_0/rng/neoTRNG_0/entropy_cell_gen.1.neoTRNG_cell_inst/sreg_6[0]:Q to CLOCKS_AND_RESETS_0/CCC_FIC_x_CLK/PF_CCC_C0_0/pll_inst_0/OUT0

----------------------------------------------------

SET FIC_0_PERIPHERALS_0/security_core_0/rng/neoTRNG_0/entropy_cell_gen.2.neoTRNG_cell_inst/sreg_0[0]:Q to CLOCKS_AND_RESETS_0/CCC_FIC_x_CLK/PF_CCC_C0_0/pll_inst_0/OUT0

No Path 

END SET FIC_0_PERIPHERALS_0/security_core_0/rng/neoTRNG_0/entropy_cell_gen.2.neoTRNG_cell_inst/sreg_0[0]:Q to CLOCKS_AND_RESETS_0/CCC_FIC_x_CLK/PF_CCC_C0_0/pll_inst_0/OUT0

----------------------------------------------------

SET FIC_0_PERIPHERALS_0/security_core_0/rng/neoTRNG_0/entropy_cell_gen.2.neoTRNG_cell_inst/sreg_1[0]:Q to CLOCKS_AND_RESETS_0/CCC_FIC_x_CLK/PF_CCC_C0_0/pll_inst_0/OUT0

No Path 

END SET FIC_0_PERIPHERALS_0/security_core_0/rng/neoTRNG_0/entropy_cell_gen.2.neoTRNG_cell_inst/sreg_1[0]:Q to CLOCKS_AND_RESETS_0/CCC_FIC_x_CLK/PF_CCC_C0_0/pll_inst_0/OUT0

----------------------------------------------------

SET FIC_0_PERIPHERALS_0/security_core_0/rng/neoTRNG_0/entropy_cell_gen.2.neoTRNG_cell_inst/sreg_2[0]:Q to CLOCKS_AND_RESETS_0/CCC_FIC_x_CLK/PF_CCC_C0_0/pll_inst_0/OUT0

No Path 

END SET FIC_0_PERIPHERALS_0/security_core_0/rng/neoTRNG_0/entropy_cell_gen.2.neoTRNG_cell_inst/sreg_2[0]:Q to CLOCKS_AND_RESETS_0/CCC_FIC_x_CLK/PF_CCC_C0_0/pll_inst_0/OUT0

----------------------------------------------------

SET FIC_0_PERIPHERALS_0/security_core_0/rng/neoTRNG_0/entropy_cell_gen.2.neoTRNG_cell_inst/sreg_3[0]:Q to CLOCKS_AND_RESETS_0/CCC_FIC_x_CLK/PF_CCC_C0_0/pll_inst_0/OUT0

No Path 

END SET FIC_0_PERIPHERALS_0/security_core_0/rng/neoTRNG_0/entropy_cell_gen.2.neoTRNG_cell_inst/sreg_3[0]:Q to CLOCKS_AND_RESETS_0/CCC_FIC_x_CLK/PF_CCC_C0_0/pll_inst_0/OUT0

----------------------------------------------------

SET FIC_0_PERIPHERALS_0/security_core_0/rng/neoTRNG_0/entropy_cell_gen.2.neoTRNG_cell_inst/sreg_4[0]:Q to CLOCKS_AND_RESETS_0/CCC_FIC_x_CLK/PF_CCC_C0_0/pll_inst_0/OUT0

No Path 

END SET FIC_0_PERIPHERALS_0/security_core_0/rng/neoTRNG_0/entropy_cell_gen.2.neoTRNG_cell_inst/sreg_4[0]:Q to CLOCKS_AND_RESETS_0/CCC_FIC_x_CLK/PF_CCC_C0_0/pll_inst_0/OUT0

----------------------------------------------------

SET FIC_0_PERIPHERALS_0/security_core_0/rng/neoTRNG_0/entropy_cell_gen.2.neoTRNG_cell_inst/sreg_5[0]:Q to CLOCKS_AND_RESETS_0/CCC_FIC_x_CLK/PF_CCC_C0_0/pll_inst_0/OUT0

No Path 

END SET FIC_0_PERIPHERALS_0/security_core_0/rng/neoTRNG_0/entropy_cell_gen.2.neoTRNG_cell_inst/sreg_5[0]:Q to CLOCKS_AND_RESETS_0/CCC_FIC_x_CLK/PF_CCC_C0_0/pll_inst_0/OUT0

----------------------------------------------------

SET FIC_0_PERIPHERALS_0/security_core_0/rng/neoTRNG_0/entropy_cell_gen.2.neoTRNG_cell_inst/sreg_6[0]:Q to CLOCKS_AND_RESETS_0/CCC_FIC_x_CLK/PF_CCC_C0_0/pll_inst_0/OUT0

No Path 

END SET FIC_0_PERIPHERALS_0/security_core_0/rng/neoTRNG_0/entropy_cell_gen.2.neoTRNG_cell_inst/sreg_6[0]:Q to CLOCKS_AND_RESETS_0/CCC_FIC_x_CLK/PF_CCC_C0_0/pll_inst_0/OUT0

----------------------------------------------------

SET FIC_0_PERIPHERALS_0/security_core_0/rng/neoTRNG_0/entropy_cell_gen.2.neoTRNG_cell_inst/sreg_7[0]:Q to CLOCKS_AND_RESETS_0/CCC_FIC_x_CLK/PF_CCC_C0_0/pll_inst_0/OUT0

No Path 

END SET FIC_0_PERIPHERALS_0/security_core_0/rng/neoTRNG_0/entropy_cell_gen.2.neoTRNG_cell_inst/sreg_7[0]:Q to CLOCKS_AND_RESETS_0/CCC_FIC_x_CLK/PF_CCC_C0_0/pll_inst_0/OUT0

----------------------------------------------------

SET FIC_0_PERIPHERALS_0/security_core_0/rng/neoTRNG_0/entropy_cell_gen.2.neoTRNG_cell_inst/sreg_8[0]:Q to CLOCKS_AND_RESETS_0/CCC_FIC_x_CLK/PF_CCC_C0_0/pll_inst_0/OUT0

No Path 

END SET FIC_0_PERIPHERALS_0/security_core_0/rng/neoTRNG_0/entropy_cell_gen.2.neoTRNG_cell_inst/sreg_8[0]:Q to CLOCKS_AND_RESETS_0/CCC_FIC_x_CLK/PF_CCC_C0_0/pll_inst_0/OUT0

----------------------------------------------------

SET CLOCKS_AND_RESETS_0/CCC_FIC_x_CLK/PF_CCC_C0_0/pll_inst_0/OUT1 to CLOCKS_AND_RESETS_0/CCC_FIC_x_CLK/PF_CCC_C0_0/pll_inst_0/OUT0

Path 1
  From: MIPI_CAMERA_0/VDMA_C0_0/VDMA_C0_0/dma_top_0/vdma_write_0/frame_size_fifo/wptr[2]:CLK
  To:   MIPI_CAMERA_0/VDMA_C0_0/VDMA_C0_0/dma_top_0/vdma_write_0/frame_size_fifo/rwptr1[2]:D
  Delay (ns):              0.420
  Slack (ns):              8.449
  Arrival (ns):            4.472
  Required (ns):          12.921
  Setup (ns):              0.000
  Operating Conditions: fast_hv_lt

Path 2
  From: MIPI_CAMERA_0/VDMA_C0_0/VDMA_C0_0/dma_top_0/vdma_write_0/ddr_write_vdma/ddr_write_controller_vdma_0/int_dma:CLK
  To:   MIPI_CAMERA_0/VDMA_C0_0/VDMA_C0_0/dma_top_0/interrupt_controller_vdma_0/interrupt_event_dly[0][0]:D
  Delay (ns):              0.391
  Slack (ns):              8.461
  Arrival (ns):            4.445
  Required (ns):          12.906
  Setup (ns):              0.000
  Operating Conditions: fast_hv_lt

Path 3
  From: MIPI_CAMERA_0/VDMA_C0_0/VDMA_C0_0/dma_top_0/vdma_write_0/frame_size_fifo/wptr[3]:CLK
  To:   MIPI_CAMERA_0/VDMA_C0_0/VDMA_C0_0/dma_top_0/vdma_write_0/frame_size_fifo/rwptr1[3]:D
  Delay (ns):              0.350
  Slack (ns):              8.519
  Arrival (ns):            4.402
  Required (ns):          12.921
  Setup (ns):              0.000
  Operating Conditions: fast_hv_lt

Path 4
  From: MIPI_CAMERA_0/VDMA_C0_0/VDMA_C0_0/dma_top_0/vdma_write_0/frame_size_fifo/wptr[4]:CLK
  To:   MIPI_CAMERA_0/VDMA_C0_0/VDMA_C0_0/dma_top_0/vdma_write_0/frame_size_fifo/rwptr1[4]:D
  Delay (ns):              0.349
  Slack (ns):              8.520
  Arrival (ns):            4.401
  Required (ns):          12.921
  Setup (ns):              0.000
  Operating Conditions: fast_hv_lt

Path 5
  From: MIPI_CAMERA_0/VDMA_C0_0/VDMA_C0_0/dma_top_0/vdma_write_0/frame_size_fifo/wptr[0]:CLK
  To:   MIPI_CAMERA_0/VDMA_C0_0/VDMA_C0_0/dma_top_0/vdma_write_0/frame_size_fifo/rwptr1[0]:D
  Delay (ns):              0.287
  Slack (ns):              8.580
  Arrival (ns):            4.341
  Required (ns):          12.921
  Setup (ns):              0.000
  Operating Conditions: fast_hv_lt


Expanded Path 1
  From: MIPI_CAMERA_0/VDMA_C0_0/VDMA_C0_0/dma_top_0/vdma_write_0/frame_size_fifo/wptr[2]:CLK
  To: MIPI_CAMERA_0/VDMA_C0_0/VDMA_C0_0/dma_top_0/vdma_write_0/frame_size_fifo/rwptr1[2]:D
  data required time                                 12.921
  data arrival time                          -        4.472
  slack                                               8.449
  ________________________________________________________
  Data arrival time calculation
  0.000                        CLOCKS_AND_RESETS_0/CCC_FIC_x_CLK/PF_CCC_C0_0/pll_inst_0/OUT1
               +     0.000          Clock source
  0.000                        CLOCKS_AND_RESETS_0/CCC_FIC_x_CLK/PF_CCC_C0_0/pll_inst_0:OUT1 (r)
               +     2.865          Clock generation
  2.865                        
               +     0.162          net: CLOCKS_AND_RESETS_0/CCC_FIC_x_CLK/PF_CCC_C0_0/pll_inst_0_clkint_4
  3.027                        CLOCKS_AND_RESETS_0/CCC_FIC_x_CLK/PF_CCC_C0_0/clkint_4_1:A (r)
               +     0.156          cell: ADLIB:ICB_CLKINT
  3.183                        CLOCKS_AND_RESETS_0/CCC_FIC_x_CLK/PF_CCC_C0_0/clkint_4_1:Y (r)
               +     0.103          net: CLOCKS_AND_RESETS_0/CCC_FIC_x_CLK/PF_CCC_C0_0/clkint_4_NET
  3.286                        CLOCKS_AND_RESETS_0/CCC_FIC_x_CLK/PF_CCC_C0_0/clkint_4:A (r)
               +     0.119          cell: ADLIB:GB
  3.405                        CLOCKS_AND_RESETS_0/CCC_FIC_x_CLK/PF_CCC_C0_0/clkint_4:Y (r)
               +     0.286          net: CLOCKS_AND_RESETS_0/CCC_FIC_x_CLK/PF_CCC_C0_0/clkint_4/U0_Y
  3.691                        CLOCKS_AND_RESETS_0/CCC_FIC_x_CLK/PF_CCC_C0_0/clkint_4/U0_RGB1:A (r)
               +     0.042          cell: ADLIB:RGB
  3.733                        CLOCKS_AND_RESETS_0/CCC_FIC_x_CLK/PF_CCC_C0_0/clkint_4/U0_RGB1:Y (f)
               +     0.319          net: CLOCKS_AND_RESETS_0_FIC_1_CLK
  4.052                        MIPI_CAMERA_0/VDMA_C0_0/VDMA_C0_0/dma_top_0/vdma_write_0/frame_size_fifo/wptr[2]:CLK (r)
               +     0.117          cell: ADLIB:SLE
  4.169                        MIPI_CAMERA_0/VDMA_C0_0/VDMA_C0_0/dma_top_0/vdma_write_0/frame_size_fifo/wptr[2]:Q (f)
               +     0.303          net: MIPI_CAMERA_0/VDMA_C0_0/VDMA_C0_0/dma_top_0/vdma_write_0/frame_size_fifo/wptr_Z[2]
  4.472                        MIPI_CAMERA_0/VDMA_C0_0/VDMA_C0_0/dma_top_0/vdma_write_0/frame_size_fifo/rwptr1[2]:D (f)
                                    
  4.472                        data arrival time
  ________________________________________________________
  Data required time calculation
  8.000                        CLOCKS_AND_RESETS_0/CCC_FIC_x_CLK/PF_CCC_C0_0/pll_inst_0/OUT0
               +     0.000          Clock source
  8.000                        CLOCKS_AND_RESETS_0/CCC_FIC_x_CLK/PF_CCC_C0_0/pll_inst_0:OUT0 (r)
               +     2.591          Clock generation
  10.591                       
               +     1.184          net: CLOCKS_AND_RESETS_0/CCC_FIC_x_CLK/PF_CCC_C0_0/pll_inst_0_clkint_0
  11.775                       CLOCKS_AND_RESETS_0/CCC_FIC_x_CLK/PF_CCC_C0_0/clkint_0_1:A (r)
               +     0.089          cell: ADLIB:ICB_CLKINT
  11.864                       CLOCKS_AND_RESETS_0/CCC_FIC_x_CLK/PF_CCC_C0_0/clkint_0_1:Y (r)
               +     0.243          net: CLOCKS_AND_RESETS_0/CCC_FIC_x_CLK/PF_CCC_C0_0/clkint_0_NET
  12.107                       CLOCKS_AND_RESETS_0/CCC_FIC_x_CLK/PF_CCC_C0_0/clkint_0:A (r)
               +     0.111          cell: ADLIB:GB
  12.218                       CLOCKS_AND_RESETS_0/CCC_FIC_x_CLK/PF_CCC_C0_0/clkint_0:Y (r)
               +     0.259          net: CLOCKS_AND_RESETS_0/CCC_FIC_x_CLK/PF_CCC_C0_0/clkint_0/U0_Y
  12.477                       CLOCKS_AND_RESETS_0/CCC_FIC_x_CLK/PF_CCC_C0_0/clkint_0/U0_RGB1_RGB4:A (r)
               +     0.038          cell: ADLIB:RGB
  12.515                       CLOCKS_AND_RESETS_0/CCC_FIC_x_CLK/PF_CCC_C0_0/clkint_0/U0_RGB1_RGB4:Y (f)
               +     0.272          net: CLOCKS_AND_RESETS_0/CCC_FIC_x_CLK/PF_CCC_C0_0/clkint_0/U0_RGB1_RGB4_rgb_net_1
  12.787                       MIPI_CAMERA_0/VDMA_C0_0/VDMA_C0_0/dma_top_0/vdma_write_0/frame_size_fifo/rwptr1[2]:CLK (r)
               +     0.269          
  13.056                       clock reconvergence pessimism
               -     0.135          
  12.921                       clock jitter
               -     0.000          Library setup time: ADLIB:SLE
  12.921                       MIPI_CAMERA_0/VDMA_C0_0/VDMA_C0_0/dma_top_0/vdma_write_0/frame_size_fifo/rwptr1[2]:D
                                    
  12.921                       data required time


Operating Conditions : fast_hv_lt

END SET CLOCKS_AND_RESETS_0/CCC_FIC_x_CLK/PF_CCC_C0_0/pll_inst_0/OUT1 to CLOCKS_AND_RESETS_0/CCC_FIC_x_CLK/PF_CCC_C0_0/pll_inst_0/OUT0

----------------------------------------------------

SET MIPI_CAMERA_0/PF_CCC_C1_0/PF_CCC_C1_0/pll_inst_0/OUT0 to CLOCKS_AND_RESETS_0/CCC_FIC_x_CLK/PF_CCC_C0_0/pll_inst_0/OUT0

Path 1
  From: MIPI_CAMERA_0/mipicsi2rxdecoderPF_C0_0/MSC_i_0/r_isr[0]:CLK
  To:   MIPI_CAMERA_0/mipicsi2rxdecoderPF_C0_0/MSC_i_0/MSC_i_1/interrupt_event_dly[0][0]:D
  Delay (ns):              1.012
  Slack (ns):              2.282
  Arrival (ns):            8.477
  Required (ns):          10.759
  Setup (ns):              0.000
  Operating Conditions: slow_lv_ht

Path 2
  From: MIPI_CAMERA_0/mipicsi2rxdecoderPF_C0_0/MSC_i_0/r_int_dly1:CLK
  To:   MIPI_CAMERA_0/mipicsi2rxdecoderPF_C0_0/MSC_i_0/MSC_i_1/interrupt_event_dly[0][0]:D
  Delay (ns):              0.992
  Slack (ns):              2.291
  Arrival (ns):            8.468
  Required (ns):          10.759
  Setup (ns):              0.000
  Operating Conditions: slow_lv_ht

Path 3
  From: MIPI_CAMERA_0/mipicsi2rxdecoderPF_C0_0/MSC_i_0/r_int_dly2:CLK
  To:   MIPI_CAMERA_0/mipicsi2rxdecoderPF_C0_0/MSC_i_0/MSC_i_1/interrupt_event_dly[0][0]:D
  Delay (ns):              0.947
  Slack (ns):              2.368
  Arrival (ns):            8.391
  Required (ns):          10.759
  Setup (ns):              0.000
  Operating Conditions: slow_lv_ht

Path 4
  From: MIPI_CAMERA_0/mipicsi2rxdecoderPF_C0_0/MSC_i_0/r_int_dly3:CLK
  To:   MIPI_CAMERA_0/mipicsi2rxdecoderPF_C0_0/MSC_i_0/MSC_i_1/interrupt_event_dly[0][0]:D
  Delay (ns):              0.875
  Slack (ns):              2.440
  Arrival (ns):            8.319
  Required (ns):          10.759
  Setup (ns):              0.000
  Operating Conditions: slow_lv_ht

Path 5
  From: MIPI_CAMERA_0/VDMA_C0_0/VDMA_C0_0/dma_top_0/vdma_write_0/buff_addr_fifo/rempty:CLK
  To:   MIPI_CAMERA_0/VDMA_C0_0/VDMA_C0_0/dma_top_0/interrupt_controller_vdma_0/synchronizer_circuit_2stage_buff_addr/s_data_in:D
  Delay (ns):              0.737
  Slack (ns):              2.530
  Arrival (ns):            8.237
  Required (ns):          10.767
  Setup (ns):              0.000
  Operating Conditions: slow_lv_ht


Expanded Path 1
  From: MIPI_CAMERA_0/mipicsi2rxdecoderPF_C0_0/MSC_i_0/r_isr[0]:CLK
  To: MIPI_CAMERA_0/mipicsi2rxdecoderPF_C0_0/MSC_i_0/MSC_i_1/interrupt_event_dly[0][0]:D
  data required time                                 10.759
  data arrival time                          -        8.477
  slack                                               2.282
  ________________________________________________________
  Data arrival time calculation
  0.000                        MIPI_CAMERA_0/PF_CCC_C1_0/PF_CCC_C1_0/pll_inst_0/OUT0
               +     0.000          Clock source
  0.000                        MIPI_CAMERA_0/PF_CCC_C1_0/PF_CCC_C1_0/pll_inst_0:OUT0 (r)
               +     5.699          Clock generation
  5.699                        
               +     0.281          net: MIPI_CAMERA_0/PF_CCC_C1_0/PF_CCC_C1_0/pll_inst_0_clkint_0
  5.980                        MIPI_CAMERA_0/PF_CCC_C1_0/PF_CCC_C1_0/clkint_0_1:A (r)
               +     0.243          cell: ADLIB:ICB_CLKINT
  6.223                        MIPI_CAMERA_0/PF_CCC_C1_0/PF_CCC_C1_0/clkint_0_1:Y (r)
               +     0.150          net: MIPI_CAMERA_0/PF_CCC_C1_0/PF_CCC_C1_0/clkint_0_NET
  6.373                        MIPI_CAMERA_0/PF_CCC_C1_0/PF_CCC_C1_0/clkint_0:A (r)
               +     0.164          cell: ADLIB:GB
  6.537                        MIPI_CAMERA_0/PF_CCC_C1_0/PF_CCC_C1_0/clkint_0:Y (r)
               +     0.414          net: MIPI_CAMERA_0/PF_CCC_C1_0/PF_CCC_C1_0/clkint_0/U0_Y
  6.951                        MIPI_CAMERA_0/PF_CCC_C1_0/PF_CCC_C1_0/clkint_0/U0_RGB1_RGB1:A (r)
               +     0.058          cell: ADLIB:RGB
  7.009                        MIPI_CAMERA_0/PF_CCC_C1_0/PF_CCC_C1_0/clkint_0/U0_RGB1_RGB1:Y (f)
               +     0.456          net: MIPI_CAMERA_0/PF_CCC_C1_0/PF_CCC_C1_0/clkint_0/U0_RGB1_RGB1_rgb_net_1
  7.465                        MIPI_CAMERA_0/mipicsi2rxdecoderPF_C0_0/MSC_i_0/r_isr[0]:CLK (r)
               +     0.201          cell: ADLIB:SLE
  7.666                        MIPI_CAMERA_0/mipicsi2rxdecoderPF_C0_0/MSC_i_0/r_isr[0]:Q (r)
               +     0.701          net: MIPI_CAMERA_0/mipicsi2rxdecoderPF_C0_0/MSC_i_0/MSC_net_306
  8.367                        MIPI_CAMERA_0/mipicsi2rxdecoderPF_C0_0/MSC_i_0/ISR_w[0]:A (r)
               +     0.078          cell: ADLIB:CFG4
  8.445                        MIPI_CAMERA_0/mipicsi2rxdecoderPF_C0_0/MSC_i_0/ISR_w[0]:Y (r)
               +     0.032          net: MIPI_CAMERA_0/mipicsi2rxdecoderPF_C0_0/MSC_i_0/MSC_net_299
  8.477                        MIPI_CAMERA_0/mipicsi2rxdecoderPF_C0_0/MSC_i_0/MSC_i_1/interrupt_event_dly[0][0]:D (r)
                                    
  8.477                        data arrival time
  ________________________________________________________
  Data required time calculation
  4.000                        CLOCKS_AND_RESETS_0/CCC_FIC_x_CLK/PF_CCC_C0_0/pll_inst_0/OUT0
               +     0.000          Clock source
  4.000                        CLOCKS_AND_RESETS_0/CCC_FIC_x_CLK/PF_CCC_C0_0/pll_inst_0:OUT0 (r)
               +     3.893          Clock generation
  7.893                        
               +     1.555          net: CLOCKS_AND_RESETS_0/CCC_FIC_x_CLK/PF_CCC_C0_0/pll_inst_0_clkint_0
  9.448                        CLOCKS_AND_RESETS_0/CCC_FIC_x_CLK/PF_CCC_C0_0/clkint_0_1:A (r)
               +     0.130          cell: ADLIB:ICB_CLKINT
  9.578                        CLOCKS_AND_RESETS_0/CCC_FIC_x_CLK/PF_CCC_C0_0/clkint_0_1:Y (r)
               +     0.352          net: CLOCKS_AND_RESETS_0/CCC_FIC_x_CLK/PF_CCC_C0_0/clkint_0_NET
  9.930                        CLOCKS_AND_RESETS_0/CCC_FIC_x_CLK/PF_CCC_C0_0/clkint_0:A (r)
               +     0.147          cell: ADLIB:GB
  10.077                       CLOCKS_AND_RESETS_0/CCC_FIC_x_CLK/PF_CCC_C0_0/clkint_0:Y (r)
               +     0.371          net: CLOCKS_AND_RESETS_0/CCC_FIC_x_CLK/PF_CCC_C0_0/clkint_0/U0_Y
  10.448                       CLOCKS_AND_RESETS_0/CCC_FIC_x_CLK/PF_CCC_C0_0/clkint_0/U0_RGB1_RGB10:A (r)
               +     0.052          cell: ADLIB:RGB
  10.500                       CLOCKS_AND_RESETS_0/CCC_FIC_x_CLK/PF_CCC_C0_0/clkint_0/U0_RGB1_RGB10:Y (f)
               +     0.394          net: CLOCKS_AND_RESETS_0/CCC_FIC_x_CLK/PF_CCC_C0_0/clkint_0/U0_RGB1_RGB10_rgb_net_1
  10.894                       MIPI_CAMERA_0/mipicsi2rxdecoderPF_C0_0/MSC_i_0/MSC_i_1/interrupt_event_dly[0][0]:CLK (r)
               -     0.135          
  10.759                       clock jitter
               -     0.000          Library setup time: ADLIB:SLE
  10.759                       MIPI_CAMERA_0/mipicsi2rxdecoderPF_C0_0/MSC_i_0/MSC_i_1/interrupt_event_dly[0][0]:D
                                    
  10.759                       data required time


Operating Conditions : slow_lv_ht

END SET MIPI_CAMERA_0/PF_CCC_C1_0/PF_CCC_C1_0/pll_inst_0/OUT0 to CLOCKS_AND_RESETS_0/CCC_FIC_x_CLK/PF_CCC_C0_0/pll_inst_0/OUT0

----------------------------------------------------

SET MIPI_CAMERA_0/PF_IOD_GENERIC_RX_C0_0/PF_CLK_DIV_FIFO/I_CDD/Y_DIV to CLOCKS_AND_RESETS_0/CCC_FIC_x_CLK/PF_CCC_C0_0/pll_inst_0/OUT0

Path 1
  From: MIPI_CAMERA_0/PF_IOD_GENERIC_RX_C0_0/COREBCLKSCLKALIGN_0/PF_IOD_GENERIC_RX_C0_TR_0/genblk1.U_ICB_BCLKSCLKALIGN/RX_CLK_ALIGN_DONE:CLK
  To:   MIPI_CAMERA_0/mipicsi2rxdecoderPF_C0_0/MSC_i_0/MSC_i_1/interrupt_event_dly[0][3]:D
  Delay (ns):              3.879
  Slack (ns):              6.630
  Arrival (ns):            8.135
  Required (ns):          14.765
  Setup (ns):              0.000
  Operating Conditions: slow_lv_ht


Expanded Path 1
  From: MIPI_CAMERA_0/PF_IOD_GENERIC_RX_C0_0/COREBCLKSCLKALIGN_0/PF_IOD_GENERIC_RX_C0_TR_0/genblk1.U_ICB_BCLKSCLKALIGN/RX_CLK_ALIGN_DONE:CLK
  To: MIPI_CAMERA_0/mipicsi2rxdecoderPF_C0_0/MSC_i_0/MSC_i_1/interrupt_event_dly[0][3]:D
  data required time                                 14.765
  data arrival time                          -        8.135
  slack                                               6.630
  ________________________________________________________
  Data arrival time calculation
  0.000                        MIPI_CAMERA_0/PF_IOD_GENERIC_RX_C0_0/PF_CLK_DIV_FIFO/I_CDD/Y_DIV
               +     0.000          Clock source
  0.000                        MIPI_CAMERA_0/PF_IOD_GENERIC_RX_C0_0/PF_CLK_DIV_FIFO/I_CDD:Y_DIV (r)
               +     2.247          Clock generation
  2.247                        
               +     0.561          net: MIPI_CAMERA_0/PF_IOD_GENERIC_RX_C0_0/PF_CLK_DIV_FIFO_CLK_DIV_OUT
  2.808                        MIPI_CAMERA_0/PF_IOD_GENERIC_RX_C0_0/CLKINT_0_1:A (r)
               +     0.174          cell: ADLIB:ICB_CLKINT
  2.982                        MIPI_CAMERA_0/PF_IOD_GENERIC_RX_C0_0/CLKINT_0_1:Y (r)
               +     0.125          net: MIPI_CAMERA_0/PF_IOD_GENERIC_RX_C0_0/CLKINT_0_NET
  3.107                        MIPI_CAMERA_0/PF_IOD_GENERIC_RX_C0_0/CLKINT_0:A (r)
               +     0.158          cell: ADLIB:GB
  3.265                        MIPI_CAMERA_0/PF_IOD_GENERIC_RX_C0_0/CLKINT_0:Y (r)
               +     0.391          net: MIPI_CAMERA_0/PF_IOD_GENERIC_RX_C0_0/CLKINT_0/U0_Y
  3.656                        MIPI_CAMERA_0/PF_IOD_GENERIC_RX_C0_0/CLKINT_0/U0_RGB1_RGB2:A (r)
               +     0.058          cell: ADLIB:RGB
  3.714                        MIPI_CAMERA_0/PF_IOD_GENERIC_RX_C0_0/CLKINT_0/U0_RGB1_RGB2:Y (f)
               +     0.542          net: MIPI_CAMERA_0/PF_IOD_GENERIC_RX_C0_0/CLKINT_0/U0_RGB1_RGB2_rgb_net_1
  4.256                        MIPI_CAMERA_0/PF_IOD_GENERIC_RX_C0_0/COREBCLKSCLKALIGN_0/PF_IOD_GENERIC_RX_C0_TR_0/genblk1.U_ICB_BCLKSCLKALIGN/RX_CLK_ALIGN_DONE:CLK (r)
               +     0.201          cell: ADLIB:SLE
  4.457                        MIPI_CAMERA_0/PF_IOD_GENERIC_RX_C0_0/COREBCLKSCLKALIGN_0/PF_IOD_GENERIC_RX_C0_TR_0/genblk1.U_ICB_BCLKSCLKALIGN/RX_CLK_ALIGN_DONE:Q (r)
               +     3.603          net: MIPI_CAMERA_0/PF_IOD_GENERIC_RX_C0_0_CLK_TRAIN_DONE
  8.060                        MIPI_CAMERA_0/mipicsi2rxdecoderPF_C0_0/MSC_i_0/MSC_i_1/un1_diff_cnt[3]_1.un8_ISR_w:A (r)
               +     0.051          cell: ADLIB:CFG2
  8.111                        MIPI_CAMERA_0/mipicsi2rxdecoderPF_C0_0/MSC_i_0/MSC_i_1/un1_diff_cnt[3]_1.un8_ISR_w:Y (f)
               +     0.024          net: MIPI_CAMERA_0/mipicsi2rxdecoderPF_C0_0/MSC_i_0/MSC_i_1/un8_ISR_w
  8.135                        MIPI_CAMERA_0/mipicsi2rxdecoderPF_C0_0/MSC_i_0/MSC_i_1/interrupt_event_dly[0][3]:D (f)
                                    
  8.135                        data arrival time
  ________________________________________________________
  Data required time calculation
  8.000                        CLOCKS_AND_RESETS_0/CCC_FIC_x_CLK/PF_CCC_C0_0/pll_inst_0/OUT0
               +     0.000          Clock source
  8.000                        CLOCKS_AND_RESETS_0/CCC_FIC_x_CLK/PF_CCC_C0_0/pll_inst_0:OUT0 (r)
               +     3.893          Clock generation
  11.893                       
               +     1.555          net: CLOCKS_AND_RESETS_0/CCC_FIC_x_CLK/PF_CCC_C0_0/pll_inst_0_clkint_0
  13.448                       CLOCKS_AND_RESETS_0/CCC_FIC_x_CLK/PF_CCC_C0_0/clkint_0_1:A (r)
               +     0.130          cell: ADLIB:ICB_CLKINT
  13.578                       CLOCKS_AND_RESETS_0/CCC_FIC_x_CLK/PF_CCC_C0_0/clkint_0_1:Y (r)
               +     0.352          net: CLOCKS_AND_RESETS_0/CCC_FIC_x_CLK/PF_CCC_C0_0/clkint_0_NET
  13.930                       CLOCKS_AND_RESETS_0/CCC_FIC_x_CLK/PF_CCC_C0_0/clkint_0:A (r)
               +     0.147          cell: ADLIB:GB
  14.077                       CLOCKS_AND_RESETS_0/CCC_FIC_x_CLK/PF_CCC_C0_0/clkint_0:Y (r)
               +     0.371          net: CLOCKS_AND_RESETS_0/CCC_FIC_x_CLK/PF_CCC_C0_0/clkint_0/U0_Y
  14.448                       CLOCKS_AND_RESETS_0/CCC_FIC_x_CLK/PF_CCC_C0_0/clkint_0/U0_RGB1_RGB10:A (r)
               +     0.052          cell: ADLIB:RGB
  14.500                       CLOCKS_AND_RESETS_0/CCC_FIC_x_CLK/PF_CCC_C0_0/clkint_0/U0_RGB1_RGB10:Y (f)
               +     0.400          net: CLOCKS_AND_RESETS_0/CCC_FIC_x_CLK/PF_CCC_C0_0/clkint_0/U0_RGB1_RGB10_rgb_net_1
  14.900                       MIPI_CAMERA_0/mipicsi2rxdecoderPF_C0_0/MSC_i_0/MSC_i_1/interrupt_event_dly[0][3]:CLK (r)
               -     0.135          
  14.765                       clock jitter
               -     0.000          Library setup time: ADLIB:SLE
  14.765                       MIPI_CAMERA_0/mipicsi2rxdecoderPF_C0_0/MSC_i_0/MSC_i_1/interrupt_event_dly[0][3]:D
                                    
  14.765                       data required time


Operating Conditions : slow_lv_ht

END SET MIPI_CAMERA_0/PF_IOD_GENERIC_RX_C0_0/PF_CLK_DIV_FIFO/I_CDD/Y_DIV to CLOCKS_AND_RESETS_0/CCC_FIC_x_CLK/PF_CCC_C0_0/pll_inst_0/OUT0

----------------------------------------------------

Clock Domain CLOCKS_AND_RESETS_0/CCC_FIC_x_CLK/PF_CCC_C0_0/pll_inst_0/OUT1

SET Register to Register

Path 1
  From: MIPI_CAMERA_0/VDMA_C0_0/VDMA_C0_0/dma_top_0/vdma_write_0/ddr_write_vdma/async_fifo_vdma_0/rwptr2[2]:CLK
  To:   MIPI_CAMERA_0/VDMA_C0_0/VDMA_C0_0/dma_top_0/vdma_write_0/ddr_write_vdma/async_fifo_vdma_0/rdata_count[9]:D
  Delay (ns):              4.528
  Slack (ns):              3.291
  Arrival (ns):           10.581
  Required (ns):          13.872
  Setup (ns):              0.000
  Minimum Period (ns):     4.574
  Operating Conditions: slow_lv_ht

Path 2
  From: MIPI_CAMERA_0/VDMA_C0_0/VDMA_C0_0/dma_top_0/vdma_write_0/ddr_write_vdma/async_fifo_vdma_0/rwptr2[4]:CLK
  To:   MIPI_CAMERA_0/VDMA_C0_0/VDMA_C0_0/dma_top_0/vdma_write_0/ddr_write_vdma/async_fifo_vdma_0/rdata_count[9]:D
  Delay (ns):              4.523
  Slack (ns):              3.296
  Arrival (ns):           10.576
  Required (ns):          13.872
  Setup (ns):              0.000
  Minimum Period (ns):     4.569
  Operating Conditions: slow_lv_ht

Path 3
  From: MIPI_CAMERA_0/VDMA_C0_0/VDMA_C0_0/dma_top_0/vdma_write_0/ddr_write_vdma/async_fifo_vdma_0/rbin[0]:CLK
  To:   MIPI_CAMERA_0/VDMA_C0_0/VDMA_C0_0/dma_top_0/vdma_write_0/ddr_write_vdma/async_fifo_vdma_0/rdata_count[9]:D
  Delay (ns):              4.495
  Slack (ns):              3.311
  Arrival (ns):           10.539
  Required (ns):          13.850
  Setup (ns):              0.000
  Minimum Period (ns):     4.554
  Operating Conditions: slow_lv_ht

Path 4
  From: MIPI_CAMERA_0/VDMA_C0_0/VDMA_C0_0/dma_top_0/vdma_write_0/ddr_write_vdma/async_fifo_vdma_0/rwptr2[3]:CLK
  To:   MIPI_CAMERA_0/VDMA_C0_0/VDMA_C0_0/dma_top_0/vdma_write_0/ddr_write_vdma/async_fifo_vdma_0/rdata_count[9]:D
  Delay (ns):              4.389
  Slack (ns):              3.431
  Arrival (ns):           10.441
  Required (ns):          13.872
  Setup (ns):              0.000
  Minimum Period (ns):     4.434
  Operating Conditions: slow_lv_ht

Path 5
  From: MIPI_CAMERA_0/VDMA_C0_0/VDMA_C0_0/dma_top_0/vdma_write_0/ddr_write_vdma/async_fifo_vdma_0/rwptr2[1]:CLK
  To:   MIPI_CAMERA_0/VDMA_C0_0/VDMA_C0_0/dma_top_0/vdma_write_0/ddr_write_vdma/async_fifo_vdma_0/rdata_count[9]:D
  Delay (ns):              4.300
  Slack (ns):              3.519
  Arrival (ns):           10.353
  Required (ns):          13.872
  Setup (ns):              0.000
  Minimum Period (ns):     4.346
  Operating Conditions: slow_lv_ht


Expanded Path 1
  From: MIPI_CAMERA_0/VDMA_C0_0/VDMA_C0_0/dma_top_0/vdma_write_0/ddr_write_vdma/async_fifo_vdma_0/rwptr2[2]:CLK
  To: MIPI_CAMERA_0/VDMA_C0_0/VDMA_C0_0/dma_top_0/vdma_write_0/ddr_write_vdma/async_fifo_vdma_0/rdata_count[9]:D
  data required time                                 13.872
  data arrival time                          -       10.581
  slack                                               3.291
  ________________________________________________________
  Data arrival time calculation
  0.000                        CLOCKS_AND_RESETS_0/CCC_FIC_x_CLK/PF_CCC_C0_0/pll_inst_0/OUT1
               +     0.000          Clock source
  0.000                        CLOCKS_AND_RESETS_0/CCC_FIC_x_CLK/PF_CCC_C0_0/pll_inst_0:OUT1 (r)
               +     4.311          Clock generation
  4.311                        
               +     0.256          net: CLOCKS_AND_RESETS_0/CCC_FIC_x_CLK/PF_CCC_C0_0/pll_inst_0_clkint_4
  4.567                        CLOCKS_AND_RESETS_0/CCC_FIC_x_CLK/PF_CCC_C0_0/clkint_4_1:A (r)
               +     0.234          cell: ADLIB:ICB_CLKINT
  4.801                        CLOCKS_AND_RESETS_0/CCC_FIC_x_CLK/PF_CCC_C0_0/clkint_4_1:Y (r)
               +     0.144          net: CLOCKS_AND_RESETS_0/CCC_FIC_x_CLK/PF_CCC_C0_0/clkint_4_NET
  4.945                        CLOCKS_AND_RESETS_0/CCC_FIC_x_CLK/PF_CCC_C0_0/clkint_4:A (r)
               +     0.162          cell: ADLIB:GB
  5.107                        CLOCKS_AND_RESETS_0/CCC_FIC_x_CLK/PF_CCC_C0_0/clkint_4:Y (r)
               +     0.413          net: CLOCKS_AND_RESETS_0/CCC_FIC_x_CLK/PF_CCC_C0_0/clkint_4/U0_Y
  5.520                        CLOCKS_AND_RESETS_0/CCC_FIC_x_CLK/PF_CCC_C0_0/clkint_4/U0_RGB1_RGB0:A (r)
               +     0.058          cell: ADLIB:RGB
  5.578                        CLOCKS_AND_RESETS_0/CCC_FIC_x_CLK/PF_CCC_C0_0/clkint_4/U0_RGB1_RGB0:Y (f)
               +     0.475          net: CLOCKS_AND_RESETS_0/CCC_FIC_x_CLK/PF_CCC_C0_0/clkint_4/U0_RGB1_RGB0_rgb_net_1
  6.053                        MIPI_CAMERA_0/VDMA_C0_0/VDMA_C0_0/dma_top_0/vdma_write_0/ddr_write_vdma/async_fifo_vdma_0/rwptr2[2]:CLK (r)
               +     0.201          cell: ADLIB:SLE
  6.254                        MIPI_CAMERA_0/VDMA_C0_0/VDMA_C0_0/dma_top_0/vdma_write_0/ddr_write_vdma/async_fifo_vdma_0/rwptr2[2]:Q (r)
               +     0.366          net: MIPI_CAMERA_0/VDMA_C0_0/VDMA_C0_0/dma_top_0/vdma_write_0/ddr_write_vdma/async_fifo_vdma_0/rwptr2_Z[2]
  6.620                        MIPI_CAMERA_0/VDMA_C0_0/VDMA_C0_0/dma_top_0/vdma_write_0/ddr_write_vdma/async_fifo_vdma_0/un27_rdata_count_v_0_a2[1]:B (r)
               +     0.090          cell: ADLIB:CFG4
  6.710                        MIPI_CAMERA_0/VDMA_C0_0/VDMA_C0_0/dma_top_0/vdma_write_0/ddr_write_vdma/async_fifo_vdma_0/un27_rdata_count_v_0_a2[1]:Y (r)
               +     0.505          net: MIPI_CAMERA_0/VDMA_C0_0/VDMA_C0_0/dma_top_0/vdma_write_0/ddr_write_vdma/async_fifo_vdma_0/rwbin_22_0_0_0[1]
  7.215                        MIPI_CAMERA_0/VDMA_C0_0/VDMA_C0_0/dma_top_0/vdma_write_0/ddr_write_vdma/async_fifo_vdma_0/un27_rdata_count_11_axb_1:A (r)
               +     0.053          cell: ADLIB:CFG2
  7.268                        MIPI_CAMERA_0/VDMA_C0_0/VDMA_C0_0/dma_top_0/vdma_write_0/ddr_write_vdma/async_fifo_vdma_0/un27_rdata_count_11_axb_1:Y (r)
               +     0.366          net: MIPI_CAMERA_0/VDMA_C0_0/VDMA_C0_0/dma_top_0/vdma_write_0/ddr_write_vdma/async_fifo_vdma_0/un27_rdata_count_11_axb_1_Z
  7.634                        MIPI_CAMERA_0/VDMA_C0_0/VDMA_C0_0/dma_top_0/vdma_write_0/ddr_write_vdma/async_fifo_vdma_0/un27_rdata_count_11_cry_1:C (r)
               +     0.090          cell: ADLIB:ARI1_CC
  7.724                        MIPI_CAMERA_0/VDMA_C0_0/VDMA_C0_0/dma_top_0/vdma_write_0/ddr_write_vdma/async_fifo_vdma_0/un27_rdata_count_11_cry_1:P (r)
               +     0.014          net: NET_CC_CONFIG9572
  7.738                        MIPI_CAMERA_0/VDMA_C0_0/VDMA_C0_0/dma_top_0/vdma_write_0/ddr_write_vdma/async_fifo_vdma_0/un27_rdata_count_11_cry_0_CC_0:P[1] (r)
               +     0.394          cell: ADLIB:CC_CONFIG
  8.132                        MIPI_CAMERA_0/VDMA_C0_0/VDMA_C0_0/dma_top_0/vdma_write_0/ddr_write_vdma/async_fifo_vdma_0/un27_rdata_count_11_cry_0_CC_0:CC[9] (r)
               +     0.000          net: NET_CC_CONFIG9607
  8.132                        MIPI_CAMERA_0/VDMA_C0_0/VDMA_C0_0/dma_top_0/vdma_write_0/ddr_write_vdma/async_fifo_vdma_0/un27_rdata_count_11_cry_9:CC (r)
               +     0.063          cell: ADLIB:ARI1_CC
  8.195                        MIPI_CAMERA_0/VDMA_C0_0/VDMA_C0_0/dma_top_0/vdma_write_0/ddr_write_vdma/async_fifo_vdma_0/un27_rdata_count_11_cry_9:S (r)
               +     0.381          net: MIPI_CAMERA_0/VDMA_C0_0/VDMA_C0_0/dma_top_0/vdma_write_0/ddr_write_vdma/async_fifo_vdma_0/un27_rdata_count1101[9]
  8.576                        MIPI_CAMERA_0/VDMA_C0_0/VDMA_C0_0/dma_top_0/vdma_write_0/ddr_write_vdma/async_fifo_vdma_0/un27_rdata_count_1_m_0_1_0_wmux[9]:D (r)
               +     0.238          cell: ADLIB:CFG4A
  8.814                        MIPI_CAMERA_0/VDMA_C0_0/VDMA_C0_0/dma_top_0/vdma_write_0/ddr_write_vdma/async_fifo_vdma_0/un27_rdata_count_1_m_0_1_0_wmux[9]:Y (r)
               +     0.077          net: MIPI_CAMERA_0/VDMA_C0_0/VDMA_C0_0/dma_top_0/vdma_write_0/ddr_write_vdma/async_fifo_vdma_0/un27_rdata_count_1_m_0_1_0_y0[9]
  8.891                        MIPI_CAMERA_0/VDMA_C0_0/VDMA_C0_0/dma_top_0/vdma_write_0/ddr_write_vdma/async_fifo_vdma_0/un27_rdata_count_1_m_0_1_wmux_0[9]:A (r)
               +     0.078          cell: ADLIB:CFG4A
  8.969                        MIPI_CAMERA_0/VDMA_C0_0/VDMA_C0_0/dma_top_0/vdma_write_0/ddr_write_vdma/async_fifo_vdma_0/un27_rdata_count_1_m_0_1_wmux_0[9]:Y (r)
               +     0.649          net: MIPI_CAMERA_0/VDMA_C0_0/VDMA_C0_0/dma_top_0/vdma_write_0/ddr_write_vdma/async_fifo_vdma_0/un27_rdata_count11[9]
  9.618                        MIPI_CAMERA_0/VDMA_C0_0/VDMA_C0_0/dma_top_0/vdma_write_0/ddr_write_vdma/async_fifo_vdma_0/rdata_count_7_0[9]:C (r)
               +     0.090          cell: ADLIB:CFG3
  9.708                        MIPI_CAMERA_0/VDMA_C0_0/VDMA_C0_0/dma_top_0/vdma_write_0/ddr_write_vdma/async_fifo_vdma_0/rdata_count_7_0[9]:Y (r)
               +     0.795          net: MIPI_CAMERA_0/VDMA_C0_0/VDMA_C0_0/dma_top_0/vdma_write_0/ddr_write_vdma/async_fifo_vdma_0/N_268
  10.503                       MIPI_CAMERA_0/VDMA_C0_0/VDMA_C0_0/dma_top_0/vdma_write_0/ddr_write_vdma/async_fifo_vdma_0/rdata_count_7[9]:B (r)
               +     0.053          cell: ADLIB:CFG4
  10.556                       MIPI_CAMERA_0/VDMA_C0_0/VDMA_C0_0/dma_top_0/vdma_write_0/ddr_write_vdma/async_fifo_vdma_0/rdata_count_7[9]:Y (r)
               +     0.025          net: MIPI_CAMERA_0/VDMA_C0_0/VDMA_C0_0/dma_top_0/vdma_write_0/ddr_write_vdma/async_fifo_vdma_0/rdata_count_7_Z[9]
  10.581                       MIPI_CAMERA_0/VDMA_C0_0/VDMA_C0_0/dma_top_0/vdma_write_0/ddr_write_vdma/async_fifo_vdma_0/rdata_count[9]:D (r)
                                    
  10.581                       data arrival time
  ________________________________________________________
  Data required time calculation
  8.000                        CLOCKS_AND_RESETS_0/CCC_FIC_x_CLK/PF_CCC_C0_0/pll_inst_0/OUT1
               +     0.000          Clock source
  8.000                        CLOCKS_AND_RESETS_0/CCC_FIC_x_CLK/PF_CCC_C0_0/pll_inst_0:OUT1 (r)
               +     3.892          Clock generation
  11.892                       
               +     0.233          net: CLOCKS_AND_RESETS_0/CCC_FIC_x_CLK/PF_CCC_C0_0/pll_inst_0_clkint_4
  12.125                       CLOCKS_AND_RESETS_0/CCC_FIC_x_CLK/PF_CCC_C0_0/clkint_4_1:A (r)
               +     0.203          cell: ADLIB:ICB_CLKINT
  12.328                       CLOCKS_AND_RESETS_0/CCC_FIC_x_CLK/PF_CCC_C0_0/clkint_4_1:Y (r)
               +     0.132          net: CLOCKS_AND_RESETS_0/CCC_FIC_x_CLK/PF_CCC_C0_0/clkint_4_NET
  12.460                       CLOCKS_AND_RESETS_0/CCC_FIC_x_CLK/PF_CCC_C0_0/clkint_4:A (r)
               +     0.147          cell: ADLIB:GB
  12.607                       CLOCKS_AND_RESETS_0/CCC_FIC_x_CLK/PF_CCC_C0_0/clkint_4:Y (r)
               +     0.374          net: CLOCKS_AND_RESETS_0/CCC_FIC_x_CLK/PF_CCC_C0_0/clkint_4/U0_Y
  12.981                       CLOCKS_AND_RESETS_0/CCC_FIC_x_CLK/PF_CCC_C0_0/clkint_4/U0_RGB1_RGB0:A (r)
               +     0.052          cell: ADLIB:RGB
  13.033                       CLOCKS_AND_RESETS_0/CCC_FIC_x_CLK/PF_CCC_C0_0/clkint_4/U0_RGB1_RGB0:Y (f)
               +     0.407          net: CLOCKS_AND_RESETS_0/CCC_FIC_x_CLK/PF_CCC_C0_0/clkint_4/U0_RGB1_RGB0_rgb_net_1
  13.440                       MIPI_CAMERA_0/VDMA_C0_0/VDMA_C0_0/dma_top_0/vdma_write_0/ddr_write_vdma/async_fifo_vdma_0/rdata_count[9]:CLK (r)
               +     0.567          
  14.007                       clock reconvergence pessimism
               -     0.135          
  13.872                       clock jitter
               -     0.000          Library setup time: ADLIB:SLE
  13.872                       MIPI_CAMERA_0/VDMA_C0_0/VDMA_C0_0/dma_top_0/vdma_write_0/ddr_write_vdma/async_fifo_vdma_0/rdata_count[9]:D
                                    
  13.872                       data required time


Operating Conditions : slow_lv_ht

END SET Register to Register

----------------------------------------------------

SET External Setup

No Path 

END SET External Setup

----------------------------------------------------

SET Clock to Output

No Path 

END SET Clock to Output

----------------------------------------------------

SET Register to Asynchronous

Path 1
  From: MIPI_CAMERA_0/VDMA_C0_0/VDMA_C0_0/dma_top_0/vdma_ip_reset_0/synchronizer_circuit_2stage_ddr_clk/sync_out_o:CLK
  To:   MIPI_CAMERA_0/VDMA_C0_0/VDMA_C0_0/dma_top_0/vdma_write_0/ddr_write_vdma/ddr_write_controller_vdma_0/s_clr_eof_cnt[2]:ALn
  Delay (ns):              1.581
  Slack (ns):              6.044
  Arrival (ns):            7.648
  Required (ns):          13.692
  Recovery (ns):           0.196
  Minimum Period (ns):     1.821
  Skew (ns):               0.044
  Operating Conditions: slow_lv_ht

Path 2
  From: MIPI_CAMERA_0/VDMA_C0_0/VDMA_C0_0/dma_top_0/vdma_ip_reset_0/synchronizer_circuit_2stage_ddr_clk/sync_out_o:CLK
  To:   MIPI_CAMERA_0/VDMA_C0_0/VDMA_C0_0/dma_top_0/vdma_write_0/ddr_write_vdma/ddr_write_controller_vdma_0/s_clr_eof_cnt[1]:ALn
  Delay (ns):              1.581
  Slack (ns):              6.044
  Arrival (ns):            7.648
  Required (ns):          13.692
  Recovery (ns):           0.196
  Minimum Period (ns):     1.821
  Skew (ns):               0.044
  Operating Conditions: slow_lv_ht

Path 3
  From: MIPI_CAMERA_0/VDMA_C0_0/VDMA_C0_0/dma_top_0/vdma_ip_reset_0/synchronizer_circuit_2stage_ddr_clk/sync_out_o:CLK
  To:   MIPI_CAMERA_0/VDMA_C0_0/VDMA_C0_0/dma_top_0/vdma_write_0/ddr_write_vdma/ddr_write_controller_vdma_0/s_clr_eof_cnt[0]:ALn
  Delay (ns):              1.581
  Slack (ns):              6.044
  Arrival (ns):            7.648
  Required (ns):          13.692
  Recovery (ns):           0.196
  Minimum Period (ns):     1.821
  Skew (ns):               0.044
  Operating Conditions: slow_lv_ht

Path 4
  From: MIPI_CAMERA_0/VDMA_C0_0/VDMA_C0_0/dma_top_0/vdma_ip_reset_0/synchronizer_circuit_2stage_ddr_clk/sync_out_o:CLK
  To:   MIPI_CAMERA_0/VDMA_C0_0/VDMA_C0_0/dma_top_0/vdma_write_0/ddr_write_vdma/ddr_write_controller_vdma_0/r_int_dma_0[0]:ALn
  Delay (ns):              1.581
  Slack (ns):              6.044
  Arrival (ns):            7.648
  Required (ns):          13.692
  Recovery (ns):           0.196
  Minimum Period (ns):     1.821
  Skew (ns):               0.044
  Operating Conditions: slow_lv_ht

Path 5
  From: MIPI_CAMERA_0/VDMA_C0_0/VDMA_C0_0/dma_top_0/vdma_ip_reset_0/synchronizer_circuit_2stage_ddr_clk/sync_out_o:CLK
  To:   MIPI_CAMERA_0/VDMA_C0_0/VDMA_C0_0/dma_top_0/vdma_write_0/ddr_write_vdma/ddr_write_controller_vdma_0/frame_size_fifo_wr:ALn
  Delay (ns):              1.581
  Slack (ns):              6.044
  Arrival (ns):            7.648
  Required (ns):          13.692
  Recovery (ns):           0.196
  Minimum Period (ns):     1.821
  Skew (ns):               0.044
  Operating Conditions: slow_lv_ht


Expanded Path 1
  From: MIPI_CAMERA_0/VDMA_C0_0/VDMA_C0_0/dma_top_0/vdma_ip_reset_0/synchronizer_circuit_2stage_ddr_clk/sync_out_o:CLK
  To: MIPI_CAMERA_0/VDMA_C0_0/VDMA_C0_0/dma_top_0/vdma_write_0/ddr_write_vdma/ddr_write_controller_vdma_0/s_clr_eof_cnt[2]:ALn
  data required time                                 13.692
  data arrival time                          -        7.648
  slack                                               6.044
  ________________________________________________________
  Data arrival time calculation
  0.000                        CLOCKS_AND_RESETS_0/CCC_FIC_x_CLK/PF_CCC_C0_0/pll_inst_0/OUT1
               +     0.000          Clock source
  0.000                        CLOCKS_AND_RESETS_0/CCC_FIC_x_CLK/PF_CCC_C0_0/pll_inst_0:OUT1 (r)
               +     4.311          Clock generation
  4.311                        
               +     0.256          net: CLOCKS_AND_RESETS_0/CCC_FIC_x_CLK/PF_CCC_C0_0/pll_inst_0_clkint_4
  4.567                        CLOCKS_AND_RESETS_0/CCC_FIC_x_CLK/PF_CCC_C0_0/clkint_4_1:A (r)
               +     0.234          cell: ADLIB:ICB_CLKINT
  4.801                        CLOCKS_AND_RESETS_0/CCC_FIC_x_CLK/PF_CCC_C0_0/clkint_4_1:Y (r)
               +     0.144          net: CLOCKS_AND_RESETS_0/CCC_FIC_x_CLK/PF_CCC_C0_0/clkint_4_NET
  4.945                        CLOCKS_AND_RESETS_0/CCC_FIC_x_CLK/PF_CCC_C0_0/clkint_4:A (r)
               +     0.162          cell: ADLIB:GB
  5.107                        CLOCKS_AND_RESETS_0/CCC_FIC_x_CLK/PF_CCC_C0_0/clkint_4:Y (r)
               +     0.415          net: CLOCKS_AND_RESETS_0/CCC_FIC_x_CLK/PF_CCC_C0_0/clkint_4/U0_Y
  5.522                        CLOCKS_AND_RESETS_0/CCC_FIC_x_CLK/PF_CCC_C0_0/clkint_4/U0_RGB1:A (r)
               +     0.058          cell: ADLIB:RGB
  5.580                        CLOCKS_AND_RESETS_0/CCC_FIC_x_CLK/PF_CCC_C0_0/clkint_4/U0_RGB1:Y (f)
               +     0.487          net: CLOCKS_AND_RESETS_0_FIC_1_CLK
  6.067                        MIPI_CAMERA_0/VDMA_C0_0/VDMA_C0_0/dma_top_0/vdma_ip_reset_0/synchronizer_circuit_2stage_ddr_clk/sync_out_o:CLK (r)
               +     0.201          cell: ADLIB:SLE
  6.268                        MIPI_CAMERA_0/VDMA_C0_0/VDMA_C0_0/dma_top_0/vdma_ip_reset_0/synchronizer_circuit_2stage_ddr_clk/sync_out_o:Q (r)
               +     1.380          net: MIPI_CAMERA_0/VDMA_C0_0/VDMA_C0_0/dma_top_0/sync_out_o_1
  7.648                        MIPI_CAMERA_0/VDMA_C0_0/VDMA_C0_0/dma_top_0/vdma_write_0/ddr_write_vdma/ddr_write_controller_vdma_0/s_clr_eof_cnt[2]:ALn (r)
                                    
  7.648                        data arrival time
  ________________________________________________________
  Data required time calculation
  8.000                        CLOCKS_AND_RESETS_0/CCC_FIC_x_CLK/PF_CCC_C0_0/pll_inst_0/OUT1
               +     0.000          Clock source
  8.000                        CLOCKS_AND_RESETS_0/CCC_FIC_x_CLK/PF_CCC_C0_0/pll_inst_0:OUT1 (r)
               +     3.892          Clock generation
  11.892                       
               +     0.233          net: CLOCKS_AND_RESETS_0/CCC_FIC_x_CLK/PF_CCC_C0_0/pll_inst_0_clkint_4
  12.125                       CLOCKS_AND_RESETS_0/CCC_FIC_x_CLK/PF_CCC_C0_0/clkint_4_1:A (r)
               +     0.203          cell: ADLIB:ICB_CLKINT
  12.328                       CLOCKS_AND_RESETS_0/CCC_FIC_x_CLK/PF_CCC_C0_0/clkint_4_1:Y (r)
               +     0.132          net: CLOCKS_AND_RESETS_0/CCC_FIC_x_CLK/PF_CCC_C0_0/clkint_4_NET
  12.460                       CLOCKS_AND_RESETS_0/CCC_FIC_x_CLK/PF_CCC_C0_0/clkint_4:A (r)
               +     0.147          cell: ADLIB:GB
  12.607                       CLOCKS_AND_RESETS_0/CCC_FIC_x_CLK/PF_CCC_C0_0/clkint_4:Y (r)
               +     0.376          net: CLOCKS_AND_RESETS_0/CCC_FIC_x_CLK/PF_CCC_C0_0/clkint_4/U0_Y
  12.983                       CLOCKS_AND_RESETS_0/CCC_FIC_x_CLK/PF_CCC_C0_0/clkint_4/U0_RGB1:A (r)
               +     0.052          cell: ADLIB:RGB
  13.035                       CLOCKS_AND_RESETS_0/CCC_FIC_x_CLK/PF_CCC_C0_0/clkint_4/U0_RGB1:Y (f)
               +     0.421          net: CLOCKS_AND_RESETS_0_FIC_1_CLK
  13.456                       MIPI_CAMERA_0/VDMA_C0_0/VDMA_C0_0/dma_top_0/vdma_write_0/ddr_write_vdma/ddr_write_controller_vdma_0/s_clr_eof_cnt[2]:CLK (r)
               +     0.567          
  14.023                       clock reconvergence pessimism
               -     0.135          
  13.888                       clock jitter
               -     0.196          Library recovery time: ADLIB:SLE
  13.692                       MIPI_CAMERA_0/VDMA_C0_0/VDMA_C0_0/dma_top_0/vdma_write_0/ddr_write_vdma/ddr_write_controller_vdma_0/s_clr_eof_cnt[2]:ALn
                                    
  13.692                       data required time


Operating Conditions : slow_lv_ht

END SET Register to Asynchronous

----------------------------------------------------

SET External Recovery

No Path 

END SET External Recovery

----------------------------------------------------

SET Asynchronous to Register

No Path 

END SET Asynchronous to Register

----------------------------------------------------

SET CLOCKS_AND_RESETS_0/CCC_FIC_x_CLK/PF_CCC_C0_0/pll_inst_0/OUT0 to CLOCKS_AND_RESETS_0/CCC_FIC_x_CLK/PF_CCC_C0_0/pll_inst_0/OUT1

Path 1
  From: CLOCKS_AND_RESETS_0/RESET_FIC_0_CLK/CORERESET_0/dff_15[0]:CLK
  To:   MIPI_CAMERA_0/VDMA_C0_0/VDMA_C0_0/dma_top_0/vdma_write_0/ddr_write_vdma/ddr_write_controller_vdma_0/write_start_addr_o_1[36]:EN
  Delay (ns):              3.934
  Slack (ns):              2.036
  Arrival (ns):           11.552
  Required (ns):          13.588
  Setup (ns):              0.128
  Operating Conditions: slow_lv_ht

Path 2
  From: CLOCKS_AND_RESETS_0/RESET_FIC_0_CLK/CORERESET_0/dff_15[0]:CLK
  To:   MIPI_CAMERA_0/VDMA_C0_0/VDMA_C0_0/dma_top_0/vdma_write_0/ddr_write_vdma/ddr_write_controller_vdma_0/write_start_addr_o_1[34]:EN
  Delay (ns):              3.934
  Slack (ns):              2.036
  Arrival (ns):           11.552
  Required (ns):          13.588
  Setup (ns):              0.128
  Operating Conditions: slow_lv_ht

Path 3
  From: CLOCKS_AND_RESETS_0/RESET_FIC_0_CLK/CORERESET_0/dff_15[0]:CLK
  To:   MIPI_CAMERA_0/VDMA_C0_0/VDMA_C0_0/dma_top_0/vdma_write_0/ddr_write_vdma/ddr_write_controller_vdma_0/write_start_addr_o_1[32]:EN
  Delay (ns):              3.934
  Slack (ns):              2.036
  Arrival (ns):           11.552
  Required (ns):          13.588
  Setup (ns):              0.128
  Operating Conditions: slow_lv_ht

Path 4
  From: CLOCKS_AND_RESETS_0/RESET_FIC_0_CLK/CORERESET_0/dff_15[0]:CLK
  To:   MIPI_CAMERA_0/VDMA_C0_0/VDMA_C0_0/dma_top_0/vdma_write_0/ddr_write_vdma/ddr_write_controller_vdma_0/write_start_addr_o_1[33]:EN
  Delay (ns):              3.932
  Slack (ns):              2.037
  Arrival (ns):           11.550
  Required (ns):          13.587
  Setup (ns):              0.128
  Operating Conditions: slow_lv_ht

Path 5
  From: CLOCKS_AND_RESETS_0/RESET_FIC_0_CLK/CORERESET_0/dff_15[0]:CLK
  To:   MIPI_CAMERA_0/VDMA_C0_0/VDMA_C0_0/dma_top_0/vdma_write_0/ddr_write_vdma/ddr_write_controller_vdma_0/write_start_addr_o_1[30]:EN
  Delay (ns):              3.933
  Slack (ns):              2.037
  Arrival (ns):           11.551
  Required (ns):          13.588
  Setup (ns):              0.128
  Operating Conditions: slow_lv_ht


Expanded Path 1
  From: CLOCKS_AND_RESETS_0/RESET_FIC_0_CLK/CORERESET_0/dff_15[0]:CLK
  To: MIPI_CAMERA_0/VDMA_C0_0/VDMA_C0_0/dma_top_0/vdma_write_0/ddr_write_vdma/ddr_write_controller_vdma_0/write_start_addr_o_1[36]:EN
  data required time                                 13.588
  data arrival time                          -       11.552
  slack                                               2.036
  ________________________________________________________
  Data arrival time calculation
  0.000                        CLOCKS_AND_RESETS_0/CCC_FIC_x_CLK/PF_CCC_C0_0/pll_inst_0/OUT0
               +     0.000          Clock source
  0.000                        CLOCKS_AND_RESETS_0/CCC_FIC_x_CLK/PF_CCC_C0_0/pll_inst_0:OUT0 (r)
               +     4.312          Clock generation
  4.312                        
               +     1.709          net: CLOCKS_AND_RESETS_0/CCC_FIC_x_CLK/PF_CCC_C0_0/pll_inst_0_clkint_0
  6.021                        CLOCKS_AND_RESETS_0/CCC_FIC_x_CLK/PF_CCC_C0_0/clkint_0_1:A (r)
               +     0.150          cell: ADLIB:ICB_CLKINT
  6.171                        CLOCKS_AND_RESETS_0/CCC_FIC_x_CLK/PF_CCC_C0_0/clkint_0_1:Y (r)
               +     0.386          net: CLOCKS_AND_RESETS_0/CCC_FIC_x_CLK/PF_CCC_C0_0/clkint_0_NET
  6.557                        CLOCKS_AND_RESETS_0/CCC_FIC_x_CLK/PF_CCC_C0_0/clkint_0:A (r)
               +     0.161          cell: ADLIB:GB
  6.718                        CLOCKS_AND_RESETS_0/CCC_FIC_x_CLK/PF_CCC_C0_0/clkint_0:Y (r)
               +     0.387          net: CLOCKS_AND_RESETS_0/CCC_FIC_x_CLK/PF_CCC_C0_0/clkint_0/U0_Y
  7.105                        CLOCKS_AND_RESETS_0/CCC_FIC_x_CLK/PF_CCC_C0_0/clkint_0/U0_RGB1_RGB18:A (r)
               +     0.058          cell: ADLIB:RGB
  7.163                        CLOCKS_AND_RESETS_0/CCC_FIC_x_CLK/PF_CCC_C0_0/clkint_0/U0_RGB1_RGB18:Y (f)
               +     0.455          net: CLOCKS_AND_RESETS_0/CCC_FIC_x_CLK/PF_CCC_C0_0/clkint_0/U0_RGB1_RGB18_rgb_net_1
  7.618                        CLOCKS_AND_RESETS_0/RESET_FIC_0_CLK/CORERESET_0/dff_15[0]:CLK (r)
               +     0.201          cell: ADLIB:SLE
  7.819                        CLOCKS_AND_RESETS_0/RESET_FIC_0_CLK/CORERESET_0/dff_15[0]:Q (r)
               +     2.730          net: CLOCKS_AND_RESETS_0_RESET_FIC_0_CLK_CORERESET_0_dff
  10.549                       MIPI_CAMERA_0/VDMA_C0_0/VDMA_C0_0/ddr_axi4_arbiter_vdma_0/genblk1.ddr_axi4_arbiter_native_vdma_0/write_top_vdma_0/write_demux_vdma_0/w0_done_o:B (r)
               +     0.053          cell: ADLIB:CFG3
  10.602                       MIPI_CAMERA_0/VDMA_C0_0/VDMA_C0_0/ddr_axi4_arbiter_vdma_0/genblk1.ddr_axi4_arbiter_native_vdma_0/write_top_vdma_0/write_demux_vdma_0/w0_done_o:Y (r)
               +     0.439          net: MIPI_CAMERA_0/VDMA_C0_0/VDMA_C0_0/DDR_AXI4_ARBITER_PF_0_w0_done_o
  11.041                       MIPI_CAMERA_0/VDMA_C0_0/VDMA_C0_0/dma_top_0/vdma_write_0/ddr_write_vdma/ddr_write_controller_vdma_0/un1_s_clr_eof_reg_0_sqmuxa:C (r)
               +     0.053          cell: ADLIB:CFG4
  11.094                       MIPI_CAMERA_0/VDMA_C0_0/VDMA_C0_0/dma_top_0/vdma_write_0/ddr_write_vdma/ddr_write_controller_vdma_0/un1_s_clr_eof_reg_0_sqmuxa:Y (r)
               +     0.458          net: MIPI_CAMERA_0/VDMA_C0_0/VDMA_C0_0/dma_top_0/vdma_write_0/ddr_write_vdma/ddr_write_controller_vdma_0/un1_s_clr_eof_reg_0_sqmuxa_Z
  11.552                       MIPI_CAMERA_0/VDMA_C0_0/VDMA_C0_0/dma_top_0/vdma_write_0/ddr_write_vdma/ddr_write_controller_vdma_0/write_start_addr_o_1[36]:EN (r)
                                    
  11.552                       data arrival time
  ________________________________________________________
  Data required time calculation
  8.000                        CLOCKS_AND_RESETS_0/CCC_FIC_x_CLK/PF_CCC_C0_0/pll_inst_0/OUT1
               +     0.000          Clock source
  8.000                        CLOCKS_AND_RESETS_0/CCC_FIC_x_CLK/PF_CCC_C0_0/pll_inst_0:OUT1 (r)
               +     3.892          Clock generation
  11.892                       
               +     0.233          net: CLOCKS_AND_RESETS_0/CCC_FIC_x_CLK/PF_CCC_C0_0/pll_inst_0_clkint_4
  12.125                       CLOCKS_AND_RESETS_0/CCC_FIC_x_CLK/PF_CCC_C0_0/clkint_4_1:A (r)
               +     0.203          cell: ADLIB:ICB_CLKINT
  12.328                       CLOCKS_AND_RESETS_0/CCC_FIC_x_CLK/PF_CCC_C0_0/clkint_4_1:Y (r)
               +     0.132          net: CLOCKS_AND_RESETS_0/CCC_FIC_x_CLK/PF_CCC_C0_0/clkint_4_NET
  12.460                       CLOCKS_AND_RESETS_0/CCC_FIC_x_CLK/PF_CCC_C0_0/clkint_4:A (r)
               +     0.147          cell: ADLIB:GB
  12.607                       CLOCKS_AND_RESETS_0/CCC_FIC_x_CLK/PF_CCC_C0_0/clkint_4:Y (r)
               +     0.376          net: CLOCKS_AND_RESETS_0/CCC_FIC_x_CLK/PF_CCC_C0_0/clkint_4/U0_Y
  12.983                       CLOCKS_AND_RESETS_0/CCC_FIC_x_CLK/PF_CCC_C0_0/clkint_4/U0_RGB1:A (r)
               +     0.052          cell: ADLIB:RGB
  13.035                       CLOCKS_AND_RESETS_0/CCC_FIC_x_CLK/PF_CCC_C0_0/clkint_4/U0_RGB1:Y (f)
               +     0.411          net: CLOCKS_AND_RESETS_0_FIC_1_CLK
  13.446                       MIPI_CAMERA_0/VDMA_C0_0/VDMA_C0_0/dma_top_0/vdma_write_0/ddr_write_vdma/ddr_write_controller_vdma_0/write_start_addr_o_1[36]:CLK (r)
               +     0.405          
  13.851                       clock reconvergence pessimism
               -     0.135          
  13.716                       clock jitter
               -     0.128          Library setup time: ADLIB:SLE
  13.588                       MIPI_CAMERA_0/VDMA_C0_0/VDMA_C0_0/dma_top_0/vdma_write_0/ddr_write_vdma/ddr_write_controller_vdma_0/write_start_addr_o_1[36]:EN
                                    
  13.588                       data required time


Operating Conditions : slow_lv_ht

END SET CLOCKS_AND_RESETS_0/CCC_FIC_x_CLK/PF_CCC_C0_0/pll_inst_0/OUT0 to CLOCKS_AND_RESETS_0/CCC_FIC_x_CLK/PF_CCC_C0_0/pll_inst_0/OUT1

----------------------------------------------------

SET MIPI_CAMERA_0/PF_CCC_C1_0/PF_CCC_C1_0/pll_inst_0/OUT0 to CLOCKS_AND_RESETS_0/CCC_FIC_x_CLK/PF_CCC_C0_0/pll_inst_0/OUT1

Path 1
  From: MIPI_CAMERA_0/VDMA_C0_0/VDMA_C0_0/dma_top_0/vdma_ip_reset_0/synchronizer_circuit_2stage_video_clk/sync_out_o:CLK
  To:   MIPI_CAMERA_0/VDMA_C0_0/VDMA_C0_0/dma_top_0/vdma_write_0/ddr_write_vdma/async_fifo_vdma_0/rdata_count[11]:D
  Delay (ns):              1.911
  Slack (ns):             -0.080
  Arrival (ns):            9.385
  Required (ns):           9.305
  Setup (ns):              0.000
  Operating Conditions: slow_lv_ht

Path 2
  From: MIPI_CAMERA_0/VDMA_C0_0/VDMA_C0_0/dma_top_0/vdma_write_0/buff_addr_fifo/RAM2PORT_ASYNC_FIFO_INST/ram_ram_0_0/INST_RAM1K20_IP:A_CLK
  To:   MIPI_CAMERA_0/VDMA_C0_0/VDMA_C0_0/dma_top_0/vdma_write_0/ddr_write_vdma/ddr_write_controller_vdma_0/write_start_addr_o_1[35]:D
  Delay (ns):              1.703
  Slack (ns):             -0.041
  Arrival (ns):            9.352
  Required (ns):           9.311
  Setup (ns):              0.000
  Operating Conditions: slow_lv_ht

Path 3
  From: MIPI_CAMERA_0/VDMA_C0_0/VDMA_C0_0/dma_top_0/vdma_write_0/buff_addr_fifo/RAM2PORT_ASYNC_FIFO_INST/ram_ram_0_0/INST_RAM1K20_IP:A_CLK
  To:   MIPI_CAMERA_0/VDMA_C0_0/VDMA_C0_0/dma_top_0/vdma_write_0/ddr_write_vdma/ddr_write_controller_vdma_0/write_start_addr_o_1[37]:D
  Delay (ns):              1.700
  Slack (ns):             -0.038
  Arrival (ns):            9.349
  Required (ns):           9.311
  Setup (ns):              0.000
  Operating Conditions: slow_lv_ht

Path 4
  From: MIPI_CAMERA_0/VDMA_C0_0/VDMA_C0_0/dma_top_0/vdma_write_0/buff_addr_fifo/RAM2PORT_ASYNC_FIFO_INST/ram_ram_0_0/INST_RAM1K20_IP:A_CLK
  To:   MIPI_CAMERA_0/VDMA_C0_0/VDMA_C0_0/dma_top_0/vdma_write_0/ddr_write_vdma/ddr_write_controller_vdma_0/write_start_addr_o_1[32]:D
  Delay (ns):              1.683
  Slack (ns):             -0.021
  Arrival (ns):            9.332
  Required (ns):           9.311
  Setup (ns):              0.000
  Operating Conditions: slow_lv_ht

Path 5
  From: MIPI_CAMERA_0/VDMA_C0_0/VDMA_C0_0/dma_top_0/vdma_write_0/buff_addr_fifo/RAM2PORT_ASYNC_FIFO_INST/ram_ram_0_0/INST_RAM1K20_IP:A_CLK
  To:   MIPI_CAMERA_0/VDMA_C0_0/VDMA_C0_0/dma_top_0/vdma_write_0/ddr_write_vdma/ddr_write_controller_vdma_0/write_start_addr_o_1[34]:D
  Delay (ns):              1.673
  Slack (ns):             -0.011
  Arrival (ns):            9.322
  Required (ns):           9.311
  Setup (ns):              0.000
  Operating Conditions: slow_lv_ht


Expanded Path 1
  From: MIPI_CAMERA_0/VDMA_C0_0/VDMA_C0_0/dma_top_0/vdma_ip_reset_0/synchronizer_circuit_2stage_video_clk/sync_out_o:CLK
  To: MIPI_CAMERA_0/VDMA_C0_0/VDMA_C0_0/dma_top_0/vdma_write_0/ddr_write_vdma/async_fifo_vdma_0/rdata_count[11]:D
  data required time                                  9.305
  data arrival time                          -        9.385
  slack                                              -0.080
  ________________________________________________________
  Data arrival time calculation
  0.000                        MIPI_CAMERA_0/PF_CCC_C1_0/PF_CCC_C1_0/pll_inst_0/OUT0
               +     0.000          Clock source
  0.000                        MIPI_CAMERA_0/PF_CCC_C1_0/PF_CCC_C1_0/pll_inst_0:OUT0 (r)
               +     5.699          Clock generation
  5.699                        
               +     0.281          net: MIPI_CAMERA_0/PF_CCC_C1_0/PF_CCC_C1_0/pll_inst_0_clkint_0
  5.980                        MIPI_CAMERA_0/PF_CCC_C1_0/PF_CCC_C1_0/clkint_0_1:A (r)
               +     0.243          cell: ADLIB:ICB_CLKINT
  6.223                        MIPI_CAMERA_0/PF_CCC_C1_0/PF_CCC_C1_0/clkint_0_1:Y (r)
               +     0.150          net: MIPI_CAMERA_0/PF_CCC_C1_0/PF_CCC_C1_0/clkint_0_NET
  6.373                        MIPI_CAMERA_0/PF_CCC_C1_0/PF_CCC_C1_0/clkint_0:A (r)
               +     0.164          cell: ADLIB:GB
  6.537                        MIPI_CAMERA_0/PF_CCC_C1_0/PF_CCC_C1_0/clkint_0:Y (r)
               +     0.417          net: MIPI_CAMERA_0/PF_CCC_C1_0/PF_CCC_C1_0/clkint_0/U0_Y
  6.954                        MIPI_CAMERA_0/PF_CCC_C1_0/PF_CCC_C1_0/clkint_0/U0_RGB1_RGB0:A (r)
               +     0.058          cell: ADLIB:RGB
  7.012                        MIPI_CAMERA_0/PF_CCC_C1_0/PF_CCC_C1_0/clkint_0/U0_RGB1_RGB0:Y (f)
               +     0.462          net: MIPI_CAMERA_0/PF_CCC_C1_0/PF_CCC_C1_0/clkint_0/U0_RGB1_RGB0_rgb_net_1
  7.474                        MIPI_CAMERA_0/VDMA_C0_0/VDMA_C0_0/dma_top_0/vdma_ip_reset_0/synchronizer_circuit_2stage_video_clk/sync_out_o:CLK (r)
               +     0.201          cell: ADLIB:SLE
  7.675                        MIPI_CAMERA_0/VDMA_C0_0/VDMA_C0_0/dma_top_0/vdma_ip_reset_0/synchronizer_circuit_2stage_video_clk/sync_out_o:Q (r)
               +     1.136          net: MIPI_CAMERA_0/VDMA_C0_0/VDMA_C0_0/dma_top_0/sync_out_o_0
  8.811                        MIPI_CAMERA_0/VDMA_C0_0/VDMA_C0_0/dma_top_0/vdma_write_0/ddr_write_vdma/async_fifo_vdma_0/rdata_count_7_3_1[11]:C (r)
               +     0.090          cell: ADLIB:CFG3
  8.901                        MIPI_CAMERA_0/VDMA_C0_0/VDMA_C0_0/dma_top_0/vdma_write_0/ddr_write_vdma/async_fifo_vdma_0/rdata_count_7_3_1[11]:Y (r)
               +     0.261          net: MIPI_CAMERA_0/VDMA_C0_0/VDMA_C0_0/dma_top_0/vdma_write_0/ddr_write_vdma/async_fifo_vdma_0/N_311_1
  9.162                        MIPI_CAMERA_0/VDMA_C0_0/VDMA_C0_0/dma_top_0/vdma_write_0/ddr_write_vdma/async_fifo_vdma_0/rdata_count_7[11]:A (r)
               +     0.200          cell: ADLIB:CFG4
  9.362                        MIPI_CAMERA_0/VDMA_C0_0/VDMA_C0_0/dma_top_0/vdma_write_0/ddr_write_vdma/async_fifo_vdma_0/rdata_count_7[11]:Y (r)
               +     0.023          net: MIPI_CAMERA_0/VDMA_C0_0/VDMA_C0_0/dma_top_0/vdma_write_0/ddr_write_vdma/async_fifo_vdma_0/rdata_count_7_Z[11]
  9.385                        MIPI_CAMERA_0/VDMA_C0_0/VDMA_C0_0/dma_top_0/vdma_write_0/ddr_write_vdma/async_fifo_vdma_0/rdata_count[11]:D (r)
                                    
  9.385                        data arrival time
  ________________________________________________________
  Data required time calculation
  4.000                        CLOCKS_AND_RESETS_0/CCC_FIC_x_CLK/PF_CCC_C0_0/pll_inst_0/OUT1
               +     0.000          Clock source
  4.000                        CLOCKS_AND_RESETS_0/CCC_FIC_x_CLK/PF_CCC_C0_0/pll_inst_0:OUT1 (r)
               +     3.892          Clock generation
  7.892                        
               +     0.233          net: CLOCKS_AND_RESETS_0/CCC_FIC_x_CLK/PF_CCC_C0_0/pll_inst_0_clkint_4
  8.125                        CLOCKS_AND_RESETS_0/CCC_FIC_x_CLK/PF_CCC_C0_0/clkint_4_1:A (r)
               +     0.203          cell: ADLIB:ICB_CLKINT
  8.328                        CLOCKS_AND_RESETS_0/CCC_FIC_x_CLK/PF_CCC_C0_0/clkint_4_1:Y (r)
               +     0.132          net: CLOCKS_AND_RESETS_0/CCC_FIC_x_CLK/PF_CCC_C0_0/clkint_4_NET
  8.460                        CLOCKS_AND_RESETS_0/CCC_FIC_x_CLK/PF_CCC_C0_0/clkint_4:A (r)
               +     0.147          cell: ADLIB:GB
  8.607                        CLOCKS_AND_RESETS_0/CCC_FIC_x_CLK/PF_CCC_C0_0/clkint_4:Y (r)
               +     0.374          net: CLOCKS_AND_RESETS_0/CCC_FIC_x_CLK/PF_CCC_C0_0/clkint_4/U0_Y
  8.981                        CLOCKS_AND_RESETS_0/CCC_FIC_x_CLK/PF_CCC_C0_0/clkint_4/U0_RGB1_RGB0:A (r)
               +     0.052          cell: ADLIB:RGB
  9.033                        CLOCKS_AND_RESETS_0/CCC_FIC_x_CLK/PF_CCC_C0_0/clkint_4/U0_RGB1_RGB0:Y (f)
               +     0.407          net: CLOCKS_AND_RESETS_0/CCC_FIC_x_CLK/PF_CCC_C0_0/clkint_4/U0_RGB1_RGB0_rgb_net_1
  9.440                        MIPI_CAMERA_0/VDMA_C0_0/VDMA_C0_0/dma_top_0/vdma_write_0/ddr_write_vdma/async_fifo_vdma_0/rdata_count[11]:CLK (r)
               -     0.135          
  9.305                        clock jitter
               -     0.000          Library setup time: ADLIB:SLE
  9.305                        MIPI_CAMERA_0/VDMA_C0_0/VDMA_C0_0/dma_top_0/vdma_write_0/ddr_write_vdma/async_fifo_vdma_0/rdata_count[11]:D
                                    
  9.305                        data required time


Operating Conditions : slow_lv_ht

END SET MIPI_CAMERA_0/PF_CCC_C1_0/PF_CCC_C1_0/pll_inst_0/OUT0 to CLOCKS_AND_RESETS_0/CCC_FIC_x_CLK/PF_CCC_C0_0/pll_inst_0/OUT1

----------------------------------------------------

Clock Domain CLOCKS_AND_RESETS_0/CCC_FIC_x_CLK/PF_CCC_C0_0/pll_inst_0/OUT3

SET Register to Register

Path 1
  From: MSS_WRAPPER_0/MPFS_DISCOVERY_KIT_MSS_0/I_MSS:FIC_3_PCLK
  To:   MSS_WRAPPER_0/MPFS_DISCOVERY_KIT_MSS_0/I_MSS:FIC_3_APB_M_PRDATA[2]
  Delay (ns):              7.317
  Slack (ns):              2.615
  Arrival (ns):           14.355
  Required (ns):          16.970
  Setup (ns):             -0.105
  Minimum Period (ns):    14.500
  Operating Conditions: slow_lv_ht

Path 2
  From: MSS_WRAPPER_0/MPFS_DISCOVERY_KIT_MSS_0/I_MSS:FIC_3_PCLK
  To:   MSS_WRAPPER_0/MPFS_DISCOVERY_KIT_MSS_0/I_MSS:FIC_3_APB_M_PRDATA[1]
  Delay (ns):              7.174
  Slack (ns):              2.803
  Arrival (ns):           14.212
  Required (ns):          17.015
  Setup (ns):             -0.150
  Minimum Period (ns):    14.124
  Operating Conditions: slow_lv_ht

Path 3
  From: MSS_WRAPPER_0/MPFS_DISCOVERY_KIT_MSS_0/I_MSS:FIC_3_PCLK
  To:   MSS_WRAPPER_0/MPFS_DISCOVERY_KIT_MSS_0/I_MSS:FIC_3_APB_M_PRDATA[4]
  Delay (ns):              7.156
  Slack (ns):              2.815
  Arrival (ns):           14.194
  Required (ns):          17.009
  Setup (ns):             -0.144
  Minimum Period (ns):    14.100
  Operating Conditions: slow_lv_ht

Path 4
  From: MSS_WRAPPER_0/MPFS_DISCOVERY_KIT_MSS_0/I_MSS:FIC_3_PCLK
  To:   MSS_WRAPPER_0/MPFS_DISCOVERY_KIT_MSS_0/I_MSS:FIC_3_APB_M_PRDATA[3]
  Delay (ns):              7.132
  Slack (ns):              2.844
  Arrival (ns):           14.170
  Required (ns):          17.014
  Setup (ns):             -0.149
  Minimum Period (ns):    14.042
  Operating Conditions: slow_lv_ht

Path 5
  From: MSS_WRAPPER_0/MPFS_DISCOVERY_KIT_MSS_0/I_MSS:FIC_3_PCLK
  To:   MSS_WRAPPER_0/MPFS_DISCOVERY_KIT_MSS_0/I_MSS:FIC_3_APB_M_PRDATA[21]
  Delay (ns):              7.155
  Slack (ns):              2.974
  Arrival (ns):           14.193
  Required (ns):          17.167
  Setup (ns):             -0.302
  Minimum Period (ns):    13.782
  Operating Conditions: slow_lv_ht


Expanded Path 1
  From: MSS_WRAPPER_0/MPFS_DISCOVERY_KIT_MSS_0/I_MSS:FIC_3_PCLK
  To: MSS_WRAPPER_0/MPFS_DISCOVERY_KIT_MSS_0/I_MSS:FIC_3_APB_M_PRDATA[2]
  data required time                                 16.970
  data arrival time                          -       14.355
  slack                                               2.615
  ________________________________________________________
  Data arrival time calculation
  0.000                        CLOCKS_AND_RESETS_0/CCC_FIC_x_CLK/PF_CCC_C0_0/pll_inst_0/OUT3
               +     0.000          Clock source
  0.000                        CLOCKS_AND_RESETS_0/CCC_FIC_x_CLK/PF_CCC_C0_0/pll_inst_0:OUT3 (r)
               +     4.322          Clock generation
  4.322                        
               +     0.980          net: CLOCKS_AND_RESETS_0/CCC_FIC_x_CLK/PF_CCC_C0_0/pll_inst_0_clkint_12
  5.302                        CLOCKS_AND_RESETS_0/CCC_FIC_x_CLK/PF_CCC_C0_0/clkint_12_1:A (r)
               +     0.243          cell: ADLIB:ICB_CLKINT
  5.545                        CLOCKS_AND_RESETS_0/CCC_FIC_x_CLK/PF_CCC_C0_0/clkint_12_1:Y (r)
               +     0.145          net: CLOCKS_AND_RESETS_0/CCC_FIC_x_CLK/PF_CCC_C0_0/clkint_12_NET
  5.690                        CLOCKS_AND_RESETS_0/CCC_FIC_x_CLK/PF_CCC_C0_0/clkint_12:A (r)
               +     0.163          cell: ADLIB:GB
  5.853                        CLOCKS_AND_RESETS_0/CCC_FIC_x_CLK/PF_CCC_C0_0/clkint_12:Y (r)
               +     0.410          net: CLOCKS_AND_RESETS_0/CCC_FIC_x_CLK/PF_CCC_C0_0/clkint_12/U0_Y
  6.263                        CLOCKS_AND_RESETS_0/CCC_FIC_x_CLK/PF_CCC_C0_0/clkint_12/U0_RGB1:A (r)
               +     0.058          cell: ADLIB:RGB
  6.321                        CLOCKS_AND_RESETS_0/CCC_FIC_x_CLK/PF_CCC_C0_0/clkint_12/U0_RGB1:Y (f)
               +     0.717          net: CLOCKS_AND_RESETS_0_FIC_3_CLK
  7.038                        MSS_WRAPPER_0/MPFS_DISCOVERY_KIT_MSS_0/I_MSS:FIC_3_PCLK (r)
               +     1.762          cell: ADLIB:MSS
  8.800                        MSS_WRAPPER_0/MPFS_DISCOVERY_KIT_MSS_0/I_MSS:FIC_3_APB_M_PADDR[26] (f)
               +     1.495          net: MSS_WRAPPER_0_FIC_3_APB_INITIATOR_PADDR[26]
  10.295                       FIC_3_PERIPHERALS_0/FIC_3_ADDRESS_GENERATION_1/FIC_3_0x4xxx_xxxx_0/FIC_3_0x4xxx_xxxx_0/iPSELS_raw_2_2_0_.m2:A (f)
               +     0.166          cell: ADLIB:CFG3
  10.461                       FIC_3_PERIPHERALS_0/FIC_3_ADDRESS_GENERATION_1/FIC_3_0x4xxx_xxxx_0/FIC_3_0x4xxx_xxxx_0/iPSELS_raw_2_2_0_.m2:Y (r)
               +     0.086          net: FIC_3_PERIPHERALS_0/FIC_3_ADDRESS_GENERATION_1/FIC_3_0x4xxx_xxxx_0/FIC_3_0x4xxx_xxxx_0/N_9_mux
  10.547                       FIC_3_PERIPHERALS_0/FIC_3_ADDRESS_GENERATION_1/FIC_3_0x4xxx_xxxx_0/FIC_3_0x4xxx_xxxx_0/iPSELS[0]:D (r)
               +     0.078          cell: ADLIB:CFG4
  10.625                       FIC_3_PERIPHERALS_0/FIC_3_ADDRESS_GENERATION_1/FIC_3_0x4xxx_xxxx_0/FIC_3_0x4xxx_xxxx_0/iPSELS[0]:Y (r)
               +     0.545          net: FIC_3_PERIPHERALS_0/FIC_3_0x4xxx_xxxx_0_APBmslave0_PSELx
  11.170                       FIC_3_PERIPHERALS_0/FIC_3_ADDRESS_GENERATION_1/FIC_3_0x4000_0xxx_0/FIC_3_0x4000_0xxx_0/iPSELS[0]:C (r)
               +     0.090          cell: ADLIB:CFG4
  11.260                       FIC_3_PERIPHERALS_0/FIC_3_ADDRESS_GENERATION_1/FIC_3_0x4000_0xxx_0/FIC_3_0x4000_0xxx_0/iPSELS[0]:Y (r)
               +     0.277          net: FIC_3_PERIPHERALS_0/FIC_3_ADDRESS_GENERATION_1_FIC_3_0x4000_00xx_PSELx
  11.537                       FIC_3_PERIPHERALS_0/FIC_3_ADDRESS_GENERATION_1/FIC_3_0x4000_0xxx_0/FIC_3_0x4000_0xxx_0/u_mux_p_to_b3/iPRDATA_0_sqmuxa:B (r)
               +     0.200          cell: ADLIB:CFG4
  11.737                       FIC_3_PERIPHERALS_0/FIC_3_ADDRESS_GENERATION_1/FIC_3_0x4000_0xxx_0/FIC_3_0x4000_0xxx_0/u_mux_p_to_b3/iPRDATA_0_sqmuxa:Y (r)
               +     0.326          net: FIC_3_PERIPHERALS_0/FIC_3_ADDRESS_GENERATION_1/iPRDATA_0_sqmuxa
  12.063                       FIC_3_PERIPHERALS_0/FIC_3_ADDRESS_GENERATION_1/FIC_3_0x4000_0xxx_0/FIC_3_0x4000_0xxx_0/u_mux_p_to_b3/PRDATA_0_iv_2_RNO_0[2]:B (r)
               +     0.078          cell: ADLIB:CFG3
  12.141                       FIC_3_PERIPHERALS_0/FIC_3_ADDRESS_GENERATION_1/FIC_3_0x4000_0xxx_0/FIC_3_0x4000_0xxx_0/u_mux_p_to_b3/PRDATA_0_iv_2_RNO_0[2]:Y (r)
               +     0.623          net: FIC_3_PERIPHERALS_0/FIC_3_ADDRESS_GENERATION_1/FIC_3_0x4000_0xxx_0/FIC_3_0x4000_0xxx_0/u_mux_p_to_b3/APBmslave0_PRDATAS0_m[2]
  12.764                       FIC_3_PERIPHERALS_0/FIC_3_ADDRESS_GENERATION_1/FIC_3_0x4000_0xxx_0/FIC_3_0x4000_0xxx_0/u_mux_p_to_b3/PRDATA_0_iv_2_cZ[2]:D (r)
               +     0.053          cell: ADLIB:CFG4
  12.817                       FIC_3_PERIPHERALS_0/FIC_3_ADDRESS_GENERATION_1/FIC_3_0x4000_0xxx_0/FIC_3_0x4000_0xxx_0/u_mux_p_to_b3/PRDATA_0_iv_2_cZ[2]:Y (r)
               +     0.330          net: FIC_3_PERIPHERALS_0/FIC_3_ADDRESS_GENERATION_1/PRDATA_0_iv_2[2]
  13.147                       FIC_3_PERIPHERALS_0/FIC_3_ADDRESS_GENERATION_1/FIC_3_0x4xxx_xxxx_0/FIC_3_0x4xxx_xxxx_0/u_mux_p_to_b3/PRDATA_0[2]:D (r)
               +     0.078          cell: ADLIB:CFG4
  13.225                       FIC_3_PERIPHERALS_0/FIC_3_ADDRESS_GENERATION_1/FIC_3_0x4xxx_xxxx_0/FIC_3_0x4xxx_xxxx_0/u_mux_p_to_b3/PRDATA_0[2]:Y (r)
               +     0.062          net: FIC_3_PERIPHERALS_0/FIC_3_ADDRESS_GENERATION_1/N_226
  13.287                       FIC_3_PERIPHERALS_0/FIC_3_ADDRESS_GENERATION_1/APB_ARBITER_0/in_prdata[2]:A (r)
               +     0.078          cell: ADLIB:CFG3
  13.365                       FIC_3_PERIPHERALS_0/FIC_3_ADDRESS_GENERATION_1/APB_ARBITER_0/in_prdata[2]:Y (r)
               +     0.990          net: MSS_WRAPPER_0_FIC_3_APB_INITIATOR_PRDATA[2]
  14.355                       MSS_WRAPPER_0/MPFS_DISCOVERY_KIT_MSS_0/I_MSS:FIC_3_APB_M_PRDATA[2] (r)
                                    
  14.355                       data arrival time
  ________________________________________________________
  Data required time calculation
  10.000                       CLOCKS_AND_RESETS_0/CCC_FIC_x_CLK/PF_CCC_C0_0/pll_inst_0/OUT3
               +     0.000          Clock source
  10.000                       CLOCKS_AND_RESETS_0/CCC_FIC_x_CLK/PF_CCC_C0_0/pll_inst_0:OUT3 (f)
               +     3.894          Clock generation
  13.894                       
               +     0.881          net: CLOCKS_AND_RESETS_0/CCC_FIC_x_CLK/PF_CCC_C0_0/pll_inst_0_clkint_12
  14.775                       CLOCKS_AND_RESETS_0/CCC_FIC_x_CLK/PF_CCC_C0_0/clkint_12_1:A (f)
               +     0.224          cell: ADLIB:ICB_CLKINT
  14.999                       CLOCKS_AND_RESETS_0/CCC_FIC_x_CLK/PF_CCC_C0_0/clkint_12_1:Y (f)
               +     0.125          net: CLOCKS_AND_RESETS_0/CCC_FIC_x_CLK/PF_CCC_C0_0/clkint_12_NET
  15.124                       CLOCKS_AND_RESETS_0/CCC_FIC_x_CLK/PF_CCC_C0_0/clkint_12:A (f)
               +     0.141          cell: ADLIB:GB
  15.265                       CLOCKS_AND_RESETS_0/CCC_FIC_x_CLK/PF_CCC_C0_0/clkint_12:Y (f)
               +     0.372          net: CLOCKS_AND_RESETS_0/CCC_FIC_x_CLK/PF_CCC_C0_0/clkint_12/U0_Y
  15.637                       CLOCKS_AND_RESETS_0/CCC_FIC_x_CLK/PF_CCC_C0_0/clkint_12/U0_RGB1:A (f)
               +     0.054          cell: ADLIB:RGB
  15.691                       CLOCKS_AND_RESETS_0/CCC_FIC_x_CLK/PF_CCC_C0_0/clkint_12/U0_RGB1:Y (r)
               +     0.517          net: CLOCKS_AND_RESETS_0_FIC_3_CLK
  16.208                       MSS_WRAPPER_0/MPFS_DISCOVERY_KIT_MSS_0/I_MSS:FIC_3_PCLK (f)
               +     0.792          
  17.000                       clock reconvergence pessimism
               -     0.135          
  16.865                       clock jitter
               -    -0.105          Library setup time: ADLIB:MSS
  16.970                       MSS_WRAPPER_0/MPFS_DISCOVERY_KIT_MSS_0/I_MSS:FIC_3_APB_M_PRDATA[2]
                                    
  16.970                       data required time


Operating Conditions : slow_lv_ht

END SET Register to Register

----------------------------------------------------

SET External Setup

Path 1
  From: RPI_I2C_SCL
  To:   FIC_3_PERIPHERALS_0/CORE_I2C_C0_0_WRAPPER_1/COREI2C_C0_0/COREI2C_C0_0/I2C_NUM_GENERATION[0].ui2c/SCLI_ff_reg_0[2]:D
  Delay (ns):              3.166
  Arrival (ns):            3.166
  Setup (ns):              0.000
  External Setup (ns):    -0.796
  Operating Conditions: fast_hv_lt

Path 2
  From: RPI_I2C_SCL
  To:   FIC_3_PERIPHERALS_0/CORE_I2C_C0_0_WRAPPER_1/COREI2C_C0_0/COREI2C_C0_0/I2C_NUM_GENERATION[0].ui2c/SCLI_ff_reg_0[10]:D
  Delay (ns):              3.139
  Arrival (ns):            3.139
  Setup (ns):              0.000
  External Setup (ns):    -0.823
  Operating Conditions: fast_hv_lt

Path 3
  From: RPI_I2C_SCL
  To:   FIC_3_PERIPHERALS_0/CORE_I2C_C0_0_WRAPPER_1/COREI2C_C0_0/COREI2C_C0_0/I2C_NUM_GENERATION[0].ui2c/SCLI_ff_reg_0[11]:D
  Delay (ns):              3.016
  Arrival (ns):            3.016
  Setup (ns):              0.000
  External Setup (ns):    -0.946
  Operating Conditions: fast_hv_lt

Path 4
  From: RPI_I2C_SCL
  To:   FIC_3_PERIPHERALS_0/CORE_I2C_C0_0_WRAPPER_1/COREI2C_C0_0/COREI2C_C0_0/I2C_NUM_GENERATION[0].ui2c/SCLI_ff_reg_0[3]:D
  Delay (ns):              3.015
  Arrival (ns):            3.015
  Setup (ns):              0.000
  External Setup (ns):    -0.947
  Operating Conditions: fast_hv_lt

Path 5
  From: RPI_I2C_SCL
  To:   FIC_3_PERIPHERALS_0/CORE_I2C_C0_0_WRAPPER_1/COREI2C_C0_0/COREI2C_C0_0/I2C_NUM_GENERATION[0].ui2c/SCLI_ff_reg_0[6]:D
  Delay (ns):              3.006
  Arrival (ns):            3.006
  Setup (ns):              0.000
  External Setup (ns):    -0.953
  Operating Conditions: fast_hv_lt


Expanded Path 1
  From: RPI_I2C_SCL
  To: FIC_3_PERIPHERALS_0/CORE_I2C_C0_0_WRAPPER_1/COREI2C_C0_0/COREI2C_C0_0/I2C_NUM_GENERATION[0].ui2c/SCLI_ff_reg_0[2]:D
  data required time                                    N/C
  data arrival time                          -        3.166
  slack                                                 N/C
  ________________________________________________________
  Data arrival time calculation
  0.000                        RPI_I2C_SCL (f)
               +     0.987          cell: ADLIB:IOPAD_BI
  0.987                        FIC_3_PERIPHERALS_0/CORE_I2C_C0_0_WRAPPER_1/COREI2C_C0_0_SCL_BIBUF/U_IOPAD:Y (f)
               +     0.000          net: FIC_3_PERIPHERALS_0/CORE_I2C_C0_0_WRAPPER_1/COREI2C_C0_0_SCL_BIBUF/YIN
  0.987                        FIC_3_PERIPHERALS_0/CORE_I2C_C0_0_WRAPPER_1/COREI2C_C0_0_SCL_BIBUF/U_IOBI:YIN (f)
               +     0.131          cell: ADLIB:IOBI_IB_OB_EB
  1.118                        FIC_3_PERIPHERALS_0/CORE_I2C_C0_0_WRAPPER_1/COREI2C_C0_0_SCL_BIBUF/U_IOBI:Y (f)
               +     1.332          net: FIC_3_PERIPHERALS_0/CORE_I2C_C0_0_WRAPPER_1/COREI2C_C0_0_SCL_BIBUF_Y
  2.450                        FIC_3_PERIPHERALS_0/CORE_I2C_C0_0_WRAPPER_1/COREI2C_C0_0/COREI2C_C0_0/I2C_NUM_GENERATION[0].ui2c/SCLI_ff_reg_0_4[0]:B (f)
               +     0.059          cell: ADLIB:CFG2
  2.509                        FIC_3_PERIPHERALS_0/CORE_I2C_C0_0_WRAPPER_1/COREI2C_C0_0/COREI2C_C0_0/I2C_NUM_GENERATION[0].ui2c/SCLI_ff_reg_0_4[0]:Y (f)
               +     0.238          net: FIC_3_PERIPHERALS_0/CORE_I2C_C0_0_WRAPPER_1/COREI2C_C0_0/COREI2C_C0_0/I2C_NUM_GENERATION[0].ui2c/SCLI_ff_reg_0_4_Z[0]
  2.747                        FIC_3_PERIPHERALS_0/CORE_I2C_C0_0_WRAPPER_1/COREI2C_C0_0/COREI2C_C0_0/I2C_NUM_GENERATION[0].ui2c/SCLI_ff_reg_0_ns_i_0_o3[12]:B (f)
               +     0.059          cell: ADLIB:CFG2
  2.806                        FIC_3_PERIPHERALS_0/CORE_I2C_C0_0_WRAPPER_1/COREI2C_C0_0/COREI2C_C0_0/I2C_NUM_GENERATION[0].ui2c/SCLI_ff_reg_0_ns_i_0_o3[12]:Y (f)
               +     0.242          net: FIC_3_PERIPHERALS_0/CORE_I2C_C0_0_WRAPPER_1/COREI2C_C0_0/COREI2C_C0_0/I2C_NUM_GENERATION[0].ui2c/N_254
  3.048                        FIC_3_PERIPHERALS_0/CORE_I2C_C0_0_WRAPPER_1/COREI2C_C0_0/COREI2C_C0_0/I2C_NUM_GENERATION[0].ui2c/SCLI_ff_reg_0_RNO[2]:D (f)
               +     0.100          cell: ADLIB:CFG4
  3.148                        FIC_3_PERIPHERALS_0/CORE_I2C_C0_0_WRAPPER_1/COREI2C_C0_0/COREI2C_C0_0/I2C_NUM_GENERATION[0].ui2c/SCLI_ff_reg_0_RNO[2]:Y (r)
               +     0.018          net: FIC_3_PERIPHERALS_0/CORE_I2C_C0_0_WRAPPER_1/COREI2C_C0_0/COREI2C_C0_0/I2C_NUM_GENERATION[0].ui2c/N_851_i
  3.166                        FIC_3_PERIPHERALS_0/CORE_I2C_C0_0_WRAPPER_1/COREI2C_C0_0/COREI2C_C0_0/I2C_NUM_GENERATION[0].ui2c/SCLI_ff_reg_0[2]:D (r)
                                    
  3.166                        data arrival time
  ________________________________________________________
  Data required time calculation
  N/C                          CLOCKS_AND_RESETS_0/CCC_FIC_x_CLK/PF_CCC_C0_0/pll_inst_0/OUT3
               +     0.000          Clock source
  N/C                          CLOCKS_AND_RESETS_0/CCC_FIC_x_CLK/PF_CCC_C0_0/pll_inst_0:OUT3 (r)
               +     2.583          Clock generation
  N/C                          
               +     0.601          net: CLOCKS_AND_RESETS_0/CCC_FIC_x_CLK/PF_CCC_C0_0/pll_inst_0_clkint_12
  N/C                          CLOCKS_AND_RESETS_0/CCC_FIC_x_CLK/PF_CCC_C0_0/clkint_12_1:A (r)
               +     0.141          cell: ADLIB:ICB_CLKINT
  N/C                          CLOCKS_AND_RESETS_0/CCC_FIC_x_CLK/PF_CCC_C0_0/clkint_12_1:Y (r)
               +     0.093          net: CLOCKS_AND_RESETS_0/CCC_FIC_x_CLK/PF_CCC_C0_0/clkint_12_NET
  N/C                          CLOCKS_AND_RESETS_0/CCC_FIC_x_CLK/PF_CCC_C0_0/clkint_12:A (r)
               +     0.108          cell: ADLIB:GB
  N/C                          CLOCKS_AND_RESETS_0/CCC_FIC_x_CLK/PF_CCC_C0_0/clkint_12:Y (r)
               +     0.256          net: CLOCKS_AND_RESETS_0/CCC_FIC_x_CLK/PF_CCC_C0_0/clkint_12/U0_Y
  N/C                          CLOCKS_AND_RESETS_0/CCC_FIC_x_CLK/PF_CCC_C0_0/clkint_12/U0_RGB1:A (r)
               +     0.038          cell: ADLIB:RGB
  N/C                          CLOCKS_AND_RESETS_0/CCC_FIC_x_CLK/PF_CCC_C0_0/clkint_12/U0_RGB1:Y (f)
               +     0.277          net: CLOCKS_AND_RESETS_0_FIC_3_CLK
  N/C                          FIC_3_PERIPHERALS_0/CORE_I2C_C0_0_WRAPPER_1/COREI2C_C0_0/COREI2C_C0_0/I2C_NUM_GENERATION[0].ui2c/SCLI_ff_reg_0[2]:CLK (r)
               -     0.135          
  N/C                          clock jitter
               -     0.000          Library setup time: ADLIB:SLE
  N/C                          FIC_3_PERIPHERALS_0/CORE_I2C_C0_0_WRAPPER_1/COREI2C_C0_0/COREI2C_C0_0/I2C_NUM_GENERATION[0].ui2c/SCLI_ff_reg_0[2]:D


Operating Conditions : fast_hv_lt

END SET External Setup

----------------------------------------------------

SET Clock to Output

Path 1
  From: FIC_3_PERIPHERALS_0/SPI_FOR_7_SEG_0/SPI_FOR_7_SEG_0/USPI/URF/control1[1]:CLK
  To:   SPISDO
  Delay (ns):              9.711
  Arrival (ns):           16.502
  Clock to Out (ns):      16.502
  Operating Conditions: slow_lv_ht

Path 2
  From: FIC_3_PERIPHERALS_0/SPI_FOR_7_SEG_0/SPI_FOR_7_SEG_0/USPI/UCC/stxs_txzeros:CLK
  To:   SPISDO
  Delay (ns):              9.676
  Arrival (ns):           16.477
  Clock to Out (ns):      16.477
  Operating Conditions: slow_lv_ht

Path 3
  From: FIC_3_PERIPHERALS_0/SPI_FOR_7_SEG_0/SPI_FOR_7_SEG_0/USPI/UCC/stxs_datareg[15]:CLK
  To:   SPISDO
  Delay (ns):              9.512
  Arrival (ns):           16.309
  Clock to Out (ns):      16.309
  Operating Conditions: slow_lv_ht

Path 4
  From: FIC_3_PERIPHERALS_0/SPI_FOR_7_SEG_0/SPI_FOR_7_SEG_0/USPI/UCC/stxs_direct:CLK
  To:   SPISDO
  Delay (ns):              9.374
  Arrival (ns):           16.168
  Clock to Out (ns):      16.168
  Operating Conditions: slow_lv_ht

Path 5
  From: FIC_3_PERIPHERALS_0/SPI_FOR_7_SEG_0/SPI_FOR_7_SEG_0/USPI/UCC/txfifo_datadelay[15]:CLK
  To:   SPISDO
  Delay (ns):              9.141
  Arrival (ns):           15.937
  Clock to Out (ns):      15.937
  Operating Conditions: slow_lv_ht


Expanded Path 1
  From: FIC_3_PERIPHERALS_0/SPI_FOR_7_SEG_0/SPI_FOR_7_SEG_0/USPI/URF/control1[1]:CLK
  To: SPISDO
  data required time                                    N/C
  data arrival time                          -       16.502
  slack                                                 N/C
  ________________________________________________________
  Data arrival time calculation
  0.000                        CLOCKS_AND_RESETS_0/CCC_FIC_x_CLK/PF_CCC_C0_0/pll_inst_0/OUT3
               +     0.000          Clock source
  0.000                        CLOCKS_AND_RESETS_0/CCC_FIC_x_CLK/PF_CCC_C0_0/pll_inst_0:OUT3 (r)
               +     4.322          Clock generation
  4.322                        
               +     0.980          net: CLOCKS_AND_RESETS_0/CCC_FIC_x_CLK/PF_CCC_C0_0/pll_inst_0_clkint_12
  5.302                        CLOCKS_AND_RESETS_0/CCC_FIC_x_CLK/PF_CCC_C0_0/clkint_12_1:A (r)
               +     0.243          cell: ADLIB:ICB_CLKINT
  5.545                        CLOCKS_AND_RESETS_0/CCC_FIC_x_CLK/PF_CCC_C0_0/clkint_12_1:Y (r)
               +     0.145          net: CLOCKS_AND_RESETS_0/CCC_FIC_x_CLK/PF_CCC_C0_0/clkint_12_NET
  5.690                        CLOCKS_AND_RESETS_0/CCC_FIC_x_CLK/PF_CCC_C0_0/clkint_12:A (r)
               +     0.163          cell: ADLIB:GB
  5.853                        CLOCKS_AND_RESETS_0/CCC_FIC_x_CLK/PF_CCC_C0_0/clkint_12:Y (r)
               +     0.410          net: CLOCKS_AND_RESETS_0/CCC_FIC_x_CLK/PF_CCC_C0_0/clkint_12/U0_Y
  6.263                        CLOCKS_AND_RESETS_0/CCC_FIC_x_CLK/PF_CCC_C0_0/clkint_12/U0_RGB1:A (r)
               +     0.058          cell: ADLIB:RGB
  6.321                        CLOCKS_AND_RESETS_0/CCC_FIC_x_CLK/PF_CCC_C0_0/clkint_12/U0_RGB1:Y (f)
               +     0.470          net: CLOCKS_AND_RESETS_0_FIC_3_CLK
  6.791                        FIC_3_PERIPHERALS_0/SPI_FOR_7_SEG_0/SPI_FOR_7_SEG_0/USPI/URF/control1[1]:CLK (r)
               +     0.201          cell: ADLIB:SLE
  6.992                        FIC_3_PERIPHERALS_0/SPI_FOR_7_SEG_0/SPI_FOR_7_SEG_0/USPI/URF/control1[1]:Q (r)
               +     0.580          net: FIC_3_PERIPHERALS_0/SPI_FOR_7_SEG_0/SPI_FOR_7_SEG_0/USPI/SPIMODE
  7.572                        FIC_3_PERIPHERALS_0/SPI_FOR_7_SEG_0/SPI_FOR_7_SEG_0/USPI/UCC/spi_data_out_u_2_0_RNO:A (r)
               +     0.073          cell: ADLIB:CFG2
  7.645                        FIC_3_PERIPHERALS_0/SPI_FOR_7_SEG_0/SPI_FOR_7_SEG_0/USPI/UCC/spi_data_out_u_2_0_RNO:Y (f)
               +     0.120          net: FIC_3_PERIPHERALS_0/SPI_FOR_7_SEG_0/SPI_FOR_7_SEG_0/USPI/UCC/spi_data_out_sn_N_3
  7.765                        FIC_3_PERIPHERALS_0/SPI_FOR_7_SEG_0/SPI_FOR_7_SEG_0/USPI/UCC/spi_data_out_u_2_0:D (f)
               +     0.071          cell: ADLIB:CFG4
  7.836                        FIC_3_PERIPHERALS_0/SPI_FOR_7_SEG_0/SPI_FOR_7_SEG_0/USPI/UCC/spi_data_out_u_2_0:Y (f)
               +     0.254          net: FIC_3_PERIPHERALS_0/SPI_FOR_7_SEG_0/SPI_FOR_7_SEG_0/USPI/UCC/SPISDO_c_2
  8.090                        FIC_3_PERIPHERALS_0/SPI_FOR_7_SEG_0/SPI_FOR_7_SEG_0/USPI/UCC/spi_data_out_u:A (f)
               +     0.178          cell: ADLIB:CFG3
  8.268                        FIC_3_PERIPHERALS_0/SPI_FOR_7_SEG_0/SPI_FOR_7_SEG_0/USPI/UCC/spi_data_out_u:Y (f)
               +     5.248          net: SPISDO_c
  13.516                       SPISDO_obuf/U_IOTRI:D (f)
               +     0.918          cell: ADLIB:IOTRI_OB_EB
  14.434                       SPISDO_obuf/U_IOTRI:DOUT (f)
               +     0.000          net: SPISDO_obuf/DOUT
  14.434                       SPISDO_obuf/U_IOPAD:D (f)
               +     2.068          cell: ADLIB:IOPAD_TRI
  16.502                       SPISDO_obuf/U_IOPAD:PAD (f)
               +     0.000          net: SPISDO
  16.502                       SPISDO (f)
                                    
  16.502                       data arrival time
  ________________________________________________________
  Data required time calculation
  N/C                          CLOCKS_AND_RESETS_0/CCC_FIC_x_CLK/PF_CCC_C0_0/pll_inst_0/OUT3
                                    
  N/C                          SPISDO (f)


Operating Conditions : slow_lv_ht

END SET Clock to Output

----------------------------------------------------

SET Register to Asynchronous

Path 1
  From: CLOCKS_AND_RESETS_0/RESET_FIC_3_CLK/CORERESET_0/dff_15_rep[0]:CLK
  To:   FIC_3_PERIPHERALS_0/MIV_IHC_C0_0/MIV_IHC_C0_0/miv_ihc_core_0/gen_intr_module_h2.h2_irq_module/irq_status[1]:ALn
  Delay (ns):              3.140
  Slack (ns):             16.434
  Arrival (ns):            9.931
  Required (ns):          26.365
  Recovery (ns):           0.209
  Minimum Period (ns):     3.431
  Skew (ns):               0.082
  Operating Conditions: slow_lv_ht

Path 2
  From: CLOCKS_AND_RESETS_0/RESET_FIC_3_CLK/CORERESET_0/dff_15_rep[0]:CLK
  To:   FIC_3_PERIPHERALS_0/MIV_IHC_C0_0/MIV_IHC_C0_0/miv_ihc_core_0/gen_intr_module_h2.h2_irq_module/irq_status[0]:ALn
  Delay (ns):              3.140
  Slack (ns):             16.435
  Arrival (ns):            9.931
  Required (ns):          26.366
  Recovery (ns):           0.209
  Minimum Period (ns):     3.430
  Skew (ns):               0.081
  Operating Conditions: slow_lv_ht

Path 3
  From: CLOCKS_AND_RESETS_0/RESET_FIC_3_CLK/CORERESET_0/dff_15_rep[0]:CLK
  To:   FIC_3_PERIPHERALS_0/MIV_IHC_C0_0/MIV_IHC_C0_0/miv_ihc_core_0/gen_intr_module_h2.h2_irq_module/RDATA_1[8]:ALn
  Delay (ns):              3.139
  Slack (ns):             16.435
  Arrival (ns):            9.930
  Required (ns):          26.365
  Recovery (ns):           0.209
  Minimum Period (ns):     3.430
  Skew (ns):               0.082
  Operating Conditions: slow_lv_ht

Path 4
  From: CLOCKS_AND_RESETS_0/RESET_FIC_3_CLK/CORERESET_0/dff_15_rep[0]:CLK
  To:   FIC_3_PERIPHERALS_0/MIV_IHC_C0_0/MIV_IHC_C0_0/miv_ihc_core_0/gen_h0_h2.CH_H0_H2/b_mp_ie:ALn
  Delay (ns):              3.139
  Slack (ns):             16.435
  Arrival (ns):            9.930
  Required (ns):          26.365
  Recovery (ns):           0.209
  Minimum Period (ns):     3.430
  Skew (ns):               0.082
  Operating Conditions: slow_lv_ht

Path 5
  From: CLOCKS_AND_RESETS_0/RESET_FIC_3_CLK/CORERESET_0/dff_15_rep[0]:CLK
  To:   FIC_3_PERIPHERALS_0/MIV_IHC_C0_0/MIV_IHC_C0_0/miv_ihc_core_0/gen_h0_h2.CH_H0_H2/b_ack_ie:ALn
  Delay (ns):              3.138
  Slack (ns):             16.436
  Arrival (ns):            9.929
  Required (ns):          26.365
  Recovery (ns):           0.209
  Minimum Period (ns):     3.429
  Skew (ns):               0.082
  Operating Conditions: slow_lv_ht


Expanded Path 1
  From: CLOCKS_AND_RESETS_0/RESET_FIC_3_CLK/CORERESET_0/dff_15_rep[0]:CLK
  To: FIC_3_PERIPHERALS_0/MIV_IHC_C0_0/MIV_IHC_C0_0/miv_ihc_core_0/gen_intr_module_h2.h2_irq_module/irq_status[1]:ALn
  data required time                                 26.365
  data arrival time                          -        9.931
  slack                                              16.434
  ________________________________________________________
  Data arrival time calculation
  0.000                        CLOCKS_AND_RESETS_0/CCC_FIC_x_CLK/PF_CCC_C0_0/pll_inst_0/OUT3
               +     0.000          Clock source
  0.000                        CLOCKS_AND_RESETS_0/CCC_FIC_x_CLK/PF_CCC_C0_0/pll_inst_0:OUT3 (r)
               +     4.322          Clock generation
  4.322                        
               +     0.980          net: CLOCKS_AND_RESETS_0/CCC_FIC_x_CLK/PF_CCC_C0_0/pll_inst_0_clkint_12
  5.302                        CLOCKS_AND_RESETS_0/CCC_FIC_x_CLK/PF_CCC_C0_0/clkint_12_1:A (r)
               +     0.243          cell: ADLIB:ICB_CLKINT
  5.545                        CLOCKS_AND_RESETS_0/CCC_FIC_x_CLK/PF_CCC_C0_0/clkint_12_1:Y (r)
               +     0.145          net: CLOCKS_AND_RESETS_0/CCC_FIC_x_CLK/PF_CCC_C0_0/clkint_12_NET
  5.690                        CLOCKS_AND_RESETS_0/CCC_FIC_x_CLK/PF_CCC_C0_0/clkint_12:A (r)
               +     0.163          cell: ADLIB:GB
  5.853                        CLOCKS_AND_RESETS_0/CCC_FIC_x_CLK/PF_CCC_C0_0/clkint_12:Y (r)
               +     0.410          net: CLOCKS_AND_RESETS_0/CCC_FIC_x_CLK/PF_CCC_C0_0/clkint_12/U0_Y
  6.263                        CLOCKS_AND_RESETS_0/CCC_FIC_x_CLK/PF_CCC_C0_0/clkint_12/U0_RGB1:A (r)
               +     0.058          cell: ADLIB:RGB
  6.321                        CLOCKS_AND_RESETS_0/CCC_FIC_x_CLK/PF_CCC_C0_0/clkint_12/U0_RGB1:Y (f)
               +     0.470          net: CLOCKS_AND_RESETS_0_FIC_3_CLK
  6.791                        CLOCKS_AND_RESETS_0/RESET_FIC_3_CLK/CORERESET_0/dff_15_rep[0]:CLK (r)
               +     0.201          cell: ADLIB:SLE
  6.992                        CLOCKS_AND_RESETS_0/RESET_FIC_3_CLK/CORERESET_0/dff_15_rep[0]:Q (r)
               +     1.835          net: CLOCKS_AND_RESETS_0/RESET_FIC_3_CLK/CORERESET_0/dff_15_rep_Z[0]
  8.827                        CLOCKS_AND_RESETS_0/RESET_FIC_3_CLK/CORERESET_0/dff_15_rep_RNIS9V04[0]:A (r)
               +     0.140          cell: ADLIB:GB
  8.967                        CLOCKS_AND_RESETS_0/RESET_FIC_3_CLK/CORERESET_0/dff_15_rep_RNIS9V04[0]:Y (r)
               +     0.402          net: CLOCKS_AND_RESETS_0/RESET_FIC_3_CLK/CORERESET_0/dff_15_rep_RNIS9V04[0]/U0_Y
  9.369                        CLOCKS_AND_RESETS_0/RESET_FIC_3_CLK/CORERESET_0/dff_15_rep_RNIS9V04[0]/U0_RGB1_RGB0:A (r)
               +     0.058          cell: ADLIB:RGB
  9.427                        CLOCKS_AND_RESETS_0/RESET_FIC_3_CLK/CORERESET_0/dff_15_rep_RNIS9V04[0]/U0_RGB1_RGB0:Y (f)
               +     0.504          net: CLOCKS_AND_RESETS_0/RESET_FIC_3_CLK/CORERESET_0/dff_15_rep_RNIS9V04[0]/U0_RGB1_RGB0_rgb_net_1
  9.931                        FIC_3_PERIPHERALS_0/MIV_IHC_C0_0/MIV_IHC_C0_0/miv_ihc_core_0/gen_intr_module_h2.h2_irq_module/irq_status[1]:ALn (r)
                                    
  9.931                        data arrival time
  ________________________________________________________
  Data required time calculation
  20.000                       CLOCKS_AND_RESETS_0/CCC_FIC_x_CLK/PF_CCC_C0_0/pll_inst_0/OUT3
               +     0.000          Clock source
  20.000                       CLOCKS_AND_RESETS_0/CCC_FIC_x_CLK/PF_CCC_C0_0/pll_inst_0:OUT3 (r)
               +     3.902          Clock generation
  23.902                       
               +     0.891          net: CLOCKS_AND_RESETS_0/CCC_FIC_x_CLK/PF_CCC_C0_0/pll_inst_0_clkint_12
  24.793                       CLOCKS_AND_RESETS_0/CCC_FIC_x_CLK/PF_CCC_C0_0/clkint_12_1:A (r)
               +     0.211          cell: ADLIB:ICB_CLKINT
  25.004                       CLOCKS_AND_RESETS_0/CCC_FIC_x_CLK/PF_CCC_C0_0/clkint_12_1:Y (r)
               +     0.132          net: CLOCKS_AND_RESETS_0/CCC_FIC_x_CLK/PF_CCC_C0_0/clkint_12_NET
  25.136                       CLOCKS_AND_RESETS_0/CCC_FIC_x_CLK/PF_CCC_C0_0/clkint_12:A (r)
               +     0.148          cell: ADLIB:GB
  25.284                       CLOCKS_AND_RESETS_0/CCC_FIC_x_CLK/PF_CCC_C0_0/clkint_12:Y (r)
               +     0.369          net: CLOCKS_AND_RESETS_0/CCC_FIC_x_CLK/PF_CCC_C0_0/clkint_12/U0_Y
  25.653                       CLOCKS_AND_RESETS_0/CCC_FIC_x_CLK/PF_CCC_C0_0/clkint_12/U0_RGB1_RGB0:A (r)
               +     0.052          cell: ADLIB:RGB
  25.705                       CLOCKS_AND_RESETS_0/CCC_FIC_x_CLK/PF_CCC_C0_0/clkint_12/U0_RGB1_RGB0:Y (f)
               +     0.431          net: CLOCKS_AND_RESETS_0/CCC_FIC_x_CLK/PF_CCC_C0_0/clkint_12/U0_RGB1_RGB0_rgb_net_1
  26.136                       FIC_3_PERIPHERALS_0/MIV_IHC_C0_0/MIV_IHC_C0_0/miv_ihc_core_0/gen_intr_module_h2.h2_irq_module/irq_status[1]:CLK (r)
               +     0.573          
  26.709                       clock reconvergence pessimism
               -     0.135          
  26.574                       clock jitter
               -     0.209          Library recovery time: ADLIB:SLE
  26.365                       FIC_3_PERIPHERALS_0/MIV_IHC_C0_0/MIV_IHC_C0_0/miv_ihc_core_0/gen_intr_module_h2.h2_irq_module/irq_status[1]:ALn
                                    
  26.365                       data required time


Operating Conditions : slow_lv_ht

END SET Register to Asynchronous

----------------------------------------------------

SET External Recovery

Path 1
  From: SWITCH2
  To:   CLOCKS_AND_RESETS_0/RESET_FIC_3_CLK/CORERESET_0/dff_14[0]:ALn
  Delay (ns):              9.806
  Arrival (ns):            9.806
  Recovery (ns):           0.196
  External Recovery (ns):   4.017
  Operating Conditions: slow_lv_ht

Path 2
  From: SWITCH2
  To:   CLOCKS_AND_RESETS_0/RESET_FIC_3_CLK/CORERESET_0/dff_7[0]:ALn
  Delay (ns):              9.775
  Arrival (ns):            9.775
  Recovery (ns):           0.196
  External Recovery (ns):   4.003
  Operating Conditions: slow_lv_ht

Path 3
  From: SWITCH2
  To:   CLOCKS_AND_RESETS_0/RESET_FIC_3_CLK/CORERESET_0/dff_1[0]:ALn
  Delay (ns):              9.775
  Arrival (ns):            9.775
  Recovery (ns):           0.196
  External Recovery (ns):   4.003
  Operating Conditions: slow_lv_ht

Path 4
  From: SWITCH2
  To:   CLOCKS_AND_RESETS_0/RESET_FIC_3_CLK/CORERESET_0/dff_2[0]:ALn
  Delay (ns):              9.774
  Arrival (ns):            9.774
  Recovery (ns):           0.196
  External Recovery (ns):   4.002
  Operating Conditions: slow_lv_ht

Path 5
  From: SWITCH2
  To:   CLOCKS_AND_RESETS_0/RESET_FIC_3_CLK/CORERESET_0/dff_0[0]:ALn
  Delay (ns):              9.774
  Arrival (ns):            9.774
  Recovery (ns):           0.196
  External Recovery (ns):   4.002
  Operating Conditions: slow_lv_ht


Expanded Path 1
  From: SWITCH2
  To: CLOCKS_AND_RESETS_0/RESET_FIC_3_CLK/CORERESET_0/dff_14[0]:ALn
  data required time                                    N/C
  data arrival time                          -        9.806
  slack                                                 N/C
  ________________________________________________________
  Data arrival time calculation
  0.000                        SWITCH2 (r)
               +     0.000          net: SWITCH2
  0.000                        SWITCH2_ibuf/U_IOPAD:PAD (r)
               +     0.610          cell: ADLIB:IOPAD_IN
  0.610                        SWITCH2_ibuf/U_IOPAD:Y (r)
               +     0.000          net: SWITCH2_ibuf/YIN
  0.610                        SWITCH2_ibuf/U_IOIN:YIN (r)
               +     0.336          cell: ADLIB:IOIN_IB_E
  0.946                        SWITCH2_ibuf/U_IOIN:Y (r)
               +     4.408          net: SWITCH2_c
  5.354                        CLOCKS_AND_RESETS_0/AND3_0:A (r)
               +     0.171          cell: ADLIB:CFG3
  5.525                        CLOCKS_AND_RESETS_0/AND3_0:Y (r)
               +     1.915          net: CLOCKS_AND_RESETS_0/AND3_0_Y
  7.440                        CLOCKS_AND_RESETS_0/RESET_FIC_0_CLK/CORERESET_0/un1_EXT_RST_N_2:C (r)
               +     0.078          cell: ADLIB:CFG3
  7.518                        CLOCKS_AND_RESETS_0/RESET_FIC_0_CLK/CORERESET_0/un1_EXT_RST_N_2:Y (r)
               +     2.288          net: CLOCKS_AND_RESETS_0/un1_EXT_RST_N_2
  9.806                        CLOCKS_AND_RESETS_0/RESET_FIC_3_CLK/CORERESET_0/dff_14[0]:ALn (r)
                                    
  9.806                        data arrival time
  ________________________________________________________
  Data required time calculation
  N/C                          CLOCKS_AND_RESETS_0/CCC_FIC_x_CLK/PF_CCC_C0_0/pll_inst_0/OUT3
               +     0.000          Clock source
  N/C                          CLOCKS_AND_RESETS_0/CCC_FIC_x_CLK/PF_CCC_C0_0/pll_inst_0:OUT3 (r)
               +     3.902          Clock generation
  N/C                          
               +     0.891          net: CLOCKS_AND_RESETS_0/CCC_FIC_x_CLK/PF_CCC_C0_0/pll_inst_0_clkint_12
  N/C                          CLOCKS_AND_RESETS_0/CCC_FIC_x_CLK/PF_CCC_C0_0/clkint_12_1:A (r)
               +     0.211          cell: ADLIB:ICB_CLKINT
  N/C                          CLOCKS_AND_RESETS_0/CCC_FIC_x_CLK/PF_CCC_C0_0/clkint_12_1:Y (r)
               +     0.132          net: CLOCKS_AND_RESETS_0/CCC_FIC_x_CLK/PF_CCC_C0_0/clkint_12_NET
  N/C                          CLOCKS_AND_RESETS_0/CCC_FIC_x_CLK/PF_CCC_C0_0/clkint_12:A (r)
               +     0.148          cell: ADLIB:GB
  N/C                          CLOCKS_AND_RESETS_0/CCC_FIC_x_CLK/PF_CCC_C0_0/clkint_12:Y (r)
               +     0.372          net: CLOCKS_AND_RESETS_0/CCC_FIC_x_CLK/PF_CCC_C0_0/clkint_12/U0_Y
  N/C                          CLOCKS_AND_RESETS_0/CCC_FIC_x_CLK/PF_CCC_C0_0/clkint_12/U0_RGB1:A (r)
               +     0.052          cell: ADLIB:RGB
  N/C                          CLOCKS_AND_RESETS_0/CCC_FIC_x_CLK/PF_CCC_C0_0/clkint_12/U0_RGB1:Y (f)
               +     0.412          net: CLOCKS_AND_RESETS_0_FIC_3_CLK
  N/C                          CLOCKS_AND_RESETS_0/RESET_FIC_3_CLK/CORERESET_0/dff_14[0]:CLK (r)
               -     0.135          
  N/C                          clock jitter
               -     0.196          Library recovery time: ADLIB:SLE
  N/C                          CLOCKS_AND_RESETS_0/RESET_FIC_3_CLK/CORERESET_0/dff_14[0]:ALn


Operating Conditions : slow_lv_ht

END SET External Recovery

----------------------------------------------------

SET Asynchronous to Register

No Path 

END SET Asynchronous to Register

----------------------------------------------------

Clock Domain FIC_0_PERIPHERALS_0/security_core_0/rng/neoTRNG_0/entropy_cell_gen.0.neoTRNG_cell_inst/sreg_0[0]:Q

Info: The maximum frequency of this clock domain is limited by the minimum pulse widths of pin FIC_0_PERIPHERALS_0/security_core_0/rng/neoTRNG_0/entropy_cell_gen.0.neoTRNG_cell_inst/ring_osc_gen.0.latch[0]:CLK

SET Register to Register

No Path 

END SET Register to Register

----------------------------------------------------

SET External Setup

No Path 

END SET External Setup

----------------------------------------------------

SET Clock to Output

No Path 

END SET Clock to Output

----------------------------------------------------

SET FIC_0_PERIPHERALS_0/security_core_0/rng/neoTRNG_0/entropy_cell_gen.0.neoTRNG_cell_inst/sreg_4[0]:Q to FIC_0_PERIPHERALS_0/security_core_0/rng/neoTRNG_0/entropy_cell_gen.0.neoTRNG_cell_inst/sreg_0[0]:Q

No Path 

END SET FIC_0_PERIPHERALS_0/security_core_0/rng/neoTRNG_0/entropy_cell_gen.0.neoTRNG_cell_inst/sreg_4[0]:Q to FIC_0_PERIPHERALS_0/security_core_0/rng/neoTRNG_0/entropy_cell_gen.0.neoTRNG_cell_inst/sreg_0[0]:Q

----------------------------------------------------

SET Register to Asynchronous

No Path 

END SET Register to Asynchronous

----------------------------------------------------

SET External Recovery

No Path 

END SET External Recovery

----------------------------------------------------

SET Asynchronous to Register

No Path 

END SET Asynchronous to Register

----------------------------------------------------

SET CLOCKS_AND_RESETS_0/CCC_FIC_x_CLK/PF_CCC_C0_0/pll_inst_0/OUT0 to FIC_0_PERIPHERALS_0/security_core_0/rng/neoTRNG_0/entropy_cell_gen.0.neoTRNG_cell_inst/sreg_0[0]:Q

No Path 

END SET CLOCKS_AND_RESETS_0/CCC_FIC_x_CLK/PF_CCC_C0_0/pll_inst_0/OUT0 to FIC_0_PERIPHERALS_0/security_core_0/rng/neoTRNG_0/entropy_cell_gen.0.neoTRNG_cell_inst/sreg_0[0]:Q

----------------------------------------------------

Clock Domain FIC_0_PERIPHERALS_0/security_core_0/rng/neoTRNG_0/entropy_cell_gen.0.neoTRNG_cell_inst/sreg_1[0]:Q

Info: The maximum frequency of this clock domain is limited by the minimum pulse widths of pin FIC_0_PERIPHERALS_0/security_core_0/rng/neoTRNG_0/entropy_cell_gen.0.neoTRNG_cell_inst/ring_osc_gen.1.latch[1]:CLK

SET Register to Register

No Path 

END SET Register to Register

----------------------------------------------------

SET External Setup

No Path 

END SET External Setup

----------------------------------------------------

SET Clock to Output

No Path 

END SET Clock to Output

----------------------------------------------------

SET FIC_0_PERIPHERALS_0/security_core_0/rng/neoTRNG_0/entropy_cell_gen.0.neoTRNG_cell_inst/sreg_0[0]:Q to FIC_0_PERIPHERALS_0/security_core_0/rng/neoTRNG_0/entropy_cell_gen.0.neoTRNG_cell_inst/sreg_1[0]:Q

No Path 

END SET FIC_0_PERIPHERALS_0/security_core_0/rng/neoTRNG_0/entropy_cell_gen.0.neoTRNG_cell_inst/sreg_0[0]:Q to FIC_0_PERIPHERALS_0/security_core_0/rng/neoTRNG_0/entropy_cell_gen.0.neoTRNG_cell_inst/sreg_1[0]:Q

----------------------------------------------------

SET Register to Asynchronous

No Path 

END SET Register to Asynchronous

----------------------------------------------------

SET External Recovery

No Path 

END SET External Recovery

----------------------------------------------------

SET Asynchronous to Register

No Path 

END SET Asynchronous to Register

----------------------------------------------------

SET CLOCKS_AND_RESETS_0/CCC_FIC_x_CLK/PF_CCC_C0_0/pll_inst_0/OUT0 to FIC_0_PERIPHERALS_0/security_core_0/rng/neoTRNG_0/entropy_cell_gen.0.neoTRNG_cell_inst/sreg_1[0]:Q

No Path 

END SET CLOCKS_AND_RESETS_0/CCC_FIC_x_CLK/PF_CCC_C0_0/pll_inst_0/OUT0 to FIC_0_PERIPHERALS_0/security_core_0/rng/neoTRNG_0/entropy_cell_gen.0.neoTRNG_cell_inst/sreg_1[0]:Q

----------------------------------------------------

Clock Domain FIC_0_PERIPHERALS_0/security_core_0/rng/neoTRNG_0/entropy_cell_gen.0.neoTRNG_cell_inst/sreg_2[0]:Q

Info: The maximum frequency of this clock domain is limited by the minimum pulse widths of pin FIC_0_PERIPHERALS_0/security_core_0/rng/neoTRNG_0/entropy_cell_gen.0.neoTRNG_cell_inst/ring_osc_gen.2.latch[2]:CLK

SET Register to Register

No Path 

END SET Register to Register

----------------------------------------------------

SET External Setup

No Path 

END SET External Setup

----------------------------------------------------

SET Clock to Output

No Path 

END SET Clock to Output

----------------------------------------------------

SET FIC_0_PERIPHERALS_0/security_core_0/rng/neoTRNG_0/entropy_cell_gen.0.neoTRNG_cell_inst/sreg_1[0]:Q to FIC_0_PERIPHERALS_0/security_core_0/rng/neoTRNG_0/entropy_cell_gen.0.neoTRNG_cell_inst/sreg_2[0]:Q

No Path 

END SET FIC_0_PERIPHERALS_0/security_core_0/rng/neoTRNG_0/entropy_cell_gen.0.neoTRNG_cell_inst/sreg_1[0]:Q to FIC_0_PERIPHERALS_0/security_core_0/rng/neoTRNG_0/entropy_cell_gen.0.neoTRNG_cell_inst/sreg_2[0]:Q

----------------------------------------------------

SET Register to Asynchronous

No Path 

END SET Register to Asynchronous

----------------------------------------------------

SET External Recovery

No Path 

END SET External Recovery

----------------------------------------------------

SET Asynchronous to Register

No Path 

END SET Asynchronous to Register

----------------------------------------------------

SET CLOCKS_AND_RESETS_0/CCC_FIC_x_CLK/PF_CCC_C0_0/pll_inst_0/OUT0 to FIC_0_PERIPHERALS_0/security_core_0/rng/neoTRNG_0/entropy_cell_gen.0.neoTRNG_cell_inst/sreg_2[0]:Q

No Path 

END SET CLOCKS_AND_RESETS_0/CCC_FIC_x_CLK/PF_CCC_C0_0/pll_inst_0/OUT0 to FIC_0_PERIPHERALS_0/security_core_0/rng/neoTRNG_0/entropy_cell_gen.0.neoTRNG_cell_inst/sreg_2[0]:Q

----------------------------------------------------

Clock Domain FIC_0_PERIPHERALS_0/security_core_0/rng/neoTRNG_0/entropy_cell_gen.0.neoTRNG_cell_inst/sreg_3[0]:Q

Info: The maximum frequency of this clock domain is limited by the minimum pulse widths of pin FIC_0_PERIPHERALS_0/security_core_0/rng/neoTRNG_0/entropy_cell_gen.0.neoTRNG_cell_inst/ring_osc_gen.3.latch[3]:CLK

SET Register to Register

No Path 

END SET Register to Register

----------------------------------------------------

SET External Setup

No Path 

END SET External Setup

----------------------------------------------------

SET Clock to Output

No Path 

END SET Clock to Output

----------------------------------------------------

SET FIC_0_PERIPHERALS_0/security_core_0/rng/neoTRNG_0/entropy_cell_gen.0.neoTRNG_cell_inst/sreg_2[0]:Q to FIC_0_PERIPHERALS_0/security_core_0/rng/neoTRNG_0/entropy_cell_gen.0.neoTRNG_cell_inst/sreg_3[0]:Q

No Path 

END SET FIC_0_PERIPHERALS_0/security_core_0/rng/neoTRNG_0/entropy_cell_gen.0.neoTRNG_cell_inst/sreg_2[0]:Q to FIC_0_PERIPHERALS_0/security_core_0/rng/neoTRNG_0/entropy_cell_gen.0.neoTRNG_cell_inst/sreg_3[0]:Q

----------------------------------------------------

SET Register to Asynchronous

No Path 

END SET Register to Asynchronous

----------------------------------------------------

SET External Recovery

No Path 

END SET External Recovery

----------------------------------------------------

SET Asynchronous to Register

No Path 

END SET Asynchronous to Register

----------------------------------------------------

SET CLOCKS_AND_RESETS_0/CCC_FIC_x_CLK/PF_CCC_C0_0/pll_inst_0/OUT0 to FIC_0_PERIPHERALS_0/security_core_0/rng/neoTRNG_0/entropy_cell_gen.0.neoTRNG_cell_inst/sreg_3[0]:Q

No Path 

END SET CLOCKS_AND_RESETS_0/CCC_FIC_x_CLK/PF_CCC_C0_0/pll_inst_0/OUT0 to FIC_0_PERIPHERALS_0/security_core_0/rng/neoTRNG_0/entropy_cell_gen.0.neoTRNG_cell_inst/sreg_3[0]:Q

----------------------------------------------------

Clock Domain FIC_0_PERIPHERALS_0/security_core_0/rng/neoTRNG_0/entropy_cell_gen.0.neoTRNG_cell_inst/sreg_4[0]:Q

Info: The maximum frequency of this clock domain is limited by the minimum pulse widths of pin FIC_0_PERIPHERALS_0/security_core_0/rng/neoTRNG_0/entropy_cell_gen.0.neoTRNG_cell_inst/ring_osc_gen.4.latch[4]:CLK

SET Register to Register

No Path 

END SET Register to Register

----------------------------------------------------

SET External Setup

No Path 

END SET External Setup

----------------------------------------------------

SET Clock to Output

No Path 

END SET Clock to Output

----------------------------------------------------

SET FIC_0_PERIPHERALS_0/security_core_0/rng/neoTRNG_0/entropy_cell_gen.0.neoTRNG_cell_inst/sreg_3[0]:Q to FIC_0_PERIPHERALS_0/security_core_0/rng/neoTRNG_0/entropy_cell_gen.0.neoTRNG_cell_inst/sreg_4[0]:Q

No Path 

END SET FIC_0_PERIPHERALS_0/security_core_0/rng/neoTRNG_0/entropy_cell_gen.0.neoTRNG_cell_inst/sreg_3[0]:Q to FIC_0_PERIPHERALS_0/security_core_0/rng/neoTRNG_0/entropy_cell_gen.0.neoTRNG_cell_inst/sreg_4[0]:Q

----------------------------------------------------

SET Register to Asynchronous

No Path 

END SET Register to Asynchronous

----------------------------------------------------

SET External Recovery

No Path 

END SET External Recovery

----------------------------------------------------

SET Asynchronous to Register

No Path 

END SET Asynchronous to Register

----------------------------------------------------

SET CLOCKS_AND_RESETS_0/CCC_FIC_x_CLK/PF_CCC_C0_0/pll_inst_0/OUT0 to FIC_0_PERIPHERALS_0/security_core_0/rng/neoTRNG_0/entropy_cell_gen.0.neoTRNG_cell_inst/sreg_4[0]:Q

No Path 

END SET CLOCKS_AND_RESETS_0/CCC_FIC_x_CLK/PF_CCC_C0_0/pll_inst_0/OUT0 to FIC_0_PERIPHERALS_0/security_core_0/rng/neoTRNG_0/entropy_cell_gen.0.neoTRNG_cell_inst/sreg_4[0]:Q

----------------------------------------------------

Clock Domain FIC_0_PERIPHERALS_0/security_core_0/rng/neoTRNG_0/entropy_cell_gen.1.neoTRNG_cell_inst/sreg_0[0]:Q

Info: The maximum frequency of this clock domain is limited by the minimum pulse widths of pin FIC_0_PERIPHERALS_0/security_core_0/rng/neoTRNG_0/entropy_cell_gen.1.neoTRNG_cell_inst/ring_osc_gen.0.latch[0]:CLK

SET Register to Register

No Path 

END SET Register to Register

----------------------------------------------------

SET External Setup

No Path 

END SET External Setup

----------------------------------------------------

SET Clock to Output

No Path 

END SET Clock to Output

----------------------------------------------------

SET FIC_0_PERIPHERALS_0/security_core_0/rng/neoTRNG_0/entropy_cell_gen.0.neoTRNG_cell_inst/sreg_4[0]:Q to FIC_0_PERIPHERALS_0/security_core_0/rng/neoTRNG_0/entropy_cell_gen.1.neoTRNG_cell_inst/sreg_0[0]:Q

No Path 

END SET FIC_0_PERIPHERALS_0/security_core_0/rng/neoTRNG_0/entropy_cell_gen.0.neoTRNG_cell_inst/sreg_4[0]:Q to FIC_0_PERIPHERALS_0/security_core_0/rng/neoTRNG_0/entropy_cell_gen.1.neoTRNG_cell_inst/sreg_0[0]:Q

----------------------------------------------------

SET FIC_0_PERIPHERALS_0/security_core_0/rng/neoTRNG_0/entropy_cell_gen.1.neoTRNG_cell_inst/sreg_6[0]:Q to FIC_0_PERIPHERALS_0/security_core_0/rng/neoTRNG_0/entropy_cell_gen.1.neoTRNG_cell_inst/sreg_0[0]:Q

No Path 

END SET FIC_0_PERIPHERALS_0/security_core_0/rng/neoTRNG_0/entropy_cell_gen.1.neoTRNG_cell_inst/sreg_6[0]:Q to FIC_0_PERIPHERALS_0/security_core_0/rng/neoTRNG_0/entropy_cell_gen.1.neoTRNG_cell_inst/sreg_0[0]:Q

----------------------------------------------------

SET Register to Asynchronous

No Path 

END SET Register to Asynchronous

----------------------------------------------------

SET External Recovery

No Path 

END SET External Recovery

----------------------------------------------------

SET Asynchronous to Register

No Path 

END SET Asynchronous to Register

----------------------------------------------------

SET CLOCKS_AND_RESETS_0/CCC_FIC_x_CLK/PF_CCC_C0_0/pll_inst_0/OUT0 to FIC_0_PERIPHERALS_0/security_core_0/rng/neoTRNG_0/entropy_cell_gen.1.neoTRNG_cell_inst/sreg_0[0]:Q

No Path 

END SET CLOCKS_AND_RESETS_0/CCC_FIC_x_CLK/PF_CCC_C0_0/pll_inst_0/OUT0 to FIC_0_PERIPHERALS_0/security_core_0/rng/neoTRNG_0/entropy_cell_gen.1.neoTRNG_cell_inst/sreg_0[0]:Q

----------------------------------------------------

Clock Domain FIC_0_PERIPHERALS_0/security_core_0/rng/neoTRNG_0/entropy_cell_gen.1.neoTRNG_cell_inst/sreg_1[0]:Q

Info: The maximum frequency of this clock domain is limited by the minimum pulse widths of pin FIC_0_PERIPHERALS_0/security_core_0/rng/neoTRNG_0/entropy_cell_gen.1.neoTRNG_cell_inst/ring_osc_gen.1.latch[1]:CLK

SET Register to Register

No Path 

END SET Register to Register

----------------------------------------------------

SET External Setup

No Path 

END SET External Setup

----------------------------------------------------

SET Clock to Output

No Path 

END SET Clock to Output

----------------------------------------------------

SET FIC_0_PERIPHERALS_0/security_core_0/rng/neoTRNG_0/entropy_cell_gen.0.neoTRNG_cell_inst/sreg_4[0]:Q to FIC_0_PERIPHERALS_0/security_core_0/rng/neoTRNG_0/entropy_cell_gen.1.neoTRNG_cell_inst/sreg_1[0]:Q

No Path 

END SET FIC_0_PERIPHERALS_0/security_core_0/rng/neoTRNG_0/entropy_cell_gen.0.neoTRNG_cell_inst/sreg_4[0]:Q to FIC_0_PERIPHERALS_0/security_core_0/rng/neoTRNG_0/entropy_cell_gen.1.neoTRNG_cell_inst/sreg_1[0]:Q

----------------------------------------------------

SET FIC_0_PERIPHERALS_0/security_core_0/rng/neoTRNG_0/entropy_cell_gen.1.neoTRNG_cell_inst/sreg_0[0]:Q to FIC_0_PERIPHERALS_0/security_core_0/rng/neoTRNG_0/entropy_cell_gen.1.neoTRNG_cell_inst/sreg_1[0]:Q

No Path 

END SET FIC_0_PERIPHERALS_0/security_core_0/rng/neoTRNG_0/entropy_cell_gen.1.neoTRNG_cell_inst/sreg_0[0]:Q to FIC_0_PERIPHERALS_0/security_core_0/rng/neoTRNG_0/entropy_cell_gen.1.neoTRNG_cell_inst/sreg_1[0]:Q

----------------------------------------------------

SET Register to Asynchronous

No Path 

END SET Register to Asynchronous

----------------------------------------------------

SET External Recovery

No Path 

END SET External Recovery

----------------------------------------------------

SET Asynchronous to Register

No Path 

END SET Asynchronous to Register

----------------------------------------------------

SET CLOCKS_AND_RESETS_0/CCC_FIC_x_CLK/PF_CCC_C0_0/pll_inst_0/OUT0 to FIC_0_PERIPHERALS_0/security_core_0/rng/neoTRNG_0/entropy_cell_gen.1.neoTRNG_cell_inst/sreg_1[0]:Q

No Path 

END SET CLOCKS_AND_RESETS_0/CCC_FIC_x_CLK/PF_CCC_C0_0/pll_inst_0/OUT0 to FIC_0_PERIPHERALS_0/security_core_0/rng/neoTRNG_0/entropy_cell_gen.1.neoTRNG_cell_inst/sreg_1[0]:Q

----------------------------------------------------

Clock Domain FIC_0_PERIPHERALS_0/security_core_0/rng/neoTRNG_0/entropy_cell_gen.1.neoTRNG_cell_inst/sreg_2[0]:Q

Info: The maximum frequency of this clock domain is limited by the minimum pulse widths of pin FIC_0_PERIPHERALS_0/security_core_0/rng/neoTRNG_0/entropy_cell_gen.1.neoTRNG_cell_inst/ring_osc_gen.2.latch[2]:CLK

SET Register to Register

No Path 

END SET Register to Register

----------------------------------------------------

SET External Setup

No Path 

END SET External Setup

----------------------------------------------------

SET Clock to Output

No Path 

END SET Clock to Output

----------------------------------------------------

SET FIC_0_PERIPHERALS_0/security_core_0/rng/neoTRNG_0/entropy_cell_gen.0.neoTRNG_cell_inst/sreg_4[0]:Q to FIC_0_PERIPHERALS_0/security_core_0/rng/neoTRNG_0/entropy_cell_gen.1.neoTRNG_cell_inst/sreg_2[0]:Q

No Path 

END SET FIC_0_PERIPHERALS_0/security_core_0/rng/neoTRNG_0/entropy_cell_gen.0.neoTRNG_cell_inst/sreg_4[0]:Q to FIC_0_PERIPHERALS_0/security_core_0/rng/neoTRNG_0/entropy_cell_gen.1.neoTRNG_cell_inst/sreg_2[0]:Q

----------------------------------------------------

SET FIC_0_PERIPHERALS_0/security_core_0/rng/neoTRNG_0/entropy_cell_gen.1.neoTRNG_cell_inst/sreg_1[0]:Q to FIC_0_PERIPHERALS_0/security_core_0/rng/neoTRNG_0/entropy_cell_gen.1.neoTRNG_cell_inst/sreg_2[0]:Q

No Path 

END SET FIC_0_PERIPHERALS_0/security_core_0/rng/neoTRNG_0/entropy_cell_gen.1.neoTRNG_cell_inst/sreg_1[0]:Q to FIC_0_PERIPHERALS_0/security_core_0/rng/neoTRNG_0/entropy_cell_gen.1.neoTRNG_cell_inst/sreg_2[0]:Q

----------------------------------------------------

SET Register to Asynchronous

No Path 

END SET Register to Asynchronous

----------------------------------------------------

SET External Recovery

No Path 

END SET External Recovery

----------------------------------------------------

SET Asynchronous to Register

No Path 

END SET Asynchronous to Register

----------------------------------------------------

SET CLOCKS_AND_RESETS_0/CCC_FIC_x_CLK/PF_CCC_C0_0/pll_inst_0/OUT0 to FIC_0_PERIPHERALS_0/security_core_0/rng/neoTRNG_0/entropy_cell_gen.1.neoTRNG_cell_inst/sreg_2[0]:Q

No Path 

END SET CLOCKS_AND_RESETS_0/CCC_FIC_x_CLK/PF_CCC_C0_0/pll_inst_0/OUT0 to FIC_0_PERIPHERALS_0/security_core_0/rng/neoTRNG_0/entropy_cell_gen.1.neoTRNG_cell_inst/sreg_2[0]:Q

----------------------------------------------------

Clock Domain FIC_0_PERIPHERALS_0/security_core_0/rng/neoTRNG_0/entropy_cell_gen.1.neoTRNG_cell_inst/sreg_3[0]:Q

Info: The maximum frequency of this clock domain is limited by the minimum pulse widths of pin FIC_0_PERIPHERALS_0/security_core_0/rng/neoTRNG_0/entropy_cell_gen.1.neoTRNG_cell_inst/ring_osc_gen.3.latch[3]:CLK

SET Register to Register

No Path 

END SET Register to Register

----------------------------------------------------

SET External Setup

No Path 

END SET External Setup

----------------------------------------------------

SET Clock to Output

No Path 

END SET Clock to Output

----------------------------------------------------

SET FIC_0_PERIPHERALS_0/security_core_0/rng/neoTRNG_0/entropy_cell_gen.0.neoTRNG_cell_inst/sreg_4[0]:Q to FIC_0_PERIPHERALS_0/security_core_0/rng/neoTRNG_0/entropy_cell_gen.1.neoTRNG_cell_inst/sreg_3[0]:Q

No Path 

END SET FIC_0_PERIPHERALS_0/security_core_0/rng/neoTRNG_0/entropy_cell_gen.0.neoTRNG_cell_inst/sreg_4[0]:Q to FIC_0_PERIPHERALS_0/security_core_0/rng/neoTRNG_0/entropy_cell_gen.1.neoTRNG_cell_inst/sreg_3[0]:Q

----------------------------------------------------

SET FIC_0_PERIPHERALS_0/security_core_0/rng/neoTRNG_0/entropy_cell_gen.1.neoTRNG_cell_inst/sreg_2[0]:Q to FIC_0_PERIPHERALS_0/security_core_0/rng/neoTRNG_0/entropy_cell_gen.1.neoTRNG_cell_inst/sreg_3[0]:Q

No Path 

END SET FIC_0_PERIPHERALS_0/security_core_0/rng/neoTRNG_0/entropy_cell_gen.1.neoTRNG_cell_inst/sreg_2[0]:Q to FIC_0_PERIPHERALS_0/security_core_0/rng/neoTRNG_0/entropy_cell_gen.1.neoTRNG_cell_inst/sreg_3[0]:Q

----------------------------------------------------

SET Register to Asynchronous

No Path 

END SET Register to Asynchronous

----------------------------------------------------

SET External Recovery

No Path 

END SET External Recovery

----------------------------------------------------

SET Asynchronous to Register

No Path 

END SET Asynchronous to Register

----------------------------------------------------

SET CLOCKS_AND_RESETS_0/CCC_FIC_x_CLK/PF_CCC_C0_0/pll_inst_0/OUT0 to FIC_0_PERIPHERALS_0/security_core_0/rng/neoTRNG_0/entropy_cell_gen.1.neoTRNG_cell_inst/sreg_3[0]:Q

No Path 

END SET CLOCKS_AND_RESETS_0/CCC_FIC_x_CLK/PF_CCC_C0_0/pll_inst_0/OUT0 to FIC_0_PERIPHERALS_0/security_core_0/rng/neoTRNG_0/entropy_cell_gen.1.neoTRNG_cell_inst/sreg_3[0]:Q

----------------------------------------------------

Clock Domain FIC_0_PERIPHERALS_0/security_core_0/rng/neoTRNG_0/entropy_cell_gen.1.neoTRNG_cell_inst/sreg_4[0]:Q

Info: The maximum frequency of this clock domain is limited by the minimum pulse widths of pin FIC_0_PERIPHERALS_0/security_core_0/rng/neoTRNG_0/entropy_cell_gen.1.neoTRNG_cell_inst/ring_osc_gen.4.latch[4]:CLK

SET Register to Register

No Path 

END SET Register to Register

----------------------------------------------------

SET External Setup

No Path 

END SET External Setup

----------------------------------------------------

SET Clock to Output

No Path 

END SET Clock to Output

----------------------------------------------------

SET FIC_0_PERIPHERALS_0/security_core_0/rng/neoTRNG_0/entropy_cell_gen.0.neoTRNG_cell_inst/sreg_4[0]:Q to FIC_0_PERIPHERALS_0/security_core_0/rng/neoTRNG_0/entropy_cell_gen.1.neoTRNG_cell_inst/sreg_4[0]:Q

No Path 

END SET FIC_0_PERIPHERALS_0/security_core_0/rng/neoTRNG_0/entropy_cell_gen.0.neoTRNG_cell_inst/sreg_4[0]:Q to FIC_0_PERIPHERALS_0/security_core_0/rng/neoTRNG_0/entropy_cell_gen.1.neoTRNG_cell_inst/sreg_4[0]:Q

----------------------------------------------------

SET FIC_0_PERIPHERALS_0/security_core_0/rng/neoTRNG_0/entropy_cell_gen.1.neoTRNG_cell_inst/sreg_3[0]:Q to FIC_0_PERIPHERALS_0/security_core_0/rng/neoTRNG_0/entropy_cell_gen.1.neoTRNG_cell_inst/sreg_4[0]:Q

No Path 

END SET FIC_0_PERIPHERALS_0/security_core_0/rng/neoTRNG_0/entropy_cell_gen.1.neoTRNG_cell_inst/sreg_3[0]:Q to FIC_0_PERIPHERALS_0/security_core_0/rng/neoTRNG_0/entropy_cell_gen.1.neoTRNG_cell_inst/sreg_4[0]:Q

----------------------------------------------------

SET Register to Asynchronous

No Path 

END SET Register to Asynchronous

----------------------------------------------------

SET External Recovery

No Path 

END SET External Recovery

----------------------------------------------------

SET Asynchronous to Register

No Path 

END SET Asynchronous to Register

----------------------------------------------------

SET CLOCKS_AND_RESETS_0/CCC_FIC_x_CLK/PF_CCC_C0_0/pll_inst_0/OUT0 to FIC_0_PERIPHERALS_0/security_core_0/rng/neoTRNG_0/entropy_cell_gen.1.neoTRNG_cell_inst/sreg_4[0]:Q

No Path 

END SET CLOCKS_AND_RESETS_0/CCC_FIC_x_CLK/PF_CCC_C0_0/pll_inst_0/OUT0 to FIC_0_PERIPHERALS_0/security_core_0/rng/neoTRNG_0/entropy_cell_gen.1.neoTRNG_cell_inst/sreg_4[0]:Q

----------------------------------------------------

Clock Domain FIC_0_PERIPHERALS_0/security_core_0/rng/neoTRNG_0/entropy_cell_gen.1.neoTRNG_cell_inst/sreg_5[0]:Q

Info: The maximum frequency of this clock domain is limited by the minimum pulse widths of pin FIC_0_PERIPHERALS_0/security_core_0/rng/neoTRNG_0/entropy_cell_gen.1.neoTRNG_cell_inst/ring_osc_gen.5.latch[5]:CLK

SET Register to Register

No Path 

END SET Register to Register

----------------------------------------------------

SET External Setup

No Path 

END SET External Setup

----------------------------------------------------

SET Clock to Output

No Path 

END SET Clock to Output

----------------------------------------------------

SET FIC_0_PERIPHERALS_0/security_core_0/rng/neoTRNG_0/entropy_cell_gen.0.neoTRNG_cell_inst/sreg_4[0]:Q to FIC_0_PERIPHERALS_0/security_core_0/rng/neoTRNG_0/entropy_cell_gen.1.neoTRNG_cell_inst/sreg_5[0]:Q

No Path 

END SET FIC_0_PERIPHERALS_0/security_core_0/rng/neoTRNG_0/entropy_cell_gen.0.neoTRNG_cell_inst/sreg_4[0]:Q to FIC_0_PERIPHERALS_0/security_core_0/rng/neoTRNG_0/entropy_cell_gen.1.neoTRNG_cell_inst/sreg_5[0]:Q

----------------------------------------------------

SET FIC_0_PERIPHERALS_0/security_core_0/rng/neoTRNG_0/entropy_cell_gen.1.neoTRNG_cell_inst/sreg_4[0]:Q to FIC_0_PERIPHERALS_0/security_core_0/rng/neoTRNG_0/entropy_cell_gen.1.neoTRNG_cell_inst/sreg_5[0]:Q

No Path 

END SET FIC_0_PERIPHERALS_0/security_core_0/rng/neoTRNG_0/entropy_cell_gen.1.neoTRNG_cell_inst/sreg_4[0]:Q to FIC_0_PERIPHERALS_0/security_core_0/rng/neoTRNG_0/entropy_cell_gen.1.neoTRNG_cell_inst/sreg_5[0]:Q

----------------------------------------------------

SET Register to Asynchronous

No Path 

END SET Register to Asynchronous

----------------------------------------------------

SET External Recovery

No Path 

END SET External Recovery

----------------------------------------------------

SET Asynchronous to Register

No Path 

END SET Asynchronous to Register

----------------------------------------------------

SET CLOCKS_AND_RESETS_0/CCC_FIC_x_CLK/PF_CCC_C0_0/pll_inst_0/OUT0 to FIC_0_PERIPHERALS_0/security_core_0/rng/neoTRNG_0/entropy_cell_gen.1.neoTRNG_cell_inst/sreg_5[0]:Q

No Path 

END SET CLOCKS_AND_RESETS_0/CCC_FIC_x_CLK/PF_CCC_C0_0/pll_inst_0/OUT0 to FIC_0_PERIPHERALS_0/security_core_0/rng/neoTRNG_0/entropy_cell_gen.1.neoTRNG_cell_inst/sreg_5[0]:Q

----------------------------------------------------

Clock Domain FIC_0_PERIPHERALS_0/security_core_0/rng/neoTRNG_0/entropy_cell_gen.1.neoTRNG_cell_inst/sreg_6[0]:Q

Info: The maximum frequency of this clock domain is limited by the minimum pulse widths of pin FIC_0_PERIPHERALS_0/security_core_0/rng/neoTRNG_0/entropy_cell_gen.1.neoTRNG_cell_inst/ring_osc_gen.6.latch[6]:CLK

SET Register to Register

No Path 

END SET Register to Register

----------------------------------------------------

SET External Setup

No Path 

END SET External Setup

----------------------------------------------------

SET Clock to Output

No Path 

END SET Clock to Output

----------------------------------------------------

SET FIC_0_PERIPHERALS_0/security_core_0/rng/neoTRNG_0/entropy_cell_gen.0.neoTRNG_cell_inst/sreg_4[0]:Q to FIC_0_PERIPHERALS_0/security_core_0/rng/neoTRNG_0/entropy_cell_gen.1.neoTRNG_cell_inst/sreg_6[0]:Q

No Path 

END SET FIC_0_PERIPHERALS_0/security_core_0/rng/neoTRNG_0/entropy_cell_gen.0.neoTRNG_cell_inst/sreg_4[0]:Q to FIC_0_PERIPHERALS_0/security_core_0/rng/neoTRNG_0/entropy_cell_gen.1.neoTRNG_cell_inst/sreg_6[0]:Q

----------------------------------------------------

SET FIC_0_PERIPHERALS_0/security_core_0/rng/neoTRNG_0/entropy_cell_gen.1.neoTRNG_cell_inst/sreg_5[0]:Q to FIC_0_PERIPHERALS_0/security_core_0/rng/neoTRNG_0/entropy_cell_gen.1.neoTRNG_cell_inst/sreg_6[0]:Q

No Path 

END SET FIC_0_PERIPHERALS_0/security_core_0/rng/neoTRNG_0/entropy_cell_gen.1.neoTRNG_cell_inst/sreg_5[0]:Q to FIC_0_PERIPHERALS_0/security_core_0/rng/neoTRNG_0/entropy_cell_gen.1.neoTRNG_cell_inst/sreg_6[0]:Q

----------------------------------------------------

SET Register to Asynchronous

No Path 

END SET Register to Asynchronous

----------------------------------------------------

SET External Recovery

No Path 

END SET External Recovery

----------------------------------------------------

SET Asynchronous to Register

No Path 

END SET Asynchronous to Register

----------------------------------------------------

SET CLOCKS_AND_RESETS_0/CCC_FIC_x_CLK/PF_CCC_C0_0/pll_inst_0/OUT0 to FIC_0_PERIPHERALS_0/security_core_0/rng/neoTRNG_0/entropy_cell_gen.1.neoTRNG_cell_inst/sreg_6[0]:Q

No Path 

END SET CLOCKS_AND_RESETS_0/CCC_FIC_x_CLK/PF_CCC_C0_0/pll_inst_0/OUT0 to FIC_0_PERIPHERALS_0/security_core_0/rng/neoTRNG_0/entropy_cell_gen.1.neoTRNG_cell_inst/sreg_6[0]:Q

----------------------------------------------------

Clock Domain FIC_0_PERIPHERALS_0/security_core_0/rng/neoTRNG_0/entropy_cell_gen.2.neoTRNG_cell_inst/sreg_0[0]:Q

Info: The maximum frequency of this clock domain is limited by the minimum pulse widths of pin FIC_0_PERIPHERALS_0/security_core_0/rng/neoTRNG_0/entropy_cell_gen.2.neoTRNG_cell_inst/ring_osc_gen.0.latch[0]:CLK

SET Register to Register

No Path 

END SET Register to Register

----------------------------------------------------

SET External Setup

No Path 

END SET External Setup

----------------------------------------------------

SET Clock to Output

No Path 

END SET Clock to Output

----------------------------------------------------

SET FIC_0_PERIPHERALS_0/security_core_0/rng/neoTRNG_0/entropy_cell_gen.1.neoTRNG_cell_inst/sreg_6[0]:Q to FIC_0_PERIPHERALS_0/security_core_0/rng/neoTRNG_0/entropy_cell_gen.2.neoTRNG_cell_inst/sreg_0[0]:Q

No Path 

END SET FIC_0_PERIPHERALS_0/security_core_0/rng/neoTRNG_0/entropy_cell_gen.1.neoTRNG_cell_inst/sreg_6[0]:Q to FIC_0_PERIPHERALS_0/security_core_0/rng/neoTRNG_0/entropy_cell_gen.2.neoTRNG_cell_inst/sreg_0[0]:Q

----------------------------------------------------

SET FIC_0_PERIPHERALS_0/security_core_0/rng/neoTRNG_0/entropy_cell_gen.2.neoTRNG_cell_inst/sreg_8[0]:Q to FIC_0_PERIPHERALS_0/security_core_0/rng/neoTRNG_0/entropy_cell_gen.2.neoTRNG_cell_inst/sreg_0[0]:Q

No Path 

END SET FIC_0_PERIPHERALS_0/security_core_0/rng/neoTRNG_0/entropy_cell_gen.2.neoTRNG_cell_inst/sreg_8[0]:Q to FIC_0_PERIPHERALS_0/security_core_0/rng/neoTRNG_0/entropy_cell_gen.2.neoTRNG_cell_inst/sreg_0[0]:Q

----------------------------------------------------

SET Register to Asynchronous

No Path 

END SET Register to Asynchronous

----------------------------------------------------

SET External Recovery

No Path 

END SET External Recovery

----------------------------------------------------

SET Asynchronous to Register

No Path 

END SET Asynchronous to Register

----------------------------------------------------

SET CLOCKS_AND_RESETS_0/CCC_FIC_x_CLK/PF_CCC_C0_0/pll_inst_0/OUT0 to FIC_0_PERIPHERALS_0/security_core_0/rng/neoTRNG_0/entropy_cell_gen.2.neoTRNG_cell_inst/sreg_0[0]:Q

No Path 

END SET CLOCKS_AND_RESETS_0/CCC_FIC_x_CLK/PF_CCC_C0_0/pll_inst_0/OUT0 to FIC_0_PERIPHERALS_0/security_core_0/rng/neoTRNG_0/entropy_cell_gen.2.neoTRNG_cell_inst/sreg_0[0]:Q

----------------------------------------------------

Clock Domain FIC_0_PERIPHERALS_0/security_core_0/rng/neoTRNG_0/entropy_cell_gen.2.neoTRNG_cell_inst/sreg_1[0]:Q

Info: The maximum frequency of this clock domain is limited by the minimum pulse widths of pin FIC_0_PERIPHERALS_0/security_core_0/rng/neoTRNG_0/entropy_cell_gen.2.neoTRNG_cell_inst/ring_osc_gen.1.latch[1]:CLK

SET Register to Register

No Path 

END SET Register to Register

----------------------------------------------------

SET External Setup

No Path 

END SET External Setup

----------------------------------------------------

SET Clock to Output

No Path 

END SET Clock to Output

----------------------------------------------------

SET FIC_0_PERIPHERALS_0/security_core_0/rng/neoTRNG_0/entropy_cell_gen.1.neoTRNG_cell_inst/sreg_6[0]:Q to FIC_0_PERIPHERALS_0/security_core_0/rng/neoTRNG_0/entropy_cell_gen.2.neoTRNG_cell_inst/sreg_1[0]:Q

No Path 

END SET FIC_0_PERIPHERALS_0/security_core_0/rng/neoTRNG_0/entropy_cell_gen.1.neoTRNG_cell_inst/sreg_6[0]:Q to FIC_0_PERIPHERALS_0/security_core_0/rng/neoTRNG_0/entropy_cell_gen.2.neoTRNG_cell_inst/sreg_1[0]:Q

----------------------------------------------------

SET FIC_0_PERIPHERALS_0/security_core_0/rng/neoTRNG_0/entropy_cell_gen.2.neoTRNG_cell_inst/sreg_0[0]:Q to FIC_0_PERIPHERALS_0/security_core_0/rng/neoTRNG_0/entropy_cell_gen.2.neoTRNG_cell_inst/sreg_1[0]:Q

No Path 

END SET FIC_0_PERIPHERALS_0/security_core_0/rng/neoTRNG_0/entropy_cell_gen.2.neoTRNG_cell_inst/sreg_0[0]:Q to FIC_0_PERIPHERALS_0/security_core_0/rng/neoTRNG_0/entropy_cell_gen.2.neoTRNG_cell_inst/sreg_1[0]:Q

----------------------------------------------------

SET Register to Asynchronous

No Path 

END SET Register to Asynchronous

----------------------------------------------------

SET External Recovery

No Path 

END SET External Recovery

----------------------------------------------------

SET Asynchronous to Register

No Path 

END SET Asynchronous to Register

----------------------------------------------------

SET CLOCKS_AND_RESETS_0/CCC_FIC_x_CLK/PF_CCC_C0_0/pll_inst_0/OUT0 to FIC_0_PERIPHERALS_0/security_core_0/rng/neoTRNG_0/entropy_cell_gen.2.neoTRNG_cell_inst/sreg_1[0]:Q

No Path 

END SET CLOCKS_AND_RESETS_0/CCC_FIC_x_CLK/PF_CCC_C0_0/pll_inst_0/OUT0 to FIC_0_PERIPHERALS_0/security_core_0/rng/neoTRNG_0/entropy_cell_gen.2.neoTRNG_cell_inst/sreg_1[0]:Q

----------------------------------------------------

Clock Domain FIC_0_PERIPHERALS_0/security_core_0/rng/neoTRNG_0/entropy_cell_gen.2.neoTRNG_cell_inst/sreg_2[0]:Q

Info: The maximum frequency of this clock domain is limited by the minimum pulse widths of pin FIC_0_PERIPHERALS_0/security_core_0/rng/neoTRNG_0/entropy_cell_gen.2.neoTRNG_cell_inst/ring_osc_gen.2.latch[2]:CLK

SET Register to Register

No Path 

END SET Register to Register

----------------------------------------------------

SET External Setup

No Path 

END SET External Setup

----------------------------------------------------

SET Clock to Output

No Path 

END SET Clock to Output

----------------------------------------------------

SET FIC_0_PERIPHERALS_0/security_core_0/rng/neoTRNG_0/entropy_cell_gen.1.neoTRNG_cell_inst/sreg_6[0]:Q to FIC_0_PERIPHERALS_0/security_core_0/rng/neoTRNG_0/entropy_cell_gen.2.neoTRNG_cell_inst/sreg_2[0]:Q

No Path 

END SET FIC_0_PERIPHERALS_0/security_core_0/rng/neoTRNG_0/entropy_cell_gen.1.neoTRNG_cell_inst/sreg_6[0]:Q to FIC_0_PERIPHERALS_0/security_core_0/rng/neoTRNG_0/entropy_cell_gen.2.neoTRNG_cell_inst/sreg_2[0]:Q

----------------------------------------------------

SET FIC_0_PERIPHERALS_0/security_core_0/rng/neoTRNG_0/entropy_cell_gen.2.neoTRNG_cell_inst/sreg_1[0]:Q to FIC_0_PERIPHERALS_0/security_core_0/rng/neoTRNG_0/entropy_cell_gen.2.neoTRNG_cell_inst/sreg_2[0]:Q

No Path 

END SET FIC_0_PERIPHERALS_0/security_core_0/rng/neoTRNG_0/entropy_cell_gen.2.neoTRNG_cell_inst/sreg_1[0]:Q to FIC_0_PERIPHERALS_0/security_core_0/rng/neoTRNG_0/entropy_cell_gen.2.neoTRNG_cell_inst/sreg_2[0]:Q

----------------------------------------------------

SET Register to Asynchronous

No Path 

END SET Register to Asynchronous

----------------------------------------------------

SET External Recovery

No Path 

END SET External Recovery

----------------------------------------------------

SET Asynchronous to Register

No Path 

END SET Asynchronous to Register

----------------------------------------------------

SET CLOCKS_AND_RESETS_0/CCC_FIC_x_CLK/PF_CCC_C0_0/pll_inst_0/OUT0 to FIC_0_PERIPHERALS_0/security_core_0/rng/neoTRNG_0/entropy_cell_gen.2.neoTRNG_cell_inst/sreg_2[0]:Q

No Path 

END SET CLOCKS_AND_RESETS_0/CCC_FIC_x_CLK/PF_CCC_C0_0/pll_inst_0/OUT0 to FIC_0_PERIPHERALS_0/security_core_0/rng/neoTRNG_0/entropy_cell_gen.2.neoTRNG_cell_inst/sreg_2[0]:Q

----------------------------------------------------

Clock Domain FIC_0_PERIPHERALS_0/security_core_0/rng/neoTRNG_0/entropy_cell_gen.2.neoTRNG_cell_inst/sreg_3[0]:Q

Info: The maximum frequency of this clock domain is limited by the minimum pulse widths of pin FIC_0_PERIPHERALS_0/security_core_0/rng/neoTRNG_0/entropy_cell_gen.2.neoTRNG_cell_inst/ring_osc_gen.3.latch[3]:CLK

SET Register to Register

No Path 

END SET Register to Register

----------------------------------------------------

SET External Setup

No Path 

END SET External Setup

----------------------------------------------------

SET Clock to Output

No Path 

END SET Clock to Output

----------------------------------------------------

SET FIC_0_PERIPHERALS_0/security_core_0/rng/neoTRNG_0/entropy_cell_gen.1.neoTRNG_cell_inst/sreg_6[0]:Q to FIC_0_PERIPHERALS_0/security_core_0/rng/neoTRNG_0/entropy_cell_gen.2.neoTRNG_cell_inst/sreg_3[0]:Q

No Path 

END SET FIC_0_PERIPHERALS_0/security_core_0/rng/neoTRNG_0/entropy_cell_gen.1.neoTRNG_cell_inst/sreg_6[0]:Q to FIC_0_PERIPHERALS_0/security_core_0/rng/neoTRNG_0/entropy_cell_gen.2.neoTRNG_cell_inst/sreg_3[0]:Q

----------------------------------------------------

SET FIC_0_PERIPHERALS_0/security_core_0/rng/neoTRNG_0/entropy_cell_gen.2.neoTRNG_cell_inst/sreg_2[0]:Q to FIC_0_PERIPHERALS_0/security_core_0/rng/neoTRNG_0/entropy_cell_gen.2.neoTRNG_cell_inst/sreg_3[0]:Q

No Path 

END SET FIC_0_PERIPHERALS_0/security_core_0/rng/neoTRNG_0/entropy_cell_gen.2.neoTRNG_cell_inst/sreg_2[0]:Q to FIC_0_PERIPHERALS_0/security_core_0/rng/neoTRNG_0/entropy_cell_gen.2.neoTRNG_cell_inst/sreg_3[0]:Q

----------------------------------------------------

SET Register to Asynchronous

No Path 

END SET Register to Asynchronous

----------------------------------------------------

SET External Recovery

No Path 

END SET External Recovery

----------------------------------------------------

SET Asynchronous to Register

No Path 

END SET Asynchronous to Register

----------------------------------------------------

SET CLOCKS_AND_RESETS_0/CCC_FIC_x_CLK/PF_CCC_C0_0/pll_inst_0/OUT0 to FIC_0_PERIPHERALS_0/security_core_0/rng/neoTRNG_0/entropy_cell_gen.2.neoTRNG_cell_inst/sreg_3[0]:Q

No Path 

END SET CLOCKS_AND_RESETS_0/CCC_FIC_x_CLK/PF_CCC_C0_0/pll_inst_0/OUT0 to FIC_0_PERIPHERALS_0/security_core_0/rng/neoTRNG_0/entropy_cell_gen.2.neoTRNG_cell_inst/sreg_3[0]:Q

----------------------------------------------------

Clock Domain FIC_0_PERIPHERALS_0/security_core_0/rng/neoTRNG_0/entropy_cell_gen.2.neoTRNG_cell_inst/sreg_4[0]:Q

Info: The maximum frequency of this clock domain is limited by the minimum pulse widths of pin FIC_0_PERIPHERALS_0/security_core_0/rng/neoTRNG_0/entropy_cell_gen.2.neoTRNG_cell_inst/ring_osc_gen.4.latch[4]:CLK

SET Register to Register

No Path 

END SET Register to Register

----------------------------------------------------

SET External Setup

No Path 

END SET External Setup

----------------------------------------------------

SET Clock to Output

No Path 

END SET Clock to Output

----------------------------------------------------

SET FIC_0_PERIPHERALS_0/security_core_0/rng/neoTRNG_0/entropy_cell_gen.1.neoTRNG_cell_inst/sreg_6[0]:Q to FIC_0_PERIPHERALS_0/security_core_0/rng/neoTRNG_0/entropy_cell_gen.2.neoTRNG_cell_inst/sreg_4[0]:Q

No Path 

END SET FIC_0_PERIPHERALS_0/security_core_0/rng/neoTRNG_0/entropy_cell_gen.1.neoTRNG_cell_inst/sreg_6[0]:Q to FIC_0_PERIPHERALS_0/security_core_0/rng/neoTRNG_0/entropy_cell_gen.2.neoTRNG_cell_inst/sreg_4[0]:Q

----------------------------------------------------

SET FIC_0_PERIPHERALS_0/security_core_0/rng/neoTRNG_0/entropy_cell_gen.2.neoTRNG_cell_inst/sreg_3[0]:Q to FIC_0_PERIPHERALS_0/security_core_0/rng/neoTRNG_0/entropy_cell_gen.2.neoTRNG_cell_inst/sreg_4[0]:Q

No Path 

END SET FIC_0_PERIPHERALS_0/security_core_0/rng/neoTRNG_0/entropy_cell_gen.2.neoTRNG_cell_inst/sreg_3[0]:Q to FIC_0_PERIPHERALS_0/security_core_0/rng/neoTRNG_0/entropy_cell_gen.2.neoTRNG_cell_inst/sreg_4[0]:Q

----------------------------------------------------

SET Register to Asynchronous

No Path 

END SET Register to Asynchronous

----------------------------------------------------

SET External Recovery

No Path 

END SET External Recovery

----------------------------------------------------

SET Asynchronous to Register

No Path 

END SET Asynchronous to Register

----------------------------------------------------

SET CLOCKS_AND_RESETS_0/CCC_FIC_x_CLK/PF_CCC_C0_0/pll_inst_0/OUT0 to FIC_0_PERIPHERALS_0/security_core_0/rng/neoTRNG_0/entropy_cell_gen.2.neoTRNG_cell_inst/sreg_4[0]:Q

No Path 

END SET CLOCKS_AND_RESETS_0/CCC_FIC_x_CLK/PF_CCC_C0_0/pll_inst_0/OUT0 to FIC_0_PERIPHERALS_0/security_core_0/rng/neoTRNG_0/entropy_cell_gen.2.neoTRNG_cell_inst/sreg_4[0]:Q

----------------------------------------------------

Clock Domain FIC_0_PERIPHERALS_0/security_core_0/rng/neoTRNG_0/entropy_cell_gen.2.neoTRNG_cell_inst/sreg_5[0]:Q

Info: The maximum frequency of this clock domain is limited by the minimum pulse widths of pin FIC_0_PERIPHERALS_0/security_core_0/rng/neoTRNG_0/entropy_cell_gen.2.neoTRNG_cell_inst/ring_osc_gen.5.latch[5]:CLK

SET Register to Register

No Path 

END SET Register to Register

----------------------------------------------------

SET External Setup

No Path 

END SET External Setup

----------------------------------------------------

SET Clock to Output

No Path 

END SET Clock to Output

----------------------------------------------------

SET FIC_0_PERIPHERALS_0/security_core_0/rng/neoTRNG_0/entropy_cell_gen.1.neoTRNG_cell_inst/sreg_6[0]:Q to FIC_0_PERIPHERALS_0/security_core_0/rng/neoTRNG_0/entropy_cell_gen.2.neoTRNG_cell_inst/sreg_5[0]:Q

No Path 

END SET FIC_0_PERIPHERALS_0/security_core_0/rng/neoTRNG_0/entropy_cell_gen.1.neoTRNG_cell_inst/sreg_6[0]:Q to FIC_0_PERIPHERALS_0/security_core_0/rng/neoTRNG_0/entropy_cell_gen.2.neoTRNG_cell_inst/sreg_5[0]:Q

----------------------------------------------------

SET FIC_0_PERIPHERALS_0/security_core_0/rng/neoTRNG_0/entropy_cell_gen.2.neoTRNG_cell_inst/sreg_4[0]:Q to FIC_0_PERIPHERALS_0/security_core_0/rng/neoTRNG_0/entropy_cell_gen.2.neoTRNG_cell_inst/sreg_5[0]:Q

No Path 

END SET FIC_0_PERIPHERALS_0/security_core_0/rng/neoTRNG_0/entropy_cell_gen.2.neoTRNG_cell_inst/sreg_4[0]:Q to FIC_0_PERIPHERALS_0/security_core_0/rng/neoTRNG_0/entropy_cell_gen.2.neoTRNG_cell_inst/sreg_5[0]:Q

----------------------------------------------------

SET Register to Asynchronous

No Path 

END SET Register to Asynchronous

----------------------------------------------------

SET External Recovery

No Path 

END SET External Recovery

----------------------------------------------------

SET Asynchronous to Register

No Path 

END SET Asynchronous to Register

----------------------------------------------------

SET CLOCKS_AND_RESETS_0/CCC_FIC_x_CLK/PF_CCC_C0_0/pll_inst_0/OUT0 to FIC_0_PERIPHERALS_0/security_core_0/rng/neoTRNG_0/entropy_cell_gen.2.neoTRNG_cell_inst/sreg_5[0]:Q

No Path 

END SET CLOCKS_AND_RESETS_0/CCC_FIC_x_CLK/PF_CCC_C0_0/pll_inst_0/OUT0 to FIC_0_PERIPHERALS_0/security_core_0/rng/neoTRNG_0/entropy_cell_gen.2.neoTRNG_cell_inst/sreg_5[0]:Q

----------------------------------------------------

Clock Domain FIC_0_PERIPHERALS_0/security_core_0/rng/neoTRNG_0/entropy_cell_gen.2.neoTRNG_cell_inst/sreg_6[0]:Q

Info: The maximum frequency of this clock domain is limited by the minimum pulse widths of pin FIC_0_PERIPHERALS_0/security_core_0/rng/neoTRNG_0/entropy_cell_gen.2.neoTRNG_cell_inst/ring_osc_gen.6.latch[6]:CLK

SET Register to Register

No Path 

END SET Register to Register

----------------------------------------------------

SET External Setup

No Path 

END SET External Setup

----------------------------------------------------

SET Clock to Output

No Path 

END SET Clock to Output

----------------------------------------------------

SET FIC_0_PERIPHERALS_0/security_core_0/rng/neoTRNG_0/entropy_cell_gen.1.neoTRNG_cell_inst/sreg_6[0]:Q to FIC_0_PERIPHERALS_0/security_core_0/rng/neoTRNG_0/entropy_cell_gen.2.neoTRNG_cell_inst/sreg_6[0]:Q

No Path 

END SET FIC_0_PERIPHERALS_0/security_core_0/rng/neoTRNG_0/entropy_cell_gen.1.neoTRNG_cell_inst/sreg_6[0]:Q to FIC_0_PERIPHERALS_0/security_core_0/rng/neoTRNG_0/entropy_cell_gen.2.neoTRNG_cell_inst/sreg_6[0]:Q

----------------------------------------------------

SET FIC_0_PERIPHERALS_0/security_core_0/rng/neoTRNG_0/entropy_cell_gen.2.neoTRNG_cell_inst/sreg_5[0]:Q to FIC_0_PERIPHERALS_0/security_core_0/rng/neoTRNG_0/entropy_cell_gen.2.neoTRNG_cell_inst/sreg_6[0]:Q

No Path 

END SET FIC_0_PERIPHERALS_0/security_core_0/rng/neoTRNG_0/entropy_cell_gen.2.neoTRNG_cell_inst/sreg_5[0]:Q to FIC_0_PERIPHERALS_0/security_core_0/rng/neoTRNG_0/entropy_cell_gen.2.neoTRNG_cell_inst/sreg_6[0]:Q

----------------------------------------------------

SET Register to Asynchronous

No Path 

END SET Register to Asynchronous

----------------------------------------------------

SET External Recovery

No Path 

END SET External Recovery

----------------------------------------------------

SET Asynchronous to Register

No Path 

END SET Asynchronous to Register

----------------------------------------------------

SET CLOCKS_AND_RESETS_0/CCC_FIC_x_CLK/PF_CCC_C0_0/pll_inst_0/OUT0 to FIC_0_PERIPHERALS_0/security_core_0/rng/neoTRNG_0/entropy_cell_gen.2.neoTRNG_cell_inst/sreg_6[0]:Q

No Path 

END SET CLOCKS_AND_RESETS_0/CCC_FIC_x_CLK/PF_CCC_C0_0/pll_inst_0/OUT0 to FIC_0_PERIPHERALS_0/security_core_0/rng/neoTRNG_0/entropy_cell_gen.2.neoTRNG_cell_inst/sreg_6[0]:Q

----------------------------------------------------

Clock Domain FIC_0_PERIPHERALS_0/security_core_0/rng/neoTRNG_0/entropy_cell_gen.2.neoTRNG_cell_inst/sreg_7[0]:Q

Info: The maximum frequency of this clock domain is limited by the minimum pulse widths of pin FIC_0_PERIPHERALS_0/security_core_0/rng/neoTRNG_0/entropy_cell_gen.2.neoTRNG_cell_inst/ring_osc_gen.7.latch[7]:CLK

SET Register to Register

No Path 

END SET Register to Register

----------------------------------------------------

SET External Setup

No Path 

END SET External Setup

----------------------------------------------------

SET Clock to Output

No Path 

END SET Clock to Output

----------------------------------------------------

SET FIC_0_PERIPHERALS_0/security_core_0/rng/neoTRNG_0/entropy_cell_gen.1.neoTRNG_cell_inst/sreg_6[0]:Q to FIC_0_PERIPHERALS_0/security_core_0/rng/neoTRNG_0/entropy_cell_gen.2.neoTRNG_cell_inst/sreg_7[0]:Q

No Path 

END SET FIC_0_PERIPHERALS_0/security_core_0/rng/neoTRNG_0/entropy_cell_gen.1.neoTRNG_cell_inst/sreg_6[0]:Q to FIC_0_PERIPHERALS_0/security_core_0/rng/neoTRNG_0/entropy_cell_gen.2.neoTRNG_cell_inst/sreg_7[0]:Q

----------------------------------------------------

SET FIC_0_PERIPHERALS_0/security_core_0/rng/neoTRNG_0/entropy_cell_gen.2.neoTRNG_cell_inst/sreg_6[0]:Q to FIC_0_PERIPHERALS_0/security_core_0/rng/neoTRNG_0/entropy_cell_gen.2.neoTRNG_cell_inst/sreg_7[0]:Q

No Path 

END SET FIC_0_PERIPHERALS_0/security_core_0/rng/neoTRNG_0/entropy_cell_gen.2.neoTRNG_cell_inst/sreg_6[0]:Q to FIC_0_PERIPHERALS_0/security_core_0/rng/neoTRNG_0/entropy_cell_gen.2.neoTRNG_cell_inst/sreg_7[0]:Q

----------------------------------------------------

SET Register to Asynchronous

No Path 

END SET Register to Asynchronous

----------------------------------------------------

SET External Recovery

No Path 

END SET External Recovery

----------------------------------------------------

SET Asynchronous to Register

No Path 

END SET Asynchronous to Register

----------------------------------------------------

SET CLOCKS_AND_RESETS_0/CCC_FIC_x_CLK/PF_CCC_C0_0/pll_inst_0/OUT0 to FIC_0_PERIPHERALS_0/security_core_0/rng/neoTRNG_0/entropy_cell_gen.2.neoTRNG_cell_inst/sreg_7[0]:Q

No Path 

END SET CLOCKS_AND_RESETS_0/CCC_FIC_x_CLK/PF_CCC_C0_0/pll_inst_0/OUT0 to FIC_0_PERIPHERALS_0/security_core_0/rng/neoTRNG_0/entropy_cell_gen.2.neoTRNG_cell_inst/sreg_7[0]:Q

----------------------------------------------------

Clock Domain FIC_0_PERIPHERALS_0/security_core_0/rng/neoTRNG_0/entropy_cell_gen.2.neoTRNG_cell_inst/sreg_8[0]:Q

Info: The maximum frequency of this clock domain is limited by the minimum pulse widths of pin FIC_0_PERIPHERALS_0/security_core_0/rng/neoTRNG_0/entropy_cell_gen.2.neoTRNG_cell_inst/ring_osc_gen.8.latch[8]:CLK

SET Register to Register

No Path 

END SET Register to Register

----------------------------------------------------

SET External Setup

No Path 

END SET External Setup

----------------------------------------------------

SET Clock to Output

No Path 

END SET Clock to Output

----------------------------------------------------

SET FIC_0_PERIPHERALS_0/security_core_0/rng/neoTRNG_0/entropy_cell_gen.1.neoTRNG_cell_inst/sreg_6[0]:Q to FIC_0_PERIPHERALS_0/security_core_0/rng/neoTRNG_0/entropy_cell_gen.2.neoTRNG_cell_inst/sreg_8[0]:Q

No Path 

END SET FIC_0_PERIPHERALS_0/security_core_0/rng/neoTRNG_0/entropy_cell_gen.1.neoTRNG_cell_inst/sreg_6[0]:Q to FIC_0_PERIPHERALS_0/security_core_0/rng/neoTRNG_0/entropy_cell_gen.2.neoTRNG_cell_inst/sreg_8[0]:Q

----------------------------------------------------

SET FIC_0_PERIPHERALS_0/security_core_0/rng/neoTRNG_0/entropy_cell_gen.2.neoTRNG_cell_inst/sreg_7[0]:Q to FIC_0_PERIPHERALS_0/security_core_0/rng/neoTRNG_0/entropy_cell_gen.2.neoTRNG_cell_inst/sreg_8[0]:Q

No Path 

END SET FIC_0_PERIPHERALS_0/security_core_0/rng/neoTRNG_0/entropy_cell_gen.2.neoTRNG_cell_inst/sreg_7[0]:Q to FIC_0_PERIPHERALS_0/security_core_0/rng/neoTRNG_0/entropy_cell_gen.2.neoTRNG_cell_inst/sreg_8[0]:Q

----------------------------------------------------

SET Register to Asynchronous

No Path 

END SET Register to Asynchronous

----------------------------------------------------

SET External Recovery

No Path 

END SET External Recovery

----------------------------------------------------

SET Asynchronous to Register

No Path 

END SET Asynchronous to Register

----------------------------------------------------

SET CLOCKS_AND_RESETS_0/CCC_FIC_x_CLK/PF_CCC_C0_0/pll_inst_0/OUT0 to FIC_0_PERIPHERALS_0/security_core_0/rng/neoTRNG_0/entropy_cell_gen.2.neoTRNG_cell_inst/sreg_8[0]:Q

No Path 

END SET CLOCKS_AND_RESETS_0/CCC_FIC_x_CLK/PF_CCC_C0_0/pll_inst_0/OUT0 to FIC_0_PERIPHERALS_0/security_core_0/rng/neoTRNG_0/entropy_cell_gen.2.neoTRNG_cell_inst/sreg_8[0]:Q

----------------------------------------------------

Clock Domain MBUS_SPI_CLK

Info: The maximum frequency of this clock domain is limited by the period of pin MSS_WRAPPER_0/MPFS_DISCOVERY_KIT_MSS_0/I_MSS:SPI_0_CLK_F2M

SET Register to Register

No Path 

END SET Register to Register

----------------------------------------------------

SET External Setup

Path 1
  From: MBUS_SPI_MISO
  To:   MSS_WRAPPER_0/MPFS_DISCOVERY_KIT_MSS_0/I_MSS:SPI_0_DI_F2M
  Delay (ns):              3.486
  Arrival (ns):            3.486
  Setup (ns):              0.909
  External Setup (ns):     1.530
  Operating Conditions: slow_lv_lt


Expanded Path 1
  From: MBUS_SPI_MISO
  To: MSS_WRAPPER_0/MPFS_DISCOVERY_KIT_MSS_0/I_MSS:SPI_0_DI_F2M
  data required time                                    N/C
  data arrival time                          -        3.486
  slack                                                 N/C
  ________________________________________________________
  Data arrival time calculation
  0.000                        MBUS_SPI_MISO (r)
               +     0.000          net: MBUS_SPI_MISO
  0.000                        MBUS_SPI_MISO_ibuf/U_IOPAD:PAD (r)
               +     1.147          cell: ADLIB:IOPAD_IN
  1.147                        MBUS_SPI_MISO_ibuf/U_IOPAD:Y (r)
               +     0.000          net: MBUS_SPI_MISO_ibuf/YIN
  1.147                        MBUS_SPI_MISO_ibuf/U_IOIN:YIN (r)
               +     0.274          cell: ADLIB:IOIN_IB_E
  1.421                        MBUS_SPI_MISO_ibuf/U_IOIN:Y (r)
               +     2.065          net: MBUS_SPI_MISO_c
  3.486                        MSS_WRAPPER_0/MPFS_DISCOVERY_KIT_MSS_0/I_MSS:SPI_0_DI_F2M (r)
                                    
  3.486                        data arrival time
  ________________________________________________________
  Data required time calculation
  N/C                          MBUS_SPI_CLK
               +     0.000          Clock source
  N/C                          MBUS_SPI_CLK (r)
               +     0.992          cell: ADLIB:IOPAD_BI
  N/C                          MSS_WRAPPER_0/SPI_0_CLK_BIBUF/U_IOPAD:Y (r)
               +     0.000          net: MSS_WRAPPER_0/SPI_0_CLK_BIBUF/YIN
  N/C                          MSS_WRAPPER_0/SPI_0_CLK_BIBUF/U_IOBI:YIN (r)
               +     0.262          cell: ADLIB:IOBI_IB_OB_EB
  N/C                          MSS_WRAPPER_0/SPI_0_CLK_BIBUF/U_IOBI:Y (r)
               +     1.611          net: MSS_WRAPPER_0/SPI_0_CLK_BIBUF_Y
  N/C                          MSS_WRAPPER_0/MPFS_DISCOVERY_KIT_MSS_0/I_MSS:SPI_0_CLK_F2M (r)
               -     0.909          Library setup time: ADLIB:MSS
  N/C                          MSS_WRAPPER_0/MPFS_DISCOVERY_KIT_MSS_0/I_MSS:SPI_0_DI_F2M


Operating Conditions : slow_lv_lt

END SET External Setup

----------------------------------------------------

SET Clock to Output

Path 1
  From: MSS_WRAPPER_0/MPFS_DISCOVERY_KIT_MSS_0/I_MSS:SPI_0_CLK_F2M
  To:   MBUS_SPI_MOSI
  Delay (ns):             10.539
  Arrival (ns):           14.493
  Clock to Out (ns):      14.493
  Operating Conditions: slow_lv_ht


Expanded Path 1
  From: MSS_WRAPPER_0/MPFS_DISCOVERY_KIT_MSS_0/I_MSS:SPI_0_CLK_F2M
  To: MBUS_SPI_MOSI
  data required time                                    N/C
  data arrival time                          -       14.493
  slack                                                 N/C
  ________________________________________________________
  Data arrival time calculation
  0.000                        MBUS_SPI_CLK
               +     0.000          Clock source
  0.000                        MBUS_SPI_CLK (f)
               +     1.302          cell: ADLIB:IOPAD_BI
  1.302                        MSS_WRAPPER_0/SPI_0_CLK_BIBUF/U_IOPAD:Y (f)
               +     0.000          net: MSS_WRAPPER_0/SPI_0_CLK_BIBUF/YIN
  1.302                        MSS_WRAPPER_0/SPI_0_CLK_BIBUF/U_IOBI:YIN (f)
               +     0.338          cell: ADLIB:IOBI_IB_OB_EB
  1.640                        MSS_WRAPPER_0/SPI_0_CLK_BIBUF/U_IOBI:Y (f)
               +     2.314          net: MSS_WRAPPER_0/SPI_0_CLK_BIBUF_Y
  3.954                        MSS_WRAPPER_0/MPFS_DISCOVERY_KIT_MSS_0/I_MSS:SPI_0_CLK_F2M (f)
               +     3.145          cell: ADLIB:MSS
  7.099                        MSS_WRAPPER_0/MPFS_DISCOVERY_KIT_MSS_0/I_MSS:SPI_0_DO_M2F (f)
               +     3.358          net: MBUS_SPI_MOSI_c
  10.457                       MBUS_SPI_MOSI_obuf/U_IOTRI:D (f)
               +     0.918          cell: ADLIB:IOTRI_OB_EB
  11.375                       MBUS_SPI_MOSI_obuf/U_IOTRI:DOUT (f)
               +     0.000          net: MBUS_SPI_MOSI_obuf/DOUT
  11.375                       MBUS_SPI_MOSI_obuf/U_IOPAD:D (f)
               +     3.118          cell: ADLIB:IOPAD_TRI
  14.493                       MBUS_SPI_MOSI_obuf/U_IOPAD:PAD (f)
               +     0.000          net: MBUS_SPI_MOSI
  14.493                       MBUS_SPI_MOSI (f)
                                    
  14.493                       data arrival time
  ________________________________________________________
  Data required time calculation
  N/C                          MBUS_SPI_CLK
                                    
  N/C                          MBUS_SPI_MOSI (f)


Operating Conditions : slow_lv_ht

END SET Clock to Output

----------------------------------------------------

SET Register to Asynchronous

No Path 

END SET Register to Asynchronous

----------------------------------------------------

SET External Recovery

Path 1
  From: MBUS_SPI_CS
  To:   MSS_WRAPPER_0/MPFS_DISCOVERY_KIT_MSS_0/I_MSS:SPI_0_SS_F2M
  Delay (ns):              3.287
  Arrival (ns):            3.287
  Recovery (ns):           1.686
  External Recovery (ns):   2.120
  Operating Conditions: slow_lv_lt


Expanded Path 1
  From: MBUS_SPI_CS
  To: MSS_WRAPPER_0/MPFS_DISCOVERY_KIT_MSS_0/I_MSS:SPI_0_SS_F2M
  data required time                                    N/C
  data arrival time                          -        3.287
  slack                                                 N/C
  ________________________________________________________
  Data arrival time calculation
  0.000                        MBUS_SPI_CS (f)
               +     1.157          cell: ADLIB:IOPAD_BI
  1.157                        MSS_WRAPPER_0/SPI_0_SS_BIBUF/U_IOPAD:Y (f)
               +     0.000          net: MSS_WRAPPER_0/SPI_0_SS_BIBUF/YIN
  1.157                        MSS_WRAPPER_0/SPI_0_SS_BIBUF/U_IOBI:YIN (f)
               +     0.267          cell: ADLIB:IOBI_IB_OB_EB
  1.424                        MSS_WRAPPER_0/SPI_0_SS_BIBUF/U_IOBI:Y (f)
               +     1.863          net: MSS_WRAPPER_0/SPI_0_SS_BIBUF_Y
  3.287                        MSS_WRAPPER_0/MPFS_DISCOVERY_KIT_MSS_0/I_MSS:SPI_0_SS_F2M (f)
                                    
  3.287                        data arrival time
  ________________________________________________________
  Data required time calculation
  N/C                          MBUS_SPI_CLK
               +     0.000          Clock source
  N/C                          MBUS_SPI_CLK (f)
               +     1.003          cell: ADLIB:IOPAD_BI
  N/C                          MSS_WRAPPER_0/SPI_0_CLK_BIBUF/U_IOPAD:Y (f)
               +     0.000          net: MSS_WRAPPER_0/SPI_0_CLK_BIBUF/YIN
  N/C                          MSS_WRAPPER_0/SPI_0_CLK_BIBUF/U_IOBI:YIN (f)
               +     0.255          cell: ADLIB:IOBI_IB_OB_EB
  N/C                          MSS_WRAPPER_0/SPI_0_CLK_BIBUF/U_IOBI:Y (f)
               +     1.595          net: MSS_WRAPPER_0/SPI_0_CLK_BIBUF_Y
  N/C                          MSS_WRAPPER_0/MPFS_DISCOVERY_KIT_MSS_0/I_MSS:SPI_0_CLK_F2M (f)
               -     1.686          Library recovery time: ADLIB:MSS
  N/C                          MSS_WRAPPER_0/MPFS_DISCOVERY_KIT_MSS_0/I_MSS:SPI_0_SS_F2M


Operating Conditions : slow_lv_lt

END SET External Recovery

----------------------------------------------------

SET Asynchronous to Register

No Path 

END SET Asynchronous to Register

----------------------------------------------------

Clock Domain MIPI_CAMERA_0/PF_CCC_C1_0/PF_CCC_C1_0/pll_inst_0/OUT0

SET Register to Register

Path 1
  From: MIPI_CAMERA_0/mipicsi2rxdecoderPF_C0_0/MSC_i_0/MSC_i_4/MSC_i_10/MSC_i_12/MSC_i_13/rdaddr_r[0]:CLK
  To:   MIPI_CAMERA_0/mipicsi2rxdecoderPF_C0_0/MSC_i_0/MSC_i_4/MSC_i_10/MSC_i_12/MSC_i_13/rdaddr_r[6]:D
  Delay (ns):              7.012
  Slack (ns):             12.787
  Arrival (ns):           14.469
  Required (ns):          27.256
  Setup (ns):              0.000
  Minimum Period (ns):     7.078
  Operating Conditions: slow_lv_ht

Path 2
  From: MIPI_CAMERA_0/mipicsi2rxdecoderPF_C0_0/MSC_i_0/MSC_i_4/MSC_i_10/MSC_i_12/MSC_i_13/rdaddr_r[6]:CLK
  To:   MIPI_CAMERA_0/mipicsi2rxdecoderPF_C0_0/MSC_i_0/MSC_i_4/MSC_i_10/MSC_i_12/MSC_i_13/rdaddr_r[6]:D
  Delay (ns):              6.733
  Slack (ns):             13.132
  Arrival (ns):           14.175
  Required (ns):          27.307
  Setup (ns):              0.000
  Minimum Period (ns):     6.733
  Operating Conditions: slow_lv_ht

Path 3
  From: MIPI_CAMERA_0/mipicsi2rxdecoderPF_C0_0/MSC_i_0/MSC_i_4/MSC_i_10/MSC_i_12/MSC_i_13/wraddr_sync_rr[1]:CLK
  To:   MIPI_CAMERA_0/mipicsi2rxdecoderPF_C0_0/MSC_i_0/MSC_i_4/MSC_i_10/MSC_i_12/MSC_i_13/rdaddr_r[6]:D
  Delay (ns):              6.547
  Slack (ns):             13.283
  Arrival (ns):           13.996
  Required (ns):          27.279
  Setup (ns):              0.000
  Minimum Period (ns):     6.582
  Operating Conditions: slow_lv_ht

Path 4
  From: MIPI_CAMERA_0/mipicsi2rxdecoderPF_C0_0/MSC_i_0/MSC_i_4/MSC_i_10/MSC_i_12/MSC_i_13/rdaddr_r[1]:CLK
  To:   MIPI_CAMERA_0/mipicsi2rxdecoderPF_C0_0/MSC_i_0/MSC_i_4/MSC_i_10/MSC_i_12/MSC_i_13/rdaddr_r[6]:D
  Delay (ns):              6.310
  Slack (ns):             13.431
  Arrival (ns):           13.784
  Required (ns):          27.215
  Setup (ns):              0.000
  Minimum Period (ns):     6.434
  Operating Conditions: slow_lv_ht

Path 5
  From: MIPI_CAMERA_0/mipicsi2rxdecoderPF_C0_0/MSC_i_0/MSC_i_4/MSC_i_10/MSC_i_12/MSC_i_13/rdaddr_r[0]:CLK
  To:   MIPI_CAMERA_0/mipicsi2rxdecoderPF_C0_0/MSC_i_0/MSC_i_4/MSC_i_10/MSC_i_12/MSC_i_13/rdaddr_r[9]:D
  Delay (ns):              6.270
  Slack (ns):             13.507
  Arrival (ns):           13.727
  Required (ns):          27.234
  Setup (ns):              0.000
  Minimum Period (ns):     6.358
  Operating Conditions: slow_lv_ht


Expanded Path 1
  From: MIPI_CAMERA_0/mipicsi2rxdecoderPF_C0_0/MSC_i_0/MSC_i_4/MSC_i_10/MSC_i_12/MSC_i_13/rdaddr_r[0]:CLK
  To: MIPI_CAMERA_0/mipicsi2rxdecoderPF_C0_0/MSC_i_0/MSC_i_4/MSC_i_10/MSC_i_12/MSC_i_13/rdaddr_r[6]:D
  data required time                                 27.256
  data arrival time                          -       14.469
  slack                                              12.787
  ________________________________________________________
  Data arrival time calculation
  0.000                        MIPI_CAMERA_0/PF_CCC_C1_0/PF_CCC_C1_0/pll_inst_0/OUT0
               +     0.000          Clock source
  0.000                        MIPI_CAMERA_0/PF_CCC_C1_0/PF_CCC_C1_0/pll_inst_0:OUT0 (r)
               +     5.699          Clock generation
  5.699                        
               +     0.281          net: MIPI_CAMERA_0/PF_CCC_C1_0/PF_CCC_C1_0/pll_inst_0_clkint_0
  5.980                        MIPI_CAMERA_0/PF_CCC_C1_0/PF_CCC_C1_0/clkint_0_1:A (r)
               +     0.243          cell: ADLIB:ICB_CLKINT
  6.223                        MIPI_CAMERA_0/PF_CCC_C1_0/PF_CCC_C1_0/clkint_0_1:Y (r)
               +     0.150          net: MIPI_CAMERA_0/PF_CCC_C1_0/PF_CCC_C1_0/clkint_0_NET
  6.373                        MIPI_CAMERA_0/PF_CCC_C1_0/PF_CCC_C1_0/clkint_0:A (r)
               +     0.164          cell: ADLIB:GB
  6.537                        MIPI_CAMERA_0/PF_CCC_C1_0/PF_CCC_C1_0/clkint_0:Y (r)
               +     0.396          net: MIPI_CAMERA_0/PF_CCC_C1_0/PF_CCC_C1_0/clkint_0/U0_Y
  6.933                        MIPI_CAMERA_0/PF_CCC_C1_0/PF_CCC_C1_0/clkint_0/U0_RGB1_RGB4:A (r)
               +     0.058          cell: ADLIB:RGB
  6.991                        MIPI_CAMERA_0/PF_CCC_C1_0/PF_CCC_C1_0/clkint_0/U0_RGB1_RGB4:Y (f)
               +     0.466          net: MIPI_CAMERA_0/PF_CCC_C1_0/PF_CCC_C1_0/clkint_0/U0_RGB1_RGB4_rgb_net_1
  7.457                        MIPI_CAMERA_0/mipicsi2rxdecoderPF_C0_0/MSC_i_0/MSC_i_4/MSC_i_10/MSC_i_12/MSC_i_13/rdaddr_r[0]:CLK (r)
               +     0.194          cell: ADLIB:SLE
  7.651                        MIPI_CAMERA_0/mipicsi2rxdecoderPF_C0_0/MSC_i_0/MSC_i_4/MSC_i_10/MSC_i_12/MSC_i_13/rdaddr_r[0]:Q (f)
               +     0.951          net: MIPI_CAMERA_0/mipicsi2rxdecoderPF_C0_0/MSC_i_0/MSC_i_4/MSC_i_10/MSC_i_12/MSC_i_13/MSC_net_100
  8.602                        MIPI_CAMERA_0/mipicsi2rxdecoderPF_C0_0/MSC_i_0/MSC_i_4/MSC_i_10/MSC_i_12/MSC_i_13/rdempty_NE_0:D (f)
               +     0.278          cell: ADLIB:CFG4
  8.880                        MIPI_CAMERA_0/mipicsi2rxdecoderPF_C0_0/MSC_i_0/MSC_i_4/MSC_i_10/MSC_i_12/MSC_i_13/rdempty_NE_0:Y (r)
               +     1.401          net: MIPI_CAMERA_0/mipicsi2rxdecoderPF_C0_0/MSC_i_0/MSC_i_4/MSC_i_10/MSC_i_12/MSC_i_13/MSC_net_165
  10.281                       MIPI_CAMERA_0/mipicsi2rxdecoderPF_C0_0/MSC_i_0/MSC_i_4/MSC_i_10/MSC_i_12/MSC_i_13/rdempty_NE_5:A (r)
               +     0.053          cell: ADLIB:CFG3
  10.334                       MIPI_CAMERA_0/mipicsi2rxdecoderPF_C0_0/MSC_i_0/MSC_i_4/MSC_i_10/MSC_i_12/MSC_i_13/rdempty_NE_5:Y (r)
               +     0.425          net: MIPI_CAMERA_0/mipicsi2rxdecoderPF_C0_0/MSC_i_0/MSC_i_4/MSC_i_10/MSC_i_12/MSC_i_13/MSC_net_159
  10.759                       MIPI_CAMERA_0/mipicsi2rxdecoderPF_C0_0/MSC_i_0/MSC_i_4/MSC_i_10/MSC_i_12/MSC_i_13/rdempty_NE_1_RNI7BODU:D (r)
               +     0.090          cell: ADLIB:ARI1_CC
  10.849                       MIPI_CAMERA_0/mipicsi2rxdecoderPF_C0_0/MSC_i_0/MSC_i_4/MSC_i_10/MSC_i_12/MSC_i_13/rdempty_NE_1_RNI7BODU:Y (r)
               +     0.711          net: MIPI_CAMERA_0/mipicsi2rxdecoderPF_C0_0/MSC_i_0/MSC_i_4/MSC_i_10/MSC_i_12/MSC_net_252
  11.560                       MIPI_CAMERA_0/mipicsi2rxdecoderPF_C0_0/MSC_i_0/MSC_i_4/MSC_i_10/MSC_i_12/MSC_i_13/READ_ADDR_PROC.rdaddr_n_15_i_o3_0[4]:D (r)
               +     0.094          cell: ADLIB:CFG4
  11.654                       MIPI_CAMERA_0/mipicsi2rxdecoderPF_C0_0/MSC_i_0/MSC_i_4/MSC_i_10/MSC_i_12/MSC_i_13/READ_ADDR_PROC.rdaddr_n_15_i_o3_0[4]:Y (f)
               +     0.221          net: MIPI_CAMERA_0/mipicsi2rxdecoderPF_C0_0/MSC_i_0/MSC_i_4/MSC_i_10/MSC_i_12/MSC_i_13/MSC_net_169
  11.875                       MIPI_CAMERA_0/mipicsi2rxdecoderPF_C0_0/MSC_i_0/MSC_i_4/MSC_i_10/MSC_i_12/MSC_i_13/READ_ADDR_PROC.rdaddr_n_16_i_o3[5]:C (f)
               +     0.052          cell: ADLIB:CFG3
  11.927                       MIPI_CAMERA_0/mipicsi2rxdecoderPF_C0_0/MSC_i_0/MSC_i_4/MSC_i_10/MSC_i_12/MSC_i_13/READ_ADDR_PROC.rdaddr_n_16_i_o3[5]:Y (f)
               +     0.132          net: MIPI_CAMERA_0/mipicsi2rxdecoderPF_C0_0/MSC_i_0/MSC_i_4/MSC_i_10/MSC_i_12/MSC_i_13/MSC_net_171
  12.059                       MIPI_CAMERA_0/mipicsi2rxdecoderPF_C0_0/MSC_i_0/MSC_i_4/MSC_i_10/MSC_i_12/MSC_i_13/READ_ADDR_PROC.rdaddr_n_17_i_o4[6]:C (f)
               +     0.052          cell: ADLIB:CFG3
  12.111                       MIPI_CAMERA_0/mipicsi2rxdecoderPF_C0_0/MSC_i_0/MSC_i_4/MSC_i_10/MSC_i_12/MSC_i_13/READ_ADDR_PROC.rdaddr_n_17_i_o4[6]:Y (f)
               +     0.101          net: MIPI_CAMERA_0/mipicsi2rxdecoderPF_C0_0/MSC_i_0/MSC_i_4/MSC_i_10/MSC_i_12/MSC_i_13/MSC_net_175
  12.212                       MIPI_CAMERA_0/mipicsi2rxdecoderPF_C0_0/MSC_i_0/MSC_i_4/MSC_i_10/MSC_i_12/MSC_i_13/rdaddr_r_RNO[6]:C (f)
               +     0.234          cell: ADLIB:CFG4
  12.446                       MIPI_CAMERA_0/mipicsi2rxdecoderPF_C0_0/MSC_i_0/MSC_i_4/MSC_i_10/MSC_i_12/MSC_i_13/rdaddr_r_RNO[6]:Y (r)
               +     2.023          net: MIPI_CAMERA_0/mipicsi2rxdecoderPF_C0_0/MSC_i_0/MSC_i_4/MSC_i_10/MSC_i_12/MSC_i_13/MSC_net_143
  14.469                       MIPI_CAMERA_0/mipicsi2rxdecoderPF_C0_0/MSC_i_0/MSC_i_4/MSC_i_10/MSC_i_12/MSC_i_13/rdaddr_r[6]:D (r)
                                    
  14.469                       data arrival time
  ________________________________________________________
  Data required time calculation
  20.000                       MIPI_CAMERA_0/PF_CCC_C1_0/PF_CCC_C1_0/pll_inst_0/OUT0
               +     0.000          Clock source
  20.000                       MIPI_CAMERA_0/PF_CCC_C1_0/PF_CCC_C1_0/pll_inst_0:OUT0 (r)
               +     5.124          Clock generation
  25.124                       
               +     0.256          net: MIPI_CAMERA_0/PF_CCC_C1_0/PF_CCC_C1_0/pll_inst_0_clkint_0
  25.380                       MIPI_CAMERA_0/PF_CCC_C1_0/PF_CCC_C1_0/clkint_0_1:A (r)
               +     0.211          cell: ADLIB:ICB_CLKINT
  25.591                       MIPI_CAMERA_0/PF_CCC_C1_0/PF_CCC_C1_0/clkint_0_1:Y (r)
               +     0.136          net: MIPI_CAMERA_0/PF_CCC_C1_0/PF_CCC_C1_0/clkint_0_NET
  25.727                       MIPI_CAMERA_0/PF_CCC_C1_0/PF_CCC_C1_0/clkint_0:A (r)
               +     0.149          cell: ADLIB:GB
  25.876                       MIPI_CAMERA_0/PF_CCC_C1_0/PF_CCC_C1_0/clkint_0:Y (r)
               +     0.358          net: MIPI_CAMERA_0/PF_CCC_C1_0/PF_CCC_C1_0/clkint_0/U0_Y
  26.234                       MIPI_CAMERA_0/PF_CCC_C1_0/PF_CCC_C1_0/clkint_0/U0_RGB1_RGB4:A (r)
               +     0.052          cell: ADLIB:RGB
  26.286                       MIPI_CAMERA_0/PF_CCC_C1_0/PF_CCC_C1_0/clkint_0/U0_RGB1_RGB4:Y (f)
               +     0.400          net: MIPI_CAMERA_0/PF_CCC_C1_0/PF_CCC_C1_0/clkint_0/U0_RGB1_RGB4_rgb_net_1
  26.686                       MIPI_CAMERA_0/mipicsi2rxdecoderPF_C0_0/MSC_i_0/MSC_i_4/MSC_i_10/MSC_i_12/MSC_i_13/rdaddr_r[6]:CLK (r)
               +     0.705          
  27.391                       clock reconvergence pessimism
               -     0.135          
  27.256                       clock jitter
               -     0.000          Library setup time: ADLIB:SLE
  27.256                       MIPI_CAMERA_0/mipicsi2rxdecoderPF_C0_0/MSC_i_0/MSC_i_4/MSC_i_10/MSC_i_12/MSC_i_13/rdaddr_r[6]:D
                                    
  27.256                       data required time


Operating Conditions : slow_lv_ht

END SET Register to Register

----------------------------------------------------

SET External Setup

Path 1
  From: RXD_N[0]
  To:   MIPI_CAMERA_0/mipicsi2rxdecoderPF_C0_0/MSC_i_0/wait_cnt[1]:D
  Delay (ns):              3.482
  Arrival (ns):            3.482
  Setup (ns):              0.000
  External Setup (ns):    -0.841
  Operating Conditions: fast_hv_lt

Path 2
  From: RXD_N[0]
  To:   MIPI_CAMERA_0/mipicsi2rxdecoderPF_C0_0/MSC_i_0/wait_cnt[2]:D
  Delay (ns):              3.480
  Arrival (ns):            3.480
  Setup (ns):              0.000
  External Setup (ns):    -0.843
  Operating Conditions: fast_hv_lt

Path 3
  From: RXD_N[0]
  To:   MIPI_CAMERA_0/mipicsi2rxdecoderPF_C0_0/MSC_i_0/wait_cnt[0]:D
  Delay (ns):              3.480
  Arrival (ns):            3.480
  Setup (ns):              0.000
  External Setup (ns):    -0.843
  Operating Conditions: fast_hv_lt

Path 4
  From: RXD_N[0]
  To:   MIPI_CAMERA_0/mipicsi2rxdecoderPF_C0_0/MSC_i_0/L0_lp_data_pclk1:D
  Delay (ns):              3.472
  Arrival (ns):            3.472
  Setup (ns):              0.000
  External Setup (ns):    -0.854
  Operating Conditions: fast_hv_lt

Path 5
  From: RXD_N[0]
  To:   MIPI_CAMERA_0/mipicsi2rxdecoderPF_C0_0/MSC_i_0/MIPI_CAM_LANES_CONFIG_r[0]:EN
  Delay (ns):              3.375
  Arrival (ns):            3.375
  Setup (ns):              0.067
  External Setup (ns):    -0.881
  Operating Conditions: fast_hv_lt


Expanded Path 1
  From: RXD_N[0]
  To: MIPI_CAMERA_0/mipicsi2rxdecoderPF_C0_0/MSC_i_0/wait_cnt[1]:D
  data required time                                    N/C
  data arrival time                          -        3.482
  slack                                                 N/C
  ________________________________________________________
  Data arrival time calculation
  0.000                        RXD_N[0] (f)
               +     0.000          net: RXD_N[0]
  0.000                        MIPI_CAMERA_0/PF_IOD_GENERIC_RX_C0_0/PF_IOD_RX/I_INBUF_DIFF_MIPI_0/U_IOPADN:PAD (f)
               +     0.549          cell: ADLIB:IOPADN_IN
  0.549                        MIPI_CAMERA_0/PF_IOD_GENERIC_RX_C0_0/PF_IOD_RX/I_INBUF_DIFF_MIPI_0/U_IOPADN:Y (f)
               +     0.000          net: MIPI_CAMERA_0/PF_IOD_GENERIC_RX_C0_0/PF_IOD_RX/I_INBUF_DIFF_MIPI_0/U2_N2P
  0.549                        MIPI_CAMERA_0/PF_IOD_GENERIC_RX_C0_0/PF_IOD_RX/I_INBUF_DIFF_MIPI_0/U_ION:YIN (f)
               +     0.131          cell: ADLIB:IOIN_IB_E
  0.680                        MIPI_CAMERA_0/PF_IOD_GENERIC_RX_C0_0/PF_IOD_RX/I_INBUF_DIFF_MIPI_0/U_ION:Y (f)
               +     2.376          net: MIPI_CAMERA_0/PF_IOD_GENERIC_RX_C0_0_L0_LP_DATA_N
  3.056                        MIPI_CAMERA_0/mipicsi2rxdecoderPF_C0_0/MSC_i_0/wait_cnt_RNIA85TG[3]:B (f)
               +     0.034          cell: ADLIB:CFG3
  3.090                        MIPI_CAMERA_0/mipicsi2rxdecoderPF_C0_0/MSC_i_0/wait_cnt_RNIA85TG[3]:Y (r)
               +     0.085          net: MIPI_CAMERA_0/mipicsi2rxdecoderPF_C0_0/MSC_i_0/MSC_net_403
  3.175                        MIPI_CAMERA_0/mipicsi2rxdecoderPF_C0_0/MSC_i_0/wait_cnt_RNIEQ39Q[0]:B (r)
               +     0.103          cell: ADLIB:CFG3
  3.278                        MIPI_CAMERA_0/mipicsi2rxdecoderPF_C0_0/MSC_i_0/wait_cnt_RNIEQ39Q[0]:Y (r)
               +     0.084          net: MIPI_CAMERA_0/mipicsi2rxdecoderPF_C0_0/MSC_i_0/MSC_net_402
  3.362                        MIPI_CAMERA_0/mipicsi2rxdecoderPF_C0_0/MSC_i_0/wait_cnt_RNO[1]:C (r)
               +     0.103          cell: ADLIB:CFG3
  3.465                        MIPI_CAMERA_0/mipicsi2rxdecoderPF_C0_0/MSC_i_0/wait_cnt_RNO[1]:Y (r)
               +     0.017          net: MIPI_CAMERA_0/mipicsi2rxdecoderPF_C0_0/MSC_i_0/MSC_net_398
  3.482                        MIPI_CAMERA_0/mipicsi2rxdecoderPF_C0_0/MSC_i_0/wait_cnt[1]:D (r)
                                    
  3.482                        data arrival time
  ________________________________________________________
  Data required time calculation
  N/C                          MIPI_CAMERA_0/PF_CCC_C1_0/PF_CCC_C1_0/pll_inst_0/OUT0
               +     0.000          Clock source
  N/C                          MIPI_CAMERA_0/PF_CCC_C1_0/PF_CCC_C1_0/pll_inst_0:OUT0 (r)
               +     3.408          Clock generation
  N/C                          
               +     0.161          net: MIPI_CAMERA_0/PF_CCC_C1_0/PF_CCC_C1_0/pll_inst_0_clkint_0
  N/C                          MIPI_CAMERA_0/PF_CCC_C1_0/PF_CCC_C1_0/clkint_0_1:A (r)
               +     0.141          cell: ADLIB:ICB_CLKINT
  N/C                          MIPI_CAMERA_0/PF_CCC_C1_0/PF_CCC_C1_0/clkint_0_1:Y (r)
               +     0.096          net: MIPI_CAMERA_0/PF_CCC_C1_0/PF_CCC_C1_0/clkint_0_NET
  N/C                          MIPI_CAMERA_0/PF_CCC_C1_0/PF_CCC_C1_0/clkint_0:A (r)
               +     0.109          cell: ADLIB:GB
  N/C                          MIPI_CAMERA_0/PF_CCC_C1_0/PF_CCC_C1_0/clkint_0:Y (r)
               +     0.255          net: MIPI_CAMERA_0/PF_CCC_C1_0/PF_CCC_C1_0/clkint_0/U0_Y
  N/C                          MIPI_CAMERA_0/PF_CCC_C1_0/PF_CCC_C1_0/clkint_0/U0_RGB1_RGB2:A (r)
               +     0.038          cell: ADLIB:RGB
  N/C                          MIPI_CAMERA_0/PF_CCC_C1_0/PF_CCC_C1_0/clkint_0/U0_RGB1_RGB2:Y (f)
               +     0.250          net: MIPI_CAMERA_0/PF_CCC_C1_0/PF_CCC_C1_0/clkint_0/U0_RGB1_RGB2_rgb_net_1
  N/C                          MIPI_CAMERA_0/mipicsi2rxdecoderPF_C0_0/MSC_i_0/wait_cnt[1]:CLK (r)
               -     0.135          
  N/C                          clock jitter
               -     0.000          Library setup time: ADLIB:SLE
  N/C                          MIPI_CAMERA_0/mipicsi2rxdecoderPF_C0_0/MSC_i_0/wait_cnt[1]:D


Operating Conditions : fast_hv_lt

END SET External Setup

----------------------------------------------------

SET Clock to Output

No Path 

END SET Clock to Output

----------------------------------------------------

SET Register to Asynchronous

Path 1
  From: MIPI_CAMERA_0/VDMA_C0_0/VDMA_C0_0/dma_top_0/vdma_ip_reset_0/synchronizer_circuit_2stage_video_clk/sync_out_o:CLK
  To:   MIPI_CAMERA_0/VDMA_C0_0/VDMA_C0_0/dma_top_0/vdma_write_0/ddr_write_vdma/data_packer_vdma_0/GENERATE_DATA_PACK.0.DATA_PACK_PROC.s_data_arr_1[2]:ALn
  Delay (ns):              1.904
  Slack (ns):             17.708
  Arrival (ns):            9.378
  Required (ns):          27.086
  Recovery (ns):           0.196
  Minimum Period (ns):     2.157
  Skew (ns):               0.057
  Operating Conditions: slow_lv_ht

Path 2
  From: MIPI_CAMERA_0/VDMA_C0_0/VDMA_C0_0/dma_top_0/vdma_ip_reset_0/synchronizer_circuit_2stage_video_clk/sync_out_o:CLK
  To:   MIPI_CAMERA_0/VDMA_C0_0/VDMA_C0_0/dma_top_0/vdma_write_0/ddr_write_vdma/data_packer_vdma_0/GENERATE_DATA_PACK.0.DATA_PACK_PROC.s_data_arr_1[9]:ALn
  Delay (ns):              1.820
  Slack (ns):             17.786
  Arrival (ns):            9.294
  Required (ns):          27.080
  Recovery (ns):           0.209
  Minimum Period (ns):     2.079
  Skew (ns):               0.050
  Operating Conditions: slow_lv_ht

Path 3
  From: MIPI_CAMERA_0/VDMA_C0_0/VDMA_C0_0/dma_top_0/vdma_ip_reset_0/synchronizer_circuit_2stage_video_clk/sync_out_o:CLK
  To:   MIPI_CAMERA_0/VDMA_C0_0/VDMA_C0_0/dma_top_0/vdma_write_0/ddr_write_vdma/data_packer_vdma_0/GENERATE_DATA_PACK.0.DATA_PACK_PROC.s_data_arr_1[7]:ALn
  Delay (ns):              1.820
  Slack (ns):             17.786
  Arrival (ns):            9.294
  Required (ns):          27.080
  Recovery (ns):           0.209
  Minimum Period (ns):     2.079
  Skew (ns):               0.050
  Operating Conditions: slow_lv_ht

Path 4
  From: MIPI_CAMERA_0/VDMA_C0_0/VDMA_C0_0/dma_top_0/vdma_ip_reset_0/synchronizer_circuit_2stage_video_clk/sync_out_o:CLK
  To:   MIPI_CAMERA_0/VDMA_C0_0/VDMA_C0_0/dma_top_0/vdma_write_0/ddr_write_vdma/data_packer_vdma_0/GENERATE_DATA_PACK.0.DATA_PACK_PROC.s_data_arr_1[8]:ALn
  Delay (ns):              1.819
  Slack (ns):             17.787
  Arrival (ns):            9.293
  Required (ns):          27.080
  Recovery (ns):           0.209
  Minimum Period (ns):     2.078
  Skew (ns):               0.050
  Operating Conditions: slow_lv_ht

Path 5
  From: MIPI_CAMERA_0/VDMA_C0_0/VDMA_C0_0/dma_top_0/vdma_ip_reset_0/synchronizer_circuit_2stage_video_clk/sync_out_o:CLK
  To:   MIPI_CAMERA_0/VDMA_C0_0/VDMA_C0_0/dma_top_0/vdma_write_0/ddr_write_vdma/data_packer_vdma_0/GENERATE_DATA_PACK.0.DATA_PACK_PROC.s_data_arr_1[1]:ALn
  Delay (ns):              1.819
  Slack (ns):             17.787
  Arrival (ns):            9.293
  Required (ns):          27.080
  Recovery (ns):           0.209
  Minimum Period (ns):     2.078
  Skew (ns):               0.050
  Operating Conditions: slow_lv_ht


Expanded Path 1
  From: MIPI_CAMERA_0/VDMA_C0_0/VDMA_C0_0/dma_top_0/vdma_ip_reset_0/synchronizer_circuit_2stage_video_clk/sync_out_o:CLK
  To: MIPI_CAMERA_0/VDMA_C0_0/VDMA_C0_0/dma_top_0/vdma_write_0/ddr_write_vdma/data_packer_vdma_0/GENERATE_DATA_PACK.0.DATA_PACK_PROC.s_data_arr_1[2]:ALn
  data required time                                 27.086
  data arrival time                          -        9.378
  slack                                              17.708
  ________________________________________________________
  Data arrival time calculation
  0.000                        MIPI_CAMERA_0/PF_CCC_C1_0/PF_CCC_C1_0/pll_inst_0/OUT0
               +     0.000          Clock source
  0.000                        MIPI_CAMERA_0/PF_CCC_C1_0/PF_CCC_C1_0/pll_inst_0:OUT0 (r)
               +     5.699          Clock generation
  5.699                        
               +     0.281          net: MIPI_CAMERA_0/PF_CCC_C1_0/PF_CCC_C1_0/pll_inst_0_clkint_0
  5.980                        MIPI_CAMERA_0/PF_CCC_C1_0/PF_CCC_C1_0/clkint_0_1:A (r)
               +     0.243          cell: ADLIB:ICB_CLKINT
  6.223                        MIPI_CAMERA_0/PF_CCC_C1_0/PF_CCC_C1_0/clkint_0_1:Y (r)
               +     0.150          net: MIPI_CAMERA_0/PF_CCC_C1_0/PF_CCC_C1_0/clkint_0_NET
  6.373                        MIPI_CAMERA_0/PF_CCC_C1_0/PF_CCC_C1_0/clkint_0:A (r)
               +     0.164          cell: ADLIB:GB
  6.537                        MIPI_CAMERA_0/PF_CCC_C1_0/PF_CCC_C1_0/clkint_0:Y (r)
               +     0.417          net: MIPI_CAMERA_0/PF_CCC_C1_0/PF_CCC_C1_0/clkint_0/U0_Y
  6.954                        MIPI_CAMERA_0/PF_CCC_C1_0/PF_CCC_C1_0/clkint_0/U0_RGB1_RGB0:A (r)
               +     0.058          cell: ADLIB:RGB
  7.012                        MIPI_CAMERA_0/PF_CCC_C1_0/PF_CCC_C1_0/clkint_0/U0_RGB1_RGB0:Y (f)
               +     0.462          net: MIPI_CAMERA_0/PF_CCC_C1_0/PF_CCC_C1_0/clkint_0/U0_RGB1_RGB0_rgb_net_1
  7.474                        MIPI_CAMERA_0/VDMA_C0_0/VDMA_C0_0/dma_top_0/vdma_ip_reset_0/synchronizer_circuit_2stage_video_clk/sync_out_o:CLK (r)
               +     0.201          cell: ADLIB:SLE
  7.675                        MIPI_CAMERA_0/VDMA_C0_0/VDMA_C0_0/dma_top_0/vdma_ip_reset_0/synchronizer_circuit_2stage_video_clk/sync_out_o:Q (r)
               +     1.703          net: MIPI_CAMERA_0/VDMA_C0_0/VDMA_C0_0/dma_top_0/sync_out_o_0
  9.378                        MIPI_CAMERA_0/VDMA_C0_0/VDMA_C0_0/dma_top_0/vdma_write_0/ddr_write_vdma/data_packer_vdma_0/GENERATE_DATA_PACK.0.DATA_PACK_PROC.s_data_arr_1[2]:ALn (r)
                                    
  9.378                        data arrival time
  ________________________________________________________
  Data required time calculation
  20.000                       MIPI_CAMERA_0/PF_CCC_C1_0/PF_CCC_C1_0/pll_inst_0/OUT0
               +     0.000          Clock source
  20.000                       MIPI_CAMERA_0/PF_CCC_C1_0/PF_CCC_C1_0/pll_inst_0:OUT0 (r)
               +     5.124          Clock generation
  25.124                       
               +     0.256          net: MIPI_CAMERA_0/PF_CCC_C1_0/PF_CCC_C1_0/pll_inst_0_clkint_0
  25.380                       MIPI_CAMERA_0/PF_CCC_C1_0/PF_CCC_C1_0/clkint_0_1:A (r)
               +     0.211          cell: ADLIB:ICB_CLKINT
  25.591                       MIPI_CAMERA_0/PF_CCC_C1_0/PF_CCC_C1_0/clkint_0_1:Y (r)
               +     0.136          net: MIPI_CAMERA_0/PF_CCC_C1_0/PF_CCC_C1_0/clkint_0_NET
  25.727                       MIPI_CAMERA_0/PF_CCC_C1_0/PF_CCC_C1_0/clkint_0:A (r)
               +     0.149          cell: ADLIB:GB
  25.876                       MIPI_CAMERA_0/PF_CCC_C1_0/PF_CCC_C1_0/clkint_0:Y (r)
               +     0.377          net: MIPI_CAMERA_0/PF_CCC_C1_0/PF_CCC_C1_0/clkint_0/U0_Y
  26.253                       MIPI_CAMERA_0/PF_CCC_C1_0/PF_CCC_C1_0/clkint_0/U0_RGB1_RGB0:A (r)
               +     0.052          cell: ADLIB:RGB
  26.305                       MIPI_CAMERA_0/PF_CCC_C1_0/PF_CCC_C1_0/clkint_0/U0_RGB1_RGB0:Y (f)
               +     0.399          net: MIPI_CAMERA_0/PF_CCC_C1_0/PF_CCC_C1_0/clkint_0/U0_RGB1_RGB0_rgb_net_1
  26.704                       MIPI_CAMERA_0/VDMA_C0_0/VDMA_C0_0/dma_top_0/vdma_write_0/ddr_write_vdma/data_packer_vdma_0/GENERATE_DATA_PACK.0.DATA_PACK_PROC.s_data_arr_1[2]:CLK (r)
               +     0.713          
  27.417                       clock reconvergence pessimism
               -     0.135          
  27.282                       clock jitter
               -     0.196          Library recovery time: ADLIB:SLE
  27.086                       MIPI_CAMERA_0/VDMA_C0_0/VDMA_C0_0/dma_top_0/vdma_write_0/ddr_write_vdma/data_packer_vdma_0/GENERATE_DATA_PACK.0.DATA_PACK_PROC.s_data_arr_1[2]:ALn
                                    
  27.086                       data required time


Operating Conditions : slow_lv_ht

END SET Register to Asynchronous

----------------------------------------------------

SET External Recovery

No Path 

END SET External Recovery

----------------------------------------------------

SET Asynchronous to Register

No Path 

END SET Asynchronous to Register

----------------------------------------------------

SET CLOCKS_AND_RESETS_0/CCC_FIC_x_CLK/PF_CCC_C0_0/pll_inst_0/OUT0 to MIPI_CAMERA_0/PF_CCC_C1_0/PF_CCC_C1_0/pll_inst_0/OUT0

Path 1
  From: CLOCKS_AND_RESETS_0/RESET_FIC_0_CLK/CORERESET_0/dff_15[0]:CLK
  To:   MIPI_CAMERA_0/mipicsi2rxdecoderPF_C0_0/MSC_i_0/MSC_i_4/MSC_i_10/ecc_error_reg1:ALn
  Delay (ns):              2.889
  Slack (ns):             -0.124
  Arrival (ns):           10.507
  Required (ns):          10.383
  Operating Conditions: slow_lv_ht

Path 2
  From: CLOCKS_AND_RESETS_0/RESET_FIC_0_CLK/CORERESET_0/dff_15[0]:CLK
  To:   MIPI_CAMERA_0/VDMA_C0_0/VDMA_C0_0/dma_top_0/vdma_ip_reset_0/synchronizer_circuit_2stage_video_clk/sync_out_o:ALn
  Delay (ns):              2.759
  Slack (ns):              0.007
  Arrival (ns):           10.377
  Required (ns):          10.384
  Operating Conditions: slow_lv_ht

Path 3
  From: CLOCKS_AND_RESETS_0/RESET_FIC_0_CLK/CORERESET_0/dff_15[0]:CLK
  To:   MIPI_CAMERA_0/mipicsi2rxdecoderPF_C0_0/MSC_i_0/MSC_i_4/MSC_i_10/MSC_i_12/MSC_i_13/MSC_i_14/ram_block_ram_block_0_1/INST_RAM1K20_IP:A_DOUT_ARST_N
  Delay (ns):              2.818
  Slack (ns):              0.039
  Arrival (ns):           10.436
  Required (ns):          10.475
  Operating Conditions: slow_lv_ht

Path 4
  From: CLOCKS_AND_RESETS_0/RESET_FIC_0_CLK/CORERESET_0/dff_15[0]:CLK
  To:   MIPI_CAMERA_0/VDMA_C0_0/VDMA_C0_0/dma_top_0/vdma_ip_reset_0/synchronizer_circuit_2stage_video_clk/s_data_in:ALn
  Delay (ns):              2.714
  Slack (ns):              0.053
  Arrival (ns):           10.332
  Required (ns):          10.385
  Operating Conditions: slow_lv_ht

Path 5
  From: CLOCKS_AND_RESETS_0/RESET_FIC_0_CLK/CORERESET_0/dff_15[0]:CLK
  To:   MIPI_CAMERA_0/mipicsi2rxdecoderPF_C0_0/MSC_i_0/MSC_i_4/MSC_i_10/MSC_i_12/MSC_i_13/MSC_i_14/ram_block_ram_block_0_0/INST_RAM1K20_IP:A_DOUT_ARST_N
  Delay (ns):              2.736
  Slack (ns):              0.128
  Arrival (ns):           10.354
  Required (ns):          10.482
  Operating Conditions: slow_lv_ht


Expanded Path 1
  From: CLOCKS_AND_RESETS_0/RESET_FIC_0_CLK/CORERESET_0/dff_15[0]:CLK
  To: MIPI_CAMERA_0/mipicsi2rxdecoderPF_C0_0/MSC_i_0/MSC_i_4/MSC_i_10/ecc_error_reg1:ALn
  data required time                                 10.383
  data arrival time                          -       10.507
  slack                                              -0.124
  ________________________________________________________
  Data arrival time calculation
  0.000                        CLOCKS_AND_RESETS_0/CCC_FIC_x_CLK/PF_CCC_C0_0/pll_inst_0/OUT0
               +     0.000          Clock source
  0.000                        CLOCKS_AND_RESETS_0/CCC_FIC_x_CLK/PF_CCC_C0_0/pll_inst_0:OUT0 (r)
               +     4.312          Clock generation
  4.312                        
               +     1.709          net: CLOCKS_AND_RESETS_0/CCC_FIC_x_CLK/PF_CCC_C0_0/pll_inst_0_clkint_0
  6.021                        CLOCKS_AND_RESETS_0/CCC_FIC_x_CLK/PF_CCC_C0_0/clkint_0_1:A (r)
               +     0.150          cell: ADLIB:ICB_CLKINT
  6.171                        CLOCKS_AND_RESETS_0/CCC_FIC_x_CLK/PF_CCC_C0_0/clkint_0_1:Y (r)
               +     0.386          net: CLOCKS_AND_RESETS_0/CCC_FIC_x_CLK/PF_CCC_C0_0/clkint_0_NET
  6.557                        CLOCKS_AND_RESETS_0/CCC_FIC_x_CLK/PF_CCC_C0_0/clkint_0:A (r)
               +     0.161          cell: ADLIB:GB
  6.718                        CLOCKS_AND_RESETS_0/CCC_FIC_x_CLK/PF_CCC_C0_0/clkint_0:Y (r)
               +     0.387          net: CLOCKS_AND_RESETS_0/CCC_FIC_x_CLK/PF_CCC_C0_0/clkint_0/U0_Y
  7.105                        CLOCKS_AND_RESETS_0/CCC_FIC_x_CLK/PF_CCC_C0_0/clkint_0/U0_RGB1_RGB18:A (r)
               +     0.058          cell: ADLIB:RGB
  7.163                        CLOCKS_AND_RESETS_0/CCC_FIC_x_CLK/PF_CCC_C0_0/clkint_0/U0_RGB1_RGB18:Y (f)
               +     0.455          net: CLOCKS_AND_RESETS_0/CCC_FIC_x_CLK/PF_CCC_C0_0/clkint_0/U0_RGB1_RGB18_rgb_net_1
  7.618                        CLOCKS_AND_RESETS_0/RESET_FIC_0_CLK/CORERESET_0/dff_15[0]:CLK (r)
               +     0.201          cell: ADLIB:SLE
  7.819                        CLOCKS_AND_RESETS_0/RESET_FIC_0_CLK/CORERESET_0/dff_15[0]:Q (r)
               +     0.183          net: CLOCKS_AND_RESETS_0_RESET_FIC_0_CLK_CORERESET_0_dff
  8.002                        MIPI_CAMERA_0/mipicsi2rxdecoderPF_C0_0/MSC_i_0/reset_w:A (r)
               +     0.053          cell: ADLIB:CFG2
  8.055                        MIPI_CAMERA_0/mipicsi2rxdecoderPF_C0_0/MSC_i_0/reset_w:Y (r)
               +     2.452          net: MIPI_CAMERA_0/mipicsi2rxdecoderPF_C0_0/MSC_i_0/MSC_net_387
  10.507                       MIPI_CAMERA_0/mipicsi2rxdecoderPF_C0_0/MSC_i_0/MSC_i_4/MSC_i_10/ecc_error_reg1:ALn (r)
                                    
  10.507                       data arrival time
  ________________________________________________________
  Data required time calculation
  4.000                        MIPI_CAMERA_0/PF_CCC_C1_0/PF_CCC_C1_0/pll_inst_0/OUT0
               +     0.000          Clock source
  4.000                        MIPI_CAMERA_0/PF_CCC_C1_0/PF_CCC_C1_0/pll_inst_0:OUT0 (r)
               +     5.124          Clock generation
  9.124                        
               +     0.256          net: MIPI_CAMERA_0/PF_CCC_C1_0/PF_CCC_C1_0/pll_inst_0_clkint_0
  9.380                        MIPI_CAMERA_0/PF_CCC_C1_0/PF_CCC_C1_0/clkint_0_1:A (r)
               +     0.211          cell: ADLIB:ICB_CLKINT
  9.591                        MIPI_CAMERA_0/PF_CCC_C1_0/PF_CCC_C1_0/clkint_0_1:Y (r)
               +     0.136          net: MIPI_CAMERA_0/PF_CCC_C1_0/PF_CCC_C1_0/clkint_0_NET
  9.727                        MIPI_CAMERA_0/PF_CCC_C1_0/PF_CCC_C1_0/clkint_0:A (r)
               +     0.149          cell: ADLIB:GB
  9.876                        MIPI_CAMERA_0/PF_CCC_C1_0/PF_CCC_C1_0/clkint_0:Y (r)
               +     0.375          net: MIPI_CAMERA_0/PF_CCC_C1_0/PF_CCC_C1_0/clkint_0/U0_Y
  10.251                       MIPI_CAMERA_0/PF_CCC_C1_0/PF_CCC_C1_0/clkint_0/U0_RGB1_RGB1:A (r)
               +     0.052          cell: ADLIB:RGB
  10.303                       MIPI_CAMERA_0/PF_CCC_C1_0/PF_CCC_C1_0/clkint_0/U0_RGB1_RGB1:Y (f)
               +     0.411          net: MIPI_CAMERA_0/PF_CCC_C1_0/PF_CCC_C1_0/clkint_0/U0_RGB1_RGB1_rgb_net_1
  10.714                       MIPI_CAMERA_0/mipicsi2rxdecoderPF_C0_0/MSC_i_0/MSC_i_4/MSC_i_10/ecc_error_reg1:CLK (r)
               -     0.135          
  10.579                       clock jitter
               -     0.196          Library recovery time: ADLIB:SLE
  10.383                       MIPI_CAMERA_0/mipicsi2rxdecoderPF_C0_0/MSC_i_0/MSC_i_4/MSC_i_10/ecc_error_reg1:ALn
                                    
  10.383                       data required time


Operating Conditions : slow_lv_ht

END SET CLOCKS_AND_RESETS_0/CCC_FIC_x_CLK/PF_CCC_C0_0/pll_inst_0/OUT0 to MIPI_CAMERA_0/PF_CCC_C1_0/PF_CCC_C1_0/pll_inst_0/OUT0

----------------------------------------------------

SET CLOCKS_AND_RESETS_0/CCC_FIC_x_CLK/PF_CCC_C0_0/pll_inst_0/OUT1 to MIPI_CAMERA_0/PF_CCC_C1_0/PF_CCC_C1_0/pll_inst_0/OUT0

Path 1
  From: MIPI_CAMERA_0/VDMA_C0_0/VDMA_C0_0/dma_top_0/vdma_write_0/ddr_write_vdma/async_fifo_vdma_0/rptr[7]:CLK
  To:   MIPI_CAMERA_0/VDMA_C0_0/VDMA_C0_0/dma_top_0/vdma_write_0/ddr_write_vdma/async_fifo_vdma_0/wrptr1[7]:D
  Delay (ns):              0.681
  Slack (ns):              3.832
  Arrival (ns):            6.734
  Required (ns):          10.566
  Setup (ns):              0.000
  Operating Conditions: slow_lv_ht

Path 2
  From: MIPI_CAMERA_0/VDMA_C0_0/VDMA_C0_0/dma_top_0/vdma_write_0/ddr_write_vdma/async_fifo_vdma_0/rbin[12]:CLK
  To:   MIPI_CAMERA_0/VDMA_C0_0/VDMA_C0_0/dma_top_0/vdma_write_0/ddr_write_vdma/async_fifo_vdma_0/wrptr1[12]:D
  Delay (ns):              0.679
  Slack (ns):              3.850
  Arrival (ns):            6.719
  Required (ns):          10.569
  Setup (ns):              0.000
  Operating Conditions: slow_lv_ht

Path 3
  From: MIPI_CAMERA_0/VDMA_C0_0/VDMA_C0_0/dma_top_0/vdma_write_0/ddr_write_vdma/ddr_write_controller_vdma_0/int_dma:CLK
  To:   MIPI_CAMERA_0/VDMA_C0_0/VDMA_C0_0/dma_top_0/vdma_write_0/synchronizer_circuit_2stage_vdma/s_data_in:D
  Delay (ns):              0.634
  Slack (ns):              3.871
  Arrival (ns):            6.701
  Required (ns):          10.572
  Setup (ns):              0.000
  Operating Conditions: slow_lv_ht

Path 4
  From: MIPI_CAMERA_0/VDMA_C0_0/VDMA_C0_0/dma_top_0/vdma_write_0/ddr_write_vdma/async_fifo_vdma_0/rptr[9]:CLK
  To:   MIPI_CAMERA_0/VDMA_C0_0/VDMA_C0_0/dma_top_0/vdma_write_0/ddr_write_vdma/async_fifo_vdma_0/wrptr1[9]:D
  Delay (ns):              0.651
  Slack (ns):              3.882
  Arrival (ns):            6.704
  Required (ns):          10.586
  Setup (ns):              0.000
  Operating Conditions: slow_lv_ht

Path 5
  From: MIPI_CAMERA_0/VDMA_C0_0/VDMA_C0_0/dma_top_0/vdma_write_0/ddr_write_vdma/async_fifo_vdma_0/rptr[11]:CLK
  To:   MIPI_CAMERA_0/VDMA_C0_0/VDMA_C0_0/dma_top_0/vdma_write_0/ddr_write_vdma/async_fifo_vdma_0/wrptr1[11]:D
  Delay (ns):              0.371
  Slack (ns):              3.936
  Arrival (ns):            4.414
  Required (ns):           8.350
  Setup (ns):              0.000
  Operating Conditions: fast_hv_lt


Expanded Path 1
  From: MIPI_CAMERA_0/VDMA_C0_0/VDMA_C0_0/dma_top_0/vdma_write_0/ddr_write_vdma/async_fifo_vdma_0/rptr[7]:CLK
  To: MIPI_CAMERA_0/VDMA_C0_0/VDMA_C0_0/dma_top_0/vdma_write_0/ddr_write_vdma/async_fifo_vdma_0/wrptr1[7]:D
  data required time                                 10.566
  data arrival time                          -        6.734
  slack                                               3.832
  ________________________________________________________
  Data arrival time calculation
  0.000                        CLOCKS_AND_RESETS_0/CCC_FIC_x_CLK/PF_CCC_C0_0/pll_inst_0/OUT1
               +     0.000          Clock source
  0.000                        CLOCKS_AND_RESETS_0/CCC_FIC_x_CLK/PF_CCC_C0_0/pll_inst_0:OUT1 (r)
               +     4.311          Clock generation
  4.311                        
               +     0.256          net: CLOCKS_AND_RESETS_0/CCC_FIC_x_CLK/PF_CCC_C0_0/pll_inst_0_clkint_4
  4.567                        CLOCKS_AND_RESETS_0/CCC_FIC_x_CLK/PF_CCC_C0_0/clkint_4_1:A (r)
               +     0.234          cell: ADLIB:ICB_CLKINT
  4.801                        CLOCKS_AND_RESETS_0/CCC_FIC_x_CLK/PF_CCC_C0_0/clkint_4_1:Y (r)
               +     0.144          net: CLOCKS_AND_RESETS_0/CCC_FIC_x_CLK/PF_CCC_C0_0/clkint_4_NET
  4.945                        CLOCKS_AND_RESETS_0/CCC_FIC_x_CLK/PF_CCC_C0_0/clkint_4:A (r)
               +     0.162          cell: ADLIB:GB
  5.107                        CLOCKS_AND_RESETS_0/CCC_FIC_x_CLK/PF_CCC_C0_0/clkint_4:Y (r)
               +     0.413          net: CLOCKS_AND_RESETS_0/CCC_FIC_x_CLK/PF_CCC_C0_0/clkint_4/U0_Y
  5.520                        CLOCKS_AND_RESETS_0/CCC_FIC_x_CLK/PF_CCC_C0_0/clkint_4/U0_RGB1_RGB0:A (r)
               +     0.058          cell: ADLIB:RGB
  5.578                        CLOCKS_AND_RESETS_0/CCC_FIC_x_CLK/PF_CCC_C0_0/clkint_4/U0_RGB1_RGB0:Y (f)
               +     0.475          net: CLOCKS_AND_RESETS_0/CCC_FIC_x_CLK/PF_CCC_C0_0/clkint_4/U0_RGB1_RGB0_rgb_net_1
  6.053                        MIPI_CAMERA_0/VDMA_C0_0/VDMA_C0_0/dma_top_0/vdma_write_0/ddr_write_vdma/async_fifo_vdma_0/rptr[7]:CLK (r)
               +     0.201          cell: ADLIB:SLE
  6.254                        MIPI_CAMERA_0/VDMA_C0_0/VDMA_C0_0/dma_top_0/vdma_write_0/ddr_write_vdma/async_fifo_vdma_0/rptr[7]:Q (r)
               +     0.480          net: MIPI_CAMERA_0/VDMA_C0_0/VDMA_C0_0/dma_top_0/vdma_write_0/ddr_write_vdma/async_fifo_vdma_0/rptr_Z[7]
  6.734                        MIPI_CAMERA_0/VDMA_C0_0/VDMA_C0_0/dma_top_0/vdma_write_0/ddr_write_vdma/async_fifo_vdma_0/wrptr1[7]:D (r)
                                    
  6.734                        data arrival time
  ________________________________________________________
  Data required time calculation
  4.000                        MIPI_CAMERA_0/PF_CCC_C1_0/PF_CCC_C1_0/pll_inst_0/OUT0
               +     0.000          Clock source
  4.000                        MIPI_CAMERA_0/PF_CCC_C1_0/PF_CCC_C1_0/pll_inst_0:OUT0 (r)
               +     5.124          Clock generation
  9.124                        
               +     0.256          net: MIPI_CAMERA_0/PF_CCC_C1_0/PF_CCC_C1_0/pll_inst_0_clkint_0
  9.380                        MIPI_CAMERA_0/PF_CCC_C1_0/PF_CCC_C1_0/clkint_0_1:A (r)
               +     0.211          cell: ADLIB:ICB_CLKINT
  9.591                        MIPI_CAMERA_0/PF_CCC_C1_0/PF_CCC_C1_0/clkint_0_1:Y (r)
               +     0.136          net: MIPI_CAMERA_0/PF_CCC_C1_0/PF_CCC_C1_0/clkint_0_NET
  9.727                        MIPI_CAMERA_0/PF_CCC_C1_0/PF_CCC_C1_0/clkint_0:A (r)
               +     0.149          cell: ADLIB:GB
  9.876                        MIPI_CAMERA_0/PF_CCC_C1_0/PF_CCC_C1_0/clkint_0:Y (r)
               +     0.377          net: MIPI_CAMERA_0/PF_CCC_C1_0/PF_CCC_C1_0/clkint_0/U0_Y
  10.253                       MIPI_CAMERA_0/PF_CCC_C1_0/PF_CCC_C1_0/clkint_0/U0_RGB1_RGB0:A (r)
               +     0.052          cell: ADLIB:RGB
  10.305                       MIPI_CAMERA_0/PF_CCC_C1_0/PF_CCC_C1_0/clkint_0/U0_RGB1_RGB0:Y (f)
               +     0.396          net: MIPI_CAMERA_0/PF_CCC_C1_0/PF_CCC_C1_0/clkint_0/U0_RGB1_RGB0_rgb_net_1
  10.701                       MIPI_CAMERA_0/VDMA_C0_0/VDMA_C0_0/dma_top_0/vdma_write_0/ddr_write_vdma/async_fifo_vdma_0/wrptr1[7]:CLK (r)
               -     0.135          
  10.566                       clock jitter
               -     0.000          Library setup time: ADLIB:SLE
  10.566                       MIPI_CAMERA_0/VDMA_C0_0/VDMA_C0_0/dma_top_0/vdma_write_0/ddr_write_vdma/async_fifo_vdma_0/wrptr1[7]:D
                                    
  10.566                       data required time


Operating Conditions : slow_lv_ht

END SET CLOCKS_AND_RESETS_0/CCC_FIC_x_CLK/PF_CCC_C0_0/pll_inst_0/OUT1 to MIPI_CAMERA_0/PF_CCC_C1_0/PF_CCC_C1_0/pll_inst_0/OUT0

----------------------------------------------------

SET MIPI_CAMERA_0/PF_IOD_GENERIC_RX_C0_0/PF_CLK_DIV_FIFO/I_CDD/Y_DIV to MIPI_CAMERA_0/PF_CCC_C1_0/PF_CCC_C1_0/pll_inst_0/OUT0

Path 1
  From: MIPI_CAMERA_0/mipicsi2rxdecoderPF_C0_0/MSC_i_0/MSC_i_4/MSC_i_10/genblk2.word_count_out[1]:CLK
  To:   MIPI_CAMERA_0/mipicsi2rxdecoderPF_C0_0/MSC_i_0/MSC_i_4/MSC_i_10/word_count_reg1_0[1]:D
  Delay (ns):              1.365
  Slack (ns):              4.349
  Arrival (ns):            4.212
  Required (ns):           8.561
  Setup (ns):              0.000
  Operating Conditions: fast_hv_lt

Path 2
  From: MIPI_CAMERA_0/mipicsi2rxdecoderPF_C0_0/MSC_i_0/MSC_i_4/MSC_i_10/crc_error_ready:CLK
  To:   MIPI_CAMERA_0/mipicsi2rxdecoderPF_C0_0/MSC_i_0/MSC_i_4/MSC_i_10/crc_error_done:D
  Delay (ns):              1.362
  Slack (ns):              4.363
  Arrival (ns):            4.205
  Required (ns):           8.568
  Setup (ns):              0.000
  Operating Conditions: fast_hv_lt

Path 3
  From: MIPI_CAMERA_0/mipicsi2rxdecoderPF_C0_0/MSC_i_0/MSC_i_4/MSC_i_10/MSC_i_12/MSC_i_13/wraddr_rr[1]:CLK
  To:   MIPI_CAMERA_0/mipicsi2rxdecoderPF_C0_0/MSC_i_0/MSC_i_4/MSC_i_10/MSC_i_12/MSC_i_13/wraddr_sync_r[1]:D
  Delay (ns):              1.273
  Slack (ns):              4.441
  Arrival (ns):            4.121
  Required (ns):           8.562
  Setup (ns):              0.000
  Operating Conditions: fast_hv_lt

Path 4
  From: MIPI_CAMERA_0/mipicsi2rxdecoderPF_C0_0/MSC_i_0/MSC_i_4/MSC_i_10/genblk2.dt_i[4]:CLK
  To:   MIPI_CAMERA_0/mipicsi2rxdecoderPF_C0_0/MSC_i_0/MSC_i_4/MSC_i_10/data_type_reg1_0[4]:D
  Delay (ns):              1.044
  Slack (ns):              4.674
  Arrival (ns):            3.877
  Required (ns):           8.551
  Setup (ns):              0.000
  Operating Conditions: fast_hv_lt

Path 5
  From: MIPI_CAMERA_0/mipicsi2rxdecoderPF_C0_0/MSC_i_0/MSC_i_4/MSC_i_10/genblk2.virtual_channel[0]:CLK
  To:   MIPI_CAMERA_0/mipicsi2rxdecoderPF_C0_0/MSC_i_0/MSC_i_4/MSC_i_10/virtual_channel_reg1_0[0]:D
  Delay (ns):              1.020
  Slack (ns):              4.697
  Arrival (ns):            3.853
  Required (ns):           8.550
  Setup (ns):              0.000
  Operating Conditions: fast_hv_lt


Expanded Path 1
  From: MIPI_CAMERA_0/mipicsi2rxdecoderPF_C0_0/MSC_i_0/MSC_i_4/MSC_i_10/genblk2.word_count_out[1]:CLK
  To: MIPI_CAMERA_0/mipicsi2rxdecoderPF_C0_0/MSC_i_0/MSC_i_4/MSC_i_10/word_count_reg1_0[1]:D
  data required time                                  8.561
  data arrival time                          -        4.212
  slack                                               4.349
  ________________________________________________________
  Data arrival time calculation
  0.000                        MIPI_CAMERA_0/PF_IOD_GENERIC_RX_C0_0/PF_CLK_DIV_FIFO/I_CDD/Y_DIV
               +     0.000          Clock source
  0.000                        MIPI_CAMERA_0/PF_IOD_GENERIC_RX_C0_0/PF_CLK_DIV_FIFO/I_CDD:Y_DIV (r)
               +     1.543          Clock generation
  1.543                        
               +     0.354          net: MIPI_CAMERA_0/PF_IOD_GENERIC_RX_C0_0/PF_CLK_DIV_FIFO_CLK_DIV_OUT
  1.897                        MIPI_CAMERA_0/PF_IOD_GENERIC_RX_C0_0/CLKINT_0_1:A (r)
               +     0.114          cell: ADLIB:ICB_CLKINT
  2.011                        MIPI_CAMERA_0/PF_IOD_GENERIC_RX_C0_0/CLKINT_0_1:Y (r)
               +     0.088          net: MIPI_CAMERA_0/PF_IOD_GENERIC_RX_C0_0/CLKINT_0_NET
  2.099                        MIPI_CAMERA_0/PF_IOD_GENERIC_RX_C0_0/CLKINT_0:A (r)
               +     0.116          cell: ADLIB:GB
  2.215                        MIPI_CAMERA_0/PF_IOD_GENERIC_RX_C0_0/CLKINT_0:Y (r)
               +     0.283          net: MIPI_CAMERA_0/PF_IOD_GENERIC_RX_C0_0/CLKINT_0/U0_Y
  2.498                        MIPI_CAMERA_0/PF_IOD_GENERIC_RX_C0_0/CLKINT_0/U0_RGB1:A (r)
               +     0.042          cell: ADLIB:RGB
  2.540                        MIPI_CAMERA_0/PF_IOD_GENERIC_RX_C0_0/CLKINT_0/U0_RGB1:Y (f)
               +     0.307          net: MIPI_CAMERA_0/PF_IOD_GENERIC_RX_C0_0_RX_CLK_G
  2.847                        MIPI_CAMERA_0/mipicsi2rxdecoderPF_C0_0/MSC_i_0/MSC_i_4/MSC_i_10/genblk2.word_count_out[1]:CLK (r)
               +     0.117          cell: ADLIB:SLE
  2.964                        MIPI_CAMERA_0/mipicsi2rxdecoderPF_C0_0/MSC_i_0/MSC_i_4/MSC_i_10/genblk2.word_count_out[1]:Q (f)
               +     1.248          net: MIPI_CAMERA_0/mipicsi2rxdecoderPF_C0_0/MSC_i_0/MSC_i_4/MSC_i_10/MSC_net_365
  4.212                        MIPI_CAMERA_0/mipicsi2rxdecoderPF_C0_0/MSC_i_0/MSC_i_4/MSC_i_10/word_count_reg1_0[1]:D (f)
                                    
  4.212                        data arrival time
  ________________________________________________________
  Data required time calculation
  4.000                        MIPI_CAMERA_0/PF_CCC_C1_0/PF_CCC_C1_0/pll_inst_0/OUT0
               +     0.000          Clock source
  4.000                        MIPI_CAMERA_0/PF_CCC_C1_0/PF_CCC_C1_0/pll_inst_0:OUT0 (r)
               +     3.408          Clock generation
  7.408                        
               +     0.161          net: MIPI_CAMERA_0/PF_CCC_C1_0/PF_CCC_C1_0/pll_inst_0_clkint_0
  7.569                        MIPI_CAMERA_0/PF_CCC_C1_0/PF_CCC_C1_0/clkint_0_1:A (r)
               +     0.141          cell: ADLIB:ICB_CLKINT
  7.710                        MIPI_CAMERA_0/PF_CCC_C1_0/PF_CCC_C1_0/clkint_0_1:Y (r)
               +     0.096          net: MIPI_CAMERA_0/PF_CCC_C1_0/PF_CCC_C1_0/clkint_0_NET
  7.806                        MIPI_CAMERA_0/PF_CCC_C1_0/PF_CCC_C1_0/clkint_0:A (r)
               +     0.109          cell: ADLIB:GB
  7.915                        MIPI_CAMERA_0/PF_CCC_C1_0/PF_CCC_C1_0/clkint_0:Y (r)
               +     0.243          net: MIPI_CAMERA_0/PF_CCC_C1_0/PF_CCC_C1_0/clkint_0/U0_Y
  8.158                        MIPI_CAMERA_0/PF_CCC_C1_0/PF_CCC_C1_0/clkint_0/U0_RGB1_RGB4:A (r)
               +     0.038          cell: ADLIB:RGB
  8.196                        MIPI_CAMERA_0/PF_CCC_C1_0/PF_CCC_C1_0/clkint_0/U0_RGB1_RGB4:Y (f)
               +     0.257          net: MIPI_CAMERA_0/PF_CCC_C1_0/PF_CCC_C1_0/clkint_0/U0_RGB1_RGB4_rgb_net_1
  8.453                        MIPI_CAMERA_0/mipicsi2rxdecoderPF_C0_0/MSC_i_0/MSC_i_4/MSC_i_10/word_count_reg1_0[1]:CLK (r)
               +     0.243          
  8.696                        clock reconvergence pessimism
               -     0.135          
  8.561                        clock jitter
               -     0.000          Library setup time: ADLIB:SLE
  8.561                        MIPI_CAMERA_0/mipicsi2rxdecoderPF_C0_0/MSC_i_0/MSC_i_4/MSC_i_10/word_count_reg1_0[1]:D
                                    
  8.561                        data required time


Operating Conditions : fast_hv_lt

END SET MIPI_CAMERA_0/PF_IOD_GENERIC_RX_C0_0/PF_CLK_DIV_FIFO/I_CDD/Y_DIV to MIPI_CAMERA_0/PF_CCC_C1_0/PF_CCC_C1_0/pll_inst_0/OUT0

----------------------------------------------------

Clock Domain MIPI_CAMERA_0/PF_IOD_GENERIC_RX_C0_0/COREBCLKSCLKALIGN_0/PF_IOD_GENERIC_RX_C0_TR_0/genblk1.U_ICB_BCLKSCLKALIGN/RX_CLK_ALIGN_MOVE:Q

Info: The maximum frequency of this clock domain is limited by the period of pin MIPI_CAMERA_0/PF_IOD_GENERIC_RX_C0_0/PF_CLK_DIV_FIFO/I_CDD:DELAY_LINE_MOVE

SET Register to Register

No Path 

END SET Register to Register

----------------------------------------------------

SET External Setup

No Path 

END SET External Setup

----------------------------------------------------

SET Clock to Output

No Path 

END SET Clock to Output

----------------------------------------------------

SET Register to Asynchronous

No Path 

END SET Register to Asynchronous

----------------------------------------------------

SET External Recovery

No Path 

END SET External Recovery

----------------------------------------------------

SET Asynchronous to Register

No Path 

END SET Asynchronous to Register

----------------------------------------------------

SET MIPI_CAMERA_0/PF_IOD_GENERIC_RX_C0_0/PF_CLK_DIV_FIFO/I_CDD/Y_DIV to MIPI_CAMERA_0/PF_IOD_GENERIC_RX_C0_0/COREBCLKSCLKALIGN_0/PF_IOD_GENERIC_RX_C0_TR_0/genblk1.U_ICB_BCLKSCLKALIGN/RX_CLK_ALIGN_MOVE:Q

No Path 

END SET MIPI_CAMERA_0/PF_IOD_GENERIC_RX_C0_0/PF_CLK_DIV_FIFO/I_CDD/Y_DIV to MIPI_CAMERA_0/PF_IOD_GENERIC_RX_C0_0/COREBCLKSCLKALIGN_0/PF_IOD_GENERIC_RX_C0_TR_0/genblk1.U_ICB_BCLKSCLKALIGN/RX_CLK_ALIGN_MOVE:Q

----------------------------------------------------

Clock Domain MIPI_CAMERA_0/PF_IOD_GENERIC_RX_C0_0/PF_CLK_DIV_FIFO/I_CDD/Y_DIV

SET Register to Register

Path 1
  From: MIPI_CAMERA_0/PF_IOD_GENERIC_RX_C0_0/PF_LANECTRL_0/I_LANECTRL_PAUSE_SYNC/pipe_fall.pause_sync_0:CLK
  To:   MIPI_CAMERA_0/PF_IOD_GENERIC_RX_C0_0/PF_LANECTRL_0/I_LANECTRL_PAUSE_SYNC/pipe_fall.pause_sync:D
  Delay (ns):              0.378
  Slack (ns):              7.540
  Arrival (ns):            4.423
  Required (ns):          11.963
  Setup (ns):              0.000
  Minimum Period (ns):     0.764
  Operating Conditions: slow_lv_lt

Path 2
  From: MIPI_CAMERA_0/PF_IOD_GENERIC_RX_C0_0/PF_IOD_RX/I_IOD_0:RX_CLK
  To:   MIPI_CAMERA_0/mipicsi2rxdecoderPF_C0_0/MSC_i_0/MSC_i_4/MSC_i_5/genblk1.L0_data_in_reg0[1]:D
  Delay (ns):              3.985
  Slack (ns):             11.567
  Arrival (ns):            8.466
  Required (ns):          20.033
  Setup (ns):              0.000
  Minimum Period (ns):     4.355
  Operating Conditions: slow_lv_ht

Path 3
  From: MIPI_CAMERA_0/PF_IOD_GENERIC_RX_C0_0/PF_IOD_RX/I_IOD_1:RX_CLK
  To:   MIPI_CAMERA_0/mipicsi2rxdecoderPF_C0_0/MSC_i_0/MSC_i_4/MSC_i_5/genblk2.L1_data_in_reg0[2]:D
  Delay (ns):              3.956
  Slack (ns):             11.578
  Arrival (ns):            8.435
  Required (ns):          20.013
  Setup (ns):              0.000
  Minimum Period (ns):     4.344
  Operating Conditions: slow_lv_ht

Path 4
  From: MIPI_CAMERA_0/PF_IOD_GENERIC_RX_C0_0/PF_IOD_RX/I_IOD_1:RX_CLK
  To:   MIPI_CAMERA_0/mipicsi2rxdecoderPF_C0_0/MSC_i_0/MSC_i_4/MSC_i_5/genblk2.L1_data_in_reg0[1]:D
  Delay (ns):              3.952
  Slack (ns):             11.582
  Arrival (ns):            8.431
  Required (ns):          20.013
  Setup (ns):              0.000
  Minimum Period (ns):     4.340
  Operating Conditions: slow_lv_ht

Path 5
  From: MIPI_CAMERA_0/PF_IOD_GENERIC_RX_C0_0/PF_IOD_RX/I_IOD_0:RX_CLK
  To:   MIPI_CAMERA_0/mipicsi2rxdecoderPF_C0_0/MSC_i_0/MSC_i_4/MSC_i_5/genblk1.L0_data_in_reg0[2]:D
  Delay (ns):              3.963
  Slack (ns):             11.589
  Arrival (ns):            8.444
  Required (ns):          20.033
  Setup (ns):              0.000
  Minimum Period (ns):     4.333
  Operating Conditions: slow_lv_ht


Expanded Path 1
  From: MIPI_CAMERA_0/PF_IOD_GENERIC_RX_C0_0/PF_LANECTRL_0/I_LANECTRL_PAUSE_SYNC/pipe_fall.pause_sync_0:CLK
  To: MIPI_CAMERA_0/PF_IOD_GENERIC_RX_C0_0/PF_LANECTRL_0/I_LANECTRL_PAUSE_SYNC/pipe_fall.pause_sync:D
  data required time                                 11.963
  data arrival time                          -        4.423
  slack                                               7.540
  ________________________________________________________
  Data arrival time calculation
  0.000                        MIPI_CAMERA_0/PF_IOD_GENERIC_RX_C0_0/PF_CLK_DIV_FIFO/I_CDD/Y_DIV
               +     0.000          Clock source
  0.000                        MIPI_CAMERA_0/PF_IOD_GENERIC_RX_C0_0/PF_CLK_DIV_FIFO/I_CDD:Y_DIV (r)
               +     2.138          Clock generation
  2.138                        
               +     0.550          net: MIPI_CAMERA_0/PF_IOD_GENERIC_RX_C0_0/PF_CLK_DIV_FIFO_CLK_DIV_OUT
  2.688                        MIPI_CAMERA_0/PF_IOD_GENERIC_RX_C0_0/CLKINT_0_1:A (r)
               +     0.170          cell: ADLIB:ICB_CLKINT
  2.858                        MIPI_CAMERA_0/PF_IOD_GENERIC_RX_C0_0/CLKINT_0_1:Y (r)
               +     0.106          net: MIPI_CAMERA_0/PF_IOD_GENERIC_RX_C0_0/CLKINT_0_NET
  2.964                        MIPI_CAMERA_0/PF_IOD_GENERIC_RX_C0_0/CLKINT_0:A (r)
               +     0.160          cell: ADLIB:GB
  3.124                        MIPI_CAMERA_0/PF_IOD_GENERIC_RX_C0_0/CLKINT_0:Y (r)
               +     0.375          net: MIPI_CAMERA_0/PF_IOD_GENERIC_RX_C0_0/CLKINT_0/U0_Y
  3.499                        MIPI_CAMERA_0/PF_IOD_GENERIC_RX_C0_0/CLKINT_0/U0_RGB1_RGB2:A (r)
               +     0.060          cell: ADLIB:RGB
  3.559                        MIPI_CAMERA_0/PF_IOD_GENERIC_RX_C0_0/CLKINT_0/U0_RGB1_RGB2:Y (f)
               +     0.486          net: MIPI_CAMERA_0/PF_IOD_GENERIC_RX_C0_0/CLKINT_0/U0_RGB1_RGB2_rgb_net_1
  4.045                        MIPI_CAMERA_0/PF_IOD_GENERIC_RX_C0_0/PF_LANECTRL_0/I_LANECTRL_PAUSE_SYNC/pipe_fall.pause_sync_0:CLK (r)
               +     0.218          cell: ADLIB:SLE
  4.263                        MIPI_CAMERA_0/PF_IOD_GENERIC_RX_C0_0/PF_LANECTRL_0/I_LANECTRL_PAUSE_SYNC/pipe_fall.pause_sync_0:Q (r)
               +     0.160          net: MIPI_CAMERA_0/PF_IOD_GENERIC_RX_C0_0/PF_LANECTRL_0/I_LANECTRL_PAUSE_SYNC/pause_sync_0_i
  4.423                        MIPI_CAMERA_0/PF_IOD_GENERIC_RX_C0_0/PF_LANECTRL_0/I_LANECTRL_PAUSE_SYNC/pipe_fall.pause_sync:D (r)
                                    
  4.423                        data arrival time
  ________________________________________________________
  Data required time calculation
  8.000                        MIPI_CAMERA_0/PF_IOD_GENERIC_RX_C0_0/PF_CLK_DIV_FIFO/I_CDD/Y_DIV
               +     0.000          Clock source
  8.000                        MIPI_CAMERA_0/PF_IOD_GENERIC_RX_C0_0/PF_CLK_DIV_FIFO/I_CDD:Y_DIV (f)
               +     1.878          Clock generation
  9.878                        
               +     0.518          net: MIPI_CAMERA_0/PF_IOD_GENERIC_RX_C0_0/PF_CLK_DIV_FIFO_CLK_DIV_OUT
  10.396                       MIPI_CAMERA_0/PF_IOD_GENERIC_RX_C0_0/CLKINT_0_1:A (f)
               +     0.154          cell: ADLIB:ICB_CLKINT
  10.550                       MIPI_CAMERA_0/PF_IOD_GENERIC_RX_C0_0/CLKINT_0_1:Y (f)
               +     0.089          net: MIPI_CAMERA_0/PF_IOD_GENERIC_RX_C0_0/CLKINT_0_NET
  10.639                       MIPI_CAMERA_0/PF_IOD_GENERIC_RX_C0_0/CLKINT_0:A (f)
               +     0.137          cell: ADLIB:GB
  10.776                       MIPI_CAMERA_0/PF_IOD_GENERIC_RX_C0_0/CLKINT_0:Y (f)
               +     0.342          net: MIPI_CAMERA_0/PF_IOD_GENERIC_RX_C0_0/CLKINT_0/U0_Y
  11.118                       MIPI_CAMERA_0/PF_IOD_GENERIC_RX_C0_0/CLKINT_0/U0_RGB1_RGB2:A (f)
               +     0.054          cell: ADLIB:RGB
  11.172                       MIPI_CAMERA_0/PF_IOD_GENERIC_RX_C0_0/CLKINT_0/U0_RGB1_RGB2:Y (r)
               +     0.442          net: MIPI_CAMERA_0/PF_IOD_GENERIC_RX_C0_0/CLKINT_0/U0_RGB1_RGB2_rgb_net_1
  11.614                       MIPI_CAMERA_0/PF_IOD_GENERIC_RX_C0_0/PF_LANECTRL_0/I_LANECTRL_PAUSE_SYNC/pipe_fall.pause_sync:CLK (r)
               +     0.427          
  12.041                       clock reconvergence pessimism
               -     0.078          
  11.963                       clock jitter
               -     0.000          Library setup time: ADLIB:SLE
  11.963                       MIPI_CAMERA_0/PF_IOD_GENERIC_RX_C0_0/PF_LANECTRL_0/I_LANECTRL_PAUSE_SYNC/pipe_fall.pause_sync:D
                                    
  11.963                       data required time


Operating Conditions : slow_lv_lt

END SET Register to Register

----------------------------------------------------

SET External Setup

Path 1
  From: RXD_N[1]
  To:   MIPI_CAMERA_0/mipicsi2rxdecoderPF_C0_0/MSC_i_0/MSC_i_4/MSC_i_5/genblk2.L1_data_out[7]:D
  Delay (ns):              7.569
  Arrival (ns):            7.569
  Setup (ns):              0.000
  External Setup (ns):     3.936
  Operating Conditions: slow_lv_ht

Path 2
  From: RXD_N[1]
  To:   MIPI_CAMERA_0/mipicsi2rxdecoderPF_C0_0/MSC_i_0/MSC_i_4/MSC_i_5/genblk2.L1_data_out[6]:D
  Delay (ns):              7.564
  Arrival (ns):            7.564
  Setup (ns):              0.000
  External Setup (ns):     3.931
  Operating Conditions: slow_lv_ht

Path 3
  From: RXD_N[1]
  To:   MIPI_CAMERA_0/mipicsi2rxdecoderPF_C0_0/MSC_i_0/MSC_i_4/MSC_i_5/genblk2.L1_data_out[1]:D
  Delay (ns):              7.535
  Arrival (ns):            7.535
  Setup (ns):              0.000
  External Setup (ns):     3.902
  Operating Conditions: slow_lv_ht

Path 4
  From: RXD_N[1]
  To:   MIPI_CAMERA_0/mipicsi2rxdecoderPF_C0_0/MSC_i_0/MSC_i_4/MSC_i_5/genblk2.L1_data_out[3]:D
  Delay (ns):              7.416
  Arrival (ns):            7.416
  Setup (ns):              0.000
  External Setup (ns):     3.783
  Operating Conditions: slow_lv_ht

Path 5
  From: RXD_N[1]
  To:   MIPI_CAMERA_0/mipicsi2rxdecoderPF_C0_0/MSC_i_0/MSC_i_4/MSC_i_5/genblk2.L1_bit_adjust[2]:EN
  Delay (ns):              7.271
  Arrival (ns):            7.271
  Setup (ns):              0.136
  External Setup (ns):     3.763
  Operating Conditions: slow_lv_ht


Expanded Path 1
  From: RXD_N[1]
  To: MIPI_CAMERA_0/mipicsi2rxdecoderPF_C0_0/MSC_i_0/MSC_i_4/MSC_i_5/genblk2.L1_data_out[7]:D
  data required time                                    N/C
  data arrival time                          -        7.569
  slack                                                 N/C
  ________________________________________________________
  Data arrival time calculation
  0.000                        RXD_N[1] (r)
               +     0.000          net: RXD_N[1]
  0.000                        MIPI_CAMERA_0/PF_IOD_GENERIC_RX_C0_0/PF_IOD_RX/I_INBUF_DIFF_MIPI_1/U_IOPADN:PAD (r)
               +     0.650          cell: ADLIB:IOPADN_IN
  0.650                        MIPI_CAMERA_0/PF_IOD_GENERIC_RX_C0_0/PF_IOD_RX/I_INBUF_DIFF_MIPI_1/U_IOPADN:Y (r)
               +     0.000          net: MIPI_CAMERA_0/PF_IOD_GENERIC_RX_C0_0/PF_IOD_RX/I_INBUF_DIFF_MIPI_1/U2_N2P
  0.650                        MIPI_CAMERA_0/PF_IOD_GENERIC_RX_C0_0/PF_IOD_RX/I_INBUF_DIFF_MIPI_1/U_ION:YIN (r)
               +     0.336          cell: ADLIB:IOIN_IB_E
  0.986                        MIPI_CAMERA_0/PF_IOD_GENERIC_RX_C0_0/PF_IOD_RX/I_INBUF_DIFF_MIPI_1/U_ION:Y (r)
               +     3.851          net: MIPI_CAMERA_0/PF_IOD_GENERIC_RX_C0_0_L1_LP_DATA_N_0
  4.837                        MIPI_CAMERA_0/mipicsi2rxdecoderPF_C0_0/MSC_i_0/MSC_i_4/MSC_i_5/un1_rstn_IN_POST_INV1_0:A (r)
               +     0.135          cell: ADLIB:CFG2
  4.972                        MIPI_CAMERA_0/mipicsi2rxdecoderPF_C0_0/MSC_i_0/MSC_i_4/MSC_i_5/un1_rstn_IN_POST_INV1_0:Y (r)
               +     0.810          net: MIPI_CAMERA_0/mipicsi2rxdecoderPF_C0_0/MSC_i_0/MSC_i_4/MSC_i_5/MSC_net_409
  5.782                        MIPI_CAMERA_0/mipicsi2rxdecoderPF_C0_0/MSC_i_0/MSC_i_4/MSC_i_5/MSC_i_8/MSC_i_9/m67:A (r)
               +     0.051          cell: ADLIB:CFG2
  5.833                        MIPI_CAMERA_0/mipicsi2rxdecoderPF_C0_0/MSC_i_0/MSC_i_4/MSC_i_5/MSC_i_8/MSC_i_9/m67:Y (f)
               +     0.484          net: MIPI_CAMERA_0/mipicsi2rxdecoderPF_C0_0/MSC_i_0/MSC_i_4/MSC_i_5/MSC_i_8/MSC_i_9/MSC_net_435
  6.317                        MIPI_CAMERA_0/mipicsi2rxdecoderPF_C0_0/MSC_i_0/MSC_i_4/MSC_i_5/MSC_i_8/MSC_i_9/N_3_0_i:A (f)
               +     0.071          cell: ADLIB:CFG2
  6.388                        MIPI_CAMERA_0/mipicsi2rxdecoderPF_C0_0/MSC_i_0/MSC_i_4/MSC_i_5/MSC_i_8/MSC_i_9/N_3_0_i:Y (r)
               +     0.143          net: MIPI_CAMERA_0/mipicsi2rxdecoderPF_C0_0/MSC_i_0/MSC_i_4/MSC_i_5/MSC_i_8/MSC_i_9/MSC_net_453
  6.531                        MIPI_CAMERA_0/mipicsi2rxdecoderPF_C0_0/MSC_i_0/MSC_i_4/MSC_i_5/MSC_i_8/MSC_i_9/m15_1:D (r)
               +     0.135          cell: ADLIB:CFG4
  6.666                        MIPI_CAMERA_0/mipicsi2rxdecoderPF_C0_0/MSC_i_0/MSC_i_4/MSC_i_5/MSC_i_8/MSC_i_9/m15_1:Y (r)
               +     0.509          net: MIPI_CAMERA_0/mipicsi2rxdecoderPF_C0_0/MSC_i_0/MSC_i_4/MSC_i_5/MSC_i_8/MSC_i_9/MSC_net_451
  7.175                        MIPI_CAMERA_0/mipicsi2rxdecoderPF_C0_0/MSC_i_0/MSC_i_4/MSC_i_5/MSC_i_8/MSC_i_9/m15_2:C (r)
               +     0.156          cell: ADLIB:CFG3
  7.331                        MIPI_CAMERA_0/mipicsi2rxdecoderPF_C0_0/MSC_i_0/MSC_i_4/MSC_i_5/MSC_i_8/MSC_i_9/m15_2:Y (r)
               +     0.121          net: MIPI_CAMERA_0/mipicsi2rxdecoderPF_C0_0/MSC_i_0/MSC_i_4/MSC_i_5/MSC_i_8/MSC_i_9/MSC_net_433
  7.452                        MIPI_CAMERA_0/mipicsi2rxdecoderPF_C0_0/MSC_i_0/MSC_i_4/MSC_i_5/MSC_i_8/MSC_i_9/N_16_0_i:C (r)
               +     0.094          cell: ADLIB:CFG3
  7.546                        MIPI_CAMERA_0/mipicsi2rxdecoderPF_C0_0/MSC_i_0/MSC_i_4/MSC_i_5/MSC_i_8/MSC_i_9/N_16_0_i:Y (f)
               +     0.023          net: MIPI_CAMERA_0/mipicsi2rxdecoderPF_C0_0/MSC_i_0/MSC_i_4/MSC_i_5/MSC_net_492
  7.569                        MIPI_CAMERA_0/mipicsi2rxdecoderPF_C0_0/MSC_i_0/MSC_i_4/MSC_i_5/genblk2.L1_data_out[7]:D (f)
                                    
  7.569                        data arrival time
  ________________________________________________________
  Data required time calculation
  N/C                          MIPI_CAMERA_0/PF_IOD_GENERIC_RX_C0_0/PF_CLK_DIV_FIFO/I_CDD/Y_DIV
               +     0.000          Clock source
  N/C                          MIPI_CAMERA_0/PF_IOD_GENERIC_RX_C0_0/PF_CLK_DIV_FIFO/I_CDD:Y_DIV (r)
               +     1.987          Clock generation
  N/C                          
               +     0.511          net: MIPI_CAMERA_0/PF_IOD_GENERIC_RX_C0_0/PF_CLK_DIV_FIFO_CLK_DIV_OUT
  N/C                          MIPI_CAMERA_0/PF_IOD_GENERIC_RX_C0_0/CLKINT_0_1:A (r)
               +     0.151          cell: ADLIB:ICB_CLKINT
  N/C                          MIPI_CAMERA_0/PF_IOD_GENERIC_RX_C0_0/CLKINT_0_1:Y (r)
               +     0.114          net: MIPI_CAMERA_0/PF_IOD_GENERIC_RX_C0_0/CLKINT_0_NET
  N/C                          MIPI_CAMERA_0/PF_IOD_GENERIC_RX_C0_0/CLKINT_0:A (r)
               +     0.143          cell: ADLIB:GB
  N/C                          MIPI_CAMERA_0/PF_IOD_GENERIC_RX_C0_0/CLKINT_0:Y (r)
               +     0.370          net: MIPI_CAMERA_0/PF_IOD_GENERIC_RX_C0_0/CLKINT_0/U0_Y
  N/C                          MIPI_CAMERA_0/PF_IOD_GENERIC_RX_C0_0/CLKINT_0/U0_RGB1_RGB0:A (r)
               +     0.052          cell: ADLIB:RGB
  N/C                          MIPI_CAMERA_0/PF_IOD_GENERIC_RX_C0_0/CLKINT_0/U0_RGB1_RGB0:Y (f)
               +     0.383          net: MIPI_CAMERA_0/PF_IOD_GENERIC_RX_C0_0/CLKINT_0/U0_RGB1_RGB0_rgb_net_1
  N/C                          MIPI_CAMERA_0/mipicsi2rxdecoderPF_C0_0/MSC_i_0/MSC_i_4/MSC_i_5/genblk2.L1_data_out[7]:CLK (r)
               -     0.078          
  N/C                          clock jitter
               -     0.000          Library setup time: ADLIB:SLE
  N/C                          MIPI_CAMERA_0/mipicsi2rxdecoderPF_C0_0/MSC_i_0/MSC_i_4/MSC_i_5/genblk2.L1_data_out[7]:D


Operating Conditions : slow_lv_ht

END SET External Setup

----------------------------------------------------

SET Clock to Output

No Path 

END SET Clock to Output

----------------------------------------------------

SET Register to Asynchronous

Path 1
  From: MIPI_CAMERA_0/mipicsi2rxdecoderPF_C0_0/MSC_i_0/MSC_i_4/MSC_i_5/genblk10.sync1_reg:CLK
  To:   MIPI_CAMERA_0/mipicsi2rxdecoderPF_C0_0/MSC_i_0/MSC_i_4/MSC_i_5/MSC_i_6/wraddr_r[4]:ALn
  Delay (ns):              1.502
  Slack (ns):             14.215
  Arrival (ns):            5.670
  Required (ns):          19.885
  Recovery (ns):           0.196
  Minimum Period (ns):     1.707
  Skew (ns):               0.009
  Operating Conditions: slow_lv_ht

Path 2
  From: MIPI_CAMERA_0/mipicsi2rxdecoderPF_C0_0/MSC_i_0/MSC_i_4/MSC_i_5/genblk10.sync1_reg:CLK
  To:   MIPI_CAMERA_0/mipicsi2rxdecoderPF_C0_0/MSC_i_0/MSC_i_4/MSC_i_5/MSC_i_6/wraddr_r[2]:ALn
  Delay (ns):              1.502
  Slack (ns):             14.215
  Arrival (ns):            5.670
  Required (ns):          19.885
  Recovery (ns):           0.196
  Minimum Period (ns):     1.707
  Skew (ns):               0.009
  Operating Conditions: slow_lv_ht

Path 3
  From: MIPI_CAMERA_0/mipicsi2rxdecoderPF_C0_0/MSC_i_0/MSC_i_4/MSC_i_5/genblk10.sync1_reg:CLK
  To:   MIPI_CAMERA_0/mipicsi2rxdecoderPF_C0_0/MSC_i_0/MSC_i_4/MSC_i_5/MSC_i_6/wraddr_r[1]:ALn
  Delay (ns):              1.501
  Slack (ns):             14.216
  Arrival (ns):            5.669
  Required (ns):          19.885
  Recovery (ns):           0.196
  Minimum Period (ns):     1.706
  Skew (ns):               0.009
  Operating Conditions: slow_lv_ht

Path 4
  From: MIPI_CAMERA_0/mipicsi2rxdecoderPF_C0_0/MSC_i_0/MSC_i_4/MSC_i_5/genblk10.sync1_reg:CLK
  To:   MIPI_CAMERA_0/mipicsi2rxdecoderPF_C0_0/MSC_i_0/MSC_i_4/MSC_i_5/MSC_i_6/wraddr_plus1_r[2]:ALn
  Delay (ns):              1.501
  Slack (ns):             14.217
  Arrival (ns):            5.669
  Required (ns):          19.886
  Recovery (ns):           0.196
  Minimum Period (ns):     1.705
  Skew (ns):               0.008
  Operating Conditions: slow_lv_ht

Path 5
  From: MIPI_CAMERA_0/mipicsi2rxdecoderPF_C0_0/MSC_i_0/MSC_i_4/MSC_i_5/genblk9.sync0_reg:CLK
  To:   MIPI_CAMERA_0/mipicsi2rxdecoderPF_C0_0/MSC_i_0/MSC_i_4/MSC_i_5/MSC_i_8/wraddr_plus1_r[7]:ALn
  Delay (ns):              1.244
  Slack (ns):             14.432
  Arrival (ns):            5.461
  Required (ns):          19.893
  Recovery (ns):           0.209
  Minimum Period (ns):     1.490
  Skew (ns):               0.037
  Operating Conditions: slow_lv_ht


Expanded Path 1
  From: MIPI_CAMERA_0/mipicsi2rxdecoderPF_C0_0/MSC_i_0/MSC_i_4/MSC_i_5/genblk10.sync1_reg:CLK
  To: MIPI_CAMERA_0/mipicsi2rxdecoderPF_C0_0/MSC_i_0/MSC_i_4/MSC_i_5/MSC_i_6/wraddr_r[4]:ALn
  data required time                                 19.885
  data arrival time                          -        5.670
  slack                                              14.215
  ________________________________________________________
  Data arrival time calculation
  0.000                        MIPI_CAMERA_0/PF_IOD_GENERIC_RX_C0_0/PF_CLK_DIV_FIFO/I_CDD/Y_DIV
               +     0.000          Clock source
  0.000                        MIPI_CAMERA_0/PF_IOD_GENERIC_RX_C0_0/PF_CLK_DIV_FIFO/I_CDD:Y_DIV (r)
               +     2.247          Clock generation
  2.247                        
               +     0.561          net: MIPI_CAMERA_0/PF_IOD_GENERIC_RX_C0_0/PF_CLK_DIV_FIFO_CLK_DIV_OUT
  2.808                        MIPI_CAMERA_0/PF_IOD_GENERIC_RX_C0_0/CLKINT_0_1:A (r)
               +     0.174          cell: ADLIB:ICB_CLKINT
  2.982                        MIPI_CAMERA_0/PF_IOD_GENERIC_RX_C0_0/CLKINT_0_1:Y (r)
               +     0.125          net: MIPI_CAMERA_0/PF_IOD_GENERIC_RX_C0_0/CLKINT_0_NET
  3.107                        MIPI_CAMERA_0/PF_IOD_GENERIC_RX_C0_0/CLKINT_0:A (r)
               +     0.158          cell: ADLIB:GB
  3.265                        MIPI_CAMERA_0/PF_IOD_GENERIC_RX_C0_0/CLKINT_0:Y (r)
               +     0.408          net: MIPI_CAMERA_0/PF_IOD_GENERIC_RX_C0_0/CLKINT_0/U0_Y
  3.673                        MIPI_CAMERA_0/PF_IOD_GENERIC_RX_C0_0/CLKINT_0/U0_RGB1_RGB0:A (r)
               +     0.058          cell: ADLIB:RGB
  3.731                        MIPI_CAMERA_0/PF_IOD_GENERIC_RX_C0_0/CLKINT_0/U0_RGB1_RGB0:Y (f)
               +     0.437          net: MIPI_CAMERA_0/PF_IOD_GENERIC_RX_C0_0/CLKINT_0/U0_RGB1_RGB0_rgb_net_1
  4.168                        MIPI_CAMERA_0/mipicsi2rxdecoderPF_C0_0/MSC_i_0/MSC_i_4/MSC_i_5/genblk10.sync1_reg:CLK (r)
               +     0.201          cell: ADLIB:SLE
  4.369                        MIPI_CAMERA_0/mipicsi2rxdecoderPF_C0_0/MSC_i_0/MSC_i_4/MSC_i_5/genblk10.sync1_reg:Q (r)
               +     1.301          net: MIPI_CAMERA_0/mipicsi2rxdecoderPF_C0_0/MSC_i_0/MSC_i_4/MSC_i_5/MSC_net_417
  5.670                        MIPI_CAMERA_0/mipicsi2rxdecoderPF_C0_0/MSC_i_0/MSC_i_4/MSC_i_5/MSC_i_6/wraddr_r[4]:ALn (r)
                                    
  5.670                        data arrival time
  ________________________________________________________
  Data required time calculation
  16.000                       MIPI_CAMERA_0/PF_IOD_GENERIC_RX_C0_0/PF_CLK_DIV_FIFO/I_CDD/Y_DIV
               +     0.000          Clock source
  16.000                       MIPI_CAMERA_0/PF_IOD_GENERIC_RX_C0_0/PF_CLK_DIV_FIFO/I_CDD:Y_DIV (r)
               +     1.987          Clock generation
  17.987                       
               +     0.511          net: MIPI_CAMERA_0/PF_IOD_GENERIC_RX_C0_0/PF_CLK_DIV_FIFO_CLK_DIV_OUT
  18.498                       MIPI_CAMERA_0/PF_IOD_GENERIC_RX_C0_0/CLKINT_0_1:A (r)
               +     0.151          cell: ADLIB:ICB_CLKINT
  18.649                       MIPI_CAMERA_0/PF_IOD_GENERIC_RX_C0_0/CLKINT_0_1:Y (r)
               +     0.114          net: MIPI_CAMERA_0/PF_IOD_GENERIC_RX_C0_0/CLKINT_0_NET
  18.763                       MIPI_CAMERA_0/PF_IOD_GENERIC_RX_C0_0/CLKINT_0:A (r)
               +     0.143          cell: ADLIB:GB
  18.906                       MIPI_CAMERA_0/PF_IOD_GENERIC_RX_C0_0/CLKINT_0:Y (r)
               +     0.370          net: MIPI_CAMERA_0/PF_IOD_GENERIC_RX_C0_0/CLKINT_0/U0_Y
  19.276                       MIPI_CAMERA_0/PF_IOD_GENERIC_RX_C0_0/CLKINT_0/U0_RGB1_RGB0:A (r)
               +     0.052          cell: ADLIB:RGB
  19.328                       MIPI_CAMERA_0/PF_IOD_GENERIC_RX_C0_0/CLKINT_0/U0_RGB1_RGB0:Y (f)
               +     0.387          net: MIPI_CAMERA_0/PF_IOD_GENERIC_RX_C0_0/CLKINT_0/U0_RGB1_RGB0_rgb_net_1
  19.715                       MIPI_CAMERA_0/mipicsi2rxdecoderPF_C0_0/MSC_i_0/MSC_i_4/MSC_i_5/MSC_i_6/wraddr_r[4]:CLK (r)
               +     0.444          
  20.159                       clock reconvergence pessimism
               -     0.078          
  20.081                       clock jitter
               -     0.196          Library recovery time: ADLIB:SLE
  19.885                       MIPI_CAMERA_0/mipicsi2rxdecoderPF_C0_0/MSC_i_0/MSC_i_4/MSC_i_5/MSC_i_6/wraddr_r[4]:ALn
                                    
  19.885                       data required time


Operating Conditions : slow_lv_ht

END SET Register to Asynchronous

----------------------------------------------------

SET External Recovery

No Path 

END SET External Recovery

----------------------------------------------------

SET Asynchronous to Register

No Path 

END SET Asynchronous to Register

----------------------------------------------------

SET CLOCKS_AND_RESETS_0/CCC_FIC_x_CLK/PF_CCC_C0_0/pll_inst_0/OUT0 to MIPI_CAMERA_0/PF_IOD_GENERIC_RX_C0_0/PF_CLK_DIV_FIFO/I_CDD/Y_DIV

Path 1
  From: CLOCKS_AND_RESETS_0/RESET_FIC_0_CLK/CORERESET_0/dff_15[0]:CLK
  To:   MIPI_CAMERA_0/mipicsi2rxdecoderPF_C0_0/MSC_i_0/MSC_i_4/MSC_i_10/MSC_i_12/MSC_i_13/wraddr_r[2]:ALn
  Delay (ns):              2.933
  Slack (ns):              0.896
  Arrival (ns):           10.551
  Required (ns):          11.447
  Operating Conditions: slow_lv_ht

Path 2
  From: CLOCKS_AND_RESETS_0/RESET_FIC_0_CLK/CORERESET_0/dff_15[0]:CLK
  To:   MIPI_CAMERA_0/mipicsi2rxdecoderPF_C0_0/MSC_i_0/MSC_i_4/MSC_i_10/MSC_i_12/MSC_i_13/wraddr_plus1_r[7]:ALn
  Delay (ns):              2.934
  Slack (ns):              0.896
  Arrival (ns):           10.552
  Required (ns):          11.448
  Operating Conditions: slow_lv_ht

Path 3
  From: CLOCKS_AND_RESETS_0/RESET_FIC_0_CLK/CORERESET_0/dff_15[0]:CLK
  To:   MIPI_CAMERA_0/mipicsi2rxdecoderPF_C0_0/MSC_i_0/MSC_i_4/MSC_i_10/MSC_i_12/MSC_i_13/wraddr_plus1_r[1]:ALn
  Delay (ns):              2.934
  Slack (ns):              0.896
  Arrival (ns):           10.552
  Required (ns):          11.448
  Operating Conditions: slow_lv_ht

Path 4
  From: CLOCKS_AND_RESETS_0/RESET_FIC_0_CLK/CORERESET_0/dff_15[0]:CLK
  To:   MIPI_CAMERA_0/mipicsi2rxdecoderPF_C0_0/MSC_i_0/MSC_i_4/MSC_i_10/MSC_i_12/MSC_i_13/wraddr_plus1_r[5]:ALn
  Delay (ns):              2.932
  Slack (ns):              0.897
  Arrival (ns):           10.550
  Required (ns):          11.447
  Operating Conditions: slow_lv_ht

Path 5
  From: CLOCKS_AND_RESETS_0/RESET_FIC_0_CLK/CORERESET_0/dff_15[0]:CLK
  To:   MIPI_CAMERA_0/mipicsi2rxdecoderPF_C0_0/MSC_i_0/MSC_i_4/MSC_i_10/MSC_i_12/MSC_i_13/wraddr_plus1_r[0]:ALn
  Delay (ns):              2.932
  Slack (ns):              0.897
  Arrival (ns):           10.550
  Required (ns):          11.447
  Operating Conditions: slow_lv_ht


Expanded Path 1
  From: CLOCKS_AND_RESETS_0/RESET_FIC_0_CLK/CORERESET_0/dff_15[0]:CLK
  To: MIPI_CAMERA_0/mipicsi2rxdecoderPF_C0_0/MSC_i_0/MSC_i_4/MSC_i_10/MSC_i_12/MSC_i_13/wraddr_r[2]:ALn
  data required time                                 11.447
  data arrival time                          -       10.551
  slack                                               0.896
  ________________________________________________________
  Data arrival time calculation
  0.000                        CLOCKS_AND_RESETS_0/CCC_FIC_x_CLK/PF_CCC_C0_0/pll_inst_0/OUT0
               +     0.000          Clock source
  0.000                        CLOCKS_AND_RESETS_0/CCC_FIC_x_CLK/PF_CCC_C0_0/pll_inst_0:OUT0 (r)
               +     4.312          Clock generation
  4.312                        
               +     1.709          net: CLOCKS_AND_RESETS_0/CCC_FIC_x_CLK/PF_CCC_C0_0/pll_inst_0_clkint_0
  6.021                        CLOCKS_AND_RESETS_0/CCC_FIC_x_CLK/PF_CCC_C0_0/clkint_0_1:A (r)
               +     0.150          cell: ADLIB:ICB_CLKINT
  6.171                        CLOCKS_AND_RESETS_0/CCC_FIC_x_CLK/PF_CCC_C0_0/clkint_0_1:Y (r)
               +     0.386          net: CLOCKS_AND_RESETS_0/CCC_FIC_x_CLK/PF_CCC_C0_0/clkint_0_NET
  6.557                        CLOCKS_AND_RESETS_0/CCC_FIC_x_CLK/PF_CCC_C0_0/clkint_0:A (r)
               +     0.161          cell: ADLIB:GB
  6.718                        CLOCKS_AND_RESETS_0/CCC_FIC_x_CLK/PF_CCC_C0_0/clkint_0:Y (r)
               +     0.387          net: CLOCKS_AND_RESETS_0/CCC_FIC_x_CLK/PF_CCC_C0_0/clkint_0/U0_Y
  7.105                        CLOCKS_AND_RESETS_0/CCC_FIC_x_CLK/PF_CCC_C0_0/clkint_0/U0_RGB1_RGB18:A (r)
               +     0.058          cell: ADLIB:RGB
  7.163                        CLOCKS_AND_RESETS_0/CCC_FIC_x_CLK/PF_CCC_C0_0/clkint_0/U0_RGB1_RGB18:Y (f)
               +     0.455          net: CLOCKS_AND_RESETS_0/CCC_FIC_x_CLK/PF_CCC_C0_0/clkint_0/U0_RGB1_RGB18_rgb_net_1
  7.618                        CLOCKS_AND_RESETS_0/RESET_FIC_0_CLK/CORERESET_0/dff_15[0]:CLK (r)
               +     0.201          cell: ADLIB:SLE
  7.819                        CLOCKS_AND_RESETS_0/RESET_FIC_0_CLK/CORERESET_0/dff_15[0]:Q (r)
               +     0.183          net: CLOCKS_AND_RESETS_0_RESET_FIC_0_CLK_CORERESET_0_dff
  8.002                        MIPI_CAMERA_0/mipicsi2rxdecoderPF_C0_0/MSC_i_0/reset_w:A (r)
               +     0.053          cell: ADLIB:CFG2
  8.055                        MIPI_CAMERA_0/mipicsi2rxdecoderPF_C0_0/MSC_i_0/reset_w:Y (r)
               +     2.496          net: MIPI_CAMERA_0/mipicsi2rxdecoderPF_C0_0/MSC_i_0/MSC_net_387
  10.551                       MIPI_CAMERA_0/mipicsi2rxdecoderPF_C0_0/MSC_i_0/MSC_i_4/MSC_i_10/MSC_i_12/MSC_i_13/wraddr_r[2]:ALn (r)
                                    
  10.551                       data arrival time
  ________________________________________________________
  Data required time calculation
  8.000                        MIPI_CAMERA_0/PF_IOD_GENERIC_RX_C0_0/PF_CLK_DIV_FIFO/I_CDD/Y_DIV
               +     0.000          Clock source
  8.000                        MIPI_CAMERA_0/PF_IOD_GENERIC_RX_C0_0/PF_CLK_DIV_FIFO/I_CDD:Y_DIV (r)
               +     1.987          Clock generation
  9.987                        
               +     0.511          net: MIPI_CAMERA_0/PF_IOD_GENERIC_RX_C0_0/PF_CLK_DIV_FIFO_CLK_DIV_OUT
  10.498                       MIPI_CAMERA_0/PF_IOD_GENERIC_RX_C0_0/CLKINT_0_1:A (r)
               +     0.151          cell: ADLIB:ICB_CLKINT
  10.649                       MIPI_CAMERA_0/PF_IOD_GENERIC_RX_C0_0/CLKINT_0_1:Y (r)
               +     0.114          net: MIPI_CAMERA_0/PF_IOD_GENERIC_RX_C0_0/CLKINT_0_NET
  10.763                       MIPI_CAMERA_0/PF_IOD_GENERIC_RX_C0_0/CLKINT_0:A (r)
               +     0.143          cell: ADLIB:GB
  10.906                       MIPI_CAMERA_0/PF_IOD_GENERIC_RX_C0_0/CLKINT_0:Y (r)
               +     0.373          net: MIPI_CAMERA_0/PF_IOD_GENERIC_RX_C0_0/CLKINT_0/U0_Y
  11.279                       MIPI_CAMERA_0/PF_IOD_GENERIC_RX_C0_0/CLKINT_0/U0_RGB1:A (r)
               +     0.052          cell: ADLIB:RGB
  11.331                       MIPI_CAMERA_0/PF_IOD_GENERIC_RX_C0_0/CLKINT_0/U0_RGB1:Y (f)
               +     0.390          net: MIPI_CAMERA_0/PF_IOD_GENERIC_RX_C0_0_RX_CLK_G
  11.721                       MIPI_CAMERA_0/mipicsi2rxdecoderPF_C0_0/MSC_i_0/MSC_i_4/MSC_i_10/MSC_i_12/MSC_i_13/wraddr_r[2]:CLK (r)
               -     0.078          
  11.643                       clock jitter
               -     0.196          Library recovery time: ADLIB:SLE
  11.447                       MIPI_CAMERA_0/mipicsi2rxdecoderPF_C0_0/MSC_i_0/MSC_i_4/MSC_i_10/MSC_i_12/MSC_i_13/wraddr_r[2]:ALn
                                    
  11.447                       data required time


Operating Conditions : slow_lv_ht

END SET CLOCKS_AND_RESETS_0/CCC_FIC_x_CLK/PF_CCC_C0_0/pll_inst_0/OUT0 to MIPI_CAMERA_0/PF_IOD_GENERIC_RX_C0_0/PF_CLK_DIV_FIFO/I_CDD/Y_DIV

----------------------------------------------------

SET MIPI_CAMERA_0/PF_CCC_C1_0/PF_CCC_C1_0/pll_inst_0/OUT0 to MIPI_CAMERA_0/PF_IOD_GENERIC_RX_C0_0/PF_CLK_DIV_FIFO/I_CDD/Y_DIV

Path 1
  From: MIPI_CAMERA_0/mipicsi2rxdecoderPF_C0_0/MSC_i_0/sot_r1_pclk:CLK
  To:   MIPI_CAMERA_0/mipicsi2rxdecoderPF_C0_0/MSC_i_0/sot_r0_cclk:EN
  Delay (ns):              0.622
  Slack (ns):             -0.201
  Arrival (ns):            8.102
  Required (ns):           7.901
  Setup (ns):              0.128
  Operating Conditions: slow_lv_ht

Path 2
  From: MIPI_CAMERA_0/mipicsi2rxdecoderPF_C0_0/MSC_i_0/sot_r1_pclk:CLK
  To:   MIPI_CAMERA_0/mipicsi2rxdecoderPF_C0_0/MSC_i_0/sot_r0_cclk:D
  Delay (ns):              0.439
  Slack (ns):              0.110
  Arrival (ns):            7.919
  Required (ns):           8.029
  Setup (ns):              0.000
  Operating Conditions: slow_lv_ht

Path 3
  From: MIPI_CAMERA_0/mipicsi2rxdecoderPF_C0_0/MSC_i_0/MSC_i_4/MSC_i_10/ecc_error_reg1:CLK
  To:   MIPI_CAMERA_0/mipicsi2rxdecoderPF_C0_0/MSC_i_0/MSC_i_4/MSC_i_10/error_done_cclk_reg0:D
  Delay (ns):              0.372
  Slack (ns):              0.181
  Arrival (ns):            7.845
  Required (ns):           8.026
  Setup (ns):              0.000
  Operating Conditions: slow_lv_ht

Path 4
  From: MIPI_CAMERA_0/mipicsi2rxdecoderPF_C0_0/MSC_i_0/MSC_i_4/MSC_i_10/crc_error_reg1:CLK
  To:   MIPI_CAMERA_0/mipicsi2rxdecoderPF_C0_0/MSC_i_0/MSC_i_4/MSC_i_10/crc_err_done_clk_reg0:D
  Delay (ns):              0.351
  Slack (ns):              0.197
  Arrival (ns):            7.829
  Required (ns):           8.026
  Setup (ns):              0.000
  Operating Conditions: slow_lv_ht


Expanded Path 1
  From: MIPI_CAMERA_0/mipicsi2rxdecoderPF_C0_0/MSC_i_0/sot_r1_pclk:CLK
  To: MIPI_CAMERA_0/mipicsi2rxdecoderPF_C0_0/MSC_i_0/sot_r0_cclk:EN
  data required time                                  7.901
  data arrival time                          -        8.102
  slack                                              -0.201
  ________________________________________________________
  Data arrival time calculation
  0.000                        MIPI_CAMERA_0/PF_CCC_C1_0/PF_CCC_C1_0/pll_inst_0/OUT0
               +     0.000          Clock source
  0.000                        MIPI_CAMERA_0/PF_CCC_C1_0/PF_CCC_C1_0/pll_inst_0:OUT0 (r)
               +     5.699          Clock generation
  5.699                        
               +     0.281          net: MIPI_CAMERA_0/PF_CCC_C1_0/PF_CCC_C1_0/pll_inst_0_clkint_0
  5.980                        MIPI_CAMERA_0/PF_CCC_C1_0/PF_CCC_C1_0/clkint_0_1:A (r)
               +     0.243          cell: ADLIB:ICB_CLKINT
  6.223                        MIPI_CAMERA_0/PF_CCC_C1_0/PF_CCC_C1_0/clkint_0_1:Y (r)
               +     0.150          net: MIPI_CAMERA_0/PF_CCC_C1_0/PF_CCC_C1_0/clkint_0_NET
  6.373                        MIPI_CAMERA_0/PF_CCC_C1_0/PF_CCC_C1_0/clkint_0:A (r)
               +     0.164          cell: ADLIB:GB
  6.537                        MIPI_CAMERA_0/PF_CCC_C1_0/PF_CCC_C1_0/clkint_0:Y (r)
               +     0.414          net: MIPI_CAMERA_0/PF_CCC_C1_0/PF_CCC_C1_0/clkint_0/U0_Y
  6.951                        MIPI_CAMERA_0/PF_CCC_C1_0/PF_CCC_C1_0/clkint_0/U0_RGB1_RGB1:A (r)
               +     0.058          cell: ADLIB:RGB
  7.009                        MIPI_CAMERA_0/PF_CCC_C1_0/PF_CCC_C1_0/clkint_0/U0_RGB1_RGB1:Y (f)
               +     0.471          net: MIPI_CAMERA_0/PF_CCC_C1_0/PF_CCC_C1_0/clkint_0/U0_RGB1_RGB1_rgb_net_1
  7.480                        MIPI_CAMERA_0/mipicsi2rxdecoderPF_C0_0/MSC_i_0/sot_r1_pclk:CLK (r)
               +     0.201          cell: ADLIB:SLE
  7.681                        MIPI_CAMERA_0/mipicsi2rxdecoderPF_C0_0/MSC_i_0/sot_r1_pclk:Q (r)
               +     0.163          net: MIPI_CAMERA_0/mipicsi2rxdecoderPF_C0_0/MSC_i_0/MSC_net_397
  7.844                        MIPI_CAMERA_0/mipicsi2rxdecoderPF_C0_0/MSC_i_0/sot_r0_cclk_RNO_0:A (r)
               +     0.053          cell: ADLIB:CFG2
  7.897                        MIPI_CAMERA_0/mipicsi2rxdecoderPF_C0_0/MSC_i_0/sot_r0_cclk_RNO_0:Y (r)
               +     0.205          net: MIPI_CAMERA_0/mipicsi2rxdecoderPF_C0_0/MSC_i_0/MSC_net_407
  8.102                        MIPI_CAMERA_0/mipicsi2rxdecoderPF_C0_0/MSC_i_0/sot_r0_cclk:EN (r)
                                    
  8.102                        data arrival time
  ________________________________________________________
  Data required time calculation
  4.000                        MIPI_CAMERA_0/PF_IOD_GENERIC_RX_C0_0/PF_CLK_DIV_FIFO/I_CDD/Y_DIV
               +     0.000          Clock source
  4.000                        MIPI_CAMERA_0/PF_IOD_GENERIC_RX_C0_0/PF_CLK_DIV_FIFO/I_CDD:Y_DIV (r)
               +     1.987          Clock generation
  5.987                        
               +     0.511          net: MIPI_CAMERA_0/PF_IOD_GENERIC_RX_C0_0/PF_CLK_DIV_FIFO_CLK_DIV_OUT
  6.498                        MIPI_CAMERA_0/PF_IOD_GENERIC_RX_C0_0/CLKINT_0_1:A (r)
               +     0.151          cell: ADLIB:ICB_CLKINT
  6.649                        MIPI_CAMERA_0/PF_IOD_GENERIC_RX_C0_0/CLKINT_0_1:Y (r)
               +     0.114          net: MIPI_CAMERA_0/PF_IOD_GENERIC_RX_C0_0/CLKINT_0_NET
  6.763                        MIPI_CAMERA_0/PF_IOD_GENERIC_RX_C0_0/CLKINT_0:A (r)
               +     0.143          cell: ADLIB:GB
  6.906                        MIPI_CAMERA_0/PF_IOD_GENERIC_RX_C0_0/CLKINT_0:Y (r)
               +     0.373          net: MIPI_CAMERA_0/PF_IOD_GENERIC_RX_C0_0/CLKINT_0/U0_Y
  7.279                        MIPI_CAMERA_0/PF_IOD_GENERIC_RX_C0_0/CLKINT_0/U0_RGB1:A (r)
               +     0.052          cell: ADLIB:RGB
  7.331                        MIPI_CAMERA_0/PF_IOD_GENERIC_RX_C0_0/CLKINT_0/U0_RGB1:Y (f)
               +     0.414          net: MIPI_CAMERA_0/PF_IOD_GENERIC_RX_C0_0_RX_CLK_G
  7.745                        MIPI_CAMERA_0/mipicsi2rxdecoderPF_C0_0/MSC_i_0/sot_r0_cclk:CLK (r)
               +     0.362          
  8.107                        clock reconvergence pessimism
               -     0.078          
  8.029                        clock jitter
               -     0.128          Library setup time: ADLIB:SLE
  7.901                        MIPI_CAMERA_0/mipicsi2rxdecoderPF_C0_0/MSC_i_0/sot_r0_cclk:EN
                                    
  7.901                        data required time


Operating Conditions : slow_lv_ht

END SET MIPI_CAMERA_0/PF_CCC_C1_0/PF_CCC_C1_0/pll_inst_0/OUT0 to MIPI_CAMERA_0/PF_IOD_GENERIC_RX_C0_0/PF_CLK_DIV_FIFO/I_CDD/Y_DIV

----------------------------------------------------

SET MIPI_CAMERA_0/PF_IOD_GENERIC_RX_C0_0/COREBCLKSCLKALIGN_0/PF_IOD_GENERIC_RX_C0_TR_0/genblk1.U_ICB_BCLKSCLKALIGN/RX_CLK_ALIGN_MOVE:Q to MIPI_CAMERA_0/PF_IOD_GENERIC_RX_C0_0/PF_CLK_DIV_FIFO/I_CDD/Y_DIV

No Path 

END SET MIPI_CAMERA_0/PF_IOD_GENERIC_RX_C0_0/COREBCLKSCLKALIGN_0/PF_IOD_GENERIC_RX_C0_TR_0/genblk1.U_ICB_BCLKSCLKALIGN/RX_CLK_ALIGN_MOVE:Q to MIPI_CAMERA_0/PF_IOD_GENERIC_RX_C0_0/PF_CLK_DIV_FIFO/I_CDD/Y_DIV

----------------------------------------------------

Clock Domain MSS_WRAPPER_0/MPFS_DISCOVERY_KIT_MSS_0/I_MSS:SPI_0_CLK_M2F

SET Register to Register

No Path 

END SET Register to Register

----------------------------------------------------

SET External Setup

No Path 

END SET External Setup

----------------------------------------------------

SET Clock to Output

No Path 

END SET Clock to Output

----------------------------------------------------

SET Register to Asynchronous

No Path 

END SET Register to Asynchronous

----------------------------------------------------

SET External Recovery

No Path 

END SET External Recovery

----------------------------------------------------

SET Asynchronous to Register

No Path 

END SET Asynchronous to Register

----------------------------------------------------

Clock Domain MSS_WRAPPER_0/MPFS_DISCOVERY_KIT_MSS_0/I_MSS:SPI_0_CLK_M2F

SET Register to Register

No Path 

END SET Register to Register

----------------------------------------------------

SET External Setup

No Path 

END SET External Setup

----------------------------------------------------

SET Clock to Output

No Path 

END SET Clock to Output

----------------------------------------------------

SET Register to Asynchronous

No Path 

END SET Register to Asynchronous

----------------------------------------------------

SET External Recovery

No Path 

END SET External Recovery

----------------------------------------------------

SET Asynchronous to Register

No Path 

END SET Asynchronous to Register

----------------------------------------------------

Clock Domain REF_CLK_50MHz

Info: The maximum frequency of this clock domain is limited by the minimum pulse widths of pin REF_CLK_50MHz_ibuf/U_IOPAD:PAD

SET Register to Register

No Path 

END SET Register to Register

----------------------------------------------------

SET External Setup

No Path 

END SET External Setup

----------------------------------------------------

SET Clock to Output

No Path 

END SET Clock to Output

----------------------------------------------------

SET Register to Asynchronous

No Path 

END SET Register to Asynchronous

----------------------------------------------------

SET External Recovery

No Path 

END SET External Recovery

----------------------------------------------------

SET Asynchronous to Register

No Path 

END SET Asynchronous to Register

----------------------------------------------------

Clock Domain RX_CLK_P

Info: The maximum frequency of this clock domain is limited by the minimum pulse widths of pin MIPI_CAMERA_0/PF_IOD_GENERIC_RX_C0_0/CLK_0/U_IOPADP:PAD

SET Register to Register

No Path 

END SET Register to Register

----------------------------------------------------

SET External Setup

Path 1
  From: RXD[1]
  To:   MIPI_CAMERA_0/PF_IOD_GENERIC_RX_C0_0/PF_IOD_RX/I_IOD_1:RX_P
  Delay (ns):              0.599
  Arrival (ns):            0.599
  Setup (ns):              1.611
  External Setup (ns):    -1.100
  Operating Conditions: slow_lv_lt

Path 2
  From: RXD[0]
  To:   MIPI_CAMERA_0/PF_IOD_GENERIC_RX_C0_0/PF_IOD_RX/I_IOD_0:RX_P
  Delay (ns):              0.599
  Arrival (ns):            0.599
  Setup (ns):              1.611
  External Setup (ns):    -1.100
  Operating Conditions: slow_lv_lt


Expanded Path 1
  From: RXD[1]
  To: MIPI_CAMERA_0/PF_IOD_GENERIC_RX_C0_0/PF_IOD_RX/I_IOD_1:RX_P
  data required time                                    N/C
  data arrival time                          -        0.599
  slack                                                 N/C
  ________________________________________________________
  Data arrival time calculation
  0.000                        RXD[1] (f)
               +     0.000          net: RXD[1]
  0.000                        MIPI_CAMERA_0/PF_IOD_GENERIC_RX_C0_0/PF_IOD_RX/I_INBUF_DIFF_MIPI_1/U_IOPADP:PAD (f)
               +     0.599          cell: ADLIB:IOPADP_IN_MIPI
  0.599                        MIPI_CAMERA_0/PF_IOD_GENERIC_RX_C0_0/PF_IOD_RX/I_INBUF_DIFF_MIPI_1/U_IOPADP:Y (f)
               +     0.000          net: MIPI_CAMERA_0/PF_IOD_GENERIC_RX_C0_0/PF_IOD_RX/Y_I_INBUF_DIFF_MIPI_1_net
  0.599                        MIPI_CAMERA_0/PF_IOD_GENERIC_RX_C0_0/PF_IOD_RX/I_IOD_1:RX_P (f)
                                    
  0.599                        data arrival time
  ________________________________________________________
  Data required time calculation
  N/C                          RX_CLK_P
               +     0.000          Clock source
  N/C                          RX_CLK_P (f)
               +     0.000          net: RX_CLK_P
  N/C                          MIPI_CAMERA_0/PF_IOD_GENERIC_RX_C0_0/CLK_0/U_IOPADP:PAD (f)
               +     0.519          cell: ADLIB:IOPADP_IN
  N/C                          MIPI_CAMERA_0/PF_IOD_GENERIC_RX_C0_0/CLK_0/U_IOPADP:Y (f)
               +     0.506          net: MIPI_CAMERA_0/PF_IOD_GENERIC_RX_C0_0/CLK_0_Y
  N/C                          MIPI_CAMERA_0/PF_IOD_GENERIC_RX_C0_0/HS_IO_CLK_CASCADED:A (f)
               +     0.187          cell: ADLIB:HS_IO_CLK
  N/C                          MIPI_CAMERA_0/PF_IOD_GENERIC_RX_C0_0/HS_IO_CLK_CASCADED:Y (f)
               +     0.333          net: MIPI_CAMERA_0/PF_IOD_GENERIC_RX_C0_0/Y_1
  N/C                          MIPI_CAMERA_0/PF_IOD_GENERIC_RX_C0_0/PF_CLK_DIV_RXCLK/I_CDD:A (f)
               +     0.539          cell: ADLIB:ICB_CLKDIVDELAY
  N/C                          MIPI_CAMERA_0/PF_IOD_GENERIC_RX_C0_0/PF_CLK_DIV_RXCLK/I_CDD:Y_FB (f)
               +     0.335          net: MIPI_CAMERA_0/PF_IOD_GENERIC_RX_C0_0/PF_CLK_DIV_RXCLK_CLK_OUT_HS_IO_CLK
  N/C                          MIPI_CAMERA_0/PF_IOD_GENERIC_RX_C0_0/HS_IO_CLK_RX:A (f)
               +     0.259          cell: ADLIB:HS_IO_CLK
  N/C                          MIPI_CAMERA_0/PF_IOD_GENERIC_RX_C0_0/HS_IO_CLK_RX:Y (f)
               +     0.056          net: MIPI_CAMERA_0/PF_IOD_GENERIC_RX_C0_0/HS_IO_CLK_RX_Y
  N/C                          MIPI_CAMERA_0/PF_IOD_GENERIC_RX_C0_0/PF_LANECTRL_0/I_LANECTRL:HS_IO_CLK[1] (f)
               +     0.654          cell: ADLIB:LANECTRL
  N/C                          MIPI_CAMERA_0/PF_IOD_GENERIC_RX_C0_0/PF_LANECTRL_0/I_LANECTRL:RX_DQS_90[0] (f)
               +     0.000          net: MIPI_CAMERA_0/PF_IOD_GENERIC_RX_C0_0/PF_LANECTRL_0/RX_DQS_90[0]
  N/C                          MIPI_CAMERA_0/PF_IOD_GENERIC_RX_C0_0/PF_IOD_RX/I_IOD_1:RX_DQS_90[0] (f)
               -     0.078          
  N/C                          clock jitter
               -     1.611          Library setup time: ADLIB:IOD
  N/C                          MIPI_CAMERA_0/PF_IOD_GENERIC_RX_C0_0/PF_IOD_RX/I_IOD_1:RX_P


Operating Conditions : slow_lv_lt

END SET External Setup

----------------------------------------------------

SET Clock to Output

No Path 

END SET Clock to Output

----------------------------------------------------

SET Register to Asynchronous

No Path 

END SET Register to Asynchronous

----------------------------------------------------

SET External Recovery

No Path 

END SET External Recovery

----------------------------------------------------

SET Asynchronous to Register

No Path 

END SET Asynchronous to Register

----------------------------------------------------

Clock Domain CLOCKS_AND_RESETS_0/CCC_FIC_x_CLK/PF_CCC_C0_0/pll_inst_0/OUT2

Info: The maximum frequency of this clock domain is limited by the period of pin MSS_WRAPPER_0/MPFS_DISCOVERY_KIT_MSS_0/I_MSS:FIC_2_ACLK

SET Register to Register

No Path 

END SET Register to Register

----------------------------------------------------

SET External Setup

No Path 

END SET External Setup

----------------------------------------------------

SET Clock to Output

No Path 

END SET Clock to Output

----------------------------------------------------

SET Register to Asynchronous

No Path 

END SET Register to Asynchronous

----------------------------------------------------

SET External Recovery

No Path 

END SET External Recovery

----------------------------------------------------

SET Asynchronous to Register

No Path 

END SET Asynchronous to Register

----------------------------------------------------

Path set Pin to Pin

SET Input to Output

No Path 

END SET Input to Output

----------------------------------------------------

