Timing Report Max Delay Analysis

SmartTime Version 2025.2
Microchip Technology Inc. - Microchip Libero Software Release 2025.2 (Version 2025.2.0.14)
Date: Mon Mar 23 10:50:16 2026


Design: MPFS_DISCOVERY_KIT
Family: PolarFireSoC
Die: MPFS095T
Package: FCSG325
Temperature Range: 0 - 100 C
Voltage Range: 0.97 - 1.03 V
Speed Grade: -1
Design State: Post-Layout
Data source: Production
Multi Corner Report Operating Conditions: slow_lv_lt,fast_hv_lt,slow_lv_ht


-----------------------------------------------------
SUMMARY

Clock Domain:               CLOCKS_AND_RESETS_0/CCC_FIC_x_CLK/PF_CCC_C0_0/pll_inst_0/OUT0
Required Period (ns):       8.000
Required Frequency (MHz):   125.000
Worst Slack (ns):           -0.254
Operating Conditions:       slow_lv_ht

Clock Domain:               CLOCKS_AND_RESETS_0/CCC_FIC_x_CLK/PF_CCC_C0_0/pll_inst_0/OUT3
Required Period (ns):       20.000
Required Frequency (MHz):   50.000
Worst Slack (ns):           2.686
Operating Conditions:       slow_lv_ht

Clock Domain:               FIC_0_PERIPHERALS_0/security_core_0/rng/neoTRNG_0/entropy_cell_gen.0.neoTRNG_cell_inst/sreg_0[0]:Q
Required Period (ns):       N/A
Required Frequency (MHz):   N/A
Worst Slack (ns):           
Operating Conditions:       

Clock Domain:               FIC_0_PERIPHERALS_0/security_core_0/rng/neoTRNG_0/entropy_cell_gen.0.neoTRNG_cell_inst/sreg_1[0]:Q
Required Period (ns):       N/A
Required Frequency (MHz):   N/A
Worst Slack (ns):           
Operating Conditions:       

Clock Domain:               FIC_0_PERIPHERALS_0/security_core_0/rng/neoTRNG_0/entropy_cell_gen.0.neoTRNG_cell_inst/sreg_2[0]:Q
Required Period (ns):       N/A
Required Frequency (MHz):   N/A
Worst Slack (ns):           
Operating Conditions:       

Clock Domain:               FIC_0_PERIPHERALS_0/security_core_0/rng/neoTRNG_0/entropy_cell_gen.0.neoTRNG_cell_inst/sreg_3[0]:Q
Required Period (ns):       N/A
Required Frequency (MHz):   N/A
Worst Slack (ns):           
Operating Conditions:       

Clock Domain:               FIC_0_PERIPHERALS_0/security_core_0/rng/neoTRNG_0/entropy_cell_gen.0.neoTRNG_cell_inst/sreg_4[0]:Q
Required Period (ns):       N/A
Required Frequency (MHz):   N/A
Worst Slack (ns):           
Operating Conditions:       

Clock Domain:               FIC_0_PERIPHERALS_0/security_core_0/rng/neoTRNG_0/entropy_cell_gen.1.neoTRNG_cell_inst/sreg_0[0]:Q
Required Period (ns):       N/A
Required Frequency (MHz):   N/A
Worst Slack (ns):           
Operating Conditions:       

Clock Domain:               FIC_0_PERIPHERALS_0/security_core_0/rng/neoTRNG_0/entropy_cell_gen.1.neoTRNG_cell_inst/sreg_1[0]:Q
Required Period (ns):       N/A
Required Frequency (MHz):   N/A
Worst Slack (ns):           
Operating Conditions:       

Clock Domain:               FIC_0_PERIPHERALS_0/security_core_0/rng/neoTRNG_0/entropy_cell_gen.1.neoTRNG_cell_inst/sreg_2[0]:Q
Required Period (ns):       N/A
Required Frequency (MHz):   N/A
Worst Slack (ns):           
Operating Conditions:       

Clock Domain:               FIC_0_PERIPHERALS_0/security_core_0/rng/neoTRNG_0/entropy_cell_gen.1.neoTRNG_cell_inst/sreg_3[0]:Q
Required Period (ns):       N/A
Required Frequency (MHz):   N/A
Worst Slack (ns):           
Operating Conditions:       

Clock Domain:               FIC_0_PERIPHERALS_0/security_core_0/rng/neoTRNG_0/entropy_cell_gen.1.neoTRNG_cell_inst/sreg_4[0]:Q
Required Period (ns):       N/A
Required Frequency (MHz):   N/A
Worst Slack (ns):           
Operating Conditions:       

Clock Domain:               FIC_0_PERIPHERALS_0/security_core_0/rng/neoTRNG_0/entropy_cell_gen.1.neoTRNG_cell_inst/sreg_5[0]:Q
Required Period (ns):       N/A
Required Frequency (MHz):   N/A
Worst Slack (ns):           
Operating Conditions:       

Clock Domain:               FIC_0_PERIPHERALS_0/security_core_0/rng/neoTRNG_0/entropy_cell_gen.1.neoTRNG_cell_inst/sreg_6[0]:Q
Required Period (ns):       N/A
Required Frequency (MHz):   N/A
Worst Slack (ns):           
Operating Conditions:       

Clock Domain:               FIC_0_PERIPHERALS_0/security_core_0/rng/neoTRNG_0/entropy_cell_gen.2.neoTRNG_cell_inst/sreg_0[0]:Q
Required Period (ns):       N/A
Required Frequency (MHz):   N/A
Worst Slack (ns):           
Operating Conditions:       

Clock Domain:               FIC_0_PERIPHERALS_0/security_core_0/rng/neoTRNG_0/entropy_cell_gen.2.neoTRNG_cell_inst/sreg_1[0]:Q
Required Period (ns):       N/A
Required Frequency (MHz):   N/A
Worst Slack (ns):           
Operating Conditions:       

Clock Domain:               FIC_0_PERIPHERALS_0/security_core_0/rng/neoTRNG_0/entropy_cell_gen.2.neoTRNG_cell_inst/sreg_2[0]:Q
Required Period (ns):       N/A
Required Frequency (MHz):   N/A
Worst Slack (ns):           
Operating Conditions:       

Clock Domain:               FIC_0_PERIPHERALS_0/security_core_0/rng/neoTRNG_0/entropy_cell_gen.2.neoTRNG_cell_inst/sreg_3[0]:Q
Required Period (ns):       N/A
Required Frequency (MHz):   N/A
Worst Slack (ns):           
Operating Conditions:       

Clock Domain:               FIC_0_PERIPHERALS_0/security_core_0/rng/neoTRNG_0/entropy_cell_gen.2.neoTRNG_cell_inst/sreg_4[0]:Q
Required Period (ns):       N/A
Required Frequency (MHz):   N/A
Worst Slack (ns):           
Operating Conditions:       

Clock Domain:               FIC_0_PERIPHERALS_0/security_core_0/rng/neoTRNG_0/entropy_cell_gen.2.neoTRNG_cell_inst/sreg_5[0]:Q
Required Period (ns):       N/A
Required Frequency (MHz):   N/A
Worst Slack (ns):           
Operating Conditions:       

Clock Domain:               FIC_0_PERIPHERALS_0/security_core_0/rng/neoTRNG_0/entropy_cell_gen.2.neoTRNG_cell_inst/sreg_6[0]:Q
Required Period (ns):       N/A
Required Frequency (MHz):   N/A
Worst Slack (ns):           
Operating Conditions:       

Clock Domain:               FIC_0_PERIPHERALS_0/security_core_0/rng/neoTRNG_0/entropy_cell_gen.2.neoTRNG_cell_inst/sreg_7[0]:Q
Required Period (ns):       N/A
Required Frequency (MHz):   N/A
Worst Slack (ns):           
Operating Conditions:       

Clock Domain:               FIC_0_PERIPHERALS_0/security_core_0/rng/neoTRNG_0/entropy_cell_gen.2.neoTRNG_cell_inst/sreg_8[0]:Q
Required Period (ns):       N/A
Required Frequency (MHz):   N/A
Worst Slack (ns):           
Operating Conditions:       

Clock Domain:               MBUS_SPI_CLK
Required Period (ns):       N/A
Required Frequency (MHz):   N/A
Worst Slack (ns):           
Operating Conditions:       

Clock Domain:               MSS_WRAPPER_0/MPFS_DISCOVERY_KIT_MSS_0/I_MSS:SPI_0_CLK_M2F
Required Period (ns):       N/A
Required Frequency (MHz):   N/A
Worst Slack (ns):           
Operating Conditions:       

Clock Domain:               MSS_WRAPPER_0/MPFS_DISCOVERY_KIT_MSS_0/I_MSS:SPI_0_CLK_M2F
Required Period (ns):       N/A
Required Frequency (MHz):   N/A
Worst Slack (ns):           
Operating Conditions:       

Clock Domain:               REF_CLK_50MHz
Required Period (ns):       20.000
Required Frequency (MHz):   50.000
Worst Slack (ns):           
Operating Conditions:       

Clock Domain:               CLOCKS_AND_RESETS_0/CCC_FIC_x_CLK/PF_CCC_C0_0/pll_inst_0/OUT1
Required Period (ns):       8.000
Required Frequency (MHz):   125.000
Worst Slack (ns):           
Operating Conditions:       

Clock Domain:               CLOCKS_AND_RESETS_0/CCC_FIC_x_CLK/PF_CCC_C0_0/pll_inst_0/OUT2
Required Period (ns):       8.000
Required Frequency (MHz):   125.000
Worst Slack (ns):           
Operating Conditions:       

                            Input to Output
Max Delay (ns):             N/A

END SUMMARY
-----------------------------------------------------

Clock Domain CLOCKS_AND_RESETS_0/CCC_FIC_x_CLK/PF_CCC_C0_0/pll_inst_0/OUT0

SET Register to Register

Path 1
  From: FIC_0_PERIPHERALS_0/security_core_0/hash_core/t_fast[2]:CLK
  To:   FIC_0_PERIPHERALS_0/security_core_0/hash_core/a[30]:D
  Delay (ns):              7.982
  Slack (ns):             -0.254
  Arrival (ns):           14.084
  Required (ns):          13.830
  Setup (ns):              0.000
  Minimum Period (ns):     8.119
  Operating Conditions: slow_lv_ht

Path 2
  From: FIC_0_PERIPHERALS_0/security_core_0/hash_core/t_fast[2]:CLK
  To:   FIC_0_PERIPHERALS_0/security_core_0/hash_core/a[29]:D
  Delay (ns):              7.902
  Slack (ns):             -0.174
  Arrival (ns):           14.004
  Required (ns):          13.830
  Setup (ns):              0.000
  Minimum Period (ns):     8.039
  Operating Conditions: slow_lv_ht

Path 3
  From: FIC_0_PERIPHERALS_0/security_core_0/hash_core/t_fast[2]:CLK
  To:   FIC_0_PERIPHERALS_0/security_core_0/hash_core/a[27]:D
  Delay (ns):              7.872
  Slack (ns):             -0.144
  Arrival (ns):           13.974
  Required (ns):          13.830
  Setup (ns):              0.000
  Minimum Period (ns):     8.009
  Operating Conditions: slow_lv_ht

Path 4
  From: FIC_0_PERIPHERALS_0/security_core_0/hash_core/t_fast[2]:CLK
  To:   FIC_0_PERIPHERALS_0/security_core_0/hash_core/a[25]:D
  Delay (ns):              7.857
  Slack (ns):             -0.128
  Arrival (ns):           13.959
  Required (ns):          13.831
  Setup (ns):              0.000
  Minimum Period (ns):     7.993
  Operating Conditions: slow_lv_ht

Path 5
  From: FIC_0_PERIPHERALS_0/security_core_0/hash_core/t_fast[2]:CLK
  To:   FIC_0_PERIPHERALS_0/security_core_0/hash_core/a[28]:D
  Delay (ns):              7.850
  Slack (ns):             -0.122
  Arrival (ns):           13.952
  Required (ns):          13.830
  Setup (ns):              0.000
  Minimum Period (ns):     7.987
  Operating Conditions: slow_lv_ht


Expanded Path 1
  From: FIC_0_PERIPHERALS_0/security_core_0/hash_core/t_fast[2]:CLK
  To: FIC_0_PERIPHERALS_0/security_core_0/hash_core/a[30]:D
  data required time                                 13.830
  data arrival time                          -       14.084
  slack                                              -0.254
  ________________________________________________________
  Data arrival time calculation
  0.000                        CLOCKS_AND_RESETS_0/CCC_FIC_x_CLK/PF_CCC_C0_0/pll_inst_0/OUT0
               +     0.000          Clock source
  0.000                        CLOCKS_AND_RESETS_0/CCC_FIC_x_CLK/PF_CCC_C0_0/pll_inst_0:OUT0 (r)
               +     4.304          Clock generation
  4.304                        
               +     0.273          net: CLOCKS_AND_RESETS_0/CCC_FIC_x_CLK/PF_CCC_C0_0/pll_inst_0_clkint_0
  4.577                        CLOCKS_AND_RESETS_0/CCC_FIC_x_CLK/PF_CCC_C0_0/clkint_0_1:A (r)
               +     0.243          cell: ADLIB:ICB_CLKINT
  4.820                        CLOCKS_AND_RESETS_0/CCC_FIC_x_CLK/PF_CCC_C0_0/clkint_0_1:Y (r)
               +     0.148          net: CLOCKS_AND_RESETS_0/CCC_FIC_x_CLK/PF_CCC_C0_0/clkint_0_NET
  4.968                        CLOCKS_AND_RESETS_0/CCC_FIC_x_CLK/PF_CCC_C0_0/clkint_0:A (r)
               +     0.164          cell: ADLIB:GB
  5.132                        CLOCKS_AND_RESETS_0/CCC_FIC_x_CLK/PF_CCC_C0_0/clkint_0:Y (r)
               +     0.419          net: CLOCKS_AND_RESETS_0/CCC_FIC_x_CLK/PF_CCC_C0_0/clkint_0/U0_Y
  5.551                        CLOCKS_AND_RESETS_0/CCC_FIC_x_CLK/PF_CCC_C0_0/clkint_0/U0_RGB1_RGB4:A (r)
               +     0.058          cell: ADLIB:RGB
  5.609                        CLOCKS_AND_RESETS_0/CCC_FIC_x_CLK/PF_CCC_C0_0/clkint_0/U0_RGB1_RGB4:Y (f)
               +     0.493          net: CLOCKS_AND_RESETS_0/CCC_FIC_x_CLK/PF_CCC_C0_0/clkint_0/U0_RGB1_RGB4_rgb_net_1
  6.102                        FIC_0_PERIPHERALS_0/security_core_0/hash_core/t_fast[2]:CLK (r)
               +     0.201          cell: ADLIB:SLE
  6.303                        FIC_0_PERIPHERALS_0/security_core_0/hash_core/t_fast[2]:Q (r)
               +     0.555          net: FIC_0_PERIPHERALS_0/security_core_0_hash_core_t[2]
  6.858                        FIC_0_PERIPHERALS_0/security_core_0/hash_core/m89_2_N_2L1:A (r)
               +     0.135          cell: ADLIB:CFG2
  6.993                        FIC_0_PERIPHERALS_0/security_core_0/hash_core/m89_2_N_2L1:Y (r)
               +     0.230          net: FIC_0_PERIPHERALS_0/security_core_0/hash_core/m89_2_N_2L1_Z
  7.223                        FIC_0_PERIPHERALS_0/security_core_0/hash_core/m89_2_N_3L3:C (r)
               +     0.135          cell: ADLIB:CFG4
  7.358                        FIC_0_PERIPHERALS_0/security_core_0/hash_core/m89_2_N_3L3:Y (r)
               +     0.076          net: FIC_0_PERIPHERALS_0/security_core_0/hash_core/m89_2_N_3L3_Z
  7.434                        FIC_0_PERIPHERALS_0/security_core_0/hash_core/m89_2:A (r)
               +     0.078          cell: ADLIB:CFG4
  7.512                        FIC_0_PERIPHERALS_0/security_core_0/hash_core/m89_2:Y (r)
               +     0.472          net: FIC_0_PERIPHERALS_0/security_core_0/hash_core/m89_2_Z
  7.984                        FIC_0_PERIPHERALS_0/security_core_0/hash_core/un1_ROUND_7_cry_1:B (r)
               +     0.094          cell: ADLIB:ARI1_CC
  8.078                        FIC_0_PERIPHERALS_0/security_core_0/hash_core/un1_ROUND_7_cry_1:P (f)
               +     0.014          net: NET_CC_CONFIG10677
  8.092                        FIC_0_PERIPHERALS_0/security_core_0/hash_core/un1_ROUND_7_cry_0_CC_0:P[11] (f)
               +     0.164          cell: ADLIB:CC_CONFIG
  8.256                        FIC_0_PERIPHERALS_0/security_core_0/hash_core/un1_ROUND_7_cry_0_CC_0:CO (f)
               +     0.008          net: CI_TO_CO10670
  8.264                        FIC_0_PERIPHERALS_0/security_core_0/hash_core/un1_ROUND_7_cry_0_CC_1:CI (f)
               +     0.223          cell: ADLIB:CC_CONFIG
  8.487                        FIC_0_PERIPHERALS_0/security_core_0/hash_core/un1_ROUND_7_cry_0_CC_1:CC[11] (r)
               +     0.000          net: NET_CC_CONFIG10728
  8.487                        FIC_0_PERIPHERALS_0/security_core_0/hash_core/un1_ROUND_7_cry_13:CC (r)
               +     0.063          cell: ADLIB:ARI1_CC
  8.550                        FIC_0_PERIPHERALS_0/security_core_0/hash_core/un1_ROUND_7_cry_13:S (r)
               +     0.460          net: FIC_0_PERIPHERALS_0/security_core_0/hash_core/un1_ROUND_7_Z[13]
  9.010                        FIC_0_PERIPHERALS_0/security_core_0/hash_core/un1_ROUND_7_cry_13_RNI4FPH463:B (r)
               +     0.156          cell: ADLIB:ARI1_CC
  9.166                        FIC_0_PERIPHERALS_0/security_core_0/hash_core/un1_ROUND_7_cry_13_RNI4FPH463:Y (r)
               +     0.067          net: FIC_0_PERIPHERALS_0/security_core_0/hash_core/un1_ROUND_7_cry_13_RNI4FPH463_Y
  9.233                        FIC_0_PERIPHERALS_0/security_core_0/hash_core/un1_ROUND_7_cry_14_RNIDKITSR1:A (r)
               +     0.051          cell: ADLIB:ARI1_CC
  9.284                        FIC_0_PERIPHERALS_0/security_core_0/hash_core/un1_ROUND_7_cry_14_RNIDKITSR1:P (f)
               +     0.015          net: NET_CC_CONFIG3266
  9.299                        FIC_0_PERIPHERALS_0/security_core_0/hash_core/un1_ROUND_7_cry_0_RNIO6M8J_CC_2:P[7] (f)
               +     0.289          cell: ADLIB:CC_CONFIG
  9.588                        FIC_0_PERIPHERALS_0/security_core_0/hash_core/un1_ROUND_7_cry_0_RNIO6M8J_CC_2:CO (r)
               +     0.012          net: CI_TO_CO3151
  9.600                        FIC_0_PERIPHERALS_0/security_core_0/hash_core/un1_ROUND_7_cry_0_RNIO6M8J_CC_3:CI (r)
               +     0.162          cell: ADLIB:CC_CONFIG
  9.762                        FIC_0_PERIPHERALS_0/security_core_0/hash_core/un1_ROUND_7_cry_0_RNIO6M8J_CC_3:CC[5] (r)
               +     0.000          net: NET_CC_CONFIG3309
  9.762                        FIC_0_PERIPHERALS_0/security_core_0/hash_core/un1_ROUND_7_cry_19_RNIMNBEPR3:CC (r)
               +     0.063          cell: ADLIB:ARI1_CC
  9.825                        FIC_0_PERIPHERALS_0/security_core_0/hash_core/un1_ROUND_7_cry_19_RNIMNBEPR3:S (r)
               +     0.483          net: FIC_0_PERIPHERALS_0/security_core_0/hash_core/un1_ROUND_7_cry_19_RNIMNBEPR3_S
  10.308                       FIC_0_PERIPHERALS_0/security_core_0/hash_core/un8_T1__v[19]:B (r)
               +     0.053          cell: ADLIB:CFG3
  10.361                       FIC_0_PERIPHERALS_0/security_core_0/hash_core/un8_T1__v[19]:Y (r)
               +     0.475          net: FIC_0_PERIPHERALS_0/security_core_0/hash_core/CH[19]
  10.836                       FIC_0_PERIPHERALS_0/security_core_0/hash_core/un8_T1__v_RNIKU6OEC3[19]:B (r)
               +     0.090          cell: ADLIB:ARI1_CC
  10.926                       FIC_0_PERIPHERALS_0/security_core_0/hash_core/un8_T1__v_RNIKU6OEC3[19]:Y (r)
               +     0.067          net: FIC_0_PERIPHERALS_0/security_core_0/hash_core/un8_T1__v_RNIKU6OEC3_Y[19]
  10.993                       FIC_0_PERIPHERALS_0/security_core_0/hash_core/un8_T1__v_RNI63N6PR2[20]:A (r)
               +     0.051          cell: ADLIB:ARI1_CC
  11.044                       FIC_0_PERIPHERALS_0/security_core_0/hash_core/un8_T1__v_RNI63N6PR2[20]:P (f)
               +     0.014          net: NET_CC_CONFIG13498
  11.058                       FIC_0_PERIPHERALS_0/security_core_0/hash_core/un8_T1__v_RNIOOH6C4[0]_CC_3:P[11] (f)
               +     0.162          cell: ADLIB:CC_CONFIG
  11.220                       FIC_0_PERIPHERALS_0/security_core_0/hash_core/un8_T1__v_RNIOOH6C4[0]_CC_3:CO (r)
               +     0.012          net: CI_TO_CO13336
  11.232                       FIC_0_PERIPHERALS_0/security_core_0/hash_core/un8_T1__v_RNIOOH6C4[0]_CC_4:CI (r)
               +     0.082          cell: ADLIB:CC_CONFIG
  11.314                       FIC_0_PERIPHERALS_0/security_core_0/hash_core/un8_T1__v_RNIOOH6C4[0]_CC_4:CC[3] (r)
               +     0.000          net: NET_CC_CONFIG13517
  11.314                       FIC_0_PERIPHERALS_0/security_core_0/hash_core/un8_T1__v_RNI7SLLSI[22]:CC (r)
               +     0.063          cell: ADLIB:ARI1_CC
  11.377                       FIC_0_PERIPHERALS_0/security_core_0/hash_core/un8_T1__v_RNI7SLLSI[22]:S (r)
               +     0.585          net: FIC_0_PERIPHERALS_0/security_core_0/hash_core/un9_ROUND_8[22]
  11.962                       FIC_0_PERIPHERALS_0/security_core_0/hash_core/EP1_RNIAHEO341[22]:C (r)
               +     0.156          cell: ADLIB:ARI1_CC
  12.118                       FIC_0_PERIPHERALS_0/security_core_0/hash_core/EP1_RNIAHEO341[22]:P (r)
               +     0.012          net: NET_CC_CONFIG5647
  12.130                       FIC_0_PERIPHERALS_0/security_core_0/hash_core/EP1_RNI375LM4[0]_CC_3:P[11] (r)
               +     0.153          cell: ADLIB:CC_CONFIG
  12.283                       FIC_0_PERIPHERALS_0/security_core_0/hash_core/EP1_RNI375LM4[0]_CC_3:CO (f)
               +     0.011          net: CI_TO_CO5469
  12.294                       FIC_0_PERIPHERALS_0/security_core_0/hash_core/EP1_RNI375LM4[0]_CC_4:CI (f)
               +     0.139          cell: ADLIB:CC_CONFIG
  12.433                       FIC_0_PERIPHERALS_0/security_core_0/hash_core/EP1_RNI375LM4[0]_CC_4:CC[9] (r)
               +     0.000          net: NET_CC_CONFIG5690
  12.433                       FIC_0_PERIPHERALS_0/security_core_0/hash_core/EP1_RNI9RLPQ43[27]:CC (r)
               +     0.063          cell: ADLIB:ARI1_CC
  12.496                       FIC_0_PERIPHERALS_0/security_core_0/hash_core/EP1_RNI9RLPQ43[27]:S (r)
               +     0.368          net: FIC_0_PERIPHERALS_0/security_core_0/hash_core/un9_ROUND_6[27]
  12.864                       FIC_0_PERIPHERALS_0/security_core_0/hash_core/MAJ_RNI8850NN[27]:C (r)
               +     0.156          cell: ADLIB:ARI1_CC
  13.020                       FIC_0_PERIPHERALS_0/security_core_0/hash_core/MAJ_RNI8850NN[27]:Y (r)
               +     0.067          net: FIC_0_PERIPHERALS_0/security_core_0/hash_core/MAJ_RNI8850NN_Y[27]
  13.087                       FIC_0_PERIPHERALS_0/security_core_0/hash_core/MAJ_RNIFHC97T3[28]:A (r)
               +     0.051          cell: ADLIB:ARI1_CC
  13.138                       FIC_0_PERIPHERALS_0/security_core_0/hash_core/MAJ_RNIFHC97T3[28]:P (f)
               +     0.015          net: NET_CC_CONFIG10254
  13.153                       FIC_0_PERIPHERALS_0/security_core_0/hash_core/EP0_RNIUHAQ05[0]_CC_5:P[7] (f)
               +     0.424          cell: ADLIB:CC_CONFIG
  13.577                       FIC_0_PERIPHERALS_0/security_core_0/hash_core/EP0_RNIUHAQ05[0]_CC_5:CC[11] (r)
               +     0.000          net: NET_CC_CONFIG10273
  13.577                       FIC_0_PERIPHERALS_0/security_core_0/hash_core/MAJ_RNIBCKO892[30]:CC (r)
               +     0.063          cell: ADLIB:ARI1_CC
  13.640                       FIC_0_PERIPHERALS_0/security_core_0/hash_core/MAJ_RNIBCKO892[30]:S (r)
               +     0.333          net: FIC_0_PERIPHERALS_0/security_core_0/hash_core/MAJ_RNIBCKO892_S[30]
  13.973                       FIC_0_PERIPHERALS_0/security_core_0/hash_core/a_7_3[30]:C (r)
               +     0.078          cell: ADLIB:CFG4
  14.051                       FIC_0_PERIPHERALS_0/security_core_0/hash_core/a_7_3[30]:Y (r)
               +     0.033          net: FIC_0_PERIPHERALS_0/security_core_0/hash_core/a_7[30]
  14.084                       FIC_0_PERIPHERALS_0/security_core_0/hash_core/a[30]:D (r)
                                    
  14.084                       data arrival time
  ________________________________________________________
  Data required time calculation
  8.000                        CLOCKS_AND_RESETS_0/CCC_FIC_x_CLK/PF_CCC_C0_0/pll_inst_0/OUT0
               +     0.000          Clock source
  8.000                        CLOCKS_AND_RESETS_0/CCC_FIC_x_CLK/PF_CCC_C0_0/pll_inst_0:OUT0 (r)
               +     3.885          Clock generation
  11.885                       
               +     0.249          net: CLOCKS_AND_RESETS_0/CCC_FIC_x_CLK/PF_CCC_C0_0/pll_inst_0_clkint_0
  12.134                       CLOCKS_AND_RESETS_0/CCC_FIC_x_CLK/PF_CCC_C0_0/clkint_0_1:A (r)
               +     0.211          cell: ADLIB:ICB_CLKINT
  12.345                       CLOCKS_AND_RESETS_0/CCC_FIC_x_CLK/PF_CCC_C0_0/clkint_0_1:Y (r)
               +     0.134          net: CLOCKS_AND_RESETS_0/CCC_FIC_x_CLK/PF_CCC_C0_0/clkint_0_NET
  12.479                       CLOCKS_AND_RESETS_0/CCC_FIC_x_CLK/PF_CCC_C0_0/clkint_0/U0_GB0:A (r)
               +     0.149          cell: ADLIB:GB
  12.628                       CLOCKS_AND_RESETS_0/CCC_FIC_x_CLK/PF_CCC_C0_0/clkint_0/U0_GB0:Y (r)
               +     0.378          net: CLOCKS_AND_RESETS_0/CCC_FIC_x_CLK/PF_CCC_C0_0/clkint_0/U0_gbs_1
  13.006                       CLOCKS_AND_RESETS_0/CCC_FIC_x_CLK/PF_CCC_C0_0/clkint_0/U0_RGB1_RGB5:A (r)
               +     0.052          cell: ADLIB:RGB
  13.058                       CLOCKS_AND_RESETS_0/CCC_FIC_x_CLK/PF_CCC_C0_0/clkint_0/U0_RGB1_RGB5:Y (f)
               +     0.418          net: CLOCKS_AND_RESETS_0/CCC_FIC_x_CLK/PF_CCC_C0_0/clkint_0/U0_RGB1_RGB5_rgb_net_1
  13.476                       FIC_0_PERIPHERALS_0/security_core_0/hash_core/a[30]:CLK (r)
               +     0.489          
  13.965                       clock reconvergence pessimism
               -     0.135          
  13.830                       clock jitter
               -     0.000          Library setup time: ADLIB:SLE
  13.830                       FIC_0_PERIPHERALS_0/security_core_0/hash_core/a[30]:D
                                    
  13.830                       data required time


Operating Conditions : slow_lv_ht

END SET Register to Register

----------------------------------------------------

SET External Setup

No Path 

END SET External Setup

----------------------------------------------------

SET Clock to Output

No Path 

END SET Clock to Output

----------------------------------------------------

SET Register to Asynchronous

Path 1
  From: CLOCKS_AND_RESETS_0/RESET_FIC_0_CLK/CORERESET_0/dff_15[0]_GB_DEMOTE:CLK
  To:   FIC_0_PERIPHERALS_0/DMA_CONTROLLER_inst_0/DMA_CONTROLLER_0/U_bufferDescriptors/dscrptrData_1[85]:ALn
  Delay (ns):              4.252
  Slack (ns):              3.316
  Arrival (ns):           10.306
  Required (ns):          13.622
  Recovery (ns):           0.209
  Minimum Period (ns):     4.549
  Skew (ns):               0.088
  Operating Conditions: slow_lv_ht

Path 2
  From: CLOCKS_AND_RESETS_0/RESET_FIC_0_CLK/CORERESET_0/dff_15[0]_GB_DEMOTE:CLK
  To:   FIC_0_PERIPHERALS_0/DMA_CONTROLLER_inst_0/DMA_CONTROLLER_0/U_bufferDescriptors/dscrptrData_1[45]:ALn
  Delay (ns):              4.278
  Slack (ns):              3.316
  Arrival (ns):           10.332
  Required (ns):          13.648
  Recovery (ns):           0.209
  Minimum Period (ns):     4.549
  Skew (ns):               0.062
  Operating Conditions: slow_lv_ht

Path 3
  From: CLOCKS_AND_RESETS_0/RESET_FIC_0_CLK/CORERESET_0/dff_15[0]_GB_DEMOTE:CLK
  To:   FIC_0_PERIPHERALS_0/DMA_CONTROLLER_inst_0/DMA_CONTROLLER_0/U_AXI4INITIATORDMACtrl/dscrptrData_AXI4INITIATORCtrl_Z[49]:ALn
  Delay (ns):              4.278
  Slack (ns):              3.316
  Arrival (ns):           10.332
  Required (ns):          13.648
  Recovery (ns):           0.209
  Minimum Period (ns):     4.549
  Skew (ns):               0.062
  Operating Conditions: slow_lv_ht

Path 4
  From: CLOCKS_AND_RESETS_0/RESET_FIC_0_CLK/CORERESET_0/dff_15[0]_GB_DEMOTE:CLK
  To:   FIC_0_PERIPHERALS_0/DMA_CONTROLLER_inst_0/DMA_CONTROLLER_0/U_AXI4INITIATORDMACtrl/dscrptrData_AXI4INITIATORCtrl_Z[87]:ALn
  Delay (ns):              4.251
  Slack (ns):              3.317
  Arrival (ns):           10.305
  Required (ns):          13.622
  Recovery (ns):           0.209
  Minimum Period (ns):     4.548
  Skew (ns):               0.088
  Operating Conditions: slow_lv_ht

Path 5
  From: CLOCKS_AND_RESETS_0/RESET_FIC_0_CLK/CORERESET_0/dff_15[0]_GB_DEMOTE:CLK
  To:   FIC_0_PERIPHERALS_0/DMA_CONTROLLER_inst_0/DMA_CONTROLLER_0/U_AXI4INITIATORDMACtrl/dscrptrData_AXI4INITIATORCtrl_Z[86]:ALn
  Delay (ns):              4.252
  Slack (ns):              3.317
  Arrival (ns):           10.306
  Required (ns):          13.623
  Recovery (ns):           0.209
  Minimum Period (ns):     4.548
  Skew (ns):               0.087
  Operating Conditions: slow_lv_ht


Expanded Path 1
  From: CLOCKS_AND_RESETS_0/RESET_FIC_0_CLK/CORERESET_0/dff_15[0]_GB_DEMOTE:CLK
  To: FIC_0_PERIPHERALS_0/DMA_CONTROLLER_inst_0/DMA_CONTROLLER_0/U_bufferDescriptors/dscrptrData_1[85]:ALn
  data required time                                 13.622
  data arrival time                          -       10.306
  slack                                               3.316
  ________________________________________________________
  Data arrival time calculation
  0.000                        CLOCKS_AND_RESETS_0/CCC_FIC_x_CLK/PF_CCC_C0_0/pll_inst_0/OUT0
               +     0.000          Clock source
  0.000                        CLOCKS_AND_RESETS_0/CCC_FIC_x_CLK/PF_CCC_C0_0/pll_inst_0:OUT0 (r)
               +     4.304          Clock generation
  4.304                        
               +     0.273          net: CLOCKS_AND_RESETS_0/CCC_FIC_x_CLK/PF_CCC_C0_0/pll_inst_0_clkint_0
  4.577                        CLOCKS_AND_RESETS_0/CCC_FIC_x_CLK/PF_CCC_C0_0/clkint_0_1:A (r)
               +     0.243          cell: ADLIB:ICB_CLKINT
  4.820                        CLOCKS_AND_RESETS_0/CCC_FIC_x_CLK/PF_CCC_C0_0/clkint_0_1:Y (r)
               +     0.148          net: CLOCKS_AND_RESETS_0/CCC_FIC_x_CLK/PF_CCC_C0_0/clkint_0_NET
  4.968                        CLOCKS_AND_RESETS_0/CCC_FIC_x_CLK/PF_CCC_C0_0/clkint_0/U0_GB0:A (r)
               +     0.164          cell: ADLIB:GB
  5.132                        CLOCKS_AND_RESETS_0/CCC_FIC_x_CLK/PF_CCC_C0_0/clkint_0/U0_GB0:Y (r)
               +     0.416          net: CLOCKS_AND_RESETS_0/CCC_FIC_x_CLK/PF_CCC_C0_0/clkint_0/U0_gbs_1
  5.548                        CLOCKS_AND_RESETS_0/CCC_FIC_x_CLK/PF_CCC_C0_0/clkint_0/U0_RGB1_RGB5:A (r)
               +     0.058          cell: ADLIB:RGB
  5.606                        CLOCKS_AND_RESETS_0/CCC_FIC_x_CLK/PF_CCC_C0_0/clkint_0/U0_RGB1_RGB5:Y (f)
               +     0.448          net: CLOCKS_AND_RESETS_0/CCC_FIC_x_CLK/PF_CCC_C0_0/clkint_0/U0_RGB1_RGB5_rgb_net_1
  6.054                        CLOCKS_AND_RESETS_0/RESET_FIC_0_CLK/CORERESET_0/dff_15[0]_GB_DEMOTE:CLK (r)
               +     0.201          cell: ADLIB:SLE
  6.255                        CLOCKS_AND_RESETS_0/RESET_FIC_0_CLK/CORERESET_0/dff_15[0]_GB_DEMOTE:Q (r)
               +     2.956          net: CLOCKS_AND_RESETS_0/RESET_FIC_0_CLK/CORERESET_0/dff_15[0]_GB_DEMOTE_net
  9.211                        CLOCKS_AND_RESETS_0/RESET_FIC_0_CLK/CORERESET_0/dff_15_RNIJUDE1_0[0]:A (r)
               +     0.141          cell: ADLIB:GB
  9.352                        CLOCKS_AND_RESETS_0/RESET_FIC_0_CLK/CORERESET_0/dff_15_RNIJUDE1_0[0]:Y (r)
               +     0.414          net: CLOCKS_AND_RESETS_0/RESET_FIC_0_CLK/CORERESET_0/dff_15_RNIJUDE1_0[0]/U0_Y
  9.766                        CLOCKS_AND_RESETS_0/RESET_FIC_0_CLK/CORERESET_0/dff_15_RNIJUDE1_0[0]/U0_RGB1_RGB0:A (r)
               +     0.058          cell: ADLIB:RGB
  9.824                        CLOCKS_AND_RESETS_0/RESET_FIC_0_CLK/CORERESET_0/dff_15_RNIJUDE1_0[0]/U0_RGB1_RGB0:Y (f)
               +     0.482          net: CLOCKS_AND_RESETS_0/RESET_FIC_0_CLK/CORERESET_0/dff_15_RNIJUDE1_0[0]/U0_RGB1_RGB0_rgb_net_1
  10.306                       FIC_0_PERIPHERALS_0/DMA_CONTROLLER_inst_0/DMA_CONTROLLER_0/U_bufferDescriptors/dscrptrData_1[85]:ALn (r)
                                    
  10.306                       data arrival time
  ________________________________________________________
  Data required time calculation
  8.000                        CLOCKS_AND_RESETS_0/CCC_FIC_x_CLK/PF_CCC_C0_0/pll_inst_0/OUT0
               +     0.000          Clock source
  8.000                        CLOCKS_AND_RESETS_0/CCC_FIC_x_CLK/PF_CCC_C0_0/pll_inst_0:OUT0 (r)
               +     3.885          Clock generation
  11.885                       
               +     0.249          net: CLOCKS_AND_RESETS_0/CCC_FIC_x_CLK/PF_CCC_C0_0/pll_inst_0_clkint_0
  12.134                       CLOCKS_AND_RESETS_0/CCC_FIC_x_CLK/PF_CCC_C0_0/clkint_0_1:A (r)
               +     0.211          cell: ADLIB:ICB_CLKINT
  12.345                       CLOCKS_AND_RESETS_0/CCC_FIC_x_CLK/PF_CCC_C0_0/clkint_0_1:Y (r)
               +     0.134          net: CLOCKS_AND_RESETS_0/CCC_FIC_x_CLK/PF_CCC_C0_0/clkint_0_NET
  12.479                       CLOCKS_AND_RESETS_0/CCC_FIC_x_CLK/PF_CCC_C0_0/clkint_0:A (r)
               +     0.149          cell: ADLIB:GB
  12.628                       CLOCKS_AND_RESETS_0/CCC_FIC_x_CLK/PF_CCC_C0_0/clkint_0:Y (r)
               +     0.380          net: CLOCKS_AND_RESETS_0/CCC_FIC_x_CLK/PF_CCC_C0_0/clkint_0/U0_Y
  13.008                       CLOCKS_AND_RESETS_0/CCC_FIC_x_CLK/PF_CCC_C0_0/clkint_0/U0_RGB1_RGB1:A (r)
               +     0.052          cell: ADLIB:RGB
  13.060                       CLOCKS_AND_RESETS_0/CCC_FIC_x_CLK/PF_CCC_C0_0/clkint_0/U0_RGB1_RGB1:Y (f)
               +     0.417          net: CLOCKS_AND_RESETS_0/CCC_FIC_x_CLK/PF_CCC_C0_0/clkint_0/U0_RGB1_RGB1_rgb_net_1
  13.477                       FIC_0_PERIPHERALS_0/DMA_CONTROLLER_inst_0/DMA_CONTROLLER_0/U_bufferDescriptors/dscrptrData_1[85]:CLK (r)
               +     0.489          
  13.966                       clock reconvergence pessimism
               -     0.135          
  13.831                       clock jitter
               -     0.209          Library recovery time: ADLIB:SLE
  13.622                       FIC_0_PERIPHERALS_0/DMA_CONTROLLER_inst_0/DMA_CONTROLLER_0/U_bufferDescriptors/dscrptrData_1[85]:ALn
                                    
  13.622                       data required time


Operating Conditions : slow_lv_ht

END SET Register to Asynchronous

----------------------------------------------------

SET External Recovery

Path 1
  From: SWITCH2
  To:   CLOCKS_AND_RESETS_0/RESET_FIC_0_CLK/CORERESET_0/dff_15[0]:ALn
  Delay (ns):              8.943
  Arrival (ns):            8.943
  Recovery (ns):           0.196
  External Recovery (ns):   3.801
  Operating Conditions: slow_lv_ht

Path 2
  From: SWITCH2
  To:   CLOCKS_AND_RESETS_0/RESET_FIC_0_CLK/CORERESET_0/dff_14[0]:ALn
  Delay (ns):              8.788
  Arrival (ns):            8.788
  Recovery (ns):           0.196
  External Recovery (ns):   3.663
  Operating Conditions: slow_lv_ht

Path 3
  From: SWITCH2
  To:   CLOCKS_AND_RESETS_0/RESET_FIC_0_CLK/CORERESET_0/dff_13[0]:ALn
  Delay (ns):              8.788
  Arrival (ns):            8.788
  Recovery (ns):           0.196
  External Recovery (ns):   3.663
  Operating Conditions: slow_lv_ht

Path 4
  From: SWITCH2
  To:   CLOCKS_AND_RESETS_0/RESET_FIC_0_CLK/CORERESET_0/dff_15[0]_GB_DEMOTE:ALn
  Delay (ns):              8.787
  Arrival (ns):            8.787
  Recovery (ns):           0.196
  External Recovery (ns):   3.662
  Operating Conditions: slow_lv_ht

Path 5
  From: SWITCH2
  To:   CLOCKS_AND_RESETS_0/RESET_FIC_0_CLK/CORERESET_0/dff_12[0]:ALn
  Delay (ns):              8.413
  Arrival (ns):            8.413
  Recovery (ns):           0.209
  External Recovery (ns):   3.274
  Operating Conditions: slow_lv_ht


Expanded Path 1
  From: SWITCH2
  To: CLOCKS_AND_RESETS_0/RESET_FIC_0_CLK/CORERESET_0/dff_15[0]:ALn
  data required time                                    N/C
  data arrival time                          -        8.943
  slack                                                 N/C
  ________________________________________________________
  Data arrival time calculation
  0.000                        SWITCH2 (r)
               +     0.000          net: SWITCH2
  0.000                        SWITCH2_ibuf/U_IOPAD:PAD (r)
               +     0.610          cell: ADLIB:IOPAD_IN
  0.610                        SWITCH2_ibuf/U_IOPAD:Y (r)
               +     0.000          net: SWITCH2_ibuf/YIN
  0.610                        SWITCH2_ibuf/U_IOIN:YIN (r)
               +     0.336          cell: ADLIB:IOIN_IB_E
  0.946                        SWITCH2_ibuf/U_IOIN:Y (r)
               +     4.054          net: SWITCH2_c
  5.000                        CLOCKS_AND_RESETS_0/AND3_0:A (r)
               +     0.156          cell: ADLIB:CFG3
  5.156                        CLOCKS_AND_RESETS_0/AND3_0:Y (r)
               +     0.057          net: CLOCKS_AND_RESETS_0/AND3_0_Y
  5.213                        CLOCKS_AND_RESETS_0/RESET_FIC_0_CLK/CORERESET_0/un1_EXT_RST_N_2:C (r)
               +     0.090          cell: ADLIB:CFG3
  5.303                        CLOCKS_AND_RESETS_0/RESET_FIC_0_CLK/CORERESET_0/un1_EXT_RST_N_2:Y (r)
               +     3.640          net: CLOCKS_AND_RESETS_0/un1_EXT_RST_N_2
  8.943                        CLOCKS_AND_RESETS_0/RESET_FIC_0_CLK/CORERESET_0/dff_15[0]:ALn (r)
                                    
  8.943                        data arrival time
  ________________________________________________________
  Data required time calculation
  N/C                          CLOCKS_AND_RESETS_0/CCC_FIC_x_CLK/PF_CCC_C0_0/pll_inst_0/OUT0
               +     0.000          Clock source
  N/C                          CLOCKS_AND_RESETS_0/CCC_FIC_x_CLK/PF_CCC_C0_0/pll_inst_0:OUT0 (r)
               +     3.885          Clock generation
  N/C                          
               +     0.249          net: CLOCKS_AND_RESETS_0/CCC_FIC_x_CLK/PF_CCC_C0_0/pll_inst_0_clkint_0
  N/C                          CLOCKS_AND_RESETS_0/CCC_FIC_x_CLK/PF_CCC_C0_0/clkint_0_1:A (r)
               +     0.211          cell: ADLIB:ICB_CLKINT
  N/C                          CLOCKS_AND_RESETS_0/CCC_FIC_x_CLK/PF_CCC_C0_0/clkint_0_1:Y (r)
               +     0.134          net: CLOCKS_AND_RESETS_0/CCC_FIC_x_CLK/PF_CCC_C0_0/clkint_0_NET
  N/C                          CLOCKS_AND_RESETS_0/CCC_FIC_x_CLK/PF_CCC_C0_0/clkint_0/U0_GB0:A (r)
               +     0.149          cell: ADLIB:GB
  N/C                          CLOCKS_AND_RESETS_0/CCC_FIC_x_CLK/PF_CCC_C0_0/clkint_0/U0_GB0:Y (r)
               +     0.378          net: CLOCKS_AND_RESETS_0/CCC_FIC_x_CLK/PF_CCC_C0_0/clkint_0/U0_gbs_1
  N/C                          CLOCKS_AND_RESETS_0/CCC_FIC_x_CLK/PF_CCC_C0_0/clkint_0/U0_RGB1_RGB5:A (r)
               +     0.052          cell: ADLIB:RGB
  N/C                          CLOCKS_AND_RESETS_0/CCC_FIC_x_CLK/PF_CCC_C0_0/clkint_0/U0_RGB1_RGB5:Y (f)
               +     0.415          net: CLOCKS_AND_RESETS_0/CCC_FIC_x_CLK/PF_CCC_C0_0/clkint_0/U0_RGB1_RGB5_rgb_net_1
  N/C                          CLOCKS_AND_RESETS_0/RESET_FIC_0_CLK/CORERESET_0/dff_15[0]:CLK (r)
               -     0.135          
  N/C                          clock jitter
               -     0.196          Library recovery time: ADLIB:SLE
  N/C                          CLOCKS_AND_RESETS_0/RESET_FIC_0_CLK/CORERESET_0/dff_15[0]:ALn


Operating Conditions : slow_lv_ht

END SET External Recovery

----------------------------------------------------

SET Asynchronous to Register

No Path 

END SET Asynchronous to Register

----------------------------------------------------

SET FIC_0_PERIPHERALS_0/security_core_0/rng/neoTRNG_0/entropy_cell_gen.0.neoTRNG_cell_inst/sreg_0[0]:Q to CLOCKS_AND_RESETS_0/CCC_FIC_x_CLK/PF_CCC_C0_0/pll_inst_0/OUT0

No Path 

END SET FIC_0_PERIPHERALS_0/security_core_0/rng/neoTRNG_0/entropy_cell_gen.0.neoTRNG_cell_inst/sreg_0[0]:Q to CLOCKS_AND_RESETS_0/CCC_FIC_x_CLK/PF_CCC_C0_0/pll_inst_0/OUT0

----------------------------------------------------

SET FIC_0_PERIPHERALS_0/security_core_0/rng/neoTRNG_0/entropy_cell_gen.0.neoTRNG_cell_inst/sreg_1[0]:Q to CLOCKS_AND_RESETS_0/CCC_FIC_x_CLK/PF_CCC_C0_0/pll_inst_0/OUT0

No Path 

END SET FIC_0_PERIPHERALS_0/security_core_0/rng/neoTRNG_0/entropy_cell_gen.0.neoTRNG_cell_inst/sreg_1[0]:Q to CLOCKS_AND_RESETS_0/CCC_FIC_x_CLK/PF_CCC_C0_0/pll_inst_0/OUT0

----------------------------------------------------

SET FIC_0_PERIPHERALS_0/security_core_0/rng/neoTRNG_0/entropy_cell_gen.0.neoTRNG_cell_inst/sreg_2[0]:Q to CLOCKS_AND_RESETS_0/CCC_FIC_x_CLK/PF_CCC_C0_0/pll_inst_0/OUT0

No Path 

END SET FIC_0_PERIPHERALS_0/security_core_0/rng/neoTRNG_0/entropy_cell_gen.0.neoTRNG_cell_inst/sreg_2[0]:Q to CLOCKS_AND_RESETS_0/CCC_FIC_x_CLK/PF_CCC_C0_0/pll_inst_0/OUT0

----------------------------------------------------

SET FIC_0_PERIPHERALS_0/security_core_0/rng/neoTRNG_0/entropy_cell_gen.0.neoTRNG_cell_inst/sreg_3[0]:Q to CLOCKS_AND_RESETS_0/CCC_FIC_x_CLK/PF_CCC_C0_0/pll_inst_0/OUT0

No Path 

END SET FIC_0_PERIPHERALS_0/security_core_0/rng/neoTRNG_0/entropy_cell_gen.0.neoTRNG_cell_inst/sreg_3[0]:Q to CLOCKS_AND_RESETS_0/CCC_FIC_x_CLK/PF_CCC_C0_0/pll_inst_0/OUT0

----------------------------------------------------

SET FIC_0_PERIPHERALS_0/security_core_0/rng/neoTRNG_0/entropy_cell_gen.0.neoTRNG_cell_inst/sreg_4[0]:Q to CLOCKS_AND_RESETS_0/CCC_FIC_x_CLK/PF_CCC_C0_0/pll_inst_0/OUT0

No Path 

END SET FIC_0_PERIPHERALS_0/security_core_0/rng/neoTRNG_0/entropy_cell_gen.0.neoTRNG_cell_inst/sreg_4[0]:Q to CLOCKS_AND_RESETS_0/CCC_FIC_x_CLK/PF_CCC_C0_0/pll_inst_0/OUT0

----------------------------------------------------

SET FIC_0_PERIPHERALS_0/security_core_0/rng/neoTRNG_0/entropy_cell_gen.1.neoTRNG_cell_inst/sreg_0[0]:Q to CLOCKS_AND_RESETS_0/CCC_FIC_x_CLK/PF_CCC_C0_0/pll_inst_0/OUT0

No Path 

END SET FIC_0_PERIPHERALS_0/security_core_0/rng/neoTRNG_0/entropy_cell_gen.1.neoTRNG_cell_inst/sreg_0[0]:Q to CLOCKS_AND_RESETS_0/CCC_FIC_x_CLK/PF_CCC_C0_0/pll_inst_0/OUT0

----------------------------------------------------

SET FIC_0_PERIPHERALS_0/security_core_0/rng/neoTRNG_0/entropy_cell_gen.1.neoTRNG_cell_inst/sreg_1[0]:Q to CLOCKS_AND_RESETS_0/CCC_FIC_x_CLK/PF_CCC_C0_0/pll_inst_0/OUT0

No Path 

END SET FIC_0_PERIPHERALS_0/security_core_0/rng/neoTRNG_0/entropy_cell_gen.1.neoTRNG_cell_inst/sreg_1[0]:Q to CLOCKS_AND_RESETS_0/CCC_FIC_x_CLK/PF_CCC_C0_0/pll_inst_0/OUT0

----------------------------------------------------

SET FIC_0_PERIPHERALS_0/security_core_0/rng/neoTRNG_0/entropy_cell_gen.1.neoTRNG_cell_inst/sreg_2[0]:Q to CLOCKS_AND_RESETS_0/CCC_FIC_x_CLK/PF_CCC_C0_0/pll_inst_0/OUT0

No Path 

END SET FIC_0_PERIPHERALS_0/security_core_0/rng/neoTRNG_0/entropy_cell_gen.1.neoTRNG_cell_inst/sreg_2[0]:Q to CLOCKS_AND_RESETS_0/CCC_FIC_x_CLK/PF_CCC_C0_0/pll_inst_0/OUT0

----------------------------------------------------

SET FIC_0_PERIPHERALS_0/security_core_0/rng/neoTRNG_0/entropy_cell_gen.1.neoTRNG_cell_inst/sreg_3[0]:Q to CLOCKS_AND_RESETS_0/CCC_FIC_x_CLK/PF_CCC_C0_0/pll_inst_0/OUT0

No Path 

END SET FIC_0_PERIPHERALS_0/security_core_0/rng/neoTRNG_0/entropy_cell_gen.1.neoTRNG_cell_inst/sreg_3[0]:Q to CLOCKS_AND_RESETS_0/CCC_FIC_x_CLK/PF_CCC_C0_0/pll_inst_0/OUT0

----------------------------------------------------

SET FIC_0_PERIPHERALS_0/security_core_0/rng/neoTRNG_0/entropy_cell_gen.1.neoTRNG_cell_inst/sreg_4[0]:Q to CLOCKS_AND_RESETS_0/CCC_FIC_x_CLK/PF_CCC_C0_0/pll_inst_0/OUT0

No Path 

END SET FIC_0_PERIPHERALS_0/security_core_0/rng/neoTRNG_0/entropy_cell_gen.1.neoTRNG_cell_inst/sreg_4[0]:Q to CLOCKS_AND_RESETS_0/CCC_FIC_x_CLK/PF_CCC_C0_0/pll_inst_0/OUT0

----------------------------------------------------

SET FIC_0_PERIPHERALS_0/security_core_0/rng/neoTRNG_0/entropy_cell_gen.1.neoTRNG_cell_inst/sreg_5[0]:Q to CLOCKS_AND_RESETS_0/CCC_FIC_x_CLK/PF_CCC_C0_0/pll_inst_0/OUT0

No Path 

END SET FIC_0_PERIPHERALS_0/security_core_0/rng/neoTRNG_0/entropy_cell_gen.1.neoTRNG_cell_inst/sreg_5[0]:Q to CLOCKS_AND_RESETS_0/CCC_FIC_x_CLK/PF_CCC_C0_0/pll_inst_0/OUT0

----------------------------------------------------

SET FIC_0_PERIPHERALS_0/security_core_0/rng/neoTRNG_0/entropy_cell_gen.1.neoTRNG_cell_inst/sreg_6[0]:Q to CLOCKS_AND_RESETS_0/CCC_FIC_x_CLK/PF_CCC_C0_0/pll_inst_0/OUT0

No Path 

END SET FIC_0_PERIPHERALS_0/security_core_0/rng/neoTRNG_0/entropy_cell_gen.1.neoTRNG_cell_inst/sreg_6[0]:Q to CLOCKS_AND_RESETS_0/CCC_FIC_x_CLK/PF_CCC_C0_0/pll_inst_0/OUT0

----------------------------------------------------

SET FIC_0_PERIPHERALS_0/security_core_0/rng/neoTRNG_0/entropy_cell_gen.2.neoTRNG_cell_inst/sreg_0[0]:Q to CLOCKS_AND_RESETS_0/CCC_FIC_x_CLK/PF_CCC_C0_0/pll_inst_0/OUT0

No Path 

END SET FIC_0_PERIPHERALS_0/security_core_0/rng/neoTRNG_0/entropy_cell_gen.2.neoTRNG_cell_inst/sreg_0[0]:Q to CLOCKS_AND_RESETS_0/CCC_FIC_x_CLK/PF_CCC_C0_0/pll_inst_0/OUT0

----------------------------------------------------

SET FIC_0_PERIPHERALS_0/security_core_0/rng/neoTRNG_0/entropy_cell_gen.2.neoTRNG_cell_inst/sreg_1[0]:Q to CLOCKS_AND_RESETS_0/CCC_FIC_x_CLK/PF_CCC_C0_0/pll_inst_0/OUT0

No Path 

END SET FIC_0_PERIPHERALS_0/security_core_0/rng/neoTRNG_0/entropy_cell_gen.2.neoTRNG_cell_inst/sreg_1[0]:Q to CLOCKS_AND_RESETS_0/CCC_FIC_x_CLK/PF_CCC_C0_0/pll_inst_0/OUT0

----------------------------------------------------

SET FIC_0_PERIPHERALS_0/security_core_0/rng/neoTRNG_0/entropy_cell_gen.2.neoTRNG_cell_inst/sreg_2[0]:Q to CLOCKS_AND_RESETS_0/CCC_FIC_x_CLK/PF_CCC_C0_0/pll_inst_0/OUT0

No Path 

END SET FIC_0_PERIPHERALS_0/security_core_0/rng/neoTRNG_0/entropy_cell_gen.2.neoTRNG_cell_inst/sreg_2[0]:Q to CLOCKS_AND_RESETS_0/CCC_FIC_x_CLK/PF_CCC_C0_0/pll_inst_0/OUT0

----------------------------------------------------

SET FIC_0_PERIPHERALS_0/security_core_0/rng/neoTRNG_0/entropy_cell_gen.2.neoTRNG_cell_inst/sreg_3[0]:Q to CLOCKS_AND_RESETS_0/CCC_FIC_x_CLK/PF_CCC_C0_0/pll_inst_0/OUT0

No Path 

END SET FIC_0_PERIPHERALS_0/security_core_0/rng/neoTRNG_0/entropy_cell_gen.2.neoTRNG_cell_inst/sreg_3[0]:Q to CLOCKS_AND_RESETS_0/CCC_FIC_x_CLK/PF_CCC_C0_0/pll_inst_0/OUT0

----------------------------------------------------

SET FIC_0_PERIPHERALS_0/security_core_0/rng/neoTRNG_0/entropy_cell_gen.2.neoTRNG_cell_inst/sreg_4[0]:Q to CLOCKS_AND_RESETS_0/CCC_FIC_x_CLK/PF_CCC_C0_0/pll_inst_0/OUT0

No Path 

END SET FIC_0_PERIPHERALS_0/security_core_0/rng/neoTRNG_0/entropy_cell_gen.2.neoTRNG_cell_inst/sreg_4[0]:Q to CLOCKS_AND_RESETS_0/CCC_FIC_x_CLK/PF_CCC_C0_0/pll_inst_0/OUT0

----------------------------------------------------

SET FIC_0_PERIPHERALS_0/security_core_0/rng/neoTRNG_0/entropy_cell_gen.2.neoTRNG_cell_inst/sreg_5[0]:Q to CLOCKS_AND_RESETS_0/CCC_FIC_x_CLK/PF_CCC_C0_0/pll_inst_0/OUT0

No Path 

END SET FIC_0_PERIPHERALS_0/security_core_0/rng/neoTRNG_0/entropy_cell_gen.2.neoTRNG_cell_inst/sreg_5[0]:Q to CLOCKS_AND_RESETS_0/CCC_FIC_x_CLK/PF_CCC_C0_0/pll_inst_0/OUT0

----------------------------------------------------

SET FIC_0_PERIPHERALS_0/security_core_0/rng/neoTRNG_0/entropy_cell_gen.2.neoTRNG_cell_inst/sreg_6[0]:Q to CLOCKS_AND_RESETS_0/CCC_FIC_x_CLK/PF_CCC_C0_0/pll_inst_0/OUT0

No Path 

END SET FIC_0_PERIPHERALS_0/security_core_0/rng/neoTRNG_0/entropy_cell_gen.2.neoTRNG_cell_inst/sreg_6[0]:Q to CLOCKS_AND_RESETS_0/CCC_FIC_x_CLK/PF_CCC_C0_0/pll_inst_0/OUT0

----------------------------------------------------

SET FIC_0_PERIPHERALS_0/security_core_0/rng/neoTRNG_0/entropy_cell_gen.2.neoTRNG_cell_inst/sreg_7[0]:Q to CLOCKS_AND_RESETS_0/CCC_FIC_x_CLK/PF_CCC_C0_0/pll_inst_0/OUT0

No Path 

END SET FIC_0_PERIPHERALS_0/security_core_0/rng/neoTRNG_0/entropy_cell_gen.2.neoTRNG_cell_inst/sreg_7[0]:Q to CLOCKS_AND_RESETS_0/CCC_FIC_x_CLK/PF_CCC_C0_0/pll_inst_0/OUT0

----------------------------------------------------

SET FIC_0_PERIPHERALS_0/security_core_0/rng/neoTRNG_0/entropy_cell_gen.2.neoTRNG_cell_inst/sreg_8[0]:Q to CLOCKS_AND_RESETS_0/CCC_FIC_x_CLK/PF_CCC_C0_0/pll_inst_0/OUT0

No Path 

END SET FIC_0_PERIPHERALS_0/security_core_0/rng/neoTRNG_0/entropy_cell_gen.2.neoTRNG_cell_inst/sreg_8[0]:Q to CLOCKS_AND_RESETS_0/CCC_FIC_x_CLK/PF_CCC_C0_0/pll_inst_0/OUT0

----------------------------------------------------

Clock Domain CLOCKS_AND_RESETS_0/CCC_FIC_x_CLK/PF_CCC_C0_0/pll_inst_0/OUT3

SET Register to Register

Path 1
  From: MSS_WRAPPER_0/MPFS_DISCOVERY_KIT_MSS_0/I_MSS:FIC_3_PCLK
  To:   MSS_WRAPPER_0/MPFS_DISCOVERY_KIT_MSS_0/I_MSS:FIC_3_APB_M_PRDATA[3]
  Delay (ns):              7.277
  Slack (ns):              2.686
  Arrival (ns):           14.284
  Required (ns):          16.970
  Setup (ns):             -0.149
  Minimum Period (ns):    14.358
  Operating Conditions: slow_lv_ht

Path 2
  From: MSS_WRAPPER_0/MPFS_DISCOVERY_KIT_MSS_0/I_MSS:FIC_3_PCLK
  To:   MSS_WRAPPER_0/MPFS_DISCOVERY_KIT_MSS_0/I_MSS:FIC_3_APB_M_PRDATA[5]
  Delay (ns):              7.016
  Slack (ns):              3.015
  Arrival (ns):           14.023
  Required (ns):          17.038
  Setup (ns):             -0.217
  Minimum Period (ns):    13.700
  Operating Conditions: slow_lv_ht

Path 3
  From: MSS_WRAPPER_0/MPFS_DISCOVERY_KIT_MSS_0/I_MSS:FIC_3_PCLK
  To:   MSS_WRAPPER_0/MPFS_DISCOVERY_KIT_MSS_0/I_MSS:FIC_3_APB_M_PRDATA[1]
  Delay (ns):              6.925
  Slack (ns):              3.039
  Arrival (ns):           13.932
  Required (ns):          16.971
  Setup (ns):             -0.150
  Minimum Period (ns):    13.652
  Operating Conditions: slow_lv_ht

Path 4
  From: MSS_WRAPPER_0/MPFS_DISCOVERY_KIT_MSS_0/I_MSS:FIC_3_PCLK
  To:   MSS_WRAPPER_0/MPFS_DISCOVERY_KIT_MSS_0/I_MSS:FIC_3_APB_M_PRDATA[6]
  Delay (ns):              6.885
  Slack (ns):              3.211
  Arrival (ns):           13.892
  Required (ns):          17.103
  Setup (ns):             -0.282
  Minimum Period (ns):    13.308
  Operating Conditions: slow_lv_ht

Path 5
  From: MSS_WRAPPER_0/MPFS_DISCOVERY_KIT_MSS_0/I_MSS:FIC_3_PCLK
  To:   MSS_WRAPPER_0/MPFS_DISCOVERY_KIT_MSS_0/I_MSS:FIC_3_APB_M_PRDATA[0]
  Delay (ns):              6.674
  Slack (ns):              3.313
  Arrival (ns):           13.681
  Required (ns):          16.994
  Setup (ns):             -0.173
  Minimum Period (ns):    13.104
  Operating Conditions: slow_lv_ht


Expanded Path 1
  From: MSS_WRAPPER_0/MPFS_DISCOVERY_KIT_MSS_0/I_MSS:FIC_3_PCLK
  To: MSS_WRAPPER_0/MPFS_DISCOVERY_KIT_MSS_0/I_MSS:FIC_3_APB_M_PRDATA[3]
  data required time                                 16.970
  data arrival time                          -       14.284
  slack                                               2.686
  ________________________________________________________
  Data arrival time calculation
  0.000                        CLOCKS_AND_RESETS_0/CCC_FIC_x_CLK/PF_CCC_C0_0/pll_inst_0/OUT3
               +     0.000          Clock source
  0.000                        CLOCKS_AND_RESETS_0/CCC_FIC_x_CLK/PF_CCC_C0_0/pll_inst_0:OUT3 (r)
               +     4.314          Clock generation
  4.314                        
               +     0.959          net: CLOCKS_AND_RESETS_0/CCC_FIC_x_CLK/PF_CCC_C0_0/pll_inst_0_clkint_12
  5.273                        CLOCKS_AND_RESETS_0/CCC_FIC_x_CLK/PF_CCC_C0_0/clkint_12_1:A (r)
               +     0.243          cell: ADLIB:ICB_CLKINT
  5.516                        CLOCKS_AND_RESETS_0/CCC_FIC_x_CLK/PF_CCC_C0_0/clkint_12_1:Y (r)
               +     0.145          net: CLOCKS_AND_RESETS_0/CCC_FIC_x_CLK/PF_CCC_C0_0/clkint_12_NET
  5.661                        CLOCKS_AND_RESETS_0/CCC_FIC_x_CLK/PF_CCC_C0_0/clkint_12:A (r)
               +     0.163          cell: ADLIB:GB
  5.824                        CLOCKS_AND_RESETS_0/CCC_FIC_x_CLK/PF_CCC_C0_0/clkint_12:Y (r)
               +     0.410          net: CLOCKS_AND_RESETS_0/CCC_FIC_x_CLK/PF_CCC_C0_0/clkint_12/U0_Y
  6.234                        CLOCKS_AND_RESETS_0/CCC_FIC_x_CLK/PF_CCC_C0_0/clkint_12/U0_RGB1_RGB1:A (r)
               +     0.058          cell: ADLIB:RGB
  6.292                        CLOCKS_AND_RESETS_0/CCC_FIC_x_CLK/PF_CCC_C0_0/clkint_12/U0_RGB1_RGB1:Y (f)
               +     0.715          net: CLOCKS_AND_RESETS_0/CCC_FIC_x_CLK/PF_CCC_C0_0/clkint_12/U0_RGB1_RGB1_rgb_net_1
  7.007                        MSS_WRAPPER_0/MPFS_DISCOVERY_KIT_MSS_0/I_MSS:FIC_3_PCLK (r)
               +     1.738          cell: ADLIB:MSS
  8.745                        MSS_WRAPPER_0/MPFS_DISCOVERY_KIT_MSS_0/I_MSS:FIC_3_APB_M_PADDR[26] (r)
               +     1.137          net: MSS_WRAPPER_0_FIC_3_APB_INITIATOR_PADDR[26]
  9.882                        FIC_3_PERIPHERALS_0/FIC_3_ADDRESS_GENERATION_1/FIC_3_0x4xxx_xxxx_0/FIC_3_0x4xxx_xxxx_0/iPSELS_raw_2_2_0_.m2:A (r)
               +     0.142          cell: ADLIB:CFG3
  10.024                       FIC_3_PERIPHERALS_0/FIC_3_ADDRESS_GENERATION_1/FIC_3_0x4xxx_xxxx_0/FIC_3_0x4xxx_xxxx_0/iPSELS_raw_2_2_0_.m2:Y (f)
               +     0.069          net: FIC_3_PERIPHERALS_0/FIC_3_ADDRESS_GENERATION_1/FIC_3_0x4xxx_xxxx_0/FIC_3_0x4xxx_xxxx_0/N_9_mux
  10.093                       FIC_3_PERIPHERALS_0/FIC_3_ADDRESS_GENERATION_1/FIC_3_0x4xxx_xxxx_0/FIC_3_0x4xxx_xxxx_0/iPSELS[0]:D (f)
               +     0.052          cell: ADLIB:CFG4
  10.145                       FIC_3_PERIPHERALS_0/FIC_3_ADDRESS_GENERATION_1/FIC_3_0x4xxx_xxxx_0/FIC_3_0x4xxx_xxxx_0/iPSELS[0]:Y (f)
               +     0.453          net: FIC_3_PERIPHERALS_0/FIC_3_0x4xxx_xxxx_0_APBmslave0_PSELx
  10.598                       FIC_3_PERIPHERALS_0/COREGPIO_C0/GPIO_0/xhdl1.GEN_BITS[4].REG_GEN.CONFIG_reg[4]2_2_0_0_a2_0_i_o3:A (f)
               +     0.050          cell: ADLIB:CFG2
  10.648                       FIC_3_PERIPHERALS_0/COREGPIO_C0/GPIO_0/xhdl1.GEN_BITS[4].REG_GEN.CONFIG_reg[4]2_2_0_0_a2_0_i_o3:Y (r)
               +     0.062          net: FIC_3_PERIPHERALS_0/N_406
  10.710                       FIC_3_PERIPHERALS_0/CoreUARTapb_C0_0/CoreUARTapb_C0_0/p_CtrlReg1Seq.controlReg15_1_0_o2:A (r)
               +     0.090          cell: ADLIB:CFG2
  10.800                       FIC_3_PERIPHERALS_0/CoreUARTapb_C0_0/CoreUARTapb_C0_0/p_CtrlReg1Seq.controlReg15_1_0_o2:Y (r)
               +     0.134          net: FIC_3_PERIPHERALS_0/N_412
  10.934                       FIC_3_PERIPHERALS_0/FIC_3_ADDRESS_GENERATION_1/FIC_3_0x4000_0xxx_0/FIC_3_0x4000_0xxx_0/iPSELS_0_a3[3]:B (r)
               +     0.051          cell: ADLIB:CFG3
  10.985                       FIC_3_PERIPHERALS_0/FIC_3_ADDRESS_GENERATION_1/FIC_3_0x4000_0xxx_0/FIC_3_0x4000_0xxx_0/iPSELS_0_a3[3]:Y (f)
               +     0.137          net: FIC_3_PERIPHERALS_0/FIC_3_ADDRESS_GENERATION_1_FIC_3_0x4000_03xx_PSELx
  11.122                       FIC_3_PERIPHERALS_0/FIC_3_ADDRESS_GENERATION_1/FIC_3_0x4000_0xxx_0/FIC_3_0x4000_0xxx_0/u_mux_p_to_b3/PSELSBUS[1]:A (f)
               +     0.085          cell: ADLIB:CFG2
  11.207                       FIC_3_PERIPHERALS_0/FIC_3_ADDRESS_GENERATION_1/FIC_3_0x4000_0xxx_0/FIC_3_0x4000_0xxx_0/u_mux_p_to_b3/PSELSBUS[1]:Y (f)
               +     0.281          net: FIC_3_PERIPHERALS_0/FIC_3_ADDRESS_GENERATION_1/FIC_3_0x4000_0xxx_0/FIC_3_0x4000_0xxx_0/u_mux_p_to_b3/PSELSBUS_Z[1]
  11.488                       FIC_3_PERIPHERALS_0/FIC_3_ADDRESS_GENERATION_1/FIC_3_0x4000_0xxx_0/FIC_3_0x4000_0xxx_0/u_mux_p_to_b3/iPRDATA27:B (f)
               +     0.166          cell: ADLIB:CFG3
  11.654                       FIC_3_PERIPHERALS_0/FIC_3_ADDRESS_GENERATION_1/FIC_3_0x4000_0xxx_0/FIC_3_0x4000_0xxx_0/u_mux_p_to_b3/iPRDATA27:Y (r)
               +     0.372          net: FIC_3_PERIPHERALS_0/FIC_3_ADDRESS_GENERATION_1/FIC_3_0x4000_0xxx_0/FIC_3_0x4000_0xxx_0/u_mux_p_to_b3/iPRDATA27_Z
  12.026                       FIC_3_PERIPHERALS_0/FIC_3_ADDRESS_GENERATION_1/FIC_3_0x4000_0xxx_0/FIC_3_0x4000_0xxx_0/u_mux_p_to_b3/PRDATA_0_iv_0_RNO_0[3]:C (r)
               +     0.078          cell: ADLIB:CFG4
  12.104                       FIC_3_PERIPHERALS_0/FIC_3_ADDRESS_GENERATION_1/FIC_3_0x4000_0xxx_0/FIC_3_0x4000_0xxx_0/u_mux_p_to_b3/PRDATA_0_iv_0_RNO_0[3]:Y (r)
               +     0.130          net: FIC_3_PERIPHERALS_0/FIC_3_ADDRESS_GENERATION_1/FIC_3_0x4000_0xxx_0/FIC_3_0x4000_0xxx_0/u_mux_p_to_b3/APBmslave1_PRDATAS1_m[3]
  12.234                       FIC_3_PERIPHERALS_0/FIC_3_ADDRESS_GENERATION_1/FIC_3_0x4000_0xxx_0/FIC_3_0x4000_0xxx_0/u_mux_p_to_b3/PRDATA_0_iv_0[3]:C (r)
               +     0.078          cell: ADLIB:CFG4
  12.312                       FIC_3_PERIPHERALS_0/FIC_3_ADDRESS_GENERATION_1/FIC_3_0x4000_0xxx_0/FIC_3_0x4000_0xxx_0/u_mux_p_to_b3/PRDATA_0_iv_0[3]:Y (r)
               +     0.071          net: FIC_3_PERIPHERALS_0/FIC_3_ADDRESS_GENERATION_1/FIC_3_0x4000_0xxx_0/FIC_3_0x4000_0xxx_0/u_mux_p_to_b3/PRDATA_0_iv_0_Z[3]
  12.383                       FIC_3_PERIPHERALS_0/FIC_3_ADDRESS_GENERATION_1/FIC_3_0x4000_0xxx_0/FIC_3_0x4000_0xxx_0/u_mux_p_to_b3/PRDATA_0_iv_2_cZ[3]:C (r)
               +     0.135          cell: ADLIB:CFG4
  12.518                       FIC_3_PERIPHERALS_0/FIC_3_ADDRESS_GENERATION_1/FIC_3_0x4000_0xxx_0/FIC_3_0x4000_0xxx_0/u_mux_p_to_b3/PRDATA_0_iv_2_cZ[3]:Y (r)
               +     0.624          net: FIC_3_PERIPHERALS_0/FIC_3_ADDRESS_GENERATION_1/PRDATA_0_iv_2[3]
  13.142                       FIC_3_PERIPHERALS_0/FIC_3_ADDRESS_GENERATION_1/FIC_3_0x4xxx_xxxx_0/FIC_3_0x4xxx_xxxx_0/u_mux_p_to_b3/PRDATA_0[3]:D (r)
               +     0.053          cell: ADLIB:CFG4
  13.195                       FIC_3_PERIPHERALS_0/FIC_3_ADDRESS_GENERATION_1/FIC_3_0x4xxx_xxxx_0/FIC_3_0x4xxx_xxxx_0/u_mux_p_to_b3/PRDATA_0[3]:Y (r)
               +     0.057          net: FIC_3_PERIPHERALS_0/FIC_3_ADDRESS_GENERATION_1/N_227
  13.252                       FIC_3_PERIPHERALS_0/FIC_3_ADDRESS_GENERATION_1/APB_ARBITER_0/in_prdata[3]:A (r)
               +     0.090          cell: ADLIB:CFG3
  13.342                       FIC_3_PERIPHERALS_0/FIC_3_ADDRESS_GENERATION_1/APB_ARBITER_0/in_prdata[3]:Y (r)
               +     0.942          net: MSS_WRAPPER_0_FIC_3_APB_INITIATOR_PRDATA[3]
  14.284                       MSS_WRAPPER_0/MPFS_DISCOVERY_KIT_MSS_0/I_MSS:FIC_3_APB_M_PRDATA[3] (r)
                                    
  14.284                       data arrival time
  ________________________________________________________
  Data required time calculation
  10.000                       CLOCKS_AND_RESETS_0/CCC_FIC_x_CLK/PF_CCC_C0_0/pll_inst_0/OUT3
               +     0.000          Clock source
  10.000                       CLOCKS_AND_RESETS_0/CCC_FIC_x_CLK/PF_CCC_C0_0/pll_inst_0:OUT3 (f)
               +     3.886          Clock generation
  13.886                       
               +     0.849          net: CLOCKS_AND_RESETS_0/CCC_FIC_x_CLK/PF_CCC_C0_0/pll_inst_0_clkint_12
  14.735                       CLOCKS_AND_RESETS_0/CCC_FIC_x_CLK/PF_CCC_C0_0/clkint_12_1:A (f)
               +     0.224          cell: ADLIB:ICB_CLKINT
  14.959                       CLOCKS_AND_RESETS_0/CCC_FIC_x_CLK/PF_CCC_C0_0/clkint_12_1:Y (f)
               +     0.125          net: CLOCKS_AND_RESETS_0/CCC_FIC_x_CLK/PF_CCC_C0_0/clkint_12_NET
  15.084                       CLOCKS_AND_RESETS_0/CCC_FIC_x_CLK/PF_CCC_C0_0/clkint_12:A (f)
               +     0.141          cell: ADLIB:GB
  15.225                       CLOCKS_AND_RESETS_0/CCC_FIC_x_CLK/PF_CCC_C0_0/clkint_12:Y (f)
               +     0.372          net: CLOCKS_AND_RESETS_0/CCC_FIC_x_CLK/PF_CCC_C0_0/clkint_12/U0_Y
  15.597                       CLOCKS_AND_RESETS_0/CCC_FIC_x_CLK/PF_CCC_C0_0/clkint_12/U0_RGB1_RGB1:A (f)
               +     0.054          cell: ADLIB:RGB
  15.651                       CLOCKS_AND_RESETS_0/CCC_FIC_x_CLK/PF_CCC_C0_0/clkint_12/U0_RGB1_RGB1:Y (r)
               +     0.517          net: CLOCKS_AND_RESETS_0/CCC_FIC_x_CLK/PF_CCC_C0_0/clkint_12/U0_RGB1_RGB1_rgb_net_1
  16.168                       MSS_WRAPPER_0/MPFS_DISCOVERY_KIT_MSS_0/I_MSS:FIC_3_PCLK (f)
               +     0.788          
  16.956                       clock reconvergence pessimism
               -     0.135          
  16.821                       clock jitter
               -    -0.149          Library setup time: ADLIB:MSS
  16.970                       MSS_WRAPPER_0/MPFS_DISCOVERY_KIT_MSS_0/I_MSS:FIC_3_APB_M_PRDATA[3]
                                    
  16.970                       data required time


Operating Conditions : slow_lv_ht

END SET Register to Register

----------------------------------------------------

SET External Setup

Path 1
  From: MBUS_UART_TXD
  To:   FIC_3_PERIPHERALS_0/CoreUARTapb_C0_0/CoreUARTapb_C0_0/uUART/make_RX/samples_2[0]:D
  Delay (ns):              3.139
  Arrival (ns):            3.139
  Setup (ns):              0.000
  External Setup (ns):    -0.778
  Operating Conditions: fast_hv_lt

Path 2
  From: RPI_I2C_SCL
  To:   FIC_3_PERIPHERALS_0/CORE_I2C_C0_0_WRAPPER_1/COREI2C_C0_0/COREI2C_C0_0/I2C_NUM_GENERATION[0].ui2c/SCLI_ff_reg_0[3]:D
  Delay (ns):              3.096
  Arrival (ns):            3.096
  Setup (ns):              0.000
  External Setup (ns):    -0.820
  Operating Conditions: fast_hv_lt

Path 3
  From: RPI_I2C_SCL
  To:   FIC_3_PERIPHERALS_0/CORE_I2C_C0_0_WRAPPER_1/COREI2C_C0_0/COREI2C_C0_0/I2C_NUM_GENERATION[0].ui2c/SCLI_ff_reg_0[2]:D
  Delay (ns):              3.052
  Arrival (ns):            3.052
  Setup (ns):              0.000
  External Setup (ns):    -0.864
  Operating Conditions: fast_hv_lt

Path 4
  From: RPI_I2C_SCL
  To:   FIC_3_PERIPHERALS_0/CORE_I2C_C0_0_WRAPPER_1/COREI2C_C0_0/COREI2C_C0_0/I2C_NUM_GENERATION[0].ui2c/SCLI_ff_reg_0[10]:D
  Delay (ns):              3.045
  Arrival (ns):            3.045
  Setup (ns):              0.000
  External Setup (ns):    -0.871
  Operating Conditions: fast_hv_lt

Path 5
  From: RPI_I2C_SCL
  To:   FIC_3_PERIPHERALS_0/CORE_I2C_C0_0_WRAPPER_1/COREI2C_C0_0/COREI2C_C0_0/I2C_NUM_GENERATION[0].ui2c/SCLI_ff_reg_0[11]:D
  Delay (ns):              3.036
  Arrival (ns):            3.036
  Setup (ns):              0.000
  External Setup (ns):    -0.880
  Operating Conditions: fast_hv_lt


Expanded Path 1
  From: MBUS_UART_TXD
  To: FIC_3_PERIPHERALS_0/CoreUARTapb_C0_0/CoreUARTapb_C0_0/uUART/make_RX/samples_2[0]:D
  data required time                                    N/C
  data arrival time                          -        3.139
  slack                                                 N/C
  ________________________________________________________
  Data arrival time calculation
  0.000                        MBUS_UART_TXD (f)
               +     0.000          net: MBUS_UART_TXD
  0.000                        MBUS_UART_TXD_ibuf/U_IOPAD:PAD (f)
               +     1.078          cell: ADLIB:IOPAD_IN
  1.078                        MBUS_UART_TXD_ibuf/U_IOPAD:Y (f)
               +     0.000          net: MBUS_UART_TXD_ibuf/YIN
  1.078                        MBUS_UART_TXD_ibuf/U_IOIN:YIN (f)
               +     0.131          cell: ADLIB:IOIN_IB_E
  1.209                        MBUS_UART_TXD_ibuf/U_IOIN:Y (f)
               +     1.930          net: MBUS_UART_TXD_c
  3.139                        FIC_3_PERIPHERALS_0/CoreUARTapb_C0_0/CoreUARTapb_C0_0/uUART/make_RX/samples_2[0]:D (f)
                                    
  3.139                        data arrival time
  ________________________________________________________
  Data required time calculation
  N/C                          CLOCKS_AND_RESETS_0/CCC_FIC_x_CLK/PF_CCC_C0_0/pll_inst_0/OUT3
               +     0.000          Clock source
  N/C                          CLOCKS_AND_RESETS_0/CCC_FIC_x_CLK/PF_CCC_C0_0/pll_inst_0:OUT3 (r)
               +     2.578          Clock generation
  N/C                          
               +     0.586          net: CLOCKS_AND_RESETS_0/CCC_FIC_x_CLK/PF_CCC_C0_0/pll_inst_0_clkint_12
  N/C                          CLOCKS_AND_RESETS_0/CCC_FIC_x_CLK/PF_CCC_C0_0/clkint_12_1:A (r)
               +     0.141          cell: ADLIB:ICB_CLKINT
  N/C                          CLOCKS_AND_RESETS_0/CCC_FIC_x_CLK/PF_CCC_C0_0/clkint_12_1:Y (r)
               +     0.093          net: CLOCKS_AND_RESETS_0/CCC_FIC_x_CLK/PF_CCC_C0_0/clkint_12_NET
  N/C                          CLOCKS_AND_RESETS_0/CCC_FIC_x_CLK/PF_CCC_C0_0/clkint_12:A (r)
               +     0.108          cell: ADLIB:GB
  N/C                          CLOCKS_AND_RESETS_0/CCC_FIC_x_CLK/PF_CCC_C0_0/clkint_12:Y (r)
               +     0.254          net: CLOCKS_AND_RESETS_0/CCC_FIC_x_CLK/PF_CCC_C0_0/clkint_12/U0_Y
  N/C                          CLOCKS_AND_RESETS_0/CCC_FIC_x_CLK/PF_CCC_C0_0/clkint_12/U0_RGB1_RGB2:A (r)
               +     0.038          cell: ADLIB:RGB
  N/C                          CLOCKS_AND_RESETS_0/CCC_FIC_x_CLK/PF_CCC_C0_0/clkint_12/U0_RGB1_RGB2:Y (f)
               +     0.254          net: CLOCKS_AND_RESETS_0/CCC_FIC_x_CLK/PF_CCC_C0_0/clkint_12/U0_RGB1_RGB2_rgb_net_1
  N/C                          FIC_3_PERIPHERALS_0/CoreUARTapb_C0_0/CoreUARTapb_C0_0/uUART/make_RX/samples_2[0]:CLK (r)
               -     0.135          
  N/C                          clock jitter
               -     0.000          Library setup time: ADLIB:SLE
  N/C                          FIC_3_PERIPHERALS_0/CoreUARTapb_C0_0/CoreUARTapb_C0_0/uUART/make_RX/samples_2[0]:D


Operating Conditions : fast_hv_lt

END SET External Setup

----------------------------------------------------

SET Clock to Output

Path 1
  From: FIC_3_PERIPHERALS_0/SPI_FOR_7_SEG_0/SPI_FOR_7_SEG_0/USPI/URF/control1[1]:CLK
  To:   SPISDO
  Delay (ns):              8.950
  Arrival (ns):           15.711
  Clock to Out (ns):      15.711
  Operating Conditions: slow_lv_ht

Path 2
  From: FIC_3_PERIPHERALS_0/SPI_FOR_7_SEG_0/SPI_FOR_7_SEG_0/USPI/UCC/stxs_txzeros:CLK
  To:   SPISDO
  Delay (ns):              8.672
  Arrival (ns):           15.430
  Clock to Out (ns):      15.430
  Operating Conditions: slow_lv_ht

Path 3
  From: FIC_3_PERIPHERALS_0/SPI_FOR_7_SEG_0/SPI_FOR_7_SEG_0/USPI/UCC/stxs_datareg[15]:CLK
  To:   SPISDO
  Delay (ns):              8.613
  Arrival (ns):           15.360
  Clock to Out (ns):      15.360
  Operating Conditions: slow_lv_ht

Path 4
  From: FIC_3_PERIPHERALS_0/SPI_FOR_7_SEG_0/SPI_FOR_7_SEG_0/USPI/UCC/mtx_spi_data_out:CLK
  To:   SPISDO
  Delay (ns):              8.551
  Arrival (ns):           15.290
  Clock to Out (ns):      15.290
  Operating Conditions: slow_lv_ht

Path 5
  From: FIC_3_PERIPHERALS_0/SPI_FOR_7_SEG_0/SPI_FOR_7_SEG_0/USPI/UCC/stxs_direct:CLK
  To:   SPISDO
  Delay (ns):              8.531
  Arrival (ns):           15.286
  Clock to Out (ns):      15.286
  Operating Conditions: slow_lv_ht


Expanded Path 1
  From: FIC_3_PERIPHERALS_0/SPI_FOR_7_SEG_0/SPI_FOR_7_SEG_0/USPI/URF/control1[1]:CLK
  To: SPISDO
  data required time                                    N/C
  data arrival time                          -       15.711
  slack                                                 N/C
  ________________________________________________________
  Data arrival time calculation
  0.000                        CLOCKS_AND_RESETS_0/CCC_FIC_x_CLK/PF_CCC_C0_0/pll_inst_0/OUT3
               +     0.000          Clock source
  0.000                        CLOCKS_AND_RESETS_0/CCC_FIC_x_CLK/PF_CCC_C0_0/pll_inst_0:OUT3 (r)
               +     4.314          Clock generation
  4.314                        
               +     0.959          net: CLOCKS_AND_RESETS_0/CCC_FIC_x_CLK/PF_CCC_C0_0/pll_inst_0_clkint_12
  5.273                        CLOCKS_AND_RESETS_0/CCC_FIC_x_CLK/PF_CCC_C0_0/clkint_12_1:A (r)
               +     0.243          cell: ADLIB:ICB_CLKINT
  5.516                        CLOCKS_AND_RESETS_0/CCC_FIC_x_CLK/PF_CCC_C0_0/clkint_12_1:Y (r)
               +     0.145          net: CLOCKS_AND_RESETS_0/CCC_FIC_x_CLK/PF_CCC_C0_0/clkint_12_NET
  5.661                        CLOCKS_AND_RESETS_0/CCC_FIC_x_CLK/PF_CCC_C0_0/clkint_12:A (r)
               +     0.163          cell: ADLIB:GB
  5.824                        CLOCKS_AND_RESETS_0/CCC_FIC_x_CLK/PF_CCC_C0_0/clkint_12:Y (r)
               +     0.414          net: CLOCKS_AND_RESETS_0/CCC_FIC_x_CLK/PF_CCC_C0_0/clkint_12/U0_Y
  6.238                        CLOCKS_AND_RESETS_0/CCC_FIC_x_CLK/PF_CCC_C0_0/clkint_12/U0_RGB1_RGB0:A (r)
               +     0.058          cell: ADLIB:RGB
  6.296                        CLOCKS_AND_RESETS_0/CCC_FIC_x_CLK/PF_CCC_C0_0/clkint_12/U0_RGB1_RGB0:Y (f)
               +     0.465          net: CLOCKS_AND_RESETS_0/CCC_FIC_x_CLK/PF_CCC_C0_0/clkint_12/U0_RGB1_RGB0_rgb_net_1
  6.761                        FIC_3_PERIPHERALS_0/SPI_FOR_7_SEG_0/SPI_FOR_7_SEG_0/USPI/URF/control1[1]:CLK (r)
               +     0.201          cell: ADLIB:SLE
  6.962                        FIC_3_PERIPHERALS_0/SPI_FOR_7_SEG_0/SPI_FOR_7_SEG_0/USPI/URF/control1[1]:Q (r)
               +     0.431          net: FIC_3_PERIPHERALS_0/SPI_FOR_7_SEG_0/SPI_FOR_7_SEG_0/USPI/SPIMODE
  7.393                        FIC_3_PERIPHERALS_0/SPI_FOR_7_SEG_0/SPI_FOR_7_SEG_0/USPI/UCC/spi_data_out_u_2_0_RNO:A (r)
               +     0.148          cell: ADLIB:CFG2
  7.541                        FIC_3_PERIPHERALS_0/SPI_FOR_7_SEG_0/SPI_FOR_7_SEG_0/USPI/UCC/spi_data_out_u_2_0_RNO:Y (f)
               +     0.144          net: FIC_3_PERIPHERALS_0/SPI_FOR_7_SEG_0/SPI_FOR_7_SEG_0/USPI/UCC/spi_data_out_sn_N_3
  7.685                        FIC_3_PERIPHERALS_0/SPI_FOR_7_SEG_0/SPI_FOR_7_SEG_0/USPI/UCC/spi_data_out_u_2_0:D (f)
               +     0.134          cell: ADLIB:CFG4
  7.819                        FIC_3_PERIPHERALS_0/SPI_FOR_7_SEG_0/SPI_FOR_7_SEG_0/USPI/UCC/spi_data_out_u_2_0:Y (f)
               +     0.061          net: FIC_3_PERIPHERALS_0/SPI_FOR_7_SEG_0/SPI_FOR_7_SEG_0/USPI/UCC/SPISDO_c_2
  7.880                        FIC_3_PERIPHERALS_0/SPI_FOR_7_SEG_0/SPI_FOR_7_SEG_0/USPI/UCC/spi_data_out_u:A (f)
               +     0.071          cell: ADLIB:CFG3
  7.951                        FIC_3_PERIPHERALS_0/SPI_FOR_7_SEG_0/SPI_FOR_7_SEG_0/USPI/UCC/spi_data_out_u:Y (f)
               +     4.774          net: SPISDO_c
  12.725                       SPISDO_obuf/U_IOTRI:D (f)
               +     0.918          cell: ADLIB:IOTRI_OB_EB
  13.643                       SPISDO_obuf/U_IOTRI:DOUT (f)
               +     0.000          net: SPISDO_obuf/DOUT
  13.643                       SPISDO_obuf/U_IOPAD:D (f)
               +     2.068          cell: ADLIB:IOPAD_TRI
  15.711                       SPISDO_obuf/U_IOPAD:PAD (f)
               +     0.000          net: SPISDO
  15.711                       SPISDO (f)
                                    
  15.711                       data arrival time
  ________________________________________________________
  Data required time calculation
  N/C                          CLOCKS_AND_RESETS_0/CCC_FIC_x_CLK/PF_CCC_C0_0/pll_inst_0/OUT3
                                    
  N/C                          SPISDO (f)


Operating Conditions : slow_lv_ht

END SET Clock to Output

----------------------------------------------------

SET Register to Asynchronous

Path 1
  From: CLOCKS_AND_RESETS_0/RESET_FIC_3_CLK/CORERESET_0/dff_15_rep[0]:CLK
  To:   FIC_3_PERIPHERALS_0/MIV_IHC_C0_0/MIV_IHC_C0_0/miv_ihc_core_0/gen_intr_module_h4.h4_irq_module/irq_mask[1]:ALn
  Delay (ns):              3.900
  Slack (ns):             15.692
  Arrival (ns):           10.645
  Required (ns):          26.337
  Recovery (ns):           0.209
  Minimum Period (ns):     4.173
  Skew (ns):               0.064
  Operating Conditions: slow_lv_ht

Path 2
  From: CLOCKS_AND_RESETS_0/RESET_FIC_3_CLK/CORERESET_0/dff_15_rep[0]:CLK
  To:   FIC_3_PERIPHERALS_0/MIV_IHC_C0_0/MIV_IHC_C0_0/miv_ihc_core_0/gen_h1_h4.CH_H1_H4/a_mp_ie:ALn
  Delay (ns):              3.900
  Slack (ns):             15.692
  Arrival (ns):           10.645
  Required (ns):          26.337
  Recovery (ns):           0.209
  Minimum Period (ns):     4.173
  Skew (ns):               0.064
  Operating Conditions: slow_lv_ht

Path 3
  From: CLOCKS_AND_RESETS_0/RESET_FIC_3_CLK/CORERESET_0/dff_15_rep[0]:CLK
  To:   FIC_3_PERIPHERALS_0/CoreUARTapb_C0_0/CoreUARTapb_C0_0/controlReg2[6]:ALn
  Delay (ns):              3.886
  Slack (ns):             15.692
  Arrival (ns):           10.631
  Required (ns):          26.323
  Recovery (ns):           0.209
  Minimum Period (ns):     4.173
  Skew (ns):               0.078
  Operating Conditions: slow_lv_ht

Path 4
  From: CLOCKS_AND_RESETS_0/RESET_FIC_3_CLK/CORERESET_0/dff_15_rep[0]:CLK
  To:   FIC_3_PERIPHERALS_0/CoreUARTapb_C0_0/CoreUARTapb_C0_0/controlReg1[7]:ALn
  Delay (ns):              3.886
  Slack (ns):             15.692
  Arrival (ns):           10.631
  Required (ns):          26.323
  Recovery (ns):           0.209
  Minimum Period (ns):     4.173
  Skew (ns):               0.078
  Operating Conditions: slow_lv_ht

Path 5
  From: CLOCKS_AND_RESETS_0/RESET_FIC_3_CLK/CORERESET_0/dff_15_rep[0]:CLK
  To:   FIC_3_PERIPHERALS_0/CoreUARTapb_C0_0/CoreUARTapb_C0_0/controlReg2[7]:ALn
  Delay (ns):              3.885
  Slack (ns):             15.693
  Arrival (ns):           10.630
  Required (ns):          26.323
  Recovery (ns):           0.209
  Minimum Period (ns):     4.172
  Skew (ns):               0.078
  Operating Conditions: slow_lv_ht


Expanded Path 1
  From: CLOCKS_AND_RESETS_0/RESET_FIC_3_CLK/CORERESET_0/dff_15_rep[0]:CLK
  To: FIC_3_PERIPHERALS_0/MIV_IHC_C0_0/MIV_IHC_C0_0/miv_ihc_core_0/gen_intr_module_h4.h4_irq_module/irq_mask[1]:ALn
  data required time                                 26.337
  data arrival time                          -       10.645
  slack                                              15.692
  ________________________________________________________
  Data arrival time calculation
  0.000                        CLOCKS_AND_RESETS_0/CCC_FIC_x_CLK/PF_CCC_C0_0/pll_inst_0/OUT3
               +     0.000          Clock source
  0.000                        CLOCKS_AND_RESETS_0/CCC_FIC_x_CLK/PF_CCC_C0_0/pll_inst_0:OUT3 (r)
               +     4.314          Clock generation
  4.314                        
               +     0.959          net: CLOCKS_AND_RESETS_0/CCC_FIC_x_CLK/PF_CCC_C0_0/pll_inst_0_clkint_12
  5.273                        CLOCKS_AND_RESETS_0/CCC_FIC_x_CLK/PF_CCC_C0_0/clkint_12_1:A (r)
               +     0.243          cell: ADLIB:ICB_CLKINT
  5.516                        CLOCKS_AND_RESETS_0/CCC_FIC_x_CLK/PF_CCC_C0_0/clkint_12_1:Y (r)
               +     0.145          net: CLOCKS_AND_RESETS_0/CCC_FIC_x_CLK/PF_CCC_C0_0/clkint_12_NET
  5.661                        CLOCKS_AND_RESETS_0/CCC_FIC_x_CLK/PF_CCC_C0_0/clkint_12:A (r)
               +     0.163          cell: ADLIB:GB
  5.824                        CLOCKS_AND_RESETS_0/CCC_FIC_x_CLK/PF_CCC_C0_0/clkint_12:Y (r)
               +     0.414          net: CLOCKS_AND_RESETS_0/CCC_FIC_x_CLK/PF_CCC_C0_0/clkint_12/U0_Y
  6.238                        CLOCKS_AND_RESETS_0/CCC_FIC_x_CLK/PF_CCC_C0_0/clkint_12/U0_RGB1_RGB0:A (r)
               +     0.058          cell: ADLIB:RGB
  6.296                        CLOCKS_AND_RESETS_0/CCC_FIC_x_CLK/PF_CCC_C0_0/clkint_12/U0_RGB1_RGB0:Y (f)
               +     0.449          net: CLOCKS_AND_RESETS_0/CCC_FIC_x_CLK/PF_CCC_C0_0/clkint_12/U0_RGB1_RGB0_rgb_net_1
  6.745                        CLOCKS_AND_RESETS_0/RESET_FIC_3_CLK/CORERESET_0/dff_15_rep[0]:CLK (r)
               +     0.201          cell: ADLIB:SLE
  6.946                        CLOCKS_AND_RESETS_0/RESET_FIC_3_CLK/CORERESET_0/dff_15_rep[0]:Q (r)
               +     2.577          net: CLOCKS_AND_RESETS_0/RESET_FIC_3_CLK/CORERESET_0/dff_15_rep_Z[0]
  9.523                        CLOCKS_AND_RESETS_0/RESET_FIC_3_CLK/CORERESET_0/dff_15_rep_RNIS9V04[0]:A (r)
               +     0.141          cell: ADLIB:GB
  9.664                        CLOCKS_AND_RESETS_0/RESET_FIC_3_CLK/CORERESET_0/dff_15_rep_RNIS9V04[0]:Y (r)
               +     0.415          net: CLOCKS_AND_RESETS_0/RESET_FIC_3_CLK/CORERESET_0/dff_15_rep_RNIS9V04[0]/U0_Y
  10.079                       CLOCKS_AND_RESETS_0/RESET_FIC_3_CLK/CORERESET_0/dff_15_rep_RNIS9V04[0]/U0_RGB1_RGB0:A (r)
               +     0.058          cell: ADLIB:RGB
  10.137                       CLOCKS_AND_RESETS_0/RESET_FIC_3_CLK/CORERESET_0/dff_15_rep_RNIS9V04[0]/U0_RGB1_RGB0:Y (f)
               +     0.508          net: CLOCKS_AND_RESETS_0/RESET_FIC_3_CLK/CORERESET_0/dff_15_rep_RNIS9V04[0]/U0_RGB1_RGB0_rgb_net_1
  10.645                       FIC_3_PERIPHERALS_0/MIV_IHC_C0_0/MIV_IHC_C0_0/miv_ihc_core_0/gen_intr_module_h4.h4_irq_module/irq_mask[1]:ALn (r)
                                    
  10.645                       data arrival time
  ________________________________________________________
  Data required time calculation
  20.000                       CLOCKS_AND_RESETS_0/CCC_FIC_x_CLK/PF_CCC_C0_0/pll_inst_0/OUT3
               +     0.000          Clock source
  20.000                       CLOCKS_AND_RESETS_0/CCC_FIC_x_CLK/PF_CCC_C0_0/pll_inst_0:OUT3 (r)
               +     3.894          Clock generation
  23.894                       
               +     0.872          net: CLOCKS_AND_RESETS_0/CCC_FIC_x_CLK/PF_CCC_C0_0/pll_inst_0_clkint_12
  24.766                       CLOCKS_AND_RESETS_0/CCC_FIC_x_CLK/PF_CCC_C0_0/clkint_12_1:A (r)
               +     0.211          cell: ADLIB:ICB_CLKINT
  24.977                       CLOCKS_AND_RESETS_0/CCC_FIC_x_CLK/PF_CCC_C0_0/clkint_12_1:Y (r)
               +     0.132          net: CLOCKS_AND_RESETS_0/CCC_FIC_x_CLK/PF_CCC_C0_0/clkint_12_NET
  25.109                       CLOCKS_AND_RESETS_0/CCC_FIC_x_CLK/PF_CCC_C0_0/clkint_12:A (r)
               +     0.148          cell: ADLIB:GB
  25.257                       CLOCKS_AND_RESETS_0/CCC_FIC_x_CLK/PF_CCC_C0_0/clkint_12:Y (r)
               +     0.372          net: CLOCKS_AND_RESETS_0/CCC_FIC_x_CLK/PF_CCC_C0_0/clkint_12/U0_Y
  25.629                       CLOCKS_AND_RESETS_0/CCC_FIC_x_CLK/PF_CCC_C0_0/clkint_12/U0_RGB1_RGB1:A (r)
               +     0.052          cell: ADLIB:RGB
  25.681                       CLOCKS_AND_RESETS_0/CCC_FIC_x_CLK/PF_CCC_C0_0/clkint_12/U0_RGB1_RGB1:Y (f)
               +     0.429          net: CLOCKS_AND_RESETS_0/CCC_FIC_x_CLK/PF_CCC_C0_0/clkint_12/U0_RGB1_RGB1_rgb_net_1
  26.110                       FIC_3_PERIPHERALS_0/MIV_IHC_C0_0/MIV_IHC_C0_0/miv_ihc_core_0/gen_intr_module_h4.h4_irq_module/irq_mask[1]:CLK (r)
               +     0.571          
  26.681                       clock reconvergence pessimism
               -     0.135          
  26.546                       clock jitter
               -     0.209          Library recovery time: ADLIB:SLE
  26.337                       FIC_3_PERIPHERALS_0/MIV_IHC_C0_0/MIV_IHC_C0_0/miv_ihc_core_0/gen_intr_module_h4.h4_irq_module/irq_mask[1]:ALn
                                    
  26.337                       data required time


Operating Conditions : slow_lv_ht

END SET Register to Asynchronous

----------------------------------------------------

SET External Recovery

Path 1
  From: SWITCH2
  To:   CLOCKS_AND_RESETS_0/RESET_FIC_3_CLK/CORERESET_0/dff_15_rep[0]:ALn
  Delay (ns):              6.146
  Arrival (ns):            6.146
  Recovery (ns):           0.196
  External Recovery (ns):   0.397
  Operating Conditions: slow_lv_ht

Path 2
  From: SWITCH2
  To:   CLOCKS_AND_RESETS_0/RESET_FIC_3_CLK/CORERESET_0/dff_14[0]:ALn
  Delay (ns):              6.146
  Arrival (ns):            6.146
  Recovery (ns):           0.196
  External Recovery (ns):   0.397
  Operating Conditions: slow_lv_ht

Path 3
  From: SWITCH2
  To:   CLOCKS_AND_RESETS_0/RESET_FIC_3_CLK/CORERESET_0/dff_11[0]:ALn
  Delay (ns):              6.147
  Arrival (ns):            6.147
  Recovery (ns):           0.196
  External Recovery (ns):   0.397
  Operating Conditions: slow_lv_ht

Path 4
  From: SWITCH2
  To:   CLOCKS_AND_RESETS_0/RESET_FIC_3_CLK/CORERESET_0/dff_13[0]:ALn
  Delay (ns):              6.146
  Arrival (ns):            6.146
  Recovery (ns):           0.196
  External Recovery (ns):   0.396
  Operating Conditions: slow_lv_ht

Path 5
  From: SWITCH2
  To:   CLOCKS_AND_RESETS_0/RESET_FIC_3_CLK/CORERESET_0/dff_12[0]:ALn
  Delay (ns):              6.146
  Arrival (ns):            6.146
  Recovery (ns):           0.196
  External Recovery (ns):   0.396
  Operating Conditions: slow_lv_ht


Expanded Path 1
  From: SWITCH2
  To: CLOCKS_AND_RESETS_0/RESET_FIC_3_CLK/CORERESET_0/dff_15_rep[0]:ALn
  data required time                                    N/C
  data arrival time                          -        6.146
  slack                                                 N/C
  ________________________________________________________
  Data arrival time calculation
  0.000                        SWITCH2 (r)
               +     0.000          net: SWITCH2
  0.000                        SWITCH2_ibuf/U_IOPAD:PAD (r)
               +     0.610          cell: ADLIB:IOPAD_IN
  0.610                        SWITCH2_ibuf/U_IOPAD:Y (r)
               +     0.000          net: SWITCH2_ibuf/YIN
  0.610                        SWITCH2_ibuf/U_IOIN:YIN (r)
               +     0.336          cell: ADLIB:IOIN_IB_E
  0.946                        SWITCH2_ibuf/U_IOIN:Y (r)
               +     4.054          net: SWITCH2_c
  5.000                        CLOCKS_AND_RESETS_0/AND3_0:A (r)
               +     0.156          cell: ADLIB:CFG3
  5.156                        CLOCKS_AND_RESETS_0/AND3_0:Y (r)
               +     0.057          net: CLOCKS_AND_RESETS_0/AND3_0_Y
  5.213                        CLOCKS_AND_RESETS_0/RESET_FIC_0_CLK/CORERESET_0/un1_EXT_RST_N_2:C (r)
               +     0.090          cell: ADLIB:CFG3
  5.303                        CLOCKS_AND_RESETS_0/RESET_FIC_0_CLK/CORERESET_0/un1_EXT_RST_N_2:Y (r)
               +     0.843          net: CLOCKS_AND_RESETS_0/un1_EXT_RST_N_2
  6.146                        CLOCKS_AND_RESETS_0/RESET_FIC_3_CLK/CORERESET_0/dff_15_rep[0]:ALn (r)
                                    
  6.146                        data arrival time
  ________________________________________________________
  Data required time calculation
  N/C                          CLOCKS_AND_RESETS_0/CCC_FIC_x_CLK/PF_CCC_C0_0/pll_inst_0/OUT3
               +     0.000          Clock source
  N/C                          CLOCKS_AND_RESETS_0/CCC_FIC_x_CLK/PF_CCC_C0_0/pll_inst_0:OUT3 (r)
               +     3.894          Clock generation
  N/C                          
               +     0.872          net: CLOCKS_AND_RESETS_0/CCC_FIC_x_CLK/PF_CCC_C0_0/pll_inst_0_clkint_12
  N/C                          CLOCKS_AND_RESETS_0/CCC_FIC_x_CLK/PF_CCC_C0_0/clkint_12_1:A (r)
               +     0.211          cell: ADLIB:ICB_CLKINT
  N/C                          CLOCKS_AND_RESETS_0/CCC_FIC_x_CLK/PF_CCC_C0_0/clkint_12_1:Y (r)
               +     0.132          net: CLOCKS_AND_RESETS_0/CCC_FIC_x_CLK/PF_CCC_C0_0/clkint_12_NET
  N/C                          CLOCKS_AND_RESETS_0/CCC_FIC_x_CLK/PF_CCC_C0_0/clkint_12:A (r)
               +     0.148          cell: ADLIB:GB
  N/C                          CLOCKS_AND_RESETS_0/CCC_FIC_x_CLK/PF_CCC_C0_0/clkint_12:Y (r)
               +     0.375          net: CLOCKS_AND_RESETS_0/CCC_FIC_x_CLK/PF_CCC_C0_0/clkint_12/U0_Y
  N/C                          CLOCKS_AND_RESETS_0/CCC_FIC_x_CLK/PF_CCC_C0_0/clkint_12/U0_RGB1_RGB0:A (r)
               +     0.052          cell: ADLIB:RGB
  N/C                          CLOCKS_AND_RESETS_0/CCC_FIC_x_CLK/PF_CCC_C0_0/clkint_12/U0_RGB1_RGB0:Y (f)
               +     0.396          net: CLOCKS_AND_RESETS_0/CCC_FIC_x_CLK/PF_CCC_C0_0/clkint_12/U0_RGB1_RGB0_rgb_net_1
  N/C                          CLOCKS_AND_RESETS_0/RESET_FIC_3_CLK/CORERESET_0/dff_15_rep[0]:CLK (r)
               -     0.135          
  N/C                          clock jitter
               -     0.196          Library recovery time: ADLIB:SLE
  N/C                          CLOCKS_AND_RESETS_0/RESET_FIC_3_CLK/CORERESET_0/dff_15_rep[0]:ALn


Operating Conditions : slow_lv_ht

END SET External Recovery

----------------------------------------------------

SET Asynchronous to Register

No Path 

END SET Asynchronous to Register

----------------------------------------------------

Clock Domain FIC_0_PERIPHERALS_0/security_core_0/rng/neoTRNG_0/entropy_cell_gen.0.neoTRNG_cell_inst/sreg_0[0]:Q

Info: The maximum frequency of this clock domain is limited by the minimum pulse widths of pin FIC_0_PERIPHERALS_0/security_core_0/rng/neoTRNG_0/entropy_cell_gen.0.neoTRNG_cell_inst/ring_osc_gen.0.latch[0]:CLK

SET Register to Register

No Path 

END SET Register to Register

----------------------------------------------------

SET External Setup

No Path 

END SET External Setup

----------------------------------------------------

SET Clock to Output

No Path 

END SET Clock to Output

----------------------------------------------------

SET FIC_0_PERIPHERALS_0/security_core_0/rng/neoTRNG_0/entropy_cell_gen.0.neoTRNG_cell_inst/sreg_4[0]:Q to FIC_0_PERIPHERALS_0/security_core_0/rng/neoTRNG_0/entropy_cell_gen.0.neoTRNG_cell_inst/sreg_0[0]:Q

No Path 

END SET FIC_0_PERIPHERALS_0/security_core_0/rng/neoTRNG_0/entropy_cell_gen.0.neoTRNG_cell_inst/sreg_4[0]:Q to FIC_0_PERIPHERALS_0/security_core_0/rng/neoTRNG_0/entropy_cell_gen.0.neoTRNG_cell_inst/sreg_0[0]:Q

----------------------------------------------------

SET Register to Asynchronous

No Path 

END SET Register to Asynchronous

----------------------------------------------------

SET External Recovery

No Path 

END SET External Recovery

----------------------------------------------------

SET Asynchronous to Register

No Path 

END SET Asynchronous to Register

----------------------------------------------------

SET CLOCKS_AND_RESETS_0/CCC_FIC_x_CLK/PF_CCC_C0_0/pll_inst_0/OUT0 to FIC_0_PERIPHERALS_0/security_core_0/rng/neoTRNG_0/entropy_cell_gen.0.neoTRNG_cell_inst/sreg_0[0]:Q

No Path 

END SET CLOCKS_AND_RESETS_0/CCC_FIC_x_CLK/PF_CCC_C0_0/pll_inst_0/OUT0 to FIC_0_PERIPHERALS_0/security_core_0/rng/neoTRNG_0/entropy_cell_gen.0.neoTRNG_cell_inst/sreg_0[0]:Q

----------------------------------------------------

Clock Domain FIC_0_PERIPHERALS_0/security_core_0/rng/neoTRNG_0/entropy_cell_gen.0.neoTRNG_cell_inst/sreg_1[0]:Q

Info: The maximum frequency of this clock domain is limited by the minimum pulse widths of pin FIC_0_PERIPHERALS_0/security_core_0/rng/neoTRNG_0/entropy_cell_gen.0.neoTRNG_cell_inst/ring_osc_gen.1.latch[1]:CLK

SET Register to Register

No Path 

END SET Register to Register

----------------------------------------------------

SET External Setup

No Path 

END SET External Setup

----------------------------------------------------

SET Clock to Output

No Path 

END SET Clock to Output

----------------------------------------------------

SET FIC_0_PERIPHERALS_0/security_core_0/rng/neoTRNG_0/entropy_cell_gen.0.neoTRNG_cell_inst/sreg_0[0]:Q to FIC_0_PERIPHERALS_0/security_core_0/rng/neoTRNG_0/entropy_cell_gen.0.neoTRNG_cell_inst/sreg_1[0]:Q

No Path 

END SET FIC_0_PERIPHERALS_0/security_core_0/rng/neoTRNG_0/entropy_cell_gen.0.neoTRNG_cell_inst/sreg_0[0]:Q to FIC_0_PERIPHERALS_0/security_core_0/rng/neoTRNG_0/entropy_cell_gen.0.neoTRNG_cell_inst/sreg_1[0]:Q

----------------------------------------------------

SET Register to Asynchronous

No Path 

END SET Register to Asynchronous

----------------------------------------------------

SET External Recovery

No Path 

END SET External Recovery

----------------------------------------------------

SET Asynchronous to Register

No Path 

END SET Asynchronous to Register

----------------------------------------------------

SET CLOCKS_AND_RESETS_0/CCC_FIC_x_CLK/PF_CCC_C0_0/pll_inst_0/OUT0 to FIC_0_PERIPHERALS_0/security_core_0/rng/neoTRNG_0/entropy_cell_gen.0.neoTRNG_cell_inst/sreg_1[0]:Q

No Path 

END SET CLOCKS_AND_RESETS_0/CCC_FIC_x_CLK/PF_CCC_C0_0/pll_inst_0/OUT0 to FIC_0_PERIPHERALS_0/security_core_0/rng/neoTRNG_0/entropy_cell_gen.0.neoTRNG_cell_inst/sreg_1[0]:Q

----------------------------------------------------

Clock Domain FIC_0_PERIPHERALS_0/security_core_0/rng/neoTRNG_0/entropy_cell_gen.0.neoTRNG_cell_inst/sreg_2[0]:Q

Info: The maximum frequency of this clock domain is limited by the minimum pulse widths of pin FIC_0_PERIPHERALS_0/security_core_0/rng/neoTRNG_0/entropy_cell_gen.0.neoTRNG_cell_inst/ring_osc_gen.2.latch[2]:CLK

SET Register to Register

No Path 

END SET Register to Register

----------------------------------------------------

SET External Setup

No Path 

END SET External Setup

----------------------------------------------------

SET Clock to Output

No Path 

END SET Clock to Output

----------------------------------------------------

SET FIC_0_PERIPHERALS_0/security_core_0/rng/neoTRNG_0/entropy_cell_gen.0.neoTRNG_cell_inst/sreg_1[0]:Q to FIC_0_PERIPHERALS_0/security_core_0/rng/neoTRNG_0/entropy_cell_gen.0.neoTRNG_cell_inst/sreg_2[0]:Q

No Path 

END SET FIC_0_PERIPHERALS_0/security_core_0/rng/neoTRNG_0/entropy_cell_gen.0.neoTRNG_cell_inst/sreg_1[0]:Q to FIC_0_PERIPHERALS_0/security_core_0/rng/neoTRNG_0/entropy_cell_gen.0.neoTRNG_cell_inst/sreg_2[0]:Q

----------------------------------------------------

SET Register to Asynchronous

No Path 

END SET Register to Asynchronous

----------------------------------------------------

SET External Recovery

No Path 

END SET External Recovery

----------------------------------------------------

SET Asynchronous to Register

No Path 

END SET Asynchronous to Register

----------------------------------------------------

SET CLOCKS_AND_RESETS_0/CCC_FIC_x_CLK/PF_CCC_C0_0/pll_inst_0/OUT0 to FIC_0_PERIPHERALS_0/security_core_0/rng/neoTRNG_0/entropy_cell_gen.0.neoTRNG_cell_inst/sreg_2[0]:Q

No Path 

END SET CLOCKS_AND_RESETS_0/CCC_FIC_x_CLK/PF_CCC_C0_0/pll_inst_0/OUT0 to FIC_0_PERIPHERALS_0/security_core_0/rng/neoTRNG_0/entropy_cell_gen.0.neoTRNG_cell_inst/sreg_2[0]:Q

----------------------------------------------------

Clock Domain FIC_0_PERIPHERALS_0/security_core_0/rng/neoTRNG_0/entropy_cell_gen.0.neoTRNG_cell_inst/sreg_3[0]:Q

Info: The maximum frequency of this clock domain is limited by the minimum pulse widths of pin FIC_0_PERIPHERALS_0/security_core_0/rng/neoTRNG_0/entropy_cell_gen.0.neoTRNG_cell_inst/ring_osc_gen.3.latch[3]:CLK

SET Register to Register

No Path 

END SET Register to Register

----------------------------------------------------

SET External Setup

No Path 

END SET External Setup

----------------------------------------------------

SET Clock to Output

No Path 

END SET Clock to Output

----------------------------------------------------

SET FIC_0_PERIPHERALS_0/security_core_0/rng/neoTRNG_0/entropy_cell_gen.0.neoTRNG_cell_inst/sreg_2[0]:Q to FIC_0_PERIPHERALS_0/security_core_0/rng/neoTRNG_0/entropy_cell_gen.0.neoTRNG_cell_inst/sreg_3[0]:Q

No Path 

END SET FIC_0_PERIPHERALS_0/security_core_0/rng/neoTRNG_0/entropy_cell_gen.0.neoTRNG_cell_inst/sreg_2[0]:Q to FIC_0_PERIPHERALS_0/security_core_0/rng/neoTRNG_0/entropy_cell_gen.0.neoTRNG_cell_inst/sreg_3[0]:Q

----------------------------------------------------

SET Register to Asynchronous

No Path 

END SET Register to Asynchronous

----------------------------------------------------

SET External Recovery

No Path 

END SET External Recovery

----------------------------------------------------

SET Asynchronous to Register

No Path 

END SET Asynchronous to Register

----------------------------------------------------

SET CLOCKS_AND_RESETS_0/CCC_FIC_x_CLK/PF_CCC_C0_0/pll_inst_0/OUT0 to FIC_0_PERIPHERALS_0/security_core_0/rng/neoTRNG_0/entropy_cell_gen.0.neoTRNG_cell_inst/sreg_3[0]:Q

No Path 

END SET CLOCKS_AND_RESETS_0/CCC_FIC_x_CLK/PF_CCC_C0_0/pll_inst_0/OUT0 to FIC_0_PERIPHERALS_0/security_core_0/rng/neoTRNG_0/entropy_cell_gen.0.neoTRNG_cell_inst/sreg_3[0]:Q

----------------------------------------------------

Clock Domain FIC_0_PERIPHERALS_0/security_core_0/rng/neoTRNG_0/entropy_cell_gen.0.neoTRNG_cell_inst/sreg_4[0]:Q

Info: The maximum frequency of this clock domain is limited by the minimum pulse widths of pin FIC_0_PERIPHERALS_0/security_core_0/rng/neoTRNG_0/entropy_cell_gen.0.neoTRNG_cell_inst/ring_osc_gen.4.latch[4]:CLK

SET Register to Register

No Path 

END SET Register to Register

----------------------------------------------------

SET External Setup

No Path 

END SET External Setup

----------------------------------------------------

SET Clock to Output

No Path 

END SET Clock to Output

----------------------------------------------------

SET FIC_0_PERIPHERALS_0/security_core_0/rng/neoTRNG_0/entropy_cell_gen.0.neoTRNG_cell_inst/sreg_3[0]:Q to FIC_0_PERIPHERALS_0/security_core_0/rng/neoTRNG_0/entropy_cell_gen.0.neoTRNG_cell_inst/sreg_4[0]:Q

No Path 

END SET FIC_0_PERIPHERALS_0/security_core_0/rng/neoTRNG_0/entropy_cell_gen.0.neoTRNG_cell_inst/sreg_3[0]:Q to FIC_0_PERIPHERALS_0/security_core_0/rng/neoTRNG_0/entropy_cell_gen.0.neoTRNG_cell_inst/sreg_4[0]:Q

----------------------------------------------------

SET Register to Asynchronous

No Path 

END SET Register to Asynchronous

----------------------------------------------------

SET External Recovery

No Path 

END SET External Recovery

----------------------------------------------------

SET Asynchronous to Register

No Path 

END SET Asynchronous to Register

----------------------------------------------------

SET CLOCKS_AND_RESETS_0/CCC_FIC_x_CLK/PF_CCC_C0_0/pll_inst_0/OUT0 to FIC_0_PERIPHERALS_0/security_core_0/rng/neoTRNG_0/entropy_cell_gen.0.neoTRNG_cell_inst/sreg_4[0]:Q

No Path 

END SET CLOCKS_AND_RESETS_0/CCC_FIC_x_CLK/PF_CCC_C0_0/pll_inst_0/OUT0 to FIC_0_PERIPHERALS_0/security_core_0/rng/neoTRNG_0/entropy_cell_gen.0.neoTRNG_cell_inst/sreg_4[0]:Q

----------------------------------------------------

Clock Domain FIC_0_PERIPHERALS_0/security_core_0/rng/neoTRNG_0/entropy_cell_gen.1.neoTRNG_cell_inst/sreg_0[0]:Q

Info: The maximum frequency of this clock domain is limited by the minimum pulse widths of pin FIC_0_PERIPHERALS_0/security_core_0/rng/neoTRNG_0/entropy_cell_gen.1.neoTRNG_cell_inst/ring_osc_gen.0.latch[0]:CLK

SET Register to Register

No Path 

END SET Register to Register

----------------------------------------------------

SET External Setup

No Path 

END SET External Setup

----------------------------------------------------

SET Clock to Output

No Path 

END SET Clock to Output

----------------------------------------------------

SET FIC_0_PERIPHERALS_0/security_core_0/rng/neoTRNG_0/entropy_cell_gen.0.neoTRNG_cell_inst/sreg_4[0]:Q to FIC_0_PERIPHERALS_0/security_core_0/rng/neoTRNG_0/entropy_cell_gen.1.neoTRNG_cell_inst/sreg_0[0]:Q

No Path 

END SET FIC_0_PERIPHERALS_0/security_core_0/rng/neoTRNG_0/entropy_cell_gen.0.neoTRNG_cell_inst/sreg_4[0]:Q to FIC_0_PERIPHERALS_0/security_core_0/rng/neoTRNG_0/entropy_cell_gen.1.neoTRNG_cell_inst/sreg_0[0]:Q

----------------------------------------------------

SET FIC_0_PERIPHERALS_0/security_core_0/rng/neoTRNG_0/entropy_cell_gen.1.neoTRNG_cell_inst/sreg_6[0]:Q to FIC_0_PERIPHERALS_0/security_core_0/rng/neoTRNG_0/entropy_cell_gen.1.neoTRNG_cell_inst/sreg_0[0]:Q

No Path 

END SET FIC_0_PERIPHERALS_0/security_core_0/rng/neoTRNG_0/entropy_cell_gen.1.neoTRNG_cell_inst/sreg_6[0]:Q to FIC_0_PERIPHERALS_0/security_core_0/rng/neoTRNG_0/entropy_cell_gen.1.neoTRNG_cell_inst/sreg_0[0]:Q

----------------------------------------------------

SET Register to Asynchronous

No Path 

END SET Register to Asynchronous

----------------------------------------------------

SET External Recovery

No Path 

END SET External Recovery

----------------------------------------------------

SET Asynchronous to Register

No Path 

END SET Asynchronous to Register

----------------------------------------------------

SET CLOCKS_AND_RESETS_0/CCC_FIC_x_CLK/PF_CCC_C0_0/pll_inst_0/OUT0 to FIC_0_PERIPHERALS_0/security_core_0/rng/neoTRNG_0/entropy_cell_gen.1.neoTRNG_cell_inst/sreg_0[0]:Q

No Path 

END SET CLOCKS_AND_RESETS_0/CCC_FIC_x_CLK/PF_CCC_C0_0/pll_inst_0/OUT0 to FIC_0_PERIPHERALS_0/security_core_0/rng/neoTRNG_0/entropy_cell_gen.1.neoTRNG_cell_inst/sreg_0[0]:Q

----------------------------------------------------

Clock Domain FIC_0_PERIPHERALS_0/security_core_0/rng/neoTRNG_0/entropy_cell_gen.1.neoTRNG_cell_inst/sreg_1[0]:Q

Info: The maximum frequency of this clock domain is limited by the minimum pulse widths of pin FIC_0_PERIPHERALS_0/security_core_0/rng/neoTRNG_0/entropy_cell_gen.1.neoTRNG_cell_inst/ring_osc_gen.1.latch[1]:CLK

SET Register to Register

No Path 

END SET Register to Register

----------------------------------------------------

SET External Setup

No Path 

END SET External Setup

----------------------------------------------------

SET Clock to Output

No Path 

END SET Clock to Output

----------------------------------------------------

SET FIC_0_PERIPHERALS_0/security_core_0/rng/neoTRNG_0/entropy_cell_gen.0.neoTRNG_cell_inst/sreg_4[0]:Q to FIC_0_PERIPHERALS_0/security_core_0/rng/neoTRNG_0/entropy_cell_gen.1.neoTRNG_cell_inst/sreg_1[0]:Q

No Path 

END SET FIC_0_PERIPHERALS_0/security_core_0/rng/neoTRNG_0/entropy_cell_gen.0.neoTRNG_cell_inst/sreg_4[0]:Q to FIC_0_PERIPHERALS_0/security_core_0/rng/neoTRNG_0/entropy_cell_gen.1.neoTRNG_cell_inst/sreg_1[0]:Q

----------------------------------------------------

SET FIC_0_PERIPHERALS_0/security_core_0/rng/neoTRNG_0/entropy_cell_gen.1.neoTRNG_cell_inst/sreg_0[0]:Q to FIC_0_PERIPHERALS_0/security_core_0/rng/neoTRNG_0/entropy_cell_gen.1.neoTRNG_cell_inst/sreg_1[0]:Q

No Path 

END SET FIC_0_PERIPHERALS_0/security_core_0/rng/neoTRNG_0/entropy_cell_gen.1.neoTRNG_cell_inst/sreg_0[0]:Q to FIC_0_PERIPHERALS_0/security_core_0/rng/neoTRNG_0/entropy_cell_gen.1.neoTRNG_cell_inst/sreg_1[0]:Q

----------------------------------------------------

SET Register to Asynchronous

No Path 

END SET Register to Asynchronous

----------------------------------------------------

SET External Recovery

No Path 

END SET External Recovery

----------------------------------------------------

SET Asynchronous to Register

No Path 

END SET Asynchronous to Register

----------------------------------------------------

SET CLOCKS_AND_RESETS_0/CCC_FIC_x_CLK/PF_CCC_C0_0/pll_inst_0/OUT0 to FIC_0_PERIPHERALS_0/security_core_0/rng/neoTRNG_0/entropy_cell_gen.1.neoTRNG_cell_inst/sreg_1[0]:Q

No Path 

END SET CLOCKS_AND_RESETS_0/CCC_FIC_x_CLK/PF_CCC_C0_0/pll_inst_0/OUT0 to FIC_0_PERIPHERALS_0/security_core_0/rng/neoTRNG_0/entropy_cell_gen.1.neoTRNG_cell_inst/sreg_1[0]:Q

----------------------------------------------------

Clock Domain FIC_0_PERIPHERALS_0/security_core_0/rng/neoTRNG_0/entropy_cell_gen.1.neoTRNG_cell_inst/sreg_2[0]:Q

Info: The maximum frequency of this clock domain is limited by the minimum pulse widths of pin FIC_0_PERIPHERALS_0/security_core_0/rng/neoTRNG_0/entropy_cell_gen.1.neoTRNG_cell_inst/ring_osc_gen.2.latch[2]:CLK

SET Register to Register

No Path 

END SET Register to Register

----------------------------------------------------

SET External Setup

No Path 

END SET External Setup

----------------------------------------------------

SET Clock to Output

No Path 

END SET Clock to Output

----------------------------------------------------

SET FIC_0_PERIPHERALS_0/security_core_0/rng/neoTRNG_0/entropy_cell_gen.0.neoTRNG_cell_inst/sreg_4[0]:Q to FIC_0_PERIPHERALS_0/security_core_0/rng/neoTRNG_0/entropy_cell_gen.1.neoTRNG_cell_inst/sreg_2[0]:Q

No Path 

END SET FIC_0_PERIPHERALS_0/security_core_0/rng/neoTRNG_0/entropy_cell_gen.0.neoTRNG_cell_inst/sreg_4[0]:Q to FIC_0_PERIPHERALS_0/security_core_0/rng/neoTRNG_0/entropy_cell_gen.1.neoTRNG_cell_inst/sreg_2[0]:Q

----------------------------------------------------

SET FIC_0_PERIPHERALS_0/security_core_0/rng/neoTRNG_0/entropy_cell_gen.1.neoTRNG_cell_inst/sreg_1[0]:Q to FIC_0_PERIPHERALS_0/security_core_0/rng/neoTRNG_0/entropy_cell_gen.1.neoTRNG_cell_inst/sreg_2[0]:Q

No Path 

END SET FIC_0_PERIPHERALS_0/security_core_0/rng/neoTRNG_0/entropy_cell_gen.1.neoTRNG_cell_inst/sreg_1[0]:Q to FIC_0_PERIPHERALS_0/security_core_0/rng/neoTRNG_0/entropy_cell_gen.1.neoTRNG_cell_inst/sreg_2[0]:Q

----------------------------------------------------

SET Register to Asynchronous

No Path 

END SET Register to Asynchronous

----------------------------------------------------

SET External Recovery

No Path 

END SET External Recovery

----------------------------------------------------

SET Asynchronous to Register

No Path 

END SET Asynchronous to Register

----------------------------------------------------

SET CLOCKS_AND_RESETS_0/CCC_FIC_x_CLK/PF_CCC_C0_0/pll_inst_0/OUT0 to FIC_0_PERIPHERALS_0/security_core_0/rng/neoTRNG_0/entropy_cell_gen.1.neoTRNG_cell_inst/sreg_2[0]:Q

No Path 

END SET CLOCKS_AND_RESETS_0/CCC_FIC_x_CLK/PF_CCC_C0_0/pll_inst_0/OUT0 to FIC_0_PERIPHERALS_0/security_core_0/rng/neoTRNG_0/entropy_cell_gen.1.neoTRNG_cell_inst/sreg_2[0]:Q

----------------------------------------------------

Clock Domain FIC_0_PERIPHERALS_0/security_core_0/rng/neoTRNG_0/entropy_cell_gen.1.neoTRNG_cell_inst/sreg_3[0]:Q

Info: The maximum frequency of this clock domain is limited by the minimum pulse widths of pin FIC_0_PERIPHERALS_0/security_core_0/rng/neoTRNG_0/entropy_cell_gen.1.neoTRNG_cell_inst/ring_osc_gen.3.latch[3]:CLK

SET Register to Register

No Path 

END SET Register to Register

----------------------------------------------------

SET External Setup

No Path 

END SET External Setup

----------------------------------------------------

SET Clock to Output

No Path 

END SET Clock to Output

----------------------------------------------------

SET FIC_0_PERIPHERALS_0/security_core_0/rng/neoTRNG_0/entropy_cell_gen.0.neoTRNG_cell_inst/sreg_4[0]:Q to FIC_0_PERIPHERALS_0/security_core_0/rng/neoTRNG_0/entropy_cell_gen.1.neoTRNG_cell_inst/sreg_3[0]:Q

No Path 

END SET FIC_0_PERIPHERALS_0/security_core_0/rng/neoTRNG_0/entropy_cell_gen.0.neoTRNG_cell_inst/sreg_4[0]:Q to FIC_0_PERIPHERALS_0/security_core_0/rng/neoTRNG_0/entropy_cell_gen.1.neoTRNG_cell_inst/sreg_3[0]:Q

----------------------------------------------------

SET FIC_0_PERIPHERALS_0/security_core_0/rng/neoTRNG_0/entropy_cell_gen.1.neoTRNG_cell_inst/sreg_2[0]:Q to FIC_0_PERIPHERALS_0/security_core_0/rng/neoTRNG_0/entropy_cell_gen.1.neoTRNG_cell_inst/sreg_3[0]:Q

No Path 

END SET FIC_0_PERIPHERALS_0/security_core_0/rng/neoTRNG_0/entropy_cell_gen.1.neoTRNG_cell_inst/sreg_2[0]:Q to FIC_0_PERIPHERALS_0/security_core_0/rng/neoTRNG_0/entropy_cell_gen.1.neoTRNG_cell_inst/sreg_3[0]:Q

----------------------------------------------------

SET Register to Asynchronous

No Path 

END SET Register to Asynchronous

----------------------------------------------------

SET External Recovery

No Path 

END SET External Recovery

----------------------------------------------------

SET Asynchronous to Register

No Path 

END SET Asynchronous to Register

----------------------------------------------------

SET CLOCKS_AND_RESETS_0/CCC_FIC_x_CLK/PF_CCC_C0_0/pll_inst_0/OUT0 to FIC_0_PERIPHERALS_0/security_core_0/rng/neoTRNG_0/entropy_cell_gen.1.neoTRNG_cell_inst/sreg_3[0]:Q

No Path 

END SET CLOCKS_AND_RESETS_0/CCC_FIC_x_CLK/PF_CCC_C0_0/pll_inst_0/OUT0 to FIC_0_PERIPHERALS_0/security_core_0/rng/neoTRNG_0/entropy_cell_gen.1.neoTRNG_cell_inst/sreg_3[0]:Q

----------------------------------------------------

Clock Domain FIC_0_PERIPHERALS_0/security_core_0/rng/neoTRNG_0/entropy_cell_gen.1.neoTRNG_cell_inst/sreg_4[0]:Q

Info: The maximum frequency of this clock domain is limited by the minimum pulse widths of pin FIC_0_PERIPHERALS_0/security_core_0/rng/neoTRNG_0/entropy_cell_gen.1.neoTRNG_cell_inst/ring_osc_gen.4.latch[4]:CLK

SET Register to Register

No Path 

END SET Register to Register

----------------------------------------------------

SET External Setup

No Path 

END SET External Setup

----------------------------------------------------

SET Clock to Output

No Path 

END SET Clock to Output

----------------------------------------------------

SET FIC_0_PERIPHERALS_0/security_core_0/rng/neoTRNG_0/entropy_cell_gen.0.neoTRNG_cell_inst/sreg_4[0]:Q to FIC_0_PERIPHERALS_0/security_core_0/rng/neoTRNG_0/entropy_cell_gen.1.neoTRNG_cell_inst/sreg_4[0]:Q

No Path 

END SET FIC_0_PERIPHERALS_0/security_core_0/rng/neoTRNG_0/entropy_cell_gen.0.neoTRNG_cell_inst/sreg_4[0]:Q to FIC_0_PERIPHERALS_0/security_core_0/rng/neoTRNG_0/entropy_cell_gen.1.neoTRNG_cell_inst/sreg_4[0]:Q

----------------------------------------------------

SET FIC_0_PERIPHERALS_0/security_core_0/rng/neoTRNG_0/entropy_cell_gen.1.neoTRNG_cell_inst/sreg_3[0]:Q to FIC_0_PERIPHERALS_0/security_core_0/rng/neoTRNG_0/entropy_cell_gen.1.neoTRNG_cell_inst/sreg_4[0]:Q

No Path 

END SET FIC_0_PERIPHERALS_0/security_core_0/rng/neoTRNG_0/entropy_cell_gen.1.neoTRNG_cell_inst/sreg_3[0]:Q to FIC_0_PERIPHERALS_0/security_core_0/rng/neoTRNG_0/entropy_cell_gen.1.neoTRNG_cell_inst/sreg_4[0]:Q

----------------------------------------------------

SET Register to Asynchronous

No Path 

END SET Register to Asynchronous

----------------------------------------------------

SET External Recovery

No Path 

END SET External Recovery

----------------------------------------------------

SET Asynchronous to Register

No Path 

END SET Asynchronous to Register

----------------------------------------------------

SET CLOCKS_AND_RESETS_0/CCC_FIC_x_CLK/PF_CCC_C0_0/pll_inst_0/OUT0 to FIC_0_PERIPHERALS_0/security_core_0/rng/neoTRNG_0/entropy_cell_gen.1.neoTRNG_cell_inst/sreg_4[0]:Q

No Path 

END SET CLOCKS_AND_RESETS_0/CCC_FIC_x_CLK/PF_CCC_C0_0/pll_inst_0/OUT0 to FIC_0_PERIPHERALS_0/security_core_0/rng/neoTRNG_0/entropy_cell_gen.1.neoTRNG_cell_inst/sreg_4[0]:Q

----------------------------------------------------

Clock Domain FIC_0_PERIPHERALS_0/security_core_0/rng/neoTRNG_0/entropy_cell_gen.1.neoTRNG_cell_inst/sreg_5[0]:Q

Info: The maximum frequency of this clock domain is limited by the minimum pulse widths of pin FIC_0_PERIPHERALS_0/security_core_0/rng/neoTRNG_0/entropy_cell_gen.1.neoTRNG_cell_inst/ring_osc_gen.5.latch[5]:CLK

SET Register to Register

No Path 

END SET Register to Register

----------------------------------------------------

SET External Setup

No Path 

END SET External Setup

----------------------------------------------------

SET Clock to Output

No Path 

END SET Clock to Output

----------------------------------------------------

SET FIC_0_PERIPHERALS_0/security_core_0/rng/neoTRNG_0/entropy_cell_gen.0.neoTRNG_cell_inst/sreg_4[0]:Q to FIC_0_PERIPHERALS_0/security_core_0/rng/neoTRNG_0/entropy_cell_gen.1.neoTRNG_cell_inst/sreg_5[0]:Q

No Path 

END SET FIC_0_PERIPHERALS_0/security_core_0/rng/neoTRNG_0/entropy_cell_gen.0.neoTRNG_cell_inst/sreg_4[0]:Q to FIC_0_PERIPHERALS_0/security_core_0/rng/neoTRNG_0/entropy_cell_gen.1.neoTRNG_cell_inst/sreg_5[0]:Q

----------------------------------------------------

SET FIC_0_PERIPHERALS_0/security_core_0/rng/neoTRNG_0/entropy_cell_gen.1.neoTRNG_cell_inst/sreg_4[0]:Q to FIC_0_PERIPHERALS_0/security_core_0/rng/neoTRNG_0/entropy_cell_gen.1.neoTRNG_cell_inst/sreg_5[0]:Q

No Path 

END SET FIC_0_PERIPHERALS_0/security_core_0/rng/neoTRNG_0/entropy_cell_gen.1.neoTRNG_cell_inst/sreg_4[0]:Q to FIC_0_PERIPHERALS_0/security_core_0/rng/neoTRNG_0/entropy_cell_gen.1.neoTRNG_cell_inst/sreg_5[0]:Q

----------------------------------------------------

SET Register to Asynchronous

No Path 

END SET Register to Asynchronous

----------------------------------------------------

SET External Recovery

No Path 

END SET External Recovery

----------------------------------------------------

SET Asynchronous to Register

No Path 

END SET Asynchronous to Register

----------------------------------------------------

SET CLOCKS_AND_RESETS_0/CCC_FIC_x_CLK/PF_CCC_C0_0/pll_inst_0/OUT0 to FIC_0_PERIPHERALS_0/security_core_0/rng/neoTRNG_0/entropy_cell_gen.1.neoTRNG_cell_inst/sreg_5[0]:Q

No Path 

END SET CLOCKS_AND_RESETS_0/CCC_FIC_x_CLK/PF_CCC_C0_0/pll_inst_0/OUT0 to FIC_0_PERIPHERALS_0/security_core_0/rng/neoTRNG_0/entropy_cell_gen.1.neoTRNG_cell_inst/sreg_5[0]:Q

----------------------------------------------------

Clock Domain FIC_0_PERIPHERALS_0/security_core_0/rng/neoTRNG_0/entropy_cell_gen.1.neoTRNG_cell_inst/sreg_6[0]:Q

Info: The maximum frequency of this clock domain is limited by the minimum pulse widths of pin FIC_0_PERIPHERALS_0/security_core_0/rng/neoTRNG_0/entropy_cell_gen.1.neoTRNG_cell_inst/ring_osc_gen.6.latch[6]:CLK

SET Register to Register

No Path 

END SET Register to Register

----------------------------------------------------

SET External Setup

No Path 

END SET External Setup

----------------------------------------------------

SET Clock to Output

No Path 

END SET Clock to Output

----------------------------------------------------

SET FIC_0_PERIPHERALS_0/security_core_0/rng/neoTRNG_0/entropy_cell_gen.0.neoTRNG_cell_inst/sreg_4[0]:Q to FIC_0_PERIPHERALS_0/security_core_0/rng/neoTRNG_0/entropy_cell_gen.1.neoTRNG_cell_inst/sreg_6[0]:Q

No Path 

END SET FIC_0_PERIPHERALS_0/security_core_0/rng/neoTRNG_0/entropy_cell_gen.0.neoTRNG_cell_inst/sreg_4[0]:Q to FIC_0_PERIPHERALS_0/security_core_0/rng/neoTRNG_0/entropy_cell_gen.1.neoTRNG_cell_inst/sreg_6[0]:Q

----------------------------------------------------

SET FIC_0_PERIPHERALS_0/security_core_0/rng/neoTRNG_0/entropy_cell_gen.1.neoTRNG_cell_inst/sreg_5[0]:Q to FIC_0_PERIPHERALS_0/security_core_0/rng/neoTRNG_0/entropy_cell_gen.1.neoTRNG_cell_inst/sreg_6[0]:Q

No Path 

END SET FIC_0_PERIPHERALS_0/security_core_0/rng/neoTRNG_0/entropy_cell_gen.1.neoTRNG_cell_inst/sreg_5[0]:Q to FIC_0_PERIPHERALS_0/security_core_0/rng/neoTRNG_0/entropy_cell_gen.1.neoTRNG_cell_inst/sreg_6[0]:Q

----------------------------------------------------

SET Register to Asynchronous

No Path 

END SET Register to Asynchronous

----------------------------------------------------

SET External Recovery

No Path 

END SET External Recovery

----------------------------------------------------

SET Asynchronous to Register

No Path 

END SET Asynchronous to Register

----------------------------------------------------

SET CLOCKS_AND_RESETS_0/CCC_FIC_x_CLK/PF_CCC_C0_0/pll_inst_0/OUT0 to FIC_0_PERIPHERALS_0/security_core_0/rng/neoTRNG_0/entropy_cell_gen.1.neoTRNG_cell_inst/sreg_6[0]:Q

No Path 

END SET CLOCKS_AND_RESETS_0/CCC_FIC_x_CLK/PF_CCC_C0_0/pll_inst_0/OUT0 to FIC_0_PERIPHERALS_0/security_core_0/rng/neoTRNG_0/entropy_cell_gen.1.neoTRNG_cell_inst/sreg_6[0]:Q

----------------------------------------------------

Clock Domain FIC_0_PERIPHERALS_0/security_core_0/rng/neoTRNG_0/entropy_cell_gen.2.neoTRNG_cell_inst/sreg_0[0]:Q

Info: The maximum frequency of this clock domain is limited by the minimum pulse widths of pin FIC_0_PERIPHERALS_0/security_core_0/rng/neoTRNG_0/entropy_cell_gen.2.neoTRNG_cell_inst/ring_osc_gen.0.latch[0]:CLK

SET Register to Register

No Path 

END SET Register to Register

----------------------------------------------------

SET External Setup

No Path 

END SET External Setup

----------------------------------------------------

SET Clock to Output

No Path 

END SET Clock to Output

----------------------------------------------------

SET FIC_0_PERIPHERALS_0/security_core_0/rng/neoTRNG_0/entropy_cell_gen.1.neoTRNG_cell_inst/sreg_6[0]:Q to FIC_0_PERIPHERALS_0/security_core_0/rng/neoTRNG_0/entropy_cell_gen.2.neoTRNG_cell_inst/sreg_0[0]:Q

No Path 

END SET FIC_0_PERIPHERALS_0/security_core_0/rng/neoTRNG_0/entropy_cell_gen.1.neoTRNG_cell_inst/sreg_6[0]:Q to FIC_0_PERIPHERALS_0/security_core_0/rng/neoTRNG_0/entropy_cell_gen.2.neoTRNG_cell_inst/sreg_0[0]:Q

----------------------------------------------------

SET FIC_0_PERIPHERALS_0/security_core_0/rng/neoTRNG_0/entropy_cell_gen.2.neoTRNG_cell_inst/sreg_8[0]:Q to FIC_0_PERIPHERALS_0/security_core_0/rng/neoTRNG_0/entropy_cell_gen.2.neoTRNG_cell_inst/sreg_0[0]:Q

No Path 

END SET FIC_0_PERIPHERALS_0/security_core_0/rng/neoTRNG_0/entropy_cell_gen.2.neoTRNG_cell_inst/sreg_8[0]:Q to FIC_0_PERIPHERALS_0/security_core_0/rng/neoTRNG_0/entropy_cell_gen.2.neoTRNG_cell_inst/sreg_0[0]:Q

----------------------------------------------------

SET Register to Asynchronous

No Path 

END SET Register to Asynchronous

----------------------------------------------------

SET External Recovery

No Path 

END SET External Recovery

----------------------------------------------------

SET Asynchronous to Register

No Path 

END SET Asynchronous to Register

----------------------------------------------------

SET CLOCKS_AND_RESETS_0/CCC_FIC_x_CLK/PF_CCC_C0_0/pll_inst_0/OUT0 to FIC_0_PERIPHERALS_0/security_core_0/rng/neoTRNG_0/entropy_cell_gen.2.neoTRNG_cell_inst/sreg_0[0]:Q

No Path 

END SET CLOCKS_AND_RESETS_0/CCC_FIC_x_CLK/PF_CCC_C0_0/pll_inst_0/OUT0 to FIC_0_PERIPHERALS_0/security_core_0/rng/neoTRNG_0/entropy_cell_gen.2.neoTRNG_cell_inst/sreg_0[0]:Q

----------------------------------------------------

Clock Domain FIC_0_PERIPHERALS_0/security_core_0/rng/neoTRNG_0/entropy_cell_gen.2.neoTRNG_cell_inst/sreg_1[0]:Q

Info: The maximum frequency of this clock domain is limited by the minimum pulse widths of pin FIC_0_PERIPHERALS_0/security_core_0/rng/neoTRNG_0/entropy_cell_gen.2.neoTRNG_cell_inst/ring_osc_gen.1.latch[1]:CLK

SET Register to Register

No Path 

END SET Register to Register

----------------------------------------------------

SET External Setup

No Path 

END SET External Setup

----------------------------------------------------

SET Clock to Output

No Path 

END SET Clock to Output

----------------------------------------------------

SET FIC_0_PERIPHERALS_0/security_core_0/rng/neoTRNG_0/entropy_cell_gen.1.neoTRNG_cell_inst/sreg_6[0]:Q to FIC_0_PERIPHERALS_0/security_core_0/rng/neoTRNG_0/entropy_cell_gen.2.neoTRNG_cell_inst/sreg_1[0]:Q

No Path 

END SET FIC_0_PERIPHERALS_0/security_core_0/rng/neoTRNG_0/entropy_cell_gen.1.neoTRNG_cell_inst/sreg_6[0]:Q to FIC_0_PERIPHERALS_0/security_core_0/rng/neoTRNG_0/entropy_cell_gen.2.neoTRNG_cell_inst/sreg_1[0]:Q

----------------------------------------------------

SET FIC_0_PERIPHERALS_0/security_core_0/rng/neoTRNG_0/entropy_cell_gen.2.neoTRNG_cell_inst/sreg_0[0]:Q to FIC_0_PERIPHERALS_0/security_core_0/rng/neoTRNG_0/entropy_cell_gen.2.neoTRNG_cell_inst/sreg_1[0]:Q

No Path 

END SET FIC_0_PERIPHERALS_0/security_core_0/rng/neoTRNG_0/entropy_cell_gen.2.neoTRNG_cell_inst/sreg_0[0]:Q to FIC_0_PERIPHERALS_0/security_core_0/rng/neoTRNG_0/entropy_cell_gen.2.neoTRNG_cell_inst/sreg_1[0]:Q

----------------------------------------------------

SET Register to Asynchronous

No Path 

END SET Register to Asynchronous

----------------------------------------------------

SET External Recovery

No Path 

END SET External Recovery

----------------------------------------------------

SET Asynchronous to Register

No Path 

END SET Asynchronous to Register

----------------------------------------------------

SET CLOCKS_AND_RESETS_0/CCC_FIC_x_CLK/PF_CCC_C0_0/pll_inst_0/OUT0 to FIC_0_PERIPHERALS_0/security_core_0/rng/neoTRNG_0/entropy_cell_gen.2.neoTRNG_cell_inst/sreg_1[0]:Q

No Path 

END SET CLOCKS_AND_RESETS_0/CCC_FIC_x_CLK/PF_CCC_C0_0/pll_inst_0/OUT0 to FIC_0_PERIPHERALS_0/security_core_0/rng/neoTRNG_0/entropy_cell_gen.2.neoTRNG_cell_inst/sreg_1[0]:Q

----------------------------------------------------

Clock Domain FIC_0_PERIPHERALS_0/security_core_0/rng/neoTRNG_0/entropy_cell_gen.2.neoTRNG_cell_inst/sreg_2[0]:Q

Info: The maximum frequency of this clock domain is limited by the minimum pulse widths of pin FIC_0_PERIPHERALS_0/security_core_0/rng/neoTRNG_0/entropy_cell_gen.2.neoTRNG_cell_inst/ring_osc_gen.2.latch[2]:CLK

SET Register to Register

No Path 

END SET Register to Register

----------------------------------------------------

SET External Setup

No Path 

END SET External Setup

----------------------------------------------------

SET Clock to Output

No Path 

END SET Clock to Output

----------------------------------------------------

SET FIC_0_PERIPHERALS_0/security_core_0/rng/neoTRNG_0/entropy_cell_gen.1.neoTRNG_cell_inst/sreg_6[0]:Q to FIC_0_PERIPHERALS_0/security_core_0/rng/neoTRNG_0/entropy_cell_gen.2.neoTRNG_cell_inst/sreg_2[0]:Q

No Path 

END SET FIC_0_PERIPHERALS_0/security_core_0/rng/neoTRNG_0/entropy_cell_gen.1.neoTRNG_cell_inst/sreg_6[0]:Q to FIC_0_PERIPHERALS_0/security_core_0/rng/neoTRNG_0/entropy_cell_gen.2.neoTRNG_cell_inst/sreg_2[0]:Q

----------------------------------------------------

SET FIC_0_PERIPHERALS_0/security_core_0/rng/neoTRNG_0/entropy_cell_gen.2.neoTRNG_cell_inst/sreg_1[0]:Q to FIC_0_PERIPHERALS_0/security_core_0/rng/neoTRNG_0/entropy_cell_gen.2.neoTRNG_cell_inst/sreg_2[0]:Q

No Path 

END SET FIC_0_PERIPHERALS_0/security_core_0/rng/neoTRNG_0/entropy_cell_gen.2.neoTRNG_cell_inst/sreg_1[0]:Q to FIC_0_PERIPHERALS_0/security_core_0/rng/neoTRNG_0/entropy_cell_gen.2.neoTRNG_cell_inst/sreg_2[0]:Q

----------------------------------------------------

SET Register to Asynchronous

No Path 

END SET Register to Asynchronous

----------------------------------------------------

SET External Recovery

No Path 

END SET External Recovery

----------------------------------------------------

SET Asynchronous to Register

No Path 

END SET Asynchronous to Register

----------------------------------------------------

SET CLOCKS_AND_RESETS_0/CCC_FIC_x_CLK/PF_CCC_C0_0/pll_inst_0/OUT0 to FIC_0_PERIPHERALS_0/security_core_0/rng/neoTRNG_0/entropy_cell_gen.2.neoTRNG_cell_inst/sreg_2[0]:Q

No Path 

END SET CLOCKS_AND_RESETS_0/CCC_FIC_x_CLK/PF_CCC_C0_0/pll_inst_0/OUT0 to FIC_0_PERIPHERALS_0/security_core_0/rng/neoTRNG_0/entropy_cell_gen.2.neoTRNG_cell_inst/sreg_2[0]:Q

----------------------------------------------------

Clock Domain FIC_0_PERIPHERALS_0/security_core_0/rng/neoTRNG_0/entropy_cell_gen.2.neoTRNG_cell_inst/sreg_3[0]:Q

Info: The maximum frequency of this clock domain is limited by the minimum pulse widths of pin FIC_0_PERIPHERALS_0/security_core_0/rng/neoTRNG_0/entropy_cell_gen.2.neoTRNG_cell_inst/ring_osc_gen.3.latch[3]:CLK

SET Register to Register

No Path 

END SET Register to Register

----------------------------------------------------

SET External Setup

No Path 

END SET External Setup

----------------------------------------------------

SET Clock to Output

No Path 

END SET Clock to Output

----------------------------------------------------

SET FIC_0_PERIPHERALS_0/security_core_0/rng/neoTRNG_0/entropy_cell_gen.1.neoTRNG_cell_inst/sreg_6[0]:Q to FIC_0_PERIPHERALS_0/security_core_0/rng/neoTRNG_0/entropy_cell_gen.2.neoTRNG_cell_inst/sreg_3[0]:Q

No Path 

END SET FIC_0_PERIPHERALS_0/security_core_0/rng/neoTRNG_0/entropy_cell_gen.1.neoTRNG_cell_inst/sreg_6[0]:Q to FIC_0_PERIPHERALS_0/security_core_0/rng/neoTRNG_0/entropy_cell_gen.2.neoTRNG_cell_inst/sreg_3[0]:Q

----------------------------------------------------

SET FIC_0_PERIPHERALS_0/security_core_0/rng/neoTRNG_0/entropy_cell_gen.2.neoTRNG_cell_inst/sreg_2[0]:Q to FIC_0_PERIPHERALS_0/security_core_0/rng/neoTRNG_0/entropy_cell_gen.2.neoTRNG_cell_inst/sreg_3[0]:Q

No Path 

END SET FIC_0_PERIPHERALS_0/security_core_0/rng/neoTRNG_0/entropy_cell_gen.2.neoTRNG_cell_inst/sreg_2[0]:Q to FIC_0_PERIPHERALS_0/security_core_0/rng/neoTRNG_0/entropy_cell_gen.2.neoTRNG_cell_inst/sreg_3[0]:Q

----------------------------------------------------

SET Register to Asynchronous

No Path 

END SET Register to Asynchronous

----------------------------------------------------

SET External Recovery

No Path 

END SET External Recovery

----------------------------------------------------

SET Asynchronous to Register

No Path 

END SET Asynchronous to Register

----------------------------------------------------

SET CLOCKS_AND_RESETS_0/CCC_FIC_x_CLK/PF_CCC_C0_0/pll_inst_0/OUT0 to FIC_0_PERIPHERALS_0/security_core_0/rng/neoTRNG_0/entropy_cell_gen.2.neoTRNG_cell_inst/sreg_3[0]:Q

No Path 

END SET CLOCKS_AND_RESETS_0/CCC_FIC_x_CLK/PF_CCC_C0_0/pll_inst_0/OUT0 to FIC_0_PERIPHERALS_0/security_core_0/rng/neoTRNG_0/entropy_cell_gen.2.neoTRNG_cell_inst/sreg_3[0]:Q

----------------------------------------------------

Clock Domain FIC_0_PERIPHERALS_0/security_core_0/rng/neoTRNG_0/entropy_cell_gen.2.neoTRNG_cell_inst/sreg_4[0]:Q

Info: The maximum frequency of this clock domain is limited by the minimum pulse widths of pin FIC_0_PERIPHERALS_0/security_core_0/rng/neoTRNG_0/entropy_cell_gen.2.neoTRNG_cell_inst/ring_osc_gen.4.latch[4]:CLK

SET Register to Register

No Path 

END SET Register to Register

----------------------------------------------------

SET External Setup

No Path 

END SET External Setup

----------------------------------------------------

SET Clock to Output

No Path 

END SET Clock to Output

----------------------------------------------------

SET FIC_0_PERIPHERALS_0/security_core_0/rng/neoTRNG_0/entropy_cell_gen.1.neoTRNG_cell_inst/sreg_6[0]:Q to FIC_0_PERIPHERALS_0/security_core_0/rng/neoTRNG_0/entropy_cell_gen.2.neoTRNG_cell_inst/sreg_4[0]:Q

No Path 

END SET FIC_0_PERIPHERALS_0/security_core_0/rng/neoTRNG_0/entropy_cell_gen.1.neoTRNG_cell_inst/sreg_6[0]:Q to FIC_0_PERIPHERALS_0/security_core_0/rng/neoTRNG_0/entropy_cell_gen.2.neoTRNG_cell_inst/sreg_4[0]:Q

----------------------------------------------------

SET FIC_0_PERIPHERALS_0/security_core_0/rng/neoTRNG_0/entropy_cell_gen.2.neoTRNG_cell_inst/sreg_3[0]:Q to FIC_0_PERIPHERALS_0/security_core_0/rng/neoTRNG_0/entropy_cell_gen.2.neoTRNG_cell_inst/sreg_4[0]:Q

No Path 

END SET FIC_0_PERIPHERALS_0/security_core_0/rng/neoTRNG_0/entropy_cell_gen.2.neoTRNG_cell_inst/sreg_3[0]:Q to FIC_0_PERIPHERALS_0/security_core_0/rng/neoTRNG_0/entropy_cell_gen.2.neoTRNG_cell_inst/sreg_4[0]:Q

----------------------------------------------------

SET Register to Asynchronous

No Path 

END SET Register to Asynchronous

----------------------------------------------------

SET External Recovery

No Path 

END SET External Recovery

----------------------------------------------------

SET Asynchronous to Register

No Path 

END SET Asynchronous to Register

----------------------------------------------------

SET CLOCKS_AND_RESETS_0/CCC_FIC_x_CLK/PF_CCC_C0_0/pll_inst_0/OUT0 to FIC_0_PERIPHERALS_0/security_core_0/rng/neoTRNG_0/entropy_cell_gen.2.neoTRNG_cell_inst/sreg_4[0]:Q

No Path 

END SET CLOCKS_AND_RESETS_0/CCC_FIC_x_CLK/PF_CCC_C0_0/pll_inst_0/OUT0 to FIC_0_PERIPHERALS_0/security_core_0/rng/neoTRNG_0/entropy_cell_gen.2.neoTRNG_cell_inst/sreg_4[0]:Q

----------------------------------------------------

Clock Domain FIC_0_PERIPHERALS_0/security_core_0/rng/neoTRNG_0/entropy_cell_gen.2.neoTRNG_cell_inst/sreg_5[0]:Q

Info: The maximum frequency of this clock domain is limited by the minimum pulse widths of pin FIC_0_PERIPHERALS_0/security_core_0/rng/neoTRNG_0/entropy_cell_gen.2.neoTRNG_cell_inst/ring_osc_gen.5.latch[5]:CLK

SET Register to Register

No Path 

END SET Register to Register

----------------------------------------------------

SET External Setup

No Path 

END SET External Setup

----------------------------------------------------

SET Clock to Output

No Path 

END SET Clock to Output

----------------------------------------------------

SET FIC_0_PERIPHERALS_0/security_core_0/rng/neoTRNG_0/entropy_cell_gen.1.neoTRNG_cell_inst/sreg_6[0]:Q to FIC_0_PERIPHERALS_0/security_core_0/rng/neoTRNG_0/entropy_cell_gen.2.neoTRNG_cell_inst/sreg_5[0]:Q

No Path 

END SET FIC_0_PERIPHERALS_0/security_core_0/rng/neoTRNG_0/entropy_cell_gen.1.neoTRNG_cell_inst/sreg_6[0]:Q to FIC_0_PERIPHERALS_0/security_core_0/rng/neoTRNG_0/entropy_cell_gen.2.neoTRNG_cell_inst/sreg_5[0]:Q

----------------------------------------------------

SET FIC_0_PERIPHERALS_0/security_core_0/rng/neoTRNG_0/entropy_cell_gen.2.neoTRNG_cell_inst/sreg_4[0]:Q to FIC_0_PERIPHERALS_0/security_core_0/rng/neoTRNG_0/entropy_cell_gen.2.neoTRNG_cell_inst/sreg_5[0]:Q

No Path 

END SET FIC_0_PERIPHERALS_0/security_core_0/rng/neoTRNG_0/entropy_cell_gen.2.neoTRNG_cell_inst/sreg_4[0]:Q to FIC_0_PERIPHERALS_0/security_core_0/rng/neoTRNG_0/entropy_cell_gen.2.neoTRNG_cell_inst/sreg_5[0]:Q

----------------------------------------------------

SET Register to Asynchronous

No Path 

END SET Register to Asynchronous

----------------------------------------------------

SET External Recovery

No Path 

END SET External Recovery

----------------------------------------------------

SET Asynchronous to Register

No Path 

END SET Asynchronous to Register

----------------------------------------------------

SET CLOCKS_AND_RESETS_0/CCC_FIC_x_CLK/PF_CCC_C0_0/pll_inst_0/OUT0 to FIC_0_PERIPHERALS_0/security_core_0/rng/neoTRNG_0/entropy_cell_gen.2.neoTRNG_cell_inst/sreg_5[0]:Q

No Path 

END SET CLOCKS_AND_RESETS_0/CCC_FIC_x_CLK/PF_CCC_C0_0/pll_inst_0/OUT0 to FIC_0_PERIPHERALS_0/security_core_0/rng/neoTRNG_0/entropy_cell_gen.2.neoTRNG_cell_inst/sreg_5[0]:Q

----------------------------------------------------

Clock Domain FIC_0_PERIPHERALS_0/security_core_0/rng/neoTRNG_0/entropy_cell_gen.2.neoTRNG_cell_inst/sreg_6[0]:Q

Info: The maximum frequency of this clock domain is limited by the minimum pulse widths of pin FIC_0_PERIPHERALS_0/security_core_0/rng/neoTRNG_0/entropy_cell_gen.2.neoTRNG_cell_inst/ring_osc_gen.6.latch[6]:CLK

SET Register to Register

No Path 

END SET Register to Register

----------------------------------------------------

SET External Setup

No Path 

END SET External Setup

----------------------------------------------------

SET Clock to Output

No Path 

END SET Clock to Output

----------------------------------------------------

SET FIC_0_PERIPHERALS_0/security_core_0/rng/neoTRNG_0/entropy_cell_gen.1.neoTRNG_cell_inst/sreg_6[0]:Q to FIC_0_PERIPHERALS_0/security_core_0/rng/neoTRNG_0/entropy_cell_gen.2.neoTRNG_cell_inst/sreg_6[0]:Q

No Path 

END SET FIC_0_PERIPHERALS_0/security_core_0/rng/neoTRNG_0/entropy_cell_gen.1.neoTRNG_cell_inst/sreg_6[0]:Q to FIC_0_PERIPHERALS_0/security_core_0/rng/neoTRNG_0/entropy_cell_gen.2.neoTRNG_cell_inst/sreg_6[0]:Q

----------------------------------------------------

SET FIC_0_PERIPHERALS_0/security_core_0/rng/neoTRNG_0/entropy_cell_gen.2.neoTRNG_cell_inst/sreg_5[0]:Q to FIC_0_PERIPHERALS_0/security_core_0/rng/neoTRNG_0/entropy_cell_gen.2.neoTRNG_cell_inst/sreg_6[0]:Q

No Path 

END SET FIC_0_PERIPHERALS_0/security_core_0/rng/neoTRNG_0/entropy_cell_gen.2.neoTRNG_cell_inst/sreg_5[0]:Q to FIC_0_PERIPHERALS_0/security_core_0/rng/neoTRNG_0/entropy_cell_gen.2.neoTRNG_cell_inst/sreg_6[0]:Q

----------------------------------------------------

SET Register to Asynchronous

No Path 

END SET Register to Asynchronous

----------------------------------------------------

SET External Recovery

No Path 

END SET External Recovery

----------------------------------------------------

SET Asynchronous to Register

No Path 

END SET Asynchronous to Register

----------------------------------------------------

SET CLOCKS_AND_RESETS_0/CCC_FIC_x_CLK/PF_CCC_C0_0/pll_inst_0/OUT0 to FIC_0_PERIPHERALS_0/security_core_0/rng/neoTRNG_0/entropy_cell_gen.2.neoTRNG_cell_inst/sreg_6[0]:Q

No Path 

END SET CLOCKS_AND_RESETS_0/CCC_FIC_x_CLK/PF_CCC_C0_0/pll_inst_0/OUT0 to FIC_0_PERIPHERALS_0/security_core_0/rng/neoTRNG_0/entropy_cell_gen.2.neoTRNG_cell_inst/sreg_6[0]:Q

----------------------------------------------------

Clock Domain FIC_0_PERIPHERALS_0/security_core_0/rng/neoTRNG_0/entropy_cell_gen.2.neoTRNG_cell_inst/sreg_7[0]:Q

Info: The maximum frequency of this clock domain is limited by the minimum pulse widths of pin FIC_0_PERIPHERALS_0/security_core_0/rng/neoTRNG_0/entropy_cell_gen.2.neoTRNG_cell_inst/ring_osc_gen.7.latch[7]:CLK

SET Register to Register

No Path 

END SET Register to Register

----------------------------------------------------

SET External Setup

No Path 

END SET External Setup

----------------------------------------------------

SET Clock to Output

No Path 

END SET Clock to Output

----------------------------------------------------

SET FIC_0_PERIPHERALS_0/security_core_0/rng/neoTRNG_0/entropy_cell_gen.1.neoTRNG_cell_inst/sreg_6[0]:Q to FIC_0_PERIPHERALS_0/security_core_0/rng/neoTRNG_0/entropy_cell_gen.2.neoTRNG_cell_inst/sreg_7[0]:Q

No Path 

END SET FIC_0_PERIPHERALS_0/security_core_0/rng/neoTRNG_0/entropy_cell_gen.1.neoTRNG_cell_inst/sreg_6[0]:Q to FIC_0_PERIPHERALS_0/security_core_0/rng/neoTRNG_0/entropy_cell_gen.2.neoTRNG_cell_inst/sreg_7[0]:Q

----------------------------------------------------

SET FIC_0_PERIPHERALS_0/security_core_0/rng/neoTRNG_0/entropy_cell_gen.2.neoTRNG_cell_inst/sreg_6[0]:Q to FIC_0_PERIPHERALS_0/security_core_0/rng/neoTRNG_0/entropy_cell_gen.2.neoTRNG_cell_inst/sreg_7[0]:Q

No Path 

END SET FIC_0_PERIPHERALS_0/security_core_0/rng/neoTRNG_0/entropy_cell_gen.2.neoTRNG_cell_inst/sreg_6[0]:Q to FIC_0_PERIPHERALS_0/security_core_0/rng/neoTRNG_0/entropy_cell_gen.2.neoTRNG_cell_inst/sreg_7[0]:Q

----------------------------------------------------

SET Register to Asynchronous

No Path 

END SET Register to Asynchronous

----------------------------------------------------

SET External Recovery

No Path 

END SET External Recovery

----------------------------------------------------

SET Asynchronous to Register

No Path 

END SET Asynchronous to Register

----------------------------------------------------

SET CLOCKS_AND_RESETS_0/CCC_FIC_x_CLK/PF_CCC_C0_0/pll_inst_0/OUT0 to FIC_0_PERIPHERALS_0/security_core_0/rng/neoTRNG_0/entropy_cell_gen.2.neoTRNG_cell_inst/sreg_7[0]:Q

No Path 

END SET CLOCKS_AND_RESETS_0/CCC_FIC_x_CLK/PF_CCC_C0_0/pll_inst_0/OUT0 to FIC_0_PERIPHERALS_0/security_core_0/rng/neoTRNG_0/entropy_cell_gen.2.neoTRNG_cell_inst/sreg_7[0]:Q

----------------------------------------------------

Clock Domain FIC_0_PERIPHERALS_0/security_core_0/rng/neoTRNG_0/entropy_cell_gen.2.neoTRNG_cell_inst/sreg_8[0]:Q

Info: The maximum frequency of this clock domain is limited by the minimum pulse widths of pin FIC_0_PERIPHERALS_0/security_core_0/rng/neoTRNG_0/entropy_cell_gen.2.neoTRNG_cell_inst/ring_osc_gen.8.latch[8]:CLK

SET Register to Register

No Path 

END SET Register to Register

----------------------------------------------------

SET External Setup

No Path 

END SET External Setup

----------------------------------------------------

SET Clock to Output

No Path 

END SET Clock to Output

----------------------------------------------------

SET FIC_0_PERIPHERALS_0/security_core_0/rng/neoTRNG_0/entropy_cell_gen.1.neoTRNG_cell_inst/sreg_6[0]:Q to FIC_0_PERIPHERALS_0/security_core_0/rng/neoTRNG_0/entropy_cell_gen.2.neoTRNG_cell_inst/sreg_8[0]:Q

No Path 

END SET FIC_0_PERIPHERALS_0/security_core_0/rng/neoTRNG_0/entropy_cell_gen.1.neoTRNG_cell_inst/sreg_6[0]:Q to FIC_0_PERIPHERALS_0/security_core_0/rng/neoTRNG_0/entropy_cell_gen.2.neoTRNG_cell_inst/sreg_8[0]:Q

----------------------------------------------------

SET FIC_0_PERIPHERALS_0/security_core_0/rng/neoTRNG_0/entropy_cell_gen.2.neoTRNG_cell_inst/sreg_7[0]:Q to FIC_0_PERIPHERALS_0/security_core_0/rng/neoTRNG_0/entropy_cell_gen.2.neoTRNG_cell_inst/sreg_8[0]:Q

No Path 

END SET FIC_0_PERIPHERALS_0/security_core_0/rng/neoTRNG_0/entropy_cell_gen.2.neoTRNG_cell_inst/sreg_7[0]:Q to FIC_0_PERIPHERALS_0/security_core_0/rng/neoTRNG_0/entropy_cell_gen.2.neoTRNG_cell_inst/sreg_8[0]:Q

----------------------------------------------------

SET Register to Asynchronous

No Path 

END SET Register to Asynchronous

----------------------------------------------------

SET External Recovery

No Path 

END SET External Recovery

----------------------------------------------------

SET Asynchronous to Register

No Path 

END SET Asynchronous to Register

----------------------------------------------------

SET CLOCKS_AND_RESETS_0/CCC_FIC_x_CLK/PF_CCC_C0_0/pll_inst_0/OUT0 to FIC_0_PERIPHERALS_0/security_core_0/rng/neoTRNG_0/entropy_cell_gen.2.neoTRNG_cell_inst/sreg_8[0]:Q

No Path 

END SET CLOCKS_AND_RESETS_0/CCC_FIC_x_CLK/PF_CCC_C0_0/pll_inst_0/OUT0 to FIC_0_PERIPHERALS_0/security_core_0/rng/neoTRNG_0/entropy_cell_gen.2.neoTRNG_cell_inst/sreg_8[0]:Q

----------------------------------------------------

Clock Domain MBUS_SPI_CLK

Info: The maximum frequency of this clock domain is limited by the period of pin MSS_WRAPPER_0/MPFS_DISCOVERY_KIT_MSS_0/I_MSS:SPI_0_CLK_F2M

SET Register to Register

No Path 

END SET Register to Register

----------------------------------------------------

SET External Setup

Path 1
  From: MBUS_SPI_MISO
  To:   MSS_WRAPPER_0/MPFS_DISCOVERY_KIT_MSS_0/I_MSS:SPI_0_DI_F2M
  Delay (ns):              3.426
  Arrival (ns):            3.426
  Setup (ns):              0.803
  External Setup (ns):     1.459
  Operating Conditions: slow_lv_lt


Expanded Path 1
  From: MBUS_SPI_MISO
  To: MSS_WRAPPER_0/MPFS_DISCOVERY_KIT_MSS_0/I_MSS:SPI_0_DI_F2M
  data required time                                    N/C
  data arrival time                          -        3.426
  slack                                                 N/C
  ________________________________________________________
  Data arrival time calculation
  0.000                        MBUS_SPI_MISO (f)
               +     0.000          net: MBUS_SPI_MISO
  0.000                        MBUS_SPI_MISO_ibuf/U_IOPAD:PAD (f)
               +     1.082          cell: ADLIB:IOPAD_IN
  1.082                        MBUS_SPI_MISO_ibuf/U_IOPAD:Y (f)
               +     0.000          net: MBUS_SPI_MISO_ibuf/YIN
  1.082                        MBUS_SPI_MISO_ibuf/U_IOIN:YIN (f)
               +     0.267          cell: ADLIB:IOIN_IB_E
  1.349                        MBUS_SPI_MISO_ibuf/U_IOIN:Y (f)
               +     2.077          net: MBUS_SPI_MISO_c
  3.426                        MSS_WRAPPER_0/MPFS_DISCOVERY_KIT_MSS_0/I_MSS:SPI_0_DI_F2M (f)
                                    
  3.426                        data arrival time
  ________________________________________________________
  Data required time calculation
  N/C                          MBUS_SPI_CLK
               +     0.000          Clock source
  N/C                          MBUS_SPI_CLK (r)
               +     0.652          cell: ADLIB:IOPAD_BI
  N/C                          MSS_WRAPPER_0/SPI_0_CLK_BIBUF/U_IOPAD:Y (r)
               +     0.000          net: MSS_WRAPPER_0/SPI_0_CLK_BIBUF/YIN
  N/C                          MSS_WRAPPER_0/SPI_0_CLK_BIBUF/U_IOBI:YIN (r)
               +     0.262          cell: ADLIB:IOBI_IB_OB_EB
  N/C                          MSS_WRAPPER_0/SPI_0_CLK_BIBUF/U_IOBI:Y (r)
               +     1.856          net: MSS_WRAPPER_0/SPI_0_CLK_BIBUF_Y
  N/C                          MSS_WRAPPER_0/MPFS_DISCOVERY_KIT_MSS_0/I_MSS:SPI_0_CLK_F2M (r)
               -     0.803          Library setup time: ADLIB:MSS
  N/C                          MSS_WRAPPER_0/MPFS_DISCOVERY_KIT_MSS_0/I_MSS:SPI_0_DI_F2M


Operating Conditions : slow_lv_lt

END SET External Setup

----------------------------------------------------

SET Clock to Output

Path 1
  From: MSS_WRAPPER_0/MPFS_DISCOVERY_KIT_MSS_0/I_MSS:SPI_0_CLK_F2M
  To:   MBUS_SPI_MOSI
  Delay (ns):             10.710
  Arrival (ns):           14.960
  Clock to Out (ns):      14.960
  Operating Conditions: slow_lv_ht


Expanded Path 1
  From: MSS_WRAPPER_0/MPFS_DISCOVERY_KIT_MSS_0/I_MSS:SPI_0_CLK_F2M
  To: MBUS_SPI_MOSI
  data required time                                    N/C
  data arrival time                          -       14.960
  slack                                                 N/C
  ________________________________________________________
  Data arrival time calculation
  0.000                        MBUS_SPI_CLK
               +     0.000          Clock source
  0.000                        MBUS_SPI_CLK (f)
               +     1.199          cell: ADLIB:IOPAD_BI
  1.199                        MSS_WRAPPER_0/SPI_0_CLK_BIBUF/U_IOPAD:Y (f)
               +     0.000          net: MSS_WRAPPER_0/SPI_0_CLK_BIBUF/YIN
  1.199                        MSS_WRAPPER_0/SPI_0_CLK_BIBUF/U_IOBI:YIN (f)
               +     0.338          cell: ADLIB:IOBI_IB_OB_EB
  1.537                        MSS_WRAPPER_0/SPI_0_CLK_BIBUF/U_IOBI:Y (f)
               +     2.713          net: MSS_WRAPPER_0/SPI_0_CLK_BIBUF_Y
  4.250                        MSS_WRAPPER_0/MPFS_DISCOVERY_KIT_MSS_0/I_MSS:SPI_0_CLK_F2M (f)
               +     3.145          cell: ADLIB:MSS
  7.395                        MSS_WRAPPER_0/MPFS_DISCOVERY_KIT_MSS_0/I_MSS:SPI_0_DO_M2F (f)
               +     4.020          net: MBUS_SPI_MOSI_c
  11.415                       MBUS_SPI_MOSI_obuf/U_IOTRI:D (f)
               +     0.918          cell: ADLIB:IOTRI_OB_EB
  12.333                       MBUS_SPI_MOSI_obuf/U_IOTRI:DOUT (f)
               +     0.000          net: MBUS_SPI_MOSI_obuf/DOUT
  12.333                       MBUS_SPI_MOSI_obuf/U_IOPAD:D (f)
               +     2.627          cell: ADLIB:IOPAD_TRI
  14.960                       MBUS_SPI_MOSI_obuf/U_IOPAD:PAD (f)
               +     0.000          net: MBUS_SPI_MOSI
  14.960                       MBUS_SPI_MOSI (f)
                                    
  14.960                       data arrival time
  ________________________________________________________
  Data required time calculation
  N/C                          MBUS_SPI_CLK
                                    
  N/C                          MBUS_SPI_MOSI (f)


Operating Conditions : slow_lv_ht

END SET Clock to Output

----------------------------------------------------

SET Register to Asynchronous

No Path 

END SET Register to Asynchronous

----------------------------------------------------

SET External Recovery

Path 1
  From: MBUS_SPI_CS
  To:   MSS_WRAPPER_0/MPFS_DISCOVERY_KIT_MSS_0/I_MSS:SPI_0_SS_F2M
  Delay (ns):              3.937
  Arrival (ns):            3.937
  Recovery (ns):           1.686
  External Recovery (ns):   2.557
  Operating Conditions: slow_lv_lt


Expanded Path 1
  From: MBUS_SPI_CS
  To: MSS_WRAPPER_0/MPFS_DISCOVERY_KIT_MSS_0/I_MSS:SPI_0_SS_F2M
  data required time                                    N/C
  data arrival time                          -        3.937
  slack                                                 N/C
  ________________________________________________________
  Data arrival time calculation
  0.000                        MBUS_SPI_CS (f)
               +     1.082          cell: ADLIB:IOPAD_BI
  1.082                        MSS_WRAPPER_0/SPI_0_SS_BIBUF/U_IOPAD:Y (f)
               +     0.000          net: MSS_WRAPPER_0/SPI_0_SS_BIBUF/YIN
  1.082                        MSS_WRAPPER_0/SPI_0_SS_BIBUF/U_IOBI:YIN (f)
               +     0.267          cell: ADLIB:IOBI_IB_OB_EB
  1.349                        MSS_WRAPPER_0/SPI_0_SS_BIBUF/U_IOBI:Y (f)
               +     2.588          net: MSS_WRAPPER_0/SPI_0_SS_BIBUF_Y
  3.937                        MSS_WRAPPER_0/MPFS_DISCOVERY_KIT_MSS_0/I_MSS:SPI_0_SS_F2M (f)
                                    
  3.937                        data arrival time
  ________________________________________________________
  Data required time calculation
  N/C                          MBUS_SPI_CLK
               +     0.000          Clock source
  N/C                          MBUS_SPI_CLK (f)
               +     0.943          cell: ADLIB:IOPAD_BI
  N/C                          MSS_WRAPPER_0/SPI_0_CLK_BIBUF/U_IOPAD:Y (f)
               +     0.000          net: MSS_WRAPPER_0/SPI_0_CLK_BIBUF/YIN
  N/C                          MSS_WRAPPER_0/SPI_0_CLK_BIBUF/U_IOBI:YIN (f)
               +     0.255          cell: ADLIB:IOBI_IB_OB_EB
  N/C                          MSS_WRAPPER_0/SPI_0_CLK_BIBUF/U_IOBI:Y (f)
               +     1.868          net: MSS_WRAPPER_0/SPI_0_CLK_BIBUF_Y
  N/C                          MSS_WRAPPER_0/MPFS_DISCOVERY_KIT_MSS_0/I_MSS:SPI_0_CLK_F2M (f)
               -     1.686          Library recovery time: ADLIB:MSS
  N/C                          MSS_WRAPPER_0/MPFS_DISCOVERY_KIT_MSS_0/I_MSS:SPI_0_SS_F2M


Operating Conditions : slow_lv_lt

END SET External Recovery

----------------------------------------------------

SET Asynchronous to Register

No Path 

END SET Asynchronous to Register

----------------------------------------------------

Clock Domain MSS_WRAPPER_0/MPFS_DISCOVERY_KIT_MSS_0/I_MSS:SPI_0_CLK_M2F

SET Register to Register

No Path 

END SET Register to Register

----------------------------------------------------

SET External Setup

No Path 

END SET External Setup

----------------------------------------------------

SET Clock to Output

No Path 

END SET Clock to Output

----------------------------------------------------

SET Register to Asynchronous

No Path 

END SET Register to Asynchronous

----------------------------------------------------

SET External Recovery

No Path 

END SET External Recovery

----------------------------------------------------

SET Asynchronous to Register

No Path 

END SET Asynchronous to Register

----------------------------------------------------

Clock Domain MSS_WRAPPER_0/MPFS_DISCOVERY_KIT_MSS_0/I_MSS:SPI_0_CLK_M2F

SET Register to Register

No Path 

END SET Register to Register

----------------------------------------------------

SET External Setup

No Path 

END SET External Setup

----------------------------------------------------

SET Clock to Output

No Path 

END SET Clock to Output

----------------------------------------------------

SET Register to Asynchronous

No Path 

END SET Register to Asynchronous

----------------------------------------------------

SET External Recovery

No Path 

END SET External Recovery

----------------------------------------------------

SET Asynchronous to Register

No Path 

END SET Asynchronous to Register

----------------------------------------------------

Clock Domain REF_CLK_50MHz

Info: The maximum frequency of this clock domain is limited by the minimum pulse widths of pin REF_CLK_50MHz_ibuf/U_IOPAD:PAD

SET Register to Register

No Path 

END SET Register to Register

----------------------------------------------------

SET External Setup

No Path 

END SET External Setup

----------------------------------------------------

SET Clock to Output

No Path 

END SET Clock to Output

----------------------------------------------------

SET Register to Asynchronous

No Path 

END SET Register to Asynchronous

----------------------------------------------------

SET External Recovery

No Path 

END SET External Recovery

----------------------------------------------------

SET Asynchronous to Register

No Path 

END SET Asynchronous to Register

----------------------------------------------------

Clock Domain CLOCKS_AND_RESETS_0/CCC_FIC_x_CLK/PF_CCC_C0_0/pll_inst_0/OUT1

Info: The maximum frequency of this clock domain is limited by the period of pin MSS_WRAPPER_0/MPFS_DISCOVERY_KIT_MSS_0/I_MSS:FIC_1_ACLK

SET Register to Register

No Path 

END SET Register to Register

----------------------------------------------------

SET External Setup

No Path 

END SET External Setup

----------------------------------------------------

SET Clock to Output

No Path 

END SET Clock to Output

----------------------------------------------------

SET Register to Asynchronous

No Path 

END SET Register to Asynchronous

----------------------------------------------------

SET External Recovery

No Path 

END SET External Recovery

----------------------------------------------------

SET Asynchronous to Register

No Path 

END SET Asynchronous to Register

----------------------------------------------------

Clock Domain CLOCKS_AND_RESETS_0/CCC_FIC_x_CLK/PF_CCC_C0_0/pll_inst_0/OUT2

Info: The maximum frequency of this clock domain is limited by the period of pin MSS_WRAPPER_0/MPFS_DISCOVERY_KIT_MSS_0/I_MSS:FIC_2_ACLK

SET Register to Register

No Path 

END SET Register to Register

----------------------------------------------------

SET External Setup

No Path 

END SET External Setup

----------------------------------------------------

SET Clock to Output

No Path 

END SET Clock to Output

----------------------------------------------------

SET Register to Asynchronous

No Path 

END SET Register to Asynchronous

----------------------------------------------------

SET External Recovery

No Path 

END SET External Recovery

----------------------------------------------------

SET Asynchronous to Register

No Path 

END SET Asynchronous to Register

----------------------------------------------------

Path set Pin to Pin

SET Input to Output

No Path 

END SET Input to Output

----------------------------------------------------

