Timing Report Max Delay Analysis

SmartTime Version 2025.2
Microchip Technology Inc. - Microchip Libero Software Release 2025.2 (Version 2025.2.0.14)
Date: Fri Apr 10 23:03:00 2026


Design: MPFS_DISCOVERY_KIT
Family: PolarFireSoC
Die: MPFS095T
Package: FCSG325
Temperature Range: 0 - 100 C
Voltage Range: 0.97 - 1.03 V
Speed Grade: -1
Design State: Post-Layout
Data source: Production
Multi Corner Report Operating Conditions: slow_lv_lt,fast_hv_lt,slow_lv_ht


-----------------------------------------------------
SUMMARY

Clock Domain:               CLOCKS_AND_RESETS_0/CCC_FIC_x_CLK/PF_CCC_C0_0/pll_inst_0/OUT0
Required Period (ns):       8.000
Required Frequency (MHz):   125.000
Worst Slack (ns):           -0.249
Operating Conditions:       slow_lv_ht

Clock Domain:               CLOCKS_AND_RESETS_0/CCC_FIC_x_CLK/PF_CCC_C0_0/pll_inst_0/OUT1
Required Period (ns):       8.000
Required Frequency (MHz):   125.000
Worst Slack (ns):           -0.238
Operating Conditions:       slow_lv_ht

Clock Domain:               CLOCKS_AND_RESETS_0/CCC_FIC_x_CLK/PF_CCC_C0_0/pll_inst_0/OUT3
Required Period (ns):       20.000
Required Frequency (MHz):   50.000
Worst Slack (ns):           2.072
Operating Conditions:       slow_lv_ht

Clock Domain:               FIC_0_PERIPHERALS_0/security_core_0/rng/neoTRNG_0/entropy_cell_gen.0.neoTRNG_cell_inst/sreg_0[0]:Q
Required Period (ns):       N/A
Required Frequency (MHz):   N/A
Worst Slack (ns):           
Operating Conditions:       

Clock Domain:               FIC_0_PERIPHERALS_0/security_core_0/rng/neoTRNG_0/entropy_cell_gen.0.neoTRNG_cell_inst/sreg_1[0]:Q
Required Period (ns):       N/A
Required Frequency (MHz):   N/A
Worst Slack (ns):           
Operating Conditions:       

Clock Domain:               FIC_0_PERIPHERALS_0/security_core_0/rng/neoTRNG_0/entropy_cell_gen.0.neoTRNG_cell_inst/sreg_2[0]:Q
Required Period (ns):       N/A
Required Frequency (MHz):   N/A
Worst Slack (ns):           
Operating Conditions:       

Clock Domain:               FIC_0_PERIPHERALS_0/security_core_0/rng/neoTRNG_0/entropy_cell_gen.0.neoTRNG_cell_inst/sreg_3[0]:Q
Required Period (ns):       N/A
Required Frequency (MHz):   N/A
Worst Slack (ns):           
Operating Conditions:       

Clock Domain:               FIC_0_PERIPHERALS_0/security_core_0/rng/neoTRNG_0/entropy_cell_gen.0.neoTRNG_cell_inst/sreg_4[0]:Q
Required Period (ns):       N/A
Required Frequency (MHz):   N/A
Worst Slack (ns):           
Operating Conditions:       

Clock Domain:               FIC_0_PERIPHERALS_0/security_core_0/rng/neoTRNG_0/entropy_cell_gen.1.neoTRNG_cell_inst/sreg_0[0]:Q
Required Period (ns):       N/A
Required Frequency (MHz):   N/A
Worst Slack (ns):           
Operating Conditions:       

Clock Domain:               FIC_0_PERIPHERALS_0/security_core_0/rng/neoTRNG_0/entropy_cell_gen.1.neoTRNG_cell_inst/sreg_1[0]:Q
Required Period (ns):       N/A
Required Frequency (MHz):   N/A
Worst Slack (ns):           
Operating Conditions:       

Clock Domain:               FIC_0_PERIPHERALS_0/security_core_0/rng/neoTRNG_0/entropy_cell_gen.1.neoTRNG_cell_inst/sreg_2[0]:Q
Required Period (ns):       N/A
Required Frequency (MHz):   N/A
Worst Slack (ns):           
Operating Conditions:       

Clock Domain:               FIC_0_PERIPHERALS_0/security_core_0/rng/neoTRNG_0/entropy_cell_gen.1.neoTRNG_cell_inst/sreg_3[0]:Q
Required Period (ns):       N/A
Required Frequency (MHz):   N/A
Worst Slack (ns):           
Operating Conditions:       

Clock Domain:               FIC_0_PERIPHERALS_0/security_core_0/rng/neoTRNG_0/entropy_cell_gen.1.neoTRNG_cell_inst/sreg_4[0]:Q
Required Period (ns):       N/A
Required Frequency (MHz):   N/A
Worst Slack (ns):           
Operating Conditions:       

Clock Domain:               FIC_0_PERIPHERALS_0/security_core_0/rng/neoTRNG_0/entropy_cell_gen.1.neoTRNG_cell_inst/sreg_5[0]:Q
Required Period (ns):       N/A
Required Frequency (MHz):   N/A
Worst Slack (ns):           
Operating Conditions:       

Clock Domain:               FIC_0_PERIPHERALS_0/security_core_0/rng/neoTRNG_0/entropy_cell_gen.1.neoTRNG_cell_inst/sreg_6[0]:Q
Required Period (ns):       N/A
Required Frequency (MHz):   N/A
Worst Slack (ns):           
Operating Conditions:       

Clock Domain:               FIC_0_PERIPHERALS_0/security_core_0/rng/neoTRNG_0/entropy_cell_gen.2.neoTRNG_cell_inst/sreg_0[0]:Q
Required Period (ns):       N/A
Required Frequency (MHz):   N/A
Worst Slack (ns):           
Operating Conditions:       

Clock Domain:               FIC_0_PERIPHERALS_0/security_core_0/rng/neoTRNG_0/entropy_cell_gen.2.neoTRNG_cell_inst/sreg_1[0]:Q
Required Period (ns):       N/A
Required Frequency (MHz):   N/A
Worst Slack (ns):           
Operating Conditions:       

Clock Domain:               FIC_0_PERIPHERALS_0/security_core_0/rng/neoTRNG_0/entropy_cell_gen.2.neoTRNG_cell_inst/sreg_2[0]:Q
Required Period (ns):       N/A
Required Frequency (MHz):   N/A
Worst Slack (ns):           
Operating Conditions:       

Clock Domain:               FIC_0_PERIPHERALS_0/security_core_0/rng/neoTRNG_0/entropy_cell_gen.2.neoTRNG_cell_inst/sreg_3[0]:Q
Required Period (ns):       N/A
Required Frequency (MHz):   N/A
Worst Slack (ns):           
Operating Conditions:       

Clock Domain:               FIC_0_PERIPHERALS_0/security_core_0/rng/neoTRNG_0/entropy_cell_gen.2.neoTRNG_cell_inst/sreg_4[0]:Q
Required Period (ns):       N/A
Required Frequency (MHz):   N/A
Worst Slack (ns):           
Operating Conditions:       

Clock Domain:               FIC_0_PERIPHERALS_0/security_core_0/rng/neoTRNG_0/entropy_cell_gen.2.neoTRNG_cell_inst/sreg_5[0]:Q
Required Period (ns):       N/A
Required Frequency (MHz):   N/A
Worst Slack (ns):           
Operating Conditions:       

Clock Domain:               FIC_0_PERIPHERALS_0/security_core_0/rng/neoTRNG_0/entropy_cell_gen.2.neoTRNG_cell_inst/sreg_6[0]:Q
Required Period (ns):       N/A
Required Frequency (MHz):   N/A
Worst Slack (ns):           
Operating Conditions:       

Clock Domain:               FIC_0_PERIPHERALS_0/security_core_0/rng/neoTRNG_0/entropy_cell_gen.2.neoTRNG_cell_inst/sreg_7[0]:Q
Required Period (ns):       N/A
Required Frequency (MHz):   N/A
Worst Slack (ns):           
Operating Conditions:       

Clock Domain:               FIC_0_PERIPHERALS_0/security_core_0/rng/neoTRNG_0/entropy_cell_gen.2.neoTRNG_cell_inst/sreg_8[0]:Q
Required Period (ns):       N/A
Required Frequency (MHz):   N/A
Worst Slack (ns):           
Operating Conditions:       

Clock Domain:               MBUS_SPI_CLK
Required Period (ns):       N/A
Required Frequency (MHz):   N/A
Worst Slack (ns):           
Operating Conditions:       

Clock Domain:               MIPI_CAMERA_0/PF_CCC_C1_0/PF_CCC_C1_0/pll_inst_0/OUT0
Required Period (ns):       20.000
Required Frequency (MHz):   50.000
Worst Slack (ns):           -1.929
Operating Conditions:       slow_lv_ht

Clock Domain:               MIPI_CAMERA_0/PF_IOD_GENERIC_RX_C0_0/COREBCLKSCLKALIGN_0/PF_IOD_GENERIC_RX_C0_TR_0/genblk1.U_ICB_BCLKSCLKALIGN/RX_CLK_ALIGN_MOVE:Q
Required Period (ns):       N/A
Required Frequency (MHz):   N/A
Worst Slack (ns):           
Operating Conditions:       

Clock Domain:               MIPI_CAMERA_0/PF_IOD_GENERIC_RX_C0_0/PF_CLK_DIV_FIFO/I_CDD/Y_DIV
Required Period (ns):       16.000
Required Frequency (MHz):   62.500
Worst Slack (ns):           -0.310
Operating Conditions:       slow_lv_ht

Clock Domain:               MSS_WRAPPER_0/MPFS_DISCOVERY_KIT_MSS_0/I_MSS:SPI_0_CLK_M2F
Required Period (ns):       N/A
Required Frequency (MHz):   N/A
Worst Slack (ns):           
Operating Conditions:       

Clock Domain:               MSS_WRAPPER_0/MPFS_DISCOVERY_KIT_MSS_0/I_MSS:SPI_0_CLK_M2F
Required Period (ns):       N/A
Required Frequency (MHz):   N/A
Worst Slack (ns):           
Operating Conditions:       

Clock Domain:               REF_CLK_50MHz
Required Period (ns):       20.000
Required Frequency (MHz):   50.000
Worst Slack (ns):           
Operating Conditions:       

Clock Domain:               RX_CLK_P
Required Period (ns):       4.000
Required Frequency (MHz):   250.000
Worst Slack (ns):           
Operating Conditions:       

Clock Domain:               CLOCKS_AND_RESETS_0/CCC_FIC_x_CLK/PF_CCC_C0_0/pll_inst_0/OUT2
Required Period (ns):       8.000
Required Frequency (MHz):   125.000
Worst Slack (ns):           
Operating Conditions:       

                            Input to Output
Max Delay (ns):             N/A

END SUMMARY
-----------------------------------------------------

Clock Domain CLOCKS_AND_RESETS_0/CCC_FIC_x_CLK/PF_CCC_C0_0/pll_inst_0/OUT0

SET Register to Register

Path 1
  From: CLOCKS_AND_RESETS_0/RESET_FIC_0_CLK/CORERESET_0/dff_15[0]:CLK
  To:   FIC_0_PERIPHERALS_0/security_core_0/dec/s_o[2][6][5]:EN
  Delay (ns):              7.875
  Slack (ns):             -0.249
  Arrival (ns):           15.508
  Required (ns):          15.259
  Setup (ns):              0.128
  Minimum Period (ns):     8.114
  Operating Conditions: slow_lv_ht

Path 2
  From: CLOCKS_AND_RESETS_0/RESET_FIC_0_CLK/CORERESET_0/dff_15[0]:CLK
  To:   FIC_0_PERIPHERALS_0/security_core_0/dec/s_o[2][6][0]:EN
  Delay (ns):              7.875
  Slack (ns):             -0.249
  Arrival (ns):           15.508
  Required (ns):          15.259
  Setup (ns):              0.128
  Minimum Period (ns):     8.114
  Operating Conditions: slow_lv_ht

Path 3
  From: CLOCKS_AND_RESETS_0/RESET_FIC_0_CLK/CORERESET_0/dff_15[0]:CLK
  To:   FIC_0_PERIPHERALS_0/security_core_0/dec/s_o[1][5][1]:EN
  Delay (ns):              7.848
  Slack (ns):             -0.214
  Arrival (ns):           15.481
  Required (ns):          15.267
  Setup (ns):              0.128
  Minimum Period (ns):     8.079
  Operating Conditions: slow_lv_ht

Path 4
  From: CLOCKS_AND_RESETS_0/RESET_FIC_0_CLK/CORERESET_0/dff_15[0]:CLK
  To:   FIC_0_PERIPHERALS_0/security_core_0/dec/s_o[1][5][5]:EN
  Delay (ns):              7.847
  Slack (ns):             -0.213
  Arrival (ns):           15.480
  Required (ns):          15.267
  Setup (ns):              0.128
  Minimum Period (ns):     8.078
  Operating Conditions: slow_lv_ht

Path 5
  From: CLOCKS_AND_RESETS_0/RESET_FIC_0_CLK/CORERESET_0/dff_15[0]:CLK
  To:   FIC_0_PERIPHERALS_0/security_core_0/dec/s_o[0][4][1]:EN
  Delay (ns):              7.833
  Slack (ns):             -0.200
  Arrival (ns):           15.466
  Required (ns):          15.266
  Setup (ns):              0.128
  Minimum Period (ns):     8.065
  Operating Conditions: slow_lv_ht


Expanded Path 1
  From: CLOCKS_AND_RESETS_0/RESET_FIC_0_CLK/CORERESET_0/dff_15[0]:CLK
  To: FIC_0_PERIPHERALS_0/security_core_0/dec/s_o[2][6][5]:EN
  data required time                                 15.259
  data arrival time                          -       15.508
  slack                                              -0.249
  ________________________________________________________
  Data arrival time calculation
  0.000                        CLOCKS_AND_RESETS_0/CCC_FIC_x_CLK/PF_CCC_C0_0/pll_inst_0/OUT0
               +     0.000          Clock source
  0.000                        CLOCKS_AND_RESETS_0/CCC_FIC_x_CLK/PF_CCC_C0_0/pll_inst_0:OUT0 (r)
               +     4.312          Clock generation
  4.312                        
               +     1.709          net: CLOCKS_AND_RESETS_0/CCC_FIC_x_CLK/PF_CCC_C0_0/pll_inst_0_clkint_0
  6.021                        CLOCKS_AND_RESETS_0/CCC_FIC_x_CLK/PF_CCC_C0_0/clkint_0_1:A (r)
               +     0.150          cell: ADLIB:ICB_CLKINT
  6.171                        CLOCKS_AND_RESETS_0/CCC_FIC_x_CLK/PF_CCC_C0_0/clkint_0_1:Y (r)
               +     0.386          net: CLOCKS_AND_RESETS_0/CCC_FIC_x_CLK/PF_CCC_C0_0/clkint_0_NET
  6.557                        CLOCKS_AND_RESETS_0/CCC_FIC_x_CLK/PF_CCC_C0_0/clkint_0:A (r)
               +     0.161          cell: ADLIB:GB
  6.718                        CLOCKS_AND_RESETS_0/CCC_FIC_x_CLK/PF_CCC_C0_0/clkint_0:Y (r)
               +     0.387          net: CLOCKS_AND_RESETS_0/CCC_FIC_x_CLK/PF_CCC_C0_0/clkint_0/U0_Y
  7.105                        CLOCKS_AND_RESETS_0/CCC_FIC_x_CLK/PF_CCC_C0_0/clkint_0/U0_RGB1_RGB18:A (r)
               +     0.058          cell: ADLIB:RGB
  7.163                        CLOCKS_AND_RESETS_0/CCC_FIC_x_CLK/PF_CCC_C0_0/clkint_0/U0_RGB1_RGB18:Y (f)
               +     0.470          net: CLOCKS_AND_RESETS_0/CCC_FIC_x_CLK/PF_CCC_C0_0/clkint_0/U0_RGB1_RGB18_rgb_net_1
  7.633                        CLOCKS_AND_RESETS_0/RESET_FIC_0_CLK/CORERESET_0/dff_15[0]:CLK (r)
               +     0.201          cell: ADLIB:SLE
  7.834                        CLOCKS_AND_RESETS_0/RESET_FIC_0_CLK/CORERESET_0/dff_15[0]:Q (r)
               +     6.281          net: CLOCKS_AND_RESETS_0_RESET_FIC_0_CLK_CORERESET_0_dff
  14.115                       FIC_0_PERIPHERALS_0/security_core_0/dec/s_o[0][0]_0_sqmuxa_1:B (r)
               +     0.053          cell: ADLIB:CFG4
  14.168                       FIC_0_PERIPHERALS_0/security_core_0/dec/s_o[0][0]_0_sqmuxa_1:Y (r)
               +     0.266          net: FIC_0_PERIPHERALS_0/security_core_0/dec/s_o_0__0__0_sqmuxa_1
  14.434                       FIC_0_PERIPHERALS_0/security_core_0/dec/s_o[0][6]_0_sqmuxa_0_a2:C (r)
               +     0.053          cell: ADLIB:CFG4
  14.487                       FIC_0_PERIPHERALS_0/security_core_0/dec/s_o[0][6]_0_sqmuxa_0_a2:Y (r)
               +     1.021          net: FIC_0_PERIPHERALS_0/security_core_0/dec/s_o_0__6__0_sqmuxa
  15.508                       FIC_0_PERIPHERALS_0/security_core_0/dec/s_o[2][6][5]:EN (r)
                                    
  15.508                       data arrival time
  ________________________________________________________
  Data required time calculation
  8.000                        CLOCKS_AND_RESETS_0/CCC_FIC_x_CLK/PF_CCC_C0_0/pll_inst_0/OUT0
               +     0.000          Clock source
  8.000                        CLOCKS_AND_RESETS_0/CCC_FIC_x_CLK/PF_CCC_C0_0/pll_inst_0:OUT0 (r)
               +     3.893          Clock generation
  11.893                       
               +     1.555          net: CLOCKS_AND_RESETS_0/CCC_FIC_x_CLK/PF_CCC_C0_0/pll_inst_0_clkint_0
  13.448                       CLOCKS_AND_RESETS_0/CCC_FIC_x_CLK/PF_CCC_C0_0/clkint_0_1:A (r)
               +     0.130          cell: ADLIB:ICB_CLKINT
  13.578                       CLOCKS_AND_RESETS_0/CCC_FIC_x_CLK/PF_CCC_C0_0/clkint_0_1:Y (r)
               +     0.352          net: CLOCKS_AND_RESETS_0/CCC_FIC_x_CLK/PF_CCC_C0_0/clkint_0_NET
  13.930                       CLOCKS_AND_RESETS_0/CCC_FIC_x_CLK/PF_CCC_C0_0/clkint_0/U0_GB0:A (r)
               +     0.152          cell: ADLIB:GB
  14.082                       CLOCKS_AND_RESETS_0/CCC_FIC_x_CLK/PF_CCC_C0_0/clkint_0/U0_GB0:Y (r)
               +     0.365          net: CLOCKS_AND_RESETS_0/CCC_FIC_x_CLK/PF_CCC_C0_0/clkint_0/U0_gbs_1
  14.447                       CLOCKS_AND_RESETS_0/CCC_FIC_x_CLK/PF_CCC_C0_0/clkint_0/U0_RGB1_RGB12:A (r)
               +     0.052          cell: ADLIB:RGB
  14.499                       CLOCKS_AND_RESETS_0/CCC_FIC_x_CLK/PF_CCC_C0_0/clkint_0/U0_RGB1_RGB12:Y (f)
               +     0.396          net: CLOCKS_AND_RESETS_0/CCC_FIC_x_CLK/PF_CCC_C0_0/clkint_0/U0_RGB1_RGB12_rgb_net_1
  14.895                       FIC_0_PERIPHERALS_0/security_core_0/dec/s_o[2][6][5]:CLK (r)
               +     0.627          
  15.522                       clock reconvergence pessimism
               -     0.135          
  15.387                       clock jitter
               -     0.128          Library setup time: ADLIB:SLE
  15.259                       FIC_0_PERIPHERALS_0/security_core_0/dec/s_o[2][6][5]:EN
                                    
  15.259                       data required time


Operating Conditions : slow_lv_ht

END SET Register to Register

----------------------------------------------------

SET External Setup

No Path 

END SET External Setup

----------------------------------------------------

SET Clock to Output

No Path 

END SET Clock to Output

----------------------------------------------------

SET Register to Asynchronous

Path 1
  From: CLOCKS_AND_RESETS_0/RESET_FIC_0_CLK/CORERESET_0/dff_15[0]:CLK
  To:   FIC_0_PERIPHERALS_0/DMA_CONTROLLER_inst_0/DMA_CONTROLLER_0/U_bufferDescriptors/BYTE_CNT_RAM/genblk1.genblk1.LI_ram_wrapper_bd/ram_bd/DMA_CONTROLLER_DMA_CONTROLLER_0_SRAM_bd_R0C0/INST_RAM1K20_IP:A_DOUT_ARST_N
  Delay (ns):              4.652
  Slack (ns):              3.017
  Arrival (ns):           12.285
  Required (ns):          15.302
  Recovery (ns):           0.281
  Minimum Period (ns):     4.848
  Skew (ns):              -0.085
  Operating Conditions: slow_lv_ht

Path 2
  From: CLOCKS_AND_RESETS_0/RESET_FIC_0_CLK/CORERESET_0/dff_15[0]:CLK
  To:   FIC_0_PERIPHERALS_0/DMA_CONTROLLER_inst_0/DMA_CONTROLLER_0/U_bufferDescriptors/CONFIG_RAM/genblk1.genblk1.LI_ram_wrapper_bd/ram_bd/DMA_CONTROLLER_DMA_CONTROLLER_0_SRAM_bd_R0C0/INST_RAM1K20_IP:A_DOUT_ARST_N
  Delay (ns):              4.577
  Slack (ns):              3.095
  Arrival (ns):           12.210
  Required (ns):          15.305
  Recovery (ns):           0.281
  Minimum Period (ns):     4.770
  Skew (ns):              -0.088
  Operating Conditions: slow_lv_ht

Path 3
  From: CLOCKS_AND_RESETS_0/RESET_FIC_0_CLK/CORERESET_0/dff_15[0]:CLK
  To:   FIC_0_PERIPHERALS_0/DMA_CONTROLLER_inst_0/DMA_CONTROLLER_0/U_bufferDescriptors/NEXT_DSCRPTR_RAM/genblk1.genblk1.LI_ram_wrapper_bd/ram_bd/DMA_CONTROLLER_DMA_CONTROLLER_0_SRAM_bd_R0C0/INST_RAM1K20_IP:A_DOUT_ARST_N
  Delay (ns):              4.422
  Slack (ns):              3.248
  Arrival (ns):           12.055
  Required (ns):          15.303
  Recovery (ns):           0.281
  Minimum Period (ns):     4.617
  Skew (ns):              -0.086
  Operating Conditions: slow_lv_ht

Path 4
  From: CLOCKS_AND_RESETS_0/RESET_FIC_0_CLK/CORERESET_0/dff_15[0]:CLK
  To:   FIC_0_PERIPHERALS_0/DMA_CONTROLLER_inst_0/DMA_CONTROLLER_0/U_bufferDescriptors/SRC_ADDR_RAM/genblk1.genblk1.LI_ram_wrapper_bd/ram_bd/DMA_CONTROLLER_DMA_CONTROLLER_0_SRAM_bd_R0C0/INST_RAM1K20_IP:A_DOUT_ARST_N
  Delay (ns):              4.379
  Slack (ns):              3.288
  Arrival (ns):           12.012
  Required (ns):          15.300
  Recovery (ns):           0.281
  Minimum Period (ns):     4.577
  Skew (ns):              -0.083
  Operating Conditions: slow_lv_ht

Path 5
  From: CLOCKS_AND_RESETS_0/RESET_FIC_0_CLK/CORERESET_0/dff_15[0]:CLK
  To:   FIC_0_PERIPHERALS_0/DMA_CONTROLLER_inst_0/DMA_CONTROLLER_0/U_bufferDescriptors/DEST_ADDR_RAM/genblk1.genblk1.LI_ram_wrapper_bd/ram_bd/DMA_CONTROLLER_DMA_CONTROLLER_0_SRAM_bd_R0C0/INST_RAM1K20_IP:A_DOUT_ARST_N
  Delay (ns):              4.247
  Slack (ns):              3.421
  Arrival (ns):           11.880
  Required (ns):          15.301
  Recovery (ns):           0.281
  Minimum Period (ns):     4.444
  Skew (ns):              -0.084
  Operating Conditions: slow_lv_ht


Expanded Path 1
  From: CLOCKS_AND_RESETS_0/RESET_FIC_0_CLK/CORERESET_0/dff_15[0]:CLK
  To: FIC_0_PERIPHERALS_0/DMA_CONTROLLER_inst_0/DMA_CONTROLLER_0/U_bufferDescriptors/BYTE_CNT_RAM/genblk1.genblk1.LI_ram_wrapper_bd/ram_bd/DMA_CONTROLLER_DMA_CONTROLLER_0_SRAM_bd_R0C0/INST_RAM1K20_IP:A_DOUT_ARST_N
  data required time                                 15.302
  data arrival time                          -       12.285
  slack                                               3.017
  ________________________________________________________
  Data arrival time calculation
  0.000                        CLOCKS_AND_RESETS_0/CCC_FIC_x_CLK/PF_CCC_C0_0/pll_inst_0/OUT0
               +     0.000          Clock source
  0.000                        CLOCKS_AND_RESETS_0/CCC_FIC_x_CLK/PF_CCC_C0_0/pll_inst_0:OUT0 (r)
               +     4.312          Clock generation
  4.312                        
               +     1.709          net: CLOCKS_AND_RESETS_0/CCC_FIC_x_CLK/PF_CCC_C0_0/pll_inst_0_clkint_0
  6.021                        CLOCKS_AND_RESETS_0/CCC_FIC_x_CLK/PF_CCC_C0_0/clkint_0_1:A (r)
               +     0.150          cell: ADLIB:ICB_CLKINT
  6.171                        CLOCKS_AND_RESETS_0/CCC_FIC_x_CLK/PF_CCC_C0_0/clkint_0_1:Y (r)
               +     0.386          net: CLOCKS_AND_RESETS_0/CCC_FIC_x_CLK/PF_CCC_C0_0/clkint_0_NET
  6.557                        CLOCKS_AND_RESETS_0/CCC_FIC_x_CLK/PF_CCC_C0_0/clkint_0:A (r)
               +     0.161          cell: ADLIB:GB
  6.718                        CLOCKS_AND_RESETS_0/CCC_FIC_x_CLK/PF_CCC_C0_0/clkint_0:Y (r)
               +     0.387          net: CLOCKS_AND_RESETS_0/CCC_FIC_x_CLK/PF_CCC_C0_0/clkint_0/U0_Y
  7.105                        CLOCKS_AND_RESETS_0/CCC_FIC_x_CLK/PF_CCC_C0_0/clkint_0/U0_RGB1_RGB18:A (r)
               +     0.058          cell: ADLIB:RGB
  7.163                        CLOCKS_AND_RESETS_0/CCC_FIC_x_CLK/PF_CCC_C0_0/clkint_0/U0_RGB1_RGB18:Y (f)
               +     0.470          net: CLOCKS_AND_RESETS_0/CCC_FIC_x_CLK/PF_CCC_C0_0/clkint_0/U0_RGB1_RGB18_rgb_net_1
  7.633                        CLOCKS_AND_RESETS_0/RESET_FIC_0_CLK/CORERESET_0/dff_15[0]:CLK (r)
               +     0.201          cell: ADLIB:SLE
  7.834                        CLOCKS_AND_RESETS_0/RESET_FIC_0_CLK/CORERESET_0/dff_15[0]:Q (r)
               +     4.451          net: CLOCKS_AND_RESETS_0_RESET_FIC_0_CLK_CORERESET_0_dff
  12.285                       FIC_0_PERIPHERALS_0/DMA_CONTROLLER_inst_0/DMA_CONTROLLER_0/U_bufferDescriptors/BYTE_CNT_RAM/genblk1.genblk1.LI_ram_wrapper_bd/ram_bd/DMA_CONTROLLER_DMA_CONTROLLER_0_SRAM_bd_R0C0/INST_RAM1K20_IP:A_DOUT_ARST_N (r)
                                    
  12.285                       data arrival time
  ________________________________________________________
  Data required time calculation
  8.000                        CLOCKS_AND_RESETS_0/CCC_FIC_x_CLK/PF_CCC_C0_0/pll_inst_0/OUT0
               +     0.000          Clock source
  8.000                        CLOCKS_AND_RESETS_0/CCC_FIC_x_CLK/PF_CCC_C0_0/pll_inst_0:OUT0 (r)
               +     3.893          Clock generation
  11.893                       
               +     1.555          net: CLOCKS_AND_RESETS_0/CCC_FIC_x_CLK/PF_CCC_C0_0/pll_inst_0_clkint_0
  13.448                       CLOCKS_AND_RESETS_0/CCC_FIC_x_CLK/PF_CCC_C0_0/clkint_0_1:A (r)
               +     0.130          cell: ADLIB:ICB_CLKINT
  13.578                       CLOCKS_AND_RESETS_0/CCC_FIC_x_CLK/PF_CCC_C0_0/clkint_0_1:Y (r)
               +     0.352          net: CLOCKS_AND_RESETS_0/CCC_FIC_x_CLK/PF_CCC_C0_0/clkint_0_NET
  13.930                       CLOCKS_AND_RESETS_0/CCC_FIC_x_CLK/PF_CCC_C0_0/clkint_0:A (r)
               +     0.147          cell: ADLIB:GB
  14.077                       CLOCKS_AND_RESETS_0/CCC_FIC_x_CLK/PF_CCC_C0_0/clkint_0:Y (r)
               +     0.375          net: CLOCKS_AND_RESETS_0/CCC_FIC_x_CLK/PF_CCC_C0_0/clkint_0/U0_Y
  14.452                       CLOCKS_AND_RESETS_0/CCC_FIC_x_CLK/PF_CCC_C0_0/clkint_0/U0_RGB1_RGB1:A (r)
               +     0.052          cell: ADLIB:RGB
  14.504                       CLOCKS_AND_RESETS_0/CCC_FIC_x_CLK/PF_CCC_C0_0/clkint_0/U0_RGB1_RGB1:Y (f)
               +     0.570          net: CLOCKS_AND_RESETS_0/CCC_FIC_x_CLK/PF_CCC_C0_0/clkint_0/U0_RGB1_RGB1_rgb_net_1
  15.074                       FIC_0_PERIPHERALS_0/DMA_CONTROLLER_inst_0/DMA_CONTROLLER_0/U_bufferDescriptors/BYTE_CNT_RAM/genblk1.genblk1.LI_ram_wrapper_bd/ram_bd/DMA_CONTROLLER_DMA_CONTROLLER_0_SRAM_bd_R0C0/INST_RAM1K20_IP:A_CLK (r)
               +     0.644          
  15.718                       clock reconvergence pessimism
               -     0.135          
  15.583                       clock jitter
               -     0.281          Library recovery time: ADLIB:RAM1K20_IP
  15.302                       FIC_0_PERIPHERALS_0/DMA_CONTROLLER_inst_0/DMA_CONTROLLER_0/U_bufferDescriptors/BYTE_CNT_RAM/genblk1.genblk1.LI_ram_wrapper_bd/ram_bd/DMA_CONTROLLER_DMA_CONTROLLER_0_SRAM_bd_R0C0/INST_RAM1K20_IP:A_DOUT_ARST_N
                                    
  15.302                       data required time


Operating Conditions : slow_lv_ht

END SET Register to Asynchronous

----------------------------------------------------

SET External Recovery

Path 1
  From: SWITCH2
  To:   CLOCKS_AND_RESETS_0/RESET_FIC_0_CLK/CORERESET_0/dff_11[0]:ALn
  Delay (ns):              8.747
  Arrival (ns):            8.747
  Recovery (ns):           0.196
  External Recovery (ns):   2.214
  Operating Conditions: slow_lv_ht

Path 2
  From: SWITCH2
  To:   CLOCKS_AND_RESETS_0/RESET_FIC_0_CLK/CORERESET_0/dff_10[0]:ALn
  Delay (ns):              8.747
  Arrival (ns):            8.747
  Recovery (ns):           0.196
  External Recovery (ns):   2.214
  Operating Conditions: slow_lv_ht

Path 3
  From: SWITCH2
  To:   CLOCKS_AND_RESETS_0/RESET_FIC_0_CLK/CORERESET_0/dff_13[0]:ALn
  Delay (ns):              8.717
  Arrival (ns):            8.717
  Recovery (ns):           0.196
  External Recovery (ns):   2.163
  Operating Conditions: slow_lv_ht

Path 4
  From: SWITCH2
  To:   CLOCKS_AND_RESETS_0/RESET_FIC_0_CLK/CORERESET_0/dff_12[0]:ALn
  Delay (ns):              8.717
  Arrival (ns):            8.717
  Recovery (ns):           0.196
  External Recovery (ns):   2.163
  Operating Conditions: slow_lv_ht

Path 5
  From: SWITCH2
  To:   CLOCKS_AND_RESETS_0/RESET_FIC_0_CLK/CORERESET_0/dff_6[0]:ALn
  Delay (ns):              8.504
  Arrival (ns):            8.504
  Recovery (ns):           0.209
  External Recovery (ns):   1.972
  Operating Conditions: slow_lv_ht


Expanded Path 1
  From: SWITCH2
  To: CLOCKS_AND_RESETS_0/RESET_FIC_0_CLK/CORERESET_0/dff_11[0]:ALn
  data required time                                    N/C
  data arrival time                          -        8.747
  slack                                                 N/C
  ________________________________________________________
  Data arrival time calculation
  0.000                        SWITCH2 (r)
               +     0.000          net: SWITCH2
  0.000                        SWITCH2_ibuf/U_IOPAD:PAD (r)
               +     0.610          cell: ADLIB:IOPAD_IN
  0.610                        SWITCH2_ibuf/U_IOPAD:Y (r)
               +     0.000          net: SWITCH2_ibuf/YIN
  0.610                        SWITCH2_ibuf/U_IOIN:YIN (r)
               +     0.336          cell: ADLIB:IOIN_IB_E
  0.946                        SWITCH2_ibuf/U_IOIN:Y (r)
               +     5.092          net: SWITCH2_c
  6.038                        CLOCKS_AND_RESETS_0/AND3_0:A (r)
               +     0.078          cell: ADLIB:CFG3
  6.116                        CLOCKS_AND_RESETS_0/AND3_0:Y (r)
               +     1.580          net: CLOCKS_AND_RESETS_0/AND3_0_Y
  7.696                        CLOCKS_AND_RESETS_0/RESET_FIC_0_CLK/CORERESET_0/un1_EXT_RST_N_2:C (r)
               +     0.053          cell: ADLIB:CFG3
  7.749                        CLOCKS_AND_RESETS_0/RESET_FIC_0_CLK/CORERESET_0/un1_EXT_RST_N_2:Y (r)
               +     0.998          net: CLOCKS_AND_RESETS_0/un1_EXT_RST_N_2
  8.747                        CLOCKS_AND_RESETS_0/RESET_FIC_0_CLK/CORERESET_0/dff_11[0]:ALn (r)
                                    
  8.747                        data arrival time
  ________________________________________________________
  Data required time calculation
  N/C                          CLOCKS_AND_RESETS_0/CCC_FIC_x_CLK/PF_CCC_C0_0/pll_inst_0/OUT0
               +     0.000          Clock source
  N/C                          CLOCKS_AND_RESETS_0/CCC_FIC_x_CLK/PF_CCC_C0_0/pll_inst_0:OUT0 (r)
               +     3.893          Clock generation
  N/C                          
               +     1.555          net: CLOCKS_AND_RESETS_0/CCC_FIC_x_CLK/PF_CCC_C0_0/pll_inst_0_clkint_0
  N/C                          CLOCKS_AND_RESETS_0/CCC_FIC_x_CLK/PF_CCC_C0_0/clkint_0_1:A (r)
               +     0.130          cell: ADLIB:ICB_CLKINT
  N/C                          CLOCKS_AND_RESETS_0/CCC_FIC_x_CLK/PF_CCC_C0_0/clkint_0_1:Y (r)
               +     0.352          net: CLOCKS_AND_RESETS_0/CCC_FIC_x_CLK/PF_CCC_C0_0/clkint_0_NET
  N/C                          CLOCKS_AND_RESETS_0/CCC_FIC_x_CLK/PF_CCC_C0_0/clkint_0:A (r)
               +     0.147          cell: ADLIB:GB
  N/C                          CLOCKS_AND_RESETS_0/CCC_FIC_x_CLK/PF_CCC_C0_0/clkint_0:Y (r)
               +     0.351          net: CLOCKS_AND_RESETS_0/CCC_FIC_x_CLK/PF_CCC_C0_0/clkint_0/U0_Y
  N/C                          CLOCKS_AND_RESETS_0/CCC_FIC_x_CLK/PF_CCC_C0_0/clkint_0/U0_RGB1_RGB18:A (r)
               +     0.052          cell: ADLIB:RGB
  N/C                          CLOCKS_AND_RESETS_0/CCC_FIC_x_CLK/PF_CCC_C0_0/clkint_0/U0_RGB1_RGB18:Y (f)
               +     0.384          net: CLOCKS_AND_RESETS_0/CCC_FIC_x_CLK/PF_CCC_C0_0/clkint_0/U0_RGB1_RGB18_rgb_net_1
  N/C                          CLOCKS_AND_RESETS_0/RESET_FIC_0_CLK/CORERESET_0/dff_11[0]:CLK (r)
               -     0.135          
  N/C                          clock jitter
               -     0.196          Library recovery time: ADLIB:SLE
  N/C                          CLOCKS_AND_RESETS_0/RESET_FIC_0_CLK/CORERESET_0/dff_11[0]:ALn


Operating Conditions : slow_lv_ht

END SET External Recovery

----------------------------------------------------

SET Asynchronous to Register

No Path 

END SET Asynchronous to Register

----------------------------------------------------

SET FIC_0_PERIPHERALS_0/security_core_0/rng/neoTRNG_0/entropy_cell_gen.0.neoTRNG_cell_inst/sreg_0[0]:Q to CLOCKS_AND_RESETS_0/CCC_FIC_x_CLK/PF_CCC_C0_0/pll_inst_0/OUT0

No Path 

END SET FIC_0_PERIPHERALS_0/security_core_0/rng/neoTRNG_0/entropy_cell_gen.0.neoTRNG_cell_inst/sreg_0[0]:Q to CLOCKS_AND_RESETS_0/CCC_FIC_x_CLK/PF_CCC_C0_0/pll_inst_0/OUT0

----------------------------------------------------

SET FIC_0_PERIPHERALS_0/security_core_0/rng/neoTRNG_0/entropy_cell_gen.0.neoTRNG_cell_inst/sreg_1[0]:Q to CLOCKS_AND_RESETS_0/CCC_FIC_x_CLK/PF_CCC_C0_0/pll_inst_0/OUT0

No Path 

END SET FIC_0_PERIPHERALS_0/security_core_0/rng/neoTRNG_0/entropy_cell_gen.0.neoTRNG_cell_inst/sreg_1[0]:Q to CLOCKS_AND_RESETS_0/CCC_FIC_x_CLK/PF_CCC_C0_0/pll_inst_0/OUT0

----------------------------------------------------

SET FIC_0_PERIPHERALS_0/security_core_0/rng/neoTRNG_0/entropy_cell_gen.0.neoTRNG_cell_inst/sreg_2[0]:Q to CLOCKS_AND_RESETS_0/CCC_FIC_x_CLK/PF_CCC_C0_0/pll_inst_0/OUT0

No Path 

END SET FIC_0_PERIPHERALS_0/security_core_0/rng/neoTRNG_0/entropy_cell_gen.0.neoTRNG_cell_inst/sreg_2[0]:Q to CLOCKS_AND_RESETS_0/CCC_FIC_x_CLK/PF_CCC_C0_0/pll_inst_0/OUT0

----------------------------------------------------

SET FIC_0_PERIPHERALS_0/security_core_0/rng/neoTRNG_0/entropy_cell_gen.0.neoTRNG_cell_inst/sreg_3[0]:Q to CLOCKS_AND_RESETS_0/CCC_FIC_x_CLK/PF_CCC_C0_0/pll_inst_0/OUT0

No Path 

END SET FIC_0_PERIPHERALS_0/security_core_0/rng/neoTRNG_0/entropy_cell_gen.0.neoTRNG_cell_inst/sreg_3[0]:Q to CLOCKS_AND_RESETS_0/CCC_FIC_x_CLK/PF_CCC_C0_0/pll_inst_0/OUT0

----------------------------------------------------

SET FIC_0_PERIPHERALS_0/security_core_0/rng/neoTRNG_0/entropy_cell_gen.0.neoTRNG_cell_inst/sreg_4[0]:Q to CLOCKS_AND_RESETS_0/CCC_FIC_x_CLK/PF_CCC_C0_0/pll_inst_0/OUT0

No Path 

END SET FIC_0_PERIPHERALS_0/security_core_0/rng/neoTRNG_0/entropy_cell_gen.0.neoTRNG_cell_inst/sreg_4[0]:Q to CLOCKS_AND_RESETS_0/CCC_FIC_x_CLK/PF_CCC_C0_0/pll_inst_0/OUT0

----------------------------------------------------

SET FIC_0_PERIPHERALS_0/security_core_0/rng/neoTRNG_0/entropy_cell_gen.1.neoTRNG_cell_inst/sreg_0[0]:Q to CLOCKS_AND_RESETS_0/CCC_FIC_x_CLK/PF_CCC_C0_0/pll_inst_0/OUT0

No Path 

END SET FIC_0_PERIPHERALS_0/security_core_0/rng/neoTRNG_0/entropy_cell_gen.1.neoTRNG_cell_inst/sreg_0[0]:Q to CLOCKS_AND_RESETS_0/CCC_FIC_x_CLK/PF_CCC_C0_0/pll_inst_0/OUT0

----------------------------------------------------

SET FIC_0_PERIPHERALS_0/security_core_0/rng/neoTRNG_0/entropy_cell_gen.1.neoTRNG_cell_inst/sreg_1[0]:Q to CLOCKS_AND_RESETS_0/CCC_FIC_x_CLK/PF_CCC_C0_0/pll_inst_0/OUT0

No Path 

END SET FIC_0_PERIPHERALS_0/security_core_0/rng/neoTRNG_0/entropy_cell_gen.1.neoTRNG_cell_inst/sreg_1[0]:Q to CLOCKS_AND_RESETS_0/CCC_FIC_x_CLK/PF_CCC_C0_0/pll_inst_0/OUT0

----------------------------------------------------

SET FIC_0_PERIPHERALS_0/security_core_0/rng/neoTRNG_0/entropy_cell_gen.1.neoTRNG_cell_inst/sreg_2[0]:Q to CLOCKS_AND_RESETS_0/CCC_FIC_x_CLK/PF_CCC_C0_0/pll_inst_0/OUT0

No Path 

END SET FIC_0_PERIPHERALS_0/security_core_0/rng/neoTRNG_0/entropy_cell_gen.1.neoTRNG_cell_inst/sreg_2[0]:Q to CLOCKS_AND_RESETS_0/CCC_FIC_x_CLK/PF_CCC_C0_0/pll_inst_0/OUT0

----------------------------------------------------

SET FIC_0_PERIPHERALS_0/security_core_0/rng/neoTRNG_0/entropy_cell_gen.1.neoTRNG_cell_inst/sreg_3[0]:Q to CLOCKS_AND_RESETS_0/CCC_FIC_x_CLK/PF_CCC_C0_0/pll_inst_0/OUT0

No Path 

END SET FIC_0_PERIPHERALS_0/security_core_0/rng/neoTRNG_0/entropy_cell_gen.1.neoTRNG_cell_inst/sreg_3[0]:Q to CLOCKS_AND_RESETS_0/CCC_FIC_x_CLK/PF_CCC_C0_0/pll_inst_0/OUT0

----------------------------------------------------

SET FIC_0_PERIPHERALS_0/security_core_0/rng/neoTRNG_0/entropy_cell_gen.1.neoTRNG_cell_inst/sreg_4[0]:Q to CLOCKS_AND_RESETS_0/CCC_FIC_x_CLK/PF_CCC_C0_0/pll_inst_0/OUT0

No Path 

END SET FIC_0_PERIPHERALS_0/security_core_0/rng/neoTRNG_0/entropy_cell_gen.1.neoTRNG_cell_inst/sreg_4[0]:Q to CLOCKS_AND_RESETS_0/CCC_FIC_x_CLK/PF_CCC_C0_0/pll_inst_0/OUT0

----------------------------------------------------

SET FIC_0_PERIPHERALS_0/security_core_0/rng/neoTRNG_0/entropy_cell_gen.1.neoTRNG_cell_inst/sreg_5[0]:Q to CLOCKS_AND_RESETS_0/CCC_FIC_x_CLK/PF_CCC_C0_0/pll_inst_0/OUT0

No Path 

END SET FIC_0_PERIPHERALS_0/security_core_0/rng/neoTRNG_0/entropy_cell_gen.1.neoTRNG_cell_inst/sreg_5[0]:Q to CLOCKS_AND_RESETS_0/CCC_FIC_x_CLK/PF_CCC_C0_0/pll_inst_0/OUT0

----------------------------------------------------

SET FIC_0_PERIPHERALS_0/security_core_0/rng/neoTRNG_0/entropy_cell_gen.1.neoTRNG_cell_inst/sreg_6[0]:Q to CLOCKS_AND_RESETS_0/CCC_FIC_x_CLK/PF_CCC_C0_0/pll_inst_0/OUT0

No Path 

END SET FIC_0_PERIPHERALS_0/security_core_0/rng/neoTRNG_0/entropy_cell_gen.1.neoTRNG_cell_inst/sreg_6[0]:Q to CLOCKS_AND_RESETS_0/CCC_FIC_x_CLK/PF_CCC_C0_0/pll_inst_0/OUT0

----------------------------------------------------

SET FIC_0_PERIPHERALS_0/security_core_0/rng/neoTRNG_0/entropy_cell_gen.2.neoTRNG_cell_inst/sreg_0[0]:Q to CLOCKS_AND_RESETS_0/CCC_FIC_x_CLK/PF_CCC_C0_0/pll_inst_0/OUT0

No Path 

END SET FIC_0_PERIPHERALS_0/security_core_0/rng/neoTRNG_0/entropy_cell_gen.2.neoTRNG_cell_inst/sreg_0[0]:Q to CLOCKS_AND_RESETS_0/CCC_FIC_x_CLK/PF_CCC_C0_0/pll_inst_0/OUT0

----------------------------------------------------

SET FIC_0_PERIPHERALS_0/security_core_0/rng/neoTRNG_0/entropy_cell_gen.2.neoTRNG_cell_inst/sreg_1[0]:Q to CLOCKS_AND_RESETS_0/CCC_FIC_x_CLK/PF_CCC_C0_0/pll_inst_0/OUT0

No Path 

END SET FIC_0_PERIPHERALS_0/security_core_0/rng/neoTRNG_0/entropy_cell_gen.2.neoTRNG_cell_inst/sreg_1[0]:Q to CLOCKS_AND_RESETS_0/CCC_FIC_x_CLK/PF_CCC_C0_0/pll_inst_0/OUT0

----------------------------------------------------

SET FIC_0_PERIPHERALS_0/security_core_0/rng/neoTRNG_0/entropy_cell_gen.2.neoTRNG_cell_inst/sreg_2[0]:Q to CLOCKS_AND_RESETS_0/CCC_FIC_x_CLK/PF_CCC_C0_0/pll_inst_0/OUT0

No Path 

END SET FIC_0_PERIPHERALS_0/security_core_0/rng/neoTRNG_0/entropy_cell_gen.2.neoTRNG_cell_inst/sreg_2[0]:Q to CLOCKS_AND_RESETS_0/CCC_FIC_x_CLK/PF_CCC_C0_0/pll_inst_0/OUT0

----------------------------------------------------

SET FIC_0_PERIPHERALS_0/security_core_0/rng/neoTRNG_0/entropy_cell_gen.2.neoTRNG_cell_inst/sreg_3[0]:Q to CLOCKS_AND_RESETS_0/CCC_FIC_x_CLK/PF_CCC_C0_0/pll_inst_0/OUT0

No Path 

END SET FIC_0_PERIPHERALS_0/security_core_0/rng/neoTRNG_0/entropy_cell_gen.2.neoTRNG_cell_inst/sreg_3[0]:Q to CLOCKS_AND_RESETS_0/CCC_FIC_x_CLK/PF_CCC_C0_0/pll_inst_0/OUT0

----------------------------------------------------

SET FIC_0_PERIPHERALS_0/security_core_0/rng/neoTRNG_0/entropy_cell_gen.2.neoTRNG_cell_inst/sreg_4[0]:Q to CLOCKS_AND_RESETS_0/CCC_FIC_x_CLK/PF_CCC_C0_0/pll_inst_0/OUT0

No Path 

END SET FIC_0_PERIPHERALS_0/security_core_0/rng/neoTRNG_0/entropy_cell_gen.2.neoTRNG_cell_inst/sreg_4[0]:Q to CLOCKS_AND_RESETS_0/CCC_FIC_x_CLK/PF_CCC_C0_0/pll_inst_0/OUT0

----------------------------------------------------

SET FIC_0_PERIPHERALS_0/security_core_0/rng/neoTRNG_0/entropy_cell_gen.2.neoTRNG_cell_inst/sreg_5[0]:Q to CLOCKS_AND_RESETS_0/CCC_FIC_x_CLK/PF_CCC_C0_0/pll_inst_0/OUT0

No Path 

END SET FIC_0_PERIPHERALS_0/security_core_0/rng/neoTRNG_0/entropy_cell_gen.2.neoTRNG_cell_inst/sreg_5[0]:Q to CLOCKS_AND_RESETS_0/CCC_FIC_x_CLK/PF_CCC_C0_0/pll_inst_0/OUT0

----------------------------------------------------

SET FIC_0_PERIPHERALS_0/security_core_0/rng/neoTRNG_0/entropy_cell_gen.2.neoTRNG_cell_inst/sreg_6[0]:Q to CLOCKS_AND_RESETS_0/CCC_FIC_x_CLK/PF_CCC_C0_0/pll_inst_0/OUT0

No Path 

END SET FIC_0_PERIPHERALS_0/security_core_0/rng/neoTRNG_0/entropy_cell_gen.2.neoTRNG_cell_inst/sreg_6[0]:Q to CLOCKS_AND_RESETS_0/CCC_FIC_x_CLK/PF_CCC_C0_0/pll_inst_0/OUT0

----------------------------------------------------

SET FIC_0_PERIPHERALS_0/security_core_0/rng/neoTRNG_0/entropy_cell_gen.2.neoTRNG_cell_inst/sreg_7[0]:Q to CLOCKS_AND_RESETS_0/CCC_FIC_x_CLK/PF_CCC_C0_0/pll_inst_0/OUT0

No Path 

END SET FIC_0_PERIPHERALS_0/security_core_0/rng/neoTRNG_0/entropy_cell_gen.2.neoTRNG_cell_inst/sreg_7[0]:Q to CLOCKS_AND_RESETS_0/CCC_FIC_x_CLK/PF_CCC_C0_0/pll_inst_0/OUT0

----------------------------------------------------

SET FIC_0_PERIPHERALS_0/security_core_0/rng/neoTRNG_0/entropy_cell_gen.2.neoTRNG_cell_inst/sreg_8[0]:Q to CLOCKS_AND_RESETS_0/CCC_FIC_x_CLK/PF_CCC_C0_0/pll_inst_0/OUT0

No Path 

END SET FIC_0_PERIPHERALS_0/security_core_0/rng/neoTRNG_0/entropy_cell_gen.2.neoTRNG_cell_inst/sreg_8[0]:Q to CLOCKS_AND_RESETS_0/CCC_FIC_x_CLK/PF_CCC_C0_0/pll_inst_0/OUT0

----------------------------------------------------

SET CLOCKS_AND_RESETS_0/CCC_FIC_x_CLK/PF_CCC_C0_0/pll_inst_0/OUT1 to CLOCKS_AND_RESETS_0/CCC_FIC_x_CLK/PF_CCC_C0_0/pll_inst_0/OUT0

Path 1
  From: MIPI_CAMERA_0/VDMA_C0_0/VDMA_C0_0/dma_top_0/vdma_write_0/frame_size_fifo/wfull:CLK
  To:   MIPI_CAMERA_0/VDMA_C0_0/VDMA_C0_0/dma_top_0/interrupt_controller_vdma_0/synchronizer_circuit_2stage_frame_size/s_data_in:D
  Delay (ns):              0.378
  Slack (ns):              8.508
  Arrival (ns):            4.398
  Required (ns):          12.906
  Setup (ns):              0.000
  Operating Conditions: fast_hv_lt

Path 2
  From: MIPI_CAMERA_0/VDMA_C0_0/VDMA_C0_0/dma_top_0/vdma_write_0/frame_size_fifo/wptr[3]:CLK
  To:   MIPI_CAMERA_0/VDMA_C0_0/VDMA_C0_0/dma_top_0/vdma_write_0/frame_size_fifo/rwptr1[3]:D
  Delay (ns):              0.341
  Slack (ns):              8.549
  Arrival (ns):            4.356
  Required (ns):          12.905
  Setup (ns):              0.000
  Operating Conditions: fast_hv_lt

Path 3
  From: MIPI_CAMERA_0/VDMA_C0_0/VDMA_C0_0/dma_top_0/vdma_write_0/frame_size_fifo/wptr[4]:CLK
  To:   MIPI_CAMERA_0/VDMA_C0_0/VDMA_C0_0/dma_top_0/vdma_write_0/frame_size_fifo/rwptr1[4]:D
  Delay (ns):              0.334
  Slack (ns):              8.552
  Arrival (ns):            4.353
  Required (ns):          12.905
  Setup (ns):              0.000
  Operating Conditions: fast_hv_lt

Path 4
  From: MIPI_CAMERA_0/VDMA_C0_0/VDMA_C0_0/dma_top_0/vdma_write_0/frame_size_fifo/wptr[1]:CLK
  To:   MIPI_CAMERA_0/VDMA_C0_0/VDMA_C0_0/dma_top_0/vdma_write_0/frame_size_fifo/rwptr1[1]:D
  Delay (ns):              0.337
  Slack (ns):              8.553
  Arrival (ns):            4.352
  Required (ns):          12.905
  Setup (ns):              0.000
  Operating Conditions: fast_hv_lt

Path 5
  From: MIPI_CAMERA_0/VDMA_C0_0/VDMA_C0_0/dma_top_0/vdma_write_0/frame_size_fifo/wptr[0]:CLK
  To:   MIPI_CAMERA_0/VDMA_C0_0/VDMA_C0_0/dma_top_0/vdma_write_0/frame_size_fifo/rwptr1[0]:D
  Delay (ns):              0.288
  Slack (ns):              8.602
  Arrival (ns):            4.303
  Required (ns):          12.905
  Setup (ns):              0.000
  Operating Conditions: fast_hv_lt


Expanded Path 1
  From: MIPI_CAMERA_0/VDMA_C0_0/VDMA_C0_0/dma_top_0/vdma_write_0/frame_size_fifo/wfull:CLK
  To: MIPI_CAMERA_0/VDMA_C0_0/VDMA_C0_0/dma_top_0/interrupt_controller_vdma_0/synchronizer_circuit_2stage_frame_size/s_data_in:D
  data required time                                 12.906
  data arrival time                          -        4.398
  slack                                               8.508
  ________________________________________________________
  Data arrival time calculation
  0.000                        CLOCKS_AND_RESETS_0/CCC_FIC_x_CLK/PF_CCC_C0_0/pll_inst_0/OUT1
               +     0.000          Clock source
  0.000                        CLOCKS_AND_RESETS_0/CCC_FIC_x_CLK/PF_CCC_C0_0/pll_inst_0:OUT1 (r)
               +     2.865          Clock generation
  2.865                        
               +     0.162          net: CLOCKS_AND_RESETS_0/CCC_FIC_x_CLK/PF_CCC_C0_0/pll_inst_0_clkint_4
  3.027                        CLOCKS_AND_RESETS_0/CCC_FIC_x_CLK/PF_CCC_C0_0/clkint_4_1:A (r)
               +     0.156          cell: ADLIB:ICB_CLKINT
  3.183                        CLOCKS_AND_RESETS_0/CCC_FIC_x_CLK/PF_CCC_C0_0/clkint_4_1:Y (r)
               +     0.103          net: CLOCKS_AND_RESETS_0/CCC_FIC_x_CLK/PF_CCC_C0_0/clkint_4_NET
  3.286                        CLOCKS_AND_RESETS_0/CCC_FIC_x_CLK/PF_CCC_C0_0/clkint_4:A (r)
               +     0.119          cell: ADLIB:GB
  3.405                        CLOCKS_AND_RESETS_0/CCC_FIC_x_CLK/PF_CCC_C0_0/clkint_4:Y (r)
               +     0.285          net: CLOCKS_AND_RESETS_0/CCC_FIC_x_CLK/PF_CCC_C0_0/clkint_4/U0_Y
  3.690                        CLOCKS_AND_RESETS_0/CCC_FIC_x_CLK/PF_CCC_C0_0/clkint_4/U0_RGB1_RGB0:A (r)
               +     0.042          cell: ADLIB:RGB
  3.732                        CLOCKS_AND_RESETS_0/CCC_FIC_x_CLK/PF_CCC_C0_0/clkint_4/U0_RGB1_RGB0:Y (f)
               +     0.288          net: CLOCKS_AND_RESETS_0/CCC_FIC_x_CLK/PF_CCC_C0_0/clkint_4/U0_RGB1_RGB0_rgb_net_1
  4.020                        MIPI_CAMERA_0/VDMA_C0_0/VDMA_C0_0/dma_top_0/vdma_write_0/frame_size_fifo/wfull:CLK (r)
               +     0.118          cell: ADLIB:SLE
  4.138                        MIPI_CAMERA_0/VDMA_C0_0/VDMA_C0_0/dma_top_0/vdma_write_0/frame_size_fifo/wfull:Q (r)
               +     0.260          net: MIPI_CAMERA_0/VDMA_C0_0/VDMA_C0_0/dma_top_0/vdma_write_0_frame_size_fifo_full_o
  4.398                        MIPI_CAMERA_0/VDMA_C0_0/VDMA_C0_0/dma_top_0/interrupt_controller_vdma_0/synchronizer_circuit_2stage_frame_size/s_data_in:D (r)
                                    
  4.398                        data arrival time
  ________________________________________________________
  Data required time calculation
  8.000                        CLOCKS_AND_RESETS_0/CCC_FIC_x_CLK/PF_CCC_C0_0/pll_inst_0/OUT0
               +     0.000          Clock source
  8.000                        CLOCKS_AND_RESETS_0/CCC_FIC_x_CLK/PF_CCC_C0_0/pll_inst_0:OUT0 (r)
               +     2.591          Clock generation
  10.591                       
               +     1.184          net: CLOCKS_AND_RESETS_0/CCC_FIC_x_CLK/PF_CCC_C0_0/pll_inst_0_clkint_0
  11.775                       CLOCKS_AND_RESETS_0/CCC_FIC_x_CLK/PF_CCC_C0_0/clkint_0_1:A (r)
               +     0.089          cell: ADLIB:ICB_CLKINT
  11.864                       CLOCKS_AND_RESETS_0/CCC_FIC_x_CLK/PF_CCC_C0_0/clkint_0_1:Y (r)
               +     0.243          net: CLOCKS_AND_RESETS_0/CCC_FIC_x_CLK/PF_CCC_C0_0/clkint_0_NET
  12.107                       CLOCKS_AND_RESETS_0/CCC_FIC_x_CLK/PF_CCC_C0_0/clkint_0:A (r)
               +     0.111          cell: ADLIB:GB
  12.218                       CLOCKS_AND_RESETS_0/CCC_FIC_x_CLK/PF_CCC_C0_0/clkint_0:Y (r)
               +     0.258          net: CLOCKS_AND_RESETS_0/CCC_FIC_x_CLK/PF_CCC_C0_0/clkint_0/U0_Y
  12.476                       CLOCKS_AND_RESETS_0/CCC_FIC_x_CLK/PF_CCC_C0_0/clkint_0/U0_RGB1_RGB7:A (r)
               +     0.038          cell: ADLIB:RGB
  12.514                       CLOCKS_AND_RESETS_0/CCC_FIC_x_CLK/PF_CCC_C0_0/clkint_0/U0_RGB1_RGB7:Y (f)
               +     0.258          net: CLOCKS_AND_RESETS_0/CCC_FIC_x_CLK/PF_CCC_C0_0/clkint_0/U0_RGB1_RGB7_rgb_net_1
  12.772                       MIPI_CAMERA_0/VDMA_C0_0/VDMA_C0_0/dma_top_0/interrupt_controller_vdma_0/synchronizer_circuit_2stage_frame_size/s_data_in:CLK (r)
               +     0.269          
  13.041                       clock reconvergence pessimism
               -     0.135          
  12.906                       clock jitter
               -     0.000          Library setup time: ADLIB:SLE
  12.906                       MIPI_CAMERA_0/VDMA_C0_0/VDMA_C0_0/dma_top_0/interrupt_controller_vdma_0/synchronizer_circuit_2stage_frame_size/s_data_in:D
                                    
  12.906                       data required time


Operating Conditions : fast_hv_lt

END SET CLOCKS_AND_RESETS_0/CCC_FIC_x_CLK/PF_CCC_C0_0/pll_inst_0/OUT1 to CLOCKS_AND_RESETS_0/CCC_FIC_x_CLK/PF_CCC_C0_0/pll_inst_0/OUT0

----------------------------------------------------

SET MIPI_CAMERA_0/PF_CCC_C1_0/PF_CCC_C1_0/pll_inst_0/OUT0 to CLOCKS_AND_RESETS_0/CCC_FIC_x_CLK/PF_CCC_C0_0/pll_inst_0/OUT0

Path 1
  From: MIPI_CAMERA_0/mipicsi2rxdecoderPF_C0_0/MSC_i_0/r_isr[1]:CLK
  To:   MIPI_CAMERA_0/mipicsi2rxdecoderPF_C0_0/MSC_i_0/MSC_i_1/interrupt_event_dly[0][1]:D
  Delay (ns):              1.213
  Slack (ns):              2.098
  Arrival (ns):            8.665
  Required (ns):          10.763
  Setup (ns):              0.000
  Operating Conditions: slow_lv_ht

Path 2
  From: MIPI_CAMERA_0/mipicsi2rxdecoderPF_C0_0/MSC_i_0/r_isr[4]:CLK
  To:   MIPI_CAMERA_0/mipicsi2rxdecoderPF_C0_0/MSC_i_0/MSC_i_1/interrupt_event_dly[0][4]:D
  Delay (ns):              1.023
  Slack (ns):              2.265
  Arrival (ns):            8.500
  Required (ns):          10.765
  Setup (ns):              0.000
  Operating Conditions: slow_lv_ht

Path 3
  From: MIPI_CAMERA_0/mipicsi2rxdecoderPF_C0_0/MSC_i_0/r_isr[5]:CLK
  To:   MIPI_CAMERA_0/mipicsi2rxdecoderPF_C0_0/MSC_i_0/MSC_i_1/interrupt_event_dly[0][5]:D
  Delay (ns):              0.898
  Slack (ns):              2.402
  Arrival (ns):            8.377
  Required (ns):          10.779
  Setup (ns):              0.000
  Operating Conditions: slow_lv_ht

Path 4
  From: MIPI_CAMERA_0/mipicsi2rxdecoderPF_C0_0/MSC_i_0/r_isr[6]:CLK
  To:   MIPI_CAMERA_0/mipicsi2rxdecoderPF_C0_0/MSC_i_0/MSC_i_1/interrupt_event_dly[0][6]:D
  Delay (ns):              0.810
  Slack (ns):              2.457
  Arrival (ns):            8.302
  Required (ns):          10.759
  Setup (ns):              0.000
  Operating Conditions: slow_lv_ht

Path 5
  From: MIPI_CAMERA_0/VDMA_C0_0/VDMA_C0_0/dma_top_0/vdma_write_0/buff_addr_fifo/rempty:CLK
  To:   MIPI_CAMERA_0/VDMA_C0_0/VDMA_C0_0/dma_top_0/interrupt_controller_vdma_0/synchronizer_circuit_2stage_buff_addr/s_data_in:D
  Delay (ns):              0.691
  Slack (ns):              2.613
  Arrival (ns):            8.174
  Required (ns):          10.787
  Setup (ns):              0.000
  Operating Conditions: slow_lv_ht


Expanded Path 1
  From: MIPI_CAMERA_0/mipicsi2rxdecoderPF_C0_0/MSC_i_0/r_isr[1]:CLK
  To: MIPI_CAMERA_0/mipicsi2rxdecoderPF_C0_0/MSC_i_0/MSC_i_1/interrupt_event_dly[0][1]:D
  data required time                                 10.763
  data arrival time                          -        8.665
  slack                                               2.098
  ________________________________________________________
  Data arrival time calculation
  0.000                        MIPI_CAMERA_0/PF_CCC_C1_0/PF_CCC_C1_0/pll_inst_0/OUT0
               +     0.000          Clock source
  0.000                        MIPI_CAMERA_0/PF_CCC_C1_0/PF_CCC_C1_0/pll_inst_0:OUT0 (r)
               +     5.699          Clock generation
  5.699                        
               +     0.281          net: MIPI_CAMERA_0/PF_CCC_C1_0/PF_CCC_C1_0/pll_inst_0_clkint_0
  5.980                        MIPI_CAMERA_0/PF_CCC_C1_0/PF_CCC_C1_0/clkint_0_1:A (r)
               +     0.243          cell: ADLIB:ICB_CLKINT
  6.223                        MIPI_CAMERA_0/PF_CCC_C1_0/PF_CCC_C1_0/clkint_0_1:Y (r)
               +     0.150          net: MIPI_CAMERA_0/PF_CCC_C1_0/PF_CCC_C1_0/clkint_0_NET
  6.373                        MIPI_CAMERA_0/PF_CCC_C1_0/PF_CCC_C1_0/clkint_0:A (r)
               +     0.164          cell: ADLIB:GB
  6.537                        MIPI_CAMERA_0/PF_CCC_C1_0/PF_CCC_C1_0/clkint_0:Y (r)
               +     0.407          net: MIPI_CAMERA_0/PF_CCC_C1_0/PF_CCC_C1_0/clkint_0/U0_Y
  6.944                        MIPI_CAMERA_0/PF_CCC_C1_0/PF_CCC_C1_0/clkint_0/U0_RGB1_RGB3:A (r)
               +     0.058          cell: ADLIB:RGB
  7.002                        MIPI_CAMERA_0/PF_CCC_C1_0/PF_CCC_C1_0/clkint_0/U0_RGB1_RGB3:Y (f)
               +     0.450          net: MIPI_CAMERA_0/PF_CCC_C1_0/PF_CCC_C1_0/clkint_0/U0_RGB1_RGB3_rgb_net_1
  7.452                        MIPI_CAMERA_0/mipicsi2rxdecoderPF_C0_0/MSC_i_0/r_isr[1]:CLK (r)
               +     0.201          cell: ADLIB:SLE
  7.653                        MIPI_CAMERA_0/mipicsi2rxdecoderPF_C0_0/MSC_i_0/r_isr[1]:Q (r)
               +     1.012          net: MIPI_CAMERA_0/mipicsi2rxdecoderPF_C0_0/MSC_i_0/MSC_net_305
  8.665                        MIPI_CAMERA_0/mipicsi2rxdecoderPF_C0_0/MSC_i_0/MSC_i_1/interrupt_event_dly[0][1]:D (r)
                                    
  8.665                        data arrival time
  ________________________________________________________
  Data required time calculation
  4.000                        CLOCKS_AND_RESETS_0/CCC_FIC_x_CLK/PF_CCC_C0_0/pll_inst_0/OUT0
               +     0.000          Clock source
  4.000                        CLOCKS_AND_RESETS_0/CCC_FIC_x_CLK/PF_CCC_C0_0/pll_inst_0:OUT0 (r)
               +     3.893          Clock generation
  7.893                        
               +     1.555          net: CLOCKS_AND_RESETS_0/CCC_FIC_x_CLK/PF_CCC_C0_0/pll_inst_0_clkint_0
  9.448                        CLOCKS_AND_RESETS_0/CCC_FIC_x_CLK/PF_CCC_C0_0/clkint_0_1:A (r)
               +     0.130          cell: ADLIB:ICB_CLKINT
  9.578                        CLOCKS_AND_RESETS_0/CCC_FIC_x_CLK/PF_CCC_C0_0/clkint_0_1:Y (r)
               +     0.352          net: CLOCKS_AND_RESETS_0/CCC_FIC_x_CLK/PF_CCC_C0_0/clkint_0_NET
  9.930                        CLOCKS_AND_RESETS_0/CCC_FIC_x_CLK/PF_CCC_C0_0/clkint_0:A (r)
               +     0.147          cell: ADLIB:GB
  10.077                       CLOCKS_AND_RESETS_0/CCC_FIC_x_CLK/PF_CCC_C0_0/clkint_0:Y (r)
               +     0.371          net: CLOCKS_AND_RESETS_0/CCC_FIC_x_CLK/PF_CCC_C0_0/clkint_0/U0_Y
  10.448                       CLOCKS_AND_RESETS_0/CCC_FIC_x_CLK/PF_CCC_C0_0/clkint_0/U0_RGB1_RGB10:A (r)
               +     0.052          cell: ADLIB:RGB
  10.500                       CLOCKS_AND_RESETS_0/CCC_FIC_x_CLK/PF_CCC_C0_0/clkint_0/U0_RGB1_RGB10:Y (f)
               +     0.398          net: CLOCKS_AND_RESETS_0/CCC_FIC_x_CLK/PF_CCC_C0_0/clkint_0/U0_RGB1_RGB10_rgb_net_1
  10.898                       MIPI_CAMERA_0/mipicsi2rxdecoderPF_C0_0/MSC_i_0/MSC_i_1/interrupt_event_dly[0][1]:CLK (r)
               -     0.135          
  10.763                       clock jitter
               -     0.000          Library setup time: ADLIB:SLE
  10.763                       MIPI_CAMERA_0/mipicsi2rxdecoderPF_C0_0/MSC_i_0/MSC_i_1/interrupt_event_dly[0][1]:D
                                    
  10.763                       data required time


Operating Conditions : slow_lv_ht

END SET MIPI_CAMERA_0/PF_CCC_C1_0/PF_CCC_C1_0/pll_inst_0/OUT0 to CLOCKS_AND_RESETS_0/CCC_FIC_x_CLK/PF_CCC_C0_0/pll_inst_0/OUT0

----------------------------------------------------

SET MIPI_CAMERA_0/PF_IOD_GENERIC_RX_C0_0/PF_CLK_DIV_FIFO/I_CDD/Y_DIV to CLOCKS_AND_RESETS_0/CCC_FIC_x_CLK/PF_CCC_C0_0/pll_inst_0/OUT0

Path 1
  From: MIPI_CAMERA_0/PF_IOD_GENERIC_RX_C0_0/COREBCLKSCLKALIGN_0/PF_IOD_GENERIC_RX_C0_TR_0/genblk1.U_ICB_BCLKSCLKALIGN/RX_CLK_ALIGN_DONE:CLK
  To:   MIPI_CAMERA_0/mipicsi2rxdecoderPF_C0_0/MSC_i_0/MSC_i_1/interrupt_event_dly[0][3]:D
  Delay (ns):              3.559
  Slack (ns):              7.001
  Arrival (ns):            7.775
  Required (ns):          14.776
  Setup (ns):              0.000
  Operating Conditions: slow_lv_ht


Expanded Path 1
  From: MIPI_CAMERA_0/PF_IOD_GENERIC_RX_C0_0/COREBCLKSCLKALIGN_0/PF_IOD_GENERIC_RX_C0_TR_0/genblk1.U_ICB_BCLKSCLKALIGN/RX_CLK_ALIGN_DONE:CLK
  To: MIPI_CAMERA_0/mipicsi2rxdecoderPF_C0_0/MSC_i_0/MSC_i_1/interrupt_event_dly[0][3]:D
  data required time                                 14.776
  data arrival time                          -        7.775
  slack                                               7.001
  ________________________________________________________
  Data arrival time calculation
  0.000                        MIPI_CAMERA_0/PF_IOD_GENERIC_RX_C0_0/PF_CLK_DIV_FIFO/I_CDD/Y_DIV
               +     0.000          Clock source
  0.000                        MIPI_CAMERA_0/PF_IOD_GENERIC_RX_C0_0/PF_CLK_DIV_FIFO/I_CDD:Y_DIV (r)
               +     2.247          Clock generation
  2.247                        
               +     0.561          net: MIPI_CAMERA_0/PF_IOD_GENERIC_RX_C0_0/PF_CLK_DIV_FIFO_CLK_DIV_OUT
  2.808                        MIPI_CAMERA_0/PF_IOD_GENERIC_RX_C0_0/CLKINT_0_1:A (r)
               +     0.174          cell: ADLIB:ICB_CLKINT
  2.982                        MIPI_CAMERA_0/PF_IOD_GENERIC_RX_C0_0/CLKINT_0_1:Y (r)
               +     0.125          net: MIPI_CAMERA_0/PF_IOD_GENERIC_RX_C0_0/CLKINT_0_NET
  3.107                        MIPI_CAMERA_0/PF_IOD_GENERIC_RX_C0_0/CLKINT_0:A (r)
               +     0.158          cell: ADLIB:GB
  3.265                        MIPI_CAMERA_0/PF_IOD_GENERIC_RX_C0_0/CLKINT_0:Y (r)
               +     0.391          net: MIPI_CAMERA_0/PF_IOD_GENERIC_RX_C0_0/CLKINT_0/U0_Y
  3.656                        MIPI_CAMERA_0/PF_IOD_GENERIC_RX_C0_0/CLKINT_0/U0_RGB1_RGB3:A (r)
               +     0.058          cell: ADLIB:RGB
  3.714                        MIPI_CAMERA_0/PF_IOD_GENERIC_RX_C0_0/CLKINT_0/U0_RGB1_RGB3:Y (f)
               +     0.502          net: MIPI_CAMERA_0/PF_IOD_GENERIC_RX_C0_0/CLKINT_0/U0_RGB1_RGB3_rgb_net_1
  4.216                        MIPI_CAMERA_0/PF_IOD_GENERIC_RX_C0_0/COREBCLKSCLKALIGN_0/PF_IOD_GENERIC_RX_C0_TR_0/genblk1.U_ICB_BCLKSCLKALIGN/RX_CLK_ALIGN_DONE:CLK (r)
               +     0.201          cell: ADLIB:SLE
  4.417                        MIPI_CAMERA_0/PF_IOD_GENERIC_RX_C0_0/COREBCLKSCLKALIGN_0/PF_IOD_GENERIC_RX_C0_TR_0/genblk1.U_ICB_BCLKSCLKALIGN/RX_CLK_ALIGN_DONE:Q (r)
               +     3.282          net: MIPI_CAMERA_0/PF_IOD_GENERIC_RX_C0_0_CLK_TRAIN_DONE
  7.699                        MIPI_CAMERA_0/mipicsi2rxdecoderPF_C0_0/MSC_i_0/MSC_i_1/un1_diff_cnt[3]_1.un8_ISR_w:A (r)
               +     0.051          cell: ADLIB:CFG2
  7.750                        MIPI_CAMERA_0/mipicsi2rxdecoderPF_C0_0/MSC_i_0/MSC_i_1/un1_diff_cnt[3]_1.un8_ISR_w:Y (f)
               +     0.025          net: MIPI_CAMERA_0/mipicsi2rxdecoderPF_C0_0/MSC_i_0/MSC_i_1/un8_ISR_w
  7.775                        MIPI_CAMERA_0/mipicsi2rxdecoderPF_C0_0/MSC_i_0/MSC_i_1/interrupt_event_dly[0][3]:D (f)
                                    
  7.775                        data arrival time
  ________________________________________________________
  Data required time calculation
  8.000                        CLOCKS_AND_RESETS_0/CCC_FIC_x_CLK/PF_CCC_C0_0/pll_inst_0/OUT0
               +     0.000          Clock source
  8.000                        CLOCKS_AND_RESETS_0/CCC_FIC_x_CLK/PF_CCC_C0_0/pll_inst_0:OUT0 (r)
               +     3.893          Clock generation
  11.893                       
               +     1.555          net: CLOCKS_AND_RESETS_0/CCC_FIC_x_CLK/PF_CCC_C0_0/pll_inst_0_clkint_0
  13.448                       CLOCKS_AND_RESETS_0/CCC_FIC_x_CLK/PF_CCC_C0_0/clkint_0_1:A (r)
               +     0.130          cell: ADLIB:ICB_CLKINT
  13.578                       CLOCKS_AND_RESETS_0/CCC_FIC_x_CLK/PF_CCC_C0_0/clkint_0_1:Y (r)
               +     0.352          net: CLOCKS_AND_RESETS_0/CCC_FIC_x_CLK/PF_CCC_C0_0/clkint_0_NET
  13.930                       CLOCKS_AND_RESETS_0/CCC_FIC_x_CLK/PF_CCC_C0_0/clkint_0:A (r)
               +     0.147          cell: ADLIB:GB
  14.077                       CLOCKS_AND_RESETS_0/CCC_FIC_x_CLK/PF_CCC_C0_0/clkint_0:Y (r)
               +     0.371          net: CLOCKS_AND_RESETS_0/CCC_FIC_x_CLK/PF_CCC_C0_0/clkint_0/U0_Y
  14.448                       CLOCKS_AND_RESETS_0/CCC_FIC_x_CLK/PF_CCC_C0_0/clkint_0/U0_RGB1_RGB10:A (r)
               +     0.052          cell: ADLIB:RGB
  14.500                       CLOCKS_AND_RESETS_0/CCC_FIC_x_CLK/PF_CCC_C0_0/clkint_0/U0_RGB1_RGB10:Y (f)
               +     0.411          net: CLOCKS_AND_RESETS_0/CCC_FIC_x_CLK/PF_CCC_C0_0/clkint_0/U0_RGB1_RGB10_rgb_net_1
  14.911                       MIPI_CAMERA_0/mipicsi2rxdecoderPF_C0_0/MSC_i_0/MSC_i_1/interrupt_event_dly[0][3]:CLK (r)
               -     0.135          
  14.776                       clock jitter
               -     0.000          Library setup time: ADLIB:SLE
  14.776                       MIPI_CAMERA_0/mipicsi2rxdecoderPF_C0_0/MSC_i_0/MSC_i_1/interrupt_event_dly[0][3]:D
                                    
  14.776                       data required time


Operating Conditions : slow_lv_ht

END SET MIPI_CAMERA_0/PF_IOD_GENERIC_RX_C0_0/PF_CLK_DIV_FIFO/I_CDD/Y_DIV to CLOCKS_AND_RESETS_0/CCC_FIC_x_CLK/PF_CCC_C0_0/pll_inst_0/OUT0

----------------------------------------------------

Clock Domain CLOCKS_AND_RESETS_0/CCC_FIC_x_CLK/PF_CCC_C0_0/pll_inst_0/OUT1

SET Register to Register

Path 1
  From: MSS_WRAPPER_0/MPFS_DISCOVERY_KIT_MSS_0/I_MSS:FIC_1_ACLK
  To:   MIPI_CAMERA_0/VDMA_C0_0/VDMA_C0_0/ddr_axi4_arbiter_vdma_0/genblk1.ddr_axi4_arbiter_native_vdma_0/ddr_rw_arbiter_vdma_0/wd_trans_Cnt[1]:D
  Delay (ns):              3.861
  Slack (ns):              3.629
  Arrival (ns):            9.921
  Required (ns):          13.550
  Setup (ns):              0.000
  Minimum Period (ns):     4.236
  Operating Conditions: slow_lv_lt

Path 2
  From: MSS_WRAPPER_0/MPFS_DISCOVERY_KIT_MSS_0/I_MSS:FIC_1_ACLK
  To:   MIPI_CAMERA_0/VDMA_C0_0/VDMA_C0_0/ddr_axi4_arbiter_vdma_0/genblk1.ddr_axi4_arbiter_native_vdma_0/ddr_rw_arbiter_vdma_0/wr_len_fifo_ren:EN
  Delay (ns):              3.731
  Slack (ns):              3.633
  Arrival (ns):            9.791
  Required (ns):          13.424
  Setup (ns):              0.127
  Minimum Period (ns):     4.232
  Operating Conditions: slow_lv_lt

Path 3
  From: MSS_WRAPPER_0/MPFS_DISCOVERY_KIT_MSS_0/I_MSS:FIC_1_ACLK
  To:   MIPI_CAMERA_0/VDMA_C0_0/VDMA_C0_0/ddr_axi4_arbiter_vdma_0/genblk1.ddr_axi4_arbiter_native_vdma_0/ddr_rw_arbiter_vdma_0/wd_trans_Cnt[5]:EN
  Delay (ns):              3.745
  Slack (ns):              3.715
  Arrival (ns):            9.805
  Required (ns):          13.520
  Setup (ns):              0.127
  Minimum Period (ns):     4.150
  Operating Conditions: slow_lv_lt

Path 4
  From: MSS_WRAPPER_0/MPFS_DISCOVERY_KIT_MSS_0/I_MSS:FIC_1_ACLK
  To:   MIPI_CAMERA_0/VDMA_C0_0/VDMA_C0_0/ddr_axi4_arbiter_vdma_0/genblk1.ddr_axi4_arbiter_native_vdma_0/ddr_rw_arbiter_vdma_0/wd_trans_Cnt[4]:EN
  Delay (ns):              3.745
  Slack (ns):              3.715
  Arrival (ns):            9.805
  Required (ns):          13.520
  Setup (ns):              0.127
  Minimum Period (ns):     4.150
  Operating Conditions: slow_lv_lt

Path 5
  From: MSS_WRAPPER_0/MPFS_DISCOVERY_KIT_MSS_0/I_MSS:FIC_1_ACLK
  To:   MIPI_CAMERA_0/VDMA_C0_0/VDMA_C0_0/ddr_axi4_arbiter_vdma_0/genblk1.ddr_axi4_arbiter_native_vdma_0/ddr_rw_arbiter_vdma_0/wd_trans_Cnt[3]:EN
  Delay (ns):              3.745
  Slack (ns):              3.715
  Arrival (ns):            9.805
  Required (ns):          13.520
  Setup (ns):              0.127
  Minimum Period (ns):     4.150
  Operating Conditions: slow_lv_lt


Expanded Path 1
  From: MSS_WRAPPER_0/MPFS_DISCOVERY_KIT_MSS_0/I_MSS:FIC_1_ACLK
  To: MIPI_CAMERA_0/VDMA_C0_0/VDMA_C0_0/ddr_axi4_arbiter_vdma_0/genblk1.ddr_axi4_arbiter_native_vdma_0/ddr_rw_arbiter_vdma_0/wd_trans_Cnt[1]:D
  data required time                                 13.550
  data arrival time                          -        9.921
  slack                                               3.629
  ________________________________________________________
  Data arrival time calculation
  0.000                        CLOCKS_AND_RESETS_0/CCC_FIC_x_CLK/PF_CCC_C0_0/pll_inst_0/OUT1
               +     0.000          Clock source
  0.000                        CLOCKS_AND_RESETS_0/CCC_FIC_x_CLK/PF_CCC_C0_0/pll_inst_0:OUT1 (r)
               +     4.146          Clock generation
  4.146                        
               +     0.253          net: CLOCKS_AND_RESETS_0/CCC_FIC_x_CLK/PF_CCC_C0_0/pll_inst_0_clkint_4
  4.399                        CLOCKS_AND_RESETS_0/CCC_FIC_x_CLK/PF_CCC_C0_0/clkint_4_1:A (r)
               +     0.234          cell: ADLIB:ICB_CLKINT
  4.633                        CLOCKS_AND_RESETS_0/CCC_FIC_x_CLK/PF_CCC_C0_0/clkint_4_1:Y (r)
               +     0.120          net: CLOCKS_AND_RESETS_0/CCC_FIC_x_CLK/PF_CCC_C0_0/clkint_4_NET
  4.753                        CLOCKS_AND_RESETS_0/CCC_FIC_x_CLK/PF_CCC_C0_0/clkint_4:A (r)
               +     0.164          cell: ADLIB:GB
  4.917                        CLOCKS_AND_RESETS_0/CCC_FIC_x_CLK/PF_CCC_C0_0/clkint_4:Y (r)
               +     0.391          net: CLOCKS_AND_RESETS_0/CCC_FIC_x_CLK/PF_CCC_C0_0/clkint_4/U0_Y
  5.308                        CLOCKS_AND_RESETS_0/CCC_FIC_x_CLK/PF_CCC_C0_0/clkint_4/U0_RGB1:A (r)
               +     0.060          cell: ADLIB:RGB
  5.368                        CLOCKS_AND_RESETS_0/CCC_FIC_x_CLK/PF_CCC_C0_0/clkint_4/U0_RGB1:Y (f)
               +     0.692          net: CLOCKS_AND_RESETS_0_FIC_1_CLK
  6.060                        MSS_WRAPPER_0/MPFS_DISCOVERY_KIT_MSS_0/I_MSS:FIC_1_ACLK (r)
               +     0.842          cell: ADLIB:MSS
  6.902                        MSS_WRAPPER_0/MPFS_DISCOVERY_KIT_MSS_0/I_MSS:FIC_1_AXI4_S_WREADY (r)
               +     1.144          net: MIPI_CAMERA_0_mAXI4_SLAVE_WREADY
  8.046                        MIPI_CAMERA_0/VDMA_C0_0/VDMA_C0_0/ddr_axi4_arbiter_vdma_0/genblk1.ddr_axi4_arbiter_native_vdma_0/ddr_rw_arbiter_vdma_0/wr_fifo_ren:B (r)
               +     0.079          cell: ADLIB:CFG2
  8.125                        MIPI_CAMERA_0/VDMA_C0_0/VDMA_C0_0/ddr_axi4_arbiter_vdma_0/genblk1.ddr_axi4_arbiter_native_vdma_0/ddr_rw_arbiter_vdma_0/wr_fifo_ren:Y (r)
               +     0.522          net: MIPI_CAMERA_0/VDMA_C0_0/VDMA_C0_0/ddr_axi4_arbiter_vdma_0/genblk1.ddr_axi4_arbiter_native_vdma_0/ddr_rw_arbiter_vdma_0/wr_fifo_ren_Z
  8.647                        MIPI_CAMERA_0/VDMA_C0_0/VDMA_C0_0/ddr_axi4_arbiter_vdma_0/genblk1.ddr_axi4_arbiter_native_vdma_0/ddr_rw_arbiter_vdma_0/wr_len_fifo_ren8:C (r)
               +     0.168          cell: ADLIB:CFG4
  8.815                        MIPI_CAMERA_0/VDMA_C0_0/VDMA_C0_0/ddr_axi4_arbiter_vdma_0/genblk1.ddr_axi4_arbiter_native_vdma_0/ddr_rw_arbiter_vdma_0/wr_len_fifo_ren8:Y (r)
               +     0.325          net: MIPI_CAMERA_0/VDMA_C0_0/VDMA_C0_0/ddr_axi4_arbiter_vdma_0/genblk1.ddr_axi4_arbiter_native_vdma_0/ddr_rw_arbiter_vdma_0/wr_len_fifo_ren8_Z
  9.140                        MIPI_CAMERA_0/VDMA_C0_0/VDMA_C0_0/ddr_axi4_arbiter_vdma_0/genblk1.ddr_axi4_arbiter_native_vdma_0/ddr_rw_arbiter_vdma_0/wr_len_fifo_ren9:C (r)
               +     0.088          cell: ADLIB:CFG4
  9.228                        MIPI_CAMERA_0/VDMA_C0_0/VDMA_C0_0/ddr_axi4_arbiter_vdma_0/genblk1.ddr_axi4_arbiter_native_vdma_0/ddr_rw_arbiter_vdma_0/wr_len_fifo_ren9:Y (f)
               +     0.128          net: MIPI_CAMERA_0/VDMA_C0_0/VDMA_C0_0/ddr_axi4_arbiter_vdma_0/genblk1.ddr_axi4_arbiter_native_vdma_0/ddr_rw_arbiter_vdma_0/wr_len_fifo_ren9_Z
  9.356                        MIPI_CAMERA_0/VDMA_C0_0/VDMA_C0_0/ddr_axi4_arbiter_vdma_0/genblk1.ddr_axi4_arbiter_native_vdma_0/ddr_rw_arbiter_vdma_0/wd_trans_Cnt_1_sqmuxa_2:B (f)
               +     0.047          cell: ADLIB:CFG3
  9.403                        MIPI_CAMERA_0/VDMA_C0_0/VDMA_C0_0/ddr_axi4_arbiter_vdma_0/genblk1.ddr_axi4_arbiter_native_vdma_0/ddr_rw_arbiter_vdma_0/wd_trans_Cnt_1_sqmuxa_2:Y (f)
               +     0.306          net: MIPI_CAMERA_0/VDMA_C0_0/VDMA_C0_0/ddr_axi4_arbiter_vdma_0/genblk1.ddr_axi4_arbiter_native_vdma_0/ddr_rw_arbiter_vdma_0/wd_trans_Cnt_1_sqmuxa_2_Z
  9.709                        MIPI_CAMERA_0/VDMA_C0_0/VDMA_C0_0/ddr_axi4_arbiter_vdma_0/genblk1.ddr_axi4_arbiter_native_vdma_0/ddr_rw_arbiter_vdma_0/wd_trans_Cnt_lm_0[1]:D (f)
               +     0.192          cell: ADLIB:CFG4
  9.901                        MIPI_CAMERA_0/VDMA_C0_0/VDMA_C0_0/ddr_axi4_arbiter_vdma_0/genblk1.ddr_axi4_arbiter_native_vdma_0/ddr_rw_arbiter_vdma_0/wd_trans_Cnt_lm_0[1]:Y (f)
               +     0.020          net: MIPI_CAMERA_0/VDMA_C0_0/VDMA_C0_0/ddr_axi4_arbiter_vdma_0/genblk1.ddr_axi4_arbiter_native_vdma_0/ddr_rw_arbiter_vdma_0/wd_trans_Cnt_lm[1]
  9.921                        MIPI_CAMERA_0/VDMA_C0_0/VDMA_C0_0/ddr_axi4_arbiter_vdma_0/genblk1.ddr_axi4_arbiter_native_vdma_0/ddr_rw_arbiter_vdma_0/wd_trans_Cnt[1]:D (f)
                                    
  9.921                        data arrival time
  ________________________________________________________
  Data required time calculation
  8.000                        CLOCKS_AND_RESETS_0/CCC_FIC_x_CLK/PF_CCC_C0_0/pll_inst_0/OUT1
               +     0.000          Clock source
  8.000                        CLOCKS_AND_RESETS_0/CCC_FIC_x_CLK/PF_CCC_C0_0/pll_inst_0:OUT1 (r)
               +     3.745          Clock generation
  11.745                       
               +     0.231          net: CLOCKS_AND_RESETS_0/CCC_FIC_x_CLK/PF_CCC_C0_0/pll_inst_0_clkint_4
  11.976                       CLOCKS_AND_RESETS_0/CCC_FIC_x_CLK/PF_CCC_C0_0/clkint_4_1:A (r)
               +     0.202          cell: ADLIB:ICB_CLKINT
  12.178                       CLOCKS_AND_RESETS_0/CCC_FIC_x_CLK/PF_CCC_C0_0/clkint_4_1:Y (r)
               +     0.110          net: CLOCKS_AND_RESETS_0/CCC_FIC_x_CLK/PF_CCC_C0_0/clkint_4_NET
  12.288                       CLOCKS_AND_RESETS_0/CCC_FIC_x_CLK/PF_CCC_C0_0/clkint_4:A (r)
               +     0.149          cell: ADLIB:GB
  12.437                       CLOCKS_AND_RESETS_0/CCC_FIC_x_CLK/PF_CCC_C0_0/clkint_4:Y (r)
               +     0.352          net: CLOCKS_AND_RESETS_0/CCC_FIC_x_CLK/PF_CCC_C0_0/clkint_4/U0_Y
  12.789                       CLOCKS_AND_RESETS_0/CCC_FIC_x_CLK/PF_CCC_C0_0/clkint_4/U0_RGB1_RGB0:A (r)
               +     0.052          cell: ADLIB:RGB
  12.841                       CLOCKS_AND_RESETS_0/CCC_FIC_x_CLK/PF_CCC_C0_0/clkint_4/U0_RGB1_RGB0:Y (f)
               +     0.362          net: CLOCKS_AND_RESETS_0/CCC_FIC_x_CLK/PF_CCC_C0_0/clkint_4/U0_RGB1_RGB0_rgb_net_1
  13.203                       MIPI_CAMERA_0/VDMA_C0_0/VDMA_C0_0/ddr_axi4_arbiter_vdma_0/genblk1.ddr_axi4_arbiter_native_vdma_0/ddr_rw_arbiter_vdma_0/wd_trans_Cnt[1]:CLK (r)
               +     0.482          
  13.685                       clock reconvergence pessimism
               -     0.135          
  13.550                       clock jitter
               -     0.000          Library setup time: ADLIB:SLE
  13.550                       MIPI_CAMERA_0/VDMA_C0_0/VDMA_C0_0/ddr_axi4_arbiter_vdma_0/genblk1.ddr_axi4_arbiter_native_vdma_0/ddr_rw_arbiter_vdma_0/wd_trans_Cnt[1]:D
                                    
  13.550                       data required time


Operating Conditions : slow_lv_lt

END SET Register to Register

----------------------------------------------------

SET External Setup

No Path 

END SET External Setup

----------------------------------------------------

SET Clock to Output

No Path 

END SET Clock to Output

----------------------------------------------------

SET Register to Asynchronous

Path 1
  From: MIPI_CAMERA_0/VDMA_C0_0/VDMA_C0_0/dma_top_0/vdma_ip_reset_0/synchronizer_circuit_2stage_ddr_clk/sync_out_o:CLK
  To:   MIPI_CAMERA_0/VDMA_C0_0/VDMA_C0_0/dma_top_0/vdma_write_0/ddr_write_vdma/ddr_write_controller_vdma_0/s_frame_size[25]:ALn
  Delay (ns):              1.809
  Slack (ns):              5.795
  Arrival (ns):            7.833
  Required (ns):          13.628
  Recovery (ns):           0.196
  Minimum Period (ns):     2.070
  Skew (ns):               0.065
  Operating Conditions: slow_lv_ht

Path 2
  From: MIPI_CAMERA_0/VDMA_C0_0/VDMA_C0_0/dma_top_0/vdma_ip_reset_0/synchronizer_circuit_2stage_ddr_clk/sync_out_o:CLK
  To:   MIPI_CAMERA_0/VDMA_C0_0/VDMA_C0_0/dma_top_0/vdma_write_0/ddr_write_vdma/ddr_write_controller_vdma_0/s_frame_size[24]:ALn
  Delay (ns):              1.809
  Slack (ns):              5.795
  Arrival (ns):            7.833
  Required (ns):          13.628
  Recovery (ns):           0.196
  Minimum Period (ns):     2.070
  Skew (ns):               0.065
  Operating Conditions: slow_lv_ht

Path 3
  From: MIPI_CAMERA_0/VDMA_C0_0/VDMA_C0_0/dma_top_0/vdma_ip_reset_0/synchronizer_circuit_2stage_ddr_clk/sync_out_o:CLK
  To:   MIPI_CAMERA_0/VDMA_C0_0/VDMA_C0_0/dma_top_0/vdma_write_0/ddr_write_vdma/ddr_write_controller_vdma_0/s_frame_size[28]:ALn
  Delay (ns):              1.808
  Slack (ns):              5.796
  Arrival (ns):            7.832
  Required (ns):          13.628
  Recovery (ns):           0.196
  Minimum Period (ns):     2.069
  Skew (ns):               0.065
  Operating Conditions: slow_lv_ht

Path 4
  From: MIPI_CAMERA_0/VDMA_C0_0/VDMA_C0_0/dma_top_0/vdma_ip_reset_0/synchronizer_circuit_2stage_ddr_clk/sync_out_o:CLK
  To:   MIPI_CAMERA_0/VDMA_C0_0/VDMA_C0_0/dma_top_0/vdma_write_0/ddr_write_vdma/ddr_write_controller_vdma_0/s_frame_size[27]:ALn
  Delay (ns):              1.808
  Slack (ns):              5.796
  Arrival (ns):            7.832
  Required (ns):          13.628
  Recovery (ns):           0.196
  Minimum Period (ns):     2.069
  Skew (ns):               0.065
  Operating Conditions: slow_lv_ht

Path 5
  From: MIPI_CAMERA_0/VDMA_C0_0/VDMA_C0_0/dma_top_0/vdma_ip_reset_0/synchronizer_circuit_2stage_ddr_clk/sync_out_o:CLK
  To:   MIPI_CAMERA_0/VDMA_C0_0/VDMA_C0_0/dma_top_0/vdma_write_0/ddr_write_vdma/ddr_write_controller_vdma_0/s_frame_size[26]:ALn
  Delay (ns):              1.808
  Slack (ns):              5.796
  Arrival (ns):            7.832
  Required (ns):          13.628
  Recovery (ns):           0.196
  Minimum Period (ns):     2.069
  Skew (ns):               0.065
  Operating Conditions: slow_lv_ht


Expanded Path 1
  From: MIPI_CAMERA_0/VDMA_C0_0/VDMA_C0_0/dma_top_0/vdma_ip_reset_0/synchronizer_circuit_2stage_ddr_clk/sync_out_o:CLK
  To: MIPI_CAMERA_0/VDMA_C0_0/VDMA_C0_0/dma_top_0/vdma_write_0/ddr_write_vdma/ddr_write_controller_vdma_0/s_frame_size[25]:ALn
  data required time                                 13.628
  data arrival time                          -        7.833
  slack                                               5.795
  ________________________________________________________
  Data arrival time calculation
  0.000                        CLOCKS_AND_RESETS_0/CCC_FIC_x_CLK/PF_CCC_C0_0/pll_inst_0/OUT1
               +     0.000          Clock source
  0.000                        CLOCKS_AND_RESETS_0/CCC_FIC_x_CLK/PF_CCC_C0_0/pll_inst_0:OUT1 (r)
               +     4.311          Clock generation
  4.311                        
               +     0.256          net: CLOCKS_AND_RESETS_0/CCC_FIC_x_CLK/PF_CCC_C0_0/pll_inst_0_clkint_4
  4.567                        CLOCKS_AND_RESETS_0/CCC_FIC_x_CLK/PF_CCC_C0_0/clkint_4_1:A (r)
               +     0.234          cell: ADLIB:ICB_CLKINT
  4.801                        CLOCKS_AND_RESETS_0/CCC_FIC_x_CLK/PF_CCC_C0_0/clkint_4_1:Y (r)
               +     0.144          net: CLOCKS_AND_RESETS_0/CCC_FIC_x_CLK/PF_CCC_C0_0/clkint_4_NET
  4.945                        CLOCKS_AND_RESETS_0/CCC_FIC_x_CLK/PF_CCC_C0_0/clkint_4:A (r)
               +     0.162          cell: ADLIB:GB
  5.107                        CLOCKS_AND_RESETS_0/CCC_FIC_x_CLK/PF_CCC_C0_0/clkint_4:Y (r)
               +     0.413          net: CLOCKS_AND_RESETS_0/CCC_FIC_x_CLK/PF_CCC_C0_0/clkint_4/U0_Y
  5.520                        CLOCKS_AND_RESETS_0/CCC_FIC_x_CLK/PF_CCC_C0_0/clkint_4/U0_RGB1_RGB0:A (r)
               +     0.058          cell: ADLIB:RGB
  5.578                        CLOCKS_AND_RESETS_0/CCC_FIC_x_CLK/PF_CCC_C0_0/clkint_4/U0_RGB1_RGB0:Y (f)
               +     0.446          net: CLOCKS_AND_RESETS_0/CCC_FIC_x_CLK/PF_CCC_C0_0/clkint_4/U0_RGB1_RGB0_rgb_net_1
  6.024                        MIPI_CAMERA_0/VDMA_C0_0/VDMA_C0_0/dma_top_0/vdma_ip_reset_0/synchronizer_circuit_2stage_ddr_clk/sync_out_o:CLK (r)
               +     0.201          cell: ADLIB:SLE
  6.225                        MIPI_CAMERA_0/VDMA_C0_0/VDMA_C0_0/dma_top_0/vdma_ip_reset_0/synchronizer_circuit_2stage_ddr_clk/sync_out_o:Q (r)
               +     1.608          net: MIPI_CAMERA_0/VDMA_C0_0/VDMA_C0_0/dma_top_0/sync_out_o_1
  7.833                        MIPI_CAMERA_0/VDMA_C0_0/VDMA_C0_0/dma_top_0/vdma_write_0/ddr_write_vdma/ddr_write_controller_vdma_0/s_frame_size[25]:ALn (r)
                                    
  7.833                        data arrival time
  ________________________________________________________
  Data required time calculation
  8.000                        CLOCKS_AND_RESETS_0/CCC_FIC_x_CLK/PF_CCC_C0_0/pll_inst_0/OUT1
               +     0.000          Clock source
  8.000                        CLOCKS_AND_RESETS_0/CCC_FIC_x_CLK/PF_CCC_C0_0/pll_inst_0:OUT1 (r)
               +     3.892          Clock generation
  11.892                       
               +     0.233          net: CLOCKS_AND_RESETS_0/CCC_FIC_x_CLK/PF_CCC_C0_0/pll_inst_0_clkint_4
  12.125                       CLOCKS_AND_RESETS_0/CCC_FIC_x_CLK/PF_CCC_C0_0/clkint_4_1:A (r)
               +     0.203          cell: ADLIB:ICB_CLKINT
  12.328                       CLOCKS_AND_RESETS_0/CCC_FIC_x_CLK/PF_CCC_C0_0/clkint_4_1:Y (r)
               +     0.132          net: CLOCKS_AND_RESETS_0/CCC_FIC_x_CLK/PF_CCC_C0_0/clkint_4_NET
  12.460                       CLOCKS_AND_RESETS_0/CCC_FIC_x_CLK/PF_CCC_C0_0/clkint_4:A (r)
               +     0.147          cell: ADLIB:GB
  12.607                       CLOCKS_AND_RESETS_0/CCC_FIC_x_CLK/PF_CCC_C0_0/clkint_4:Y (r)
               +     0.376          net: CLOCKS_AND_RESETS_0/CCC_FIC_x_CLK/PF_CCC_C0_0/clkint_4/U0_Y
  12.983                       CLOCKS_AND_RESETS_0/CCC_FIC_x_CLK/PF_CCC_C0_0/clkint_4/U0_RGB1:A (r)
               +     0.052          cell: ADLIB:RGB
  13.035                       CLOCKS_AND_RESETS_0/CCC_FIC_x_CLK/PF_CCC_C0_0/clkint_4/U0_RGB1:Y (f)
               +     0.421          net: CLOCKS_AND_RESETS_0_FIC_1_CLK
  13.456                       MIPI_CAMERA_0/VDMA_C0_0/VDMA_C0_0/dma_top_0/vdma_write_0/ddr_write_vdma/ddr_write_controller_vdma_0/s_frame_size[25]:CLK (r)
               +     0.503          
  13.959                       clock reconvergence pessimism
               -     0.135          
  13.824                       clock jitter
               -     0.196          Library recovery time: ADLIB:SLE
  13.628                       MIPI_CAMERA_0/VDMA_C0_0/VDMA_C0_0/dma_top_0/vdma_write_0/ddr_write_vdma/ddr_write_controller_vdma_0/s_frame_size[25]:ALn
                                    
  13.628                       data required time


Operating Conditions : slow_lv_ht

END SET Register to Asynchronous

----------------------------------------------------

SET External Recovery

No Path 

END SET External Recovery

----------------------------------------------------

SET Asynchronous to Register

No Path 

END SET Asynchronous to Register

----------------------------------------------------

SET CLOCKS_AND_RESETS_0/CCC_FIC_x_CLK/PF_CCC_C0_0/pll_inst_0/OUT0 to CLOCKS_AND_RESETS_0/CCC_FIC_x_CLK/PF_CCC_C0_0/pll_inst_0/OUT1

Path 1
  From: CLOCKS_AND_RESETS_0/RESET_FIC_0_CLK/CORERESET_0/dff_15[0]:CLK
  To:   MIPI_CAMERA_0/VDMA_C0_0/VDMA_C0_0/dma_top_0/vdma_write_0/ddr_write_vdma/async_fifo_vdma_0/RAM2PORT_ASYNC_FIFO_INST/ram_ram_0_3/INST_RAM1K20_IP:A_DOUT_ARST_N
  Delay (ns):              4.515
  Slack (ns):              1.466
  Arrival (ns):           12.148
  Required (ns):          13.614
  Operating Conditions: slow_lv_ht

Path 2
  From: CLOCKS_AND_RESETS_0/RESET_FIC_0_CLK/CORERESET_0/dff_15[0]:CLK
  To:   MIPI_CAMERA_0/VDMA_C0_0/VDMA_C0_0/ddr_axi4_arbiter_vdma_0/genblk1.ddr_axi4_arbiter_native_vdma_0/ddr_rw_arbiter_vdma_0/v_wr_data_fifo/genblk18.fifo_corefifo_sync_scntr/memraddr_r[7]:ALn
  Delay (ns):              4.396
  Slack (ns):              1.487
  Arrival (ns):           12.029
  Required (ns):          13.516
  Operating Conditions: slow_lv_ht

Path 3
  From: CLOCKS_AND_RESETS_0/RESET_FIC_0_CLK/CORERESET_0/dff_15[0]:CLK
  To:   MIPI_CAMERA_0/VDMA_C0_0/VDMA_C0_0/ddr_axi4_arbiter_vdma_0/genblk1.ddr_axi4_arbiter_native_vdma_0/ddr_rw_arbiter_vdma_0/v_wr_data_fifo/genblk18.fifo_corefifo_sync_scntr/memraddr_r[6]:ALn
  Delay (ns):              4.396
  Slack (ns):              1.487
  Arrival (ns):           12.029
  Required (ns):          13.516
  Operating Conditions: slow_lv_ht

Path 4
  From: CLOCKS_AND_RESETS_0/RESET_FIC_0_CLK/CORERESET_0/dff_15[0]:CLK
  To:   MIPI_CAMERA_0/VDMA_C0_0/VDMA_C0_0/ddr_axi4_arbiter_vdma_0/genblk1.ddr_axi4_arbiter_native_vdma_0/ddr_rw_arbiter_vdma_0/v_wr_data_fifo/genblk18.fifo_corefifo_sync_scntr/memraddr_r[4]:ALn
  Delay (ns):              4.396
  Slack (ns):              1.487
  Arrival (ns):           12.029
  Required (ns):          13.516
  Operating Conditions: slow_lv_ht

Path 5
  From: CLOCKS_AND_RESETS_0/RESET_FIC_0_CLK/CORERESET_0/dff_15[0]:CLK
  To:   MIPI_CAMERA_0/VDMA_C0_0/VDMA_C0_0/ddr_axi4_arbiter_vdma_0/genblk1.ddr_axi4_arbiter_native_vdma_0/ddr_rw_arbiter_vdma_0/v_wr_data_fifo/genblk18.fifo_corefifo_sync_scntr/memraddr_r[0]:ALn
  Delay (ns):              4.397
  Slack (ns):              1.487
  Arrival (ns):           12.030
  Required (ns):          13.517
  Operating Conditions: slow_lv_ht


Expanded Path 1
  From: CLOCKS_AND_RESETS_0/RESET_FIC_0_CLK/CORERESET_0/dff_15[0]:CLK
  To: MIPI_CAMERA_0/VDMA_C0_0/VDMA_C0_0/dma_top_0/vdma_write_0/ddr_write_vdma/async_fifo_vdma_0/RAM2PORT_ASYNC_FIFO_INST/ram_ram_0_3/INST_RAM1K20_IP:A_DOUT_ARST_N
  data required time                                 13.614
  data arrival time                          -       12.148
  slack                                               1.466
  ________________________________________________________
  Data arrival time calculation
  0.000                        CLOCKS_AND_RESETS_0/CCC_FIC_x_CLK/PF_CCC_C0_0/pll_inst_0/OUT0
               +     0.000          Clock source
  0.000                        CLOCKS_AND_RESETS_0/CCC_FIC_x_CLK/PF_CCC_C0_0/pll_inst_0:OUT0 (r)
               +     4.312          Clock generation
  4.312                        
               +     1.709          net: CLOCKS_AND_RESETS_0/CCC_FIC_x_CLK/PF_CCC_C0_0/pll_inst_0_clkint_0
  6.021                        CLOCKS_AND_RESETS_0/CCC_FIC_x_CLK/PF_CCC_C0_0/clkint_0_1:A (r)
               +     0.150          cell: ADLIB:ICB_CLKINT
  6.171                        CLOCKS_AND_RESETS_0/CCC_FIC_x_CLK/PF_CCC_C0_0/clkint_0_1:Y (r)
               +     0.386          net: CLOCKS_AND_RESETS_0/CCC_FIC_x_CLK/PF_CCC_C0_0/clkint_0_NET
  6.557                        CLOCKS_AND_RESETS_0/CCC_FIC_x_CLK/PF_CCC_C0_0/clkint_0:A (r)
               +     0.161          cell: ADLIB:GB
  6.718                        CLOCKS_AND_RESETS_0/CCC_FIC_x_CLK/PF_CCC_C0_0/clkint_0:Y (r)
               +     0.387          net: CLOCKS_AND_RESETS_0/CCC_FIC_x_CLK/PF_CCC_C0_0/clkint_0/U0_Y
  7.105                        CLOCKS_AND_RESETS_0/CCC_FIC_x_CLK/PF_CCC_C0_0/clkint_0/U0_RGB1_RGB18:A (r)
               +     0.058          cell: ADLIB:RGB
  7.163                        CLOCKS_AND_RESETS_0/CCC_FIC_x_CLK/PF_CCC_C0_0/clkint_0/U0_RGB1_RGB18:Y (f)
               +     0.470          net: CLOCKS_AND_RESETS_0/CCC_FIC_x_CLK/PF_CCC_C0_0/clkint_0/U0_RGB1_RGB18_rgb_net_1
  7.633                        CLOCKS_AND_RESETS_0/RESET_FIC_0_CLK/CORERESET_0/dff_15[0]:CLK (r)
               +     0.201          cell: ADLIB:SLE
  7.834                        CLOCKS_AND_RESETS_0/RESET_FIC_0_CLK/CORERESET_0/dff_15[0]:Q (r)
               +     4.314          net: CLOCKS_AND_RESETS_0_RESET_FIC_0_CLK_CORERESET_0_dff
  12.148                       MIPI_CAMERA_0/VDMA_C0_0/VDMA_C0_0/dma_top_0/vdma_write_0/ddr_write_vdma/async_fifo_vdma_0/RAM2PORT_ASYNC_FIFO_INST/ram_ram_0_3/INST_RAM1K20_IP:A_DOUT_ARST_N (r)
                                    
  12.148                       data arrival time
  ________________________________________________________
  Data required time calculation
  8.000                        CLOCKS_AND_RESETS_0/CCC_FIC_x_CLK/PF_CCC_C0_0/pll_inst_0/OUT1
               +     0.000          Clock source
  8.000                        CLOCKS_AND_RESETS_0/CCC_FIC_x_CLK/PF_CCC_C0_0/pll_inst_0:OUT1 (r)
               +     3.892          Clock generation
  11.892                       
               +     0.233          net: CLOCKS_AND_RESETS_0/CCC_FIC_x_CLK/PF_CCC_C0_0/pll_inst_0_clkint_4
  12.125                       CLOCKS_AND_RESETS_0/CCC_FIC_x_CLK/PF_CCC_C0_0/clkint_4_1:A (r)
               +     0.203          cell: ADLIB:ICB_CLKINT
  12.328                       CLOCKS_AND_RESETS_0/CCC_FIC_x_CLK/PF_CCC_C0_0/clkint_4_1:Y (r)
               +     0.132          net: CLOCKS_AND_RESETS_0/CCC_FIC_x_CLK/PF_CCC_C0_0/clkint_4_NET
  12.460                       CLOCKS_AND_RESETS_0/CCC_FIC_x_CLK/PF_CCC_C0_0/clkint_4:A (r)
               +     0.147          cell: ADLIB:GB
  12.607                       CLOCKS_AND_RESETS_0/CCC_FIC_x_CLK/PF_CCC_C0_0/clkint_4:Y (r)
               +     0.372          net: CLOCKS_AND_RESETS_0/CCC_FIC_x_CLK/PF_CCC_C0_0/clkint_4/U0_Y
  12.979                       CLOCKS_AND_RESETS_0/CCC_FIC_x_CLK/PF_CCC_C0_0/clkint_4/U0_RGB1_RGB1:A (r)
               +     0.052          cell: ADLIB:RGB
  13.031                       CLOCKS_AND_RESETS_0/CCC_FIC_x_CLK/PF_CCC_C0_0/clkint_4/U0_RGB1_RGB1:Y (f)
               +     0.570          net: CLOCKS_AND_RESETS_0/CCC_FIC_x_CLK/PF_CCC_C0_0/clkint_4/U0_RGB1_RGB1_rgb_net_1
  13.601                       MIPI_CAMERA_0/VDMA_C0_0/VDMA_C0_0/dma_top_0/vdma_write_0/ddr_write_vdma/async_fifo_vdma_0/RAM2PORT_ASYNC_FIFO_INST/ram_ram_0_3/INST_RAM1K20_IP:A_CLK (r)
               +     0.405          
  14.006                       clock reconvergence pessimism
               -     0.135          
  13.871                       clock jitter
               -     0.257          Library recovery time: ADLIB:RAM1K20_IP
  13.614                       MIPI_CAMERA_0/VDMA_C0_0/VDMA_C0_0/dma_top_0/vdma_write_0/ddr_write_vdma/async_fifo_vdma_0/RAM2PORT_ASYNC_FIFO_INST/ram_ram_0_3/INST_RAM1K20_IP:A_DOUT_ARST_N
                                    
  13.614                       data required time


Operating Conditions : slow_lv_ht

END SET CLOCKS_AND_RESETS_0/CCC_FIC_x_CLK/PF_CCC_C0_0/pll_inst_0/OUT0 to CLOCKS_AND_RESETS_0/CCC_FIC_x_CLK/PF_CCC_C0_0/pll_inst_0/OUT1

----------------------------------------------------

SET MIPI_CAMERA_0/PF_CCC_C1_0/PF_CCC_C1_0/pll_inst_0/OUT0 to CLOCKS_AND_RESETS_0/CCC_FIC_x_CLK/PF_CCC_C0_0/pll_inst_0/OUT1

Path 1
  From: MIPI_CAMERA_0/VDMA_C0_0/VDMA_C0_0/dma_top_0/vdma_write_0/buff_addr_fifo/RAM2PORT_ASYNC_FIFO_INST/ram_ram_0_0/INST_RAM1K20_IP:A_CLK
  To:   MIPI_CAMERA_0/VDMA_C0_0/VDMA_C0_0/dma_top_0/vdma_write_0/ddr_write_vdma/ddr_write_controller_vdma_0/write_start_addr_o_1[37]:D
  Delay (ns):              1.895
  Slack (ns):             -0.238
  Arrival (ns):            9.554
  Required (ns):           9.316
  Setup (ns):              0.000
  Operating Conditions: slow_lv_ht

Path 2
  From: MIPI_CAMERA_0/VDMA_C0_0/VDMA_C0_0/dma_top_0/vdma_write_0/buff_addr_fifo/RAM2PORT_ASYNC_FIFO_INST/ram_ram_0_0/INST_RAM1K20_IP:A_CLK
  To:   MIPI_CAMERA_0/VDMA_C0_0/VDMA_C0_0/dma_top_0/vdma_write_0/ddr_write_vdma/ddr_write_controller_vdma_0/write_start_addr_o_1[35]:D
  Delay (ns):              1.894
  Slack (ns):             -0.237
  Arrival (ns):            9.553
  Required (ns):           9.316
  Setup (ns):              0.000
  Operating Conditions: slow_lv_ht

Path 3
  From: MIPI_CAMERA_0/VDMA_C0_0/VDMA_C0_0/dma_top_0/vdma_write_0/buff_addr_fifo/RAM2PORT_ASYNC_FIFO_INST/ram_ram_0_0/INST_RAM1K20_IP:A_CLK
  To:   MIPI_CAMERA_0/VDMA_C0_0/VDMA_C0_0/dma_top_0/vdma_write_0/ddr_write_vdma/ddr_write_controller_vdma_0/write_start_addr_o_1[32]:D
  Delay (ns):              1.880
  Slack (ns):             -0.223
  Arrival (ns):            9.539
  Required (ns):           9.316
  Setup (ns):              0.000
  Operating Conditions: slow_lv_ht

Path 4
  From: MIPI_CAMERA_0/VDMA_C0_0/VDMA_C0_0/dma_top_0/vdma_write_0/buff_addr_fifo/RAM2PORT_ASYNC_FIFO_INST/ram_ram_0_0/INST_RAM1K20_IP:A_CLK
  To:   MIPI_CAMERA_0/VDMA_C0_0/VDMA_C0_0/dma_top_0/vdma_write_0/ddr_write_vdma/ddr_write_controller_vdma_0/write_start_addr_o_1[34]:D
  Delay (ns):              1.870
  Slack (ns):             -0.213
  Arrival (ns):            9.529
  Required (ns):           9.316
  Setup (ns):              0.000
  Operating Conditions: slow_lv_ht

Path 5
  From: MIPI_CAMERA_0/VDMA_C0_0/VDMA_C0_0/dma_top_0/vdma_write_0/buff_addr_fifo/RAM2PORT_ASYNC_FIFO_INST/ram_ram_0_0/INST_RAM1K20_IP:A_CLK
  To:   MIPI_CAMERA_0/VDMA_C0_0/VDMA_C0_0/dma_top_0/vdma_write_0/ddr_write_vdma/ddr_write_controller_vdma_0/write_start_addr_o_1[29]:D
  Delay (ns):              1.851
  Slack (ns):             -0.194
  Arrival (ns):            9.510
  Required (ns):           9.316
  Setup (ns):              0.000
  Operating Conditions: slow_lv_ht


Expanded Path 1
  From: MIPI_CAMERA_0/VDMA_C0_0/VDMA_C0_0/dma_top_0/vdma_write_0/buff_addr_fifo/RAM2PORT_ASYNC_FIFO_INST/ram_ram_0_0/INST_RAM1K20_IP:A_CLK
  To: MIPI_CAMERA_0/VDMA_C0_0/VDMA_C0_0/dma_top_0/vdma_write_0/ddr_write_vdma/ddr_write_controller_vdma_0/write_start_addr_o_1[37]:D
  data required time                                  9.316
  data arrival time                          -        9.554
  slack                                              -0.238
  ________________________________________________________
  Data arrival time calculation
  0.000                        MIPI_CAMERA_0/PF_CCC_C1_0/PF_CCC_C1_0/pll_inst_0/OUT0
               +     0.000          Clock source
  0.000                        MIPI_CAMERA_0/PF_CCC_C1_0/PF_CCC_C1_0/pll_inst_0:OUT0 (r)
               +     5.699          Clock generation
  5.699                        
               +     0.281          net: MIPI_CAMERA_0/PF_CCC_C1_0/PF_CCC_C1_0/pll_inst_0_clkint_0
  5.980                        MIPI_CAMERA_0/PF_CCC_C1_0/PF_CCC_C1_0/clkint_0_1:A (r)
               +     0.243          cell: ADLIB:ICB_CLKINT
  6.223                        MIPI_CAMERA_0/PF_CCC_C1_0/PF_CCC_C1_0/clkint_0_1:Y (r)
               +     0.150          net: MIPI_CAMERA_0/PF_CCC_C1_0/PF_CCC_C1_0/clkint_0_NET
  6.373                        MIPI_CAMERA_0/PF_CCC_C1_0/PF_CCC_C1_0/clkint_0:A (r)
               +     0.164          cell: ADLIB:GB
  6.537                        MIPI_CAMERA_0/PF_CCC_C1_0/PF_CCC_C1_0/clkint_0:Y (r)
               +     0.419          net: MIPI_CAMERA_0/PF_CCC_C1_0/PF_CCC_C1_0/clkint_0/U0_Y
  6.956                        MIPI_CAMERA_0/PF_CCC_C1_0/PF_CCC_C1_0/clkint_0/U0_RGB1:A (r)
               +     0.058          cell: ADLIB:RGB
  7.014                        MIPI_CAMERA_0/PF_CCC_C1_0/PF_CCC_C1_0/clkint_0/U0_RGB1:Y (f)
               +     0.645          net: MIPI_CAMERA_0/PF_CCC_C1_0_OUT0_FABCLK_0
  7.659                        MIPI_CAMERA_0/VDMA_C0_0/VDMA_C0_0/dma_top_0/vdma_write_0/buff_addr_fifo/RAM2PORT_ASYNC_FIFO_INST/ram_ram_0_0/INST_RAM1K20_IP:A_CLK (r)
               +     0.531          cell: ADLIB:RAM1K20_IP
  8.190                        MIPI_CAMERA_0/VDMA_C0_0/VDMA_C0_0/dma_top_0/vdma_write_0/buff_addr_fifo/RAM2PORT_ASYNC_FIFO_INST/ram_ram_0_0/INST_RAM1K20_IP:B_DOUT[3] (r)
               +     0.607          net: MIPI_CAMERA_0/VDMA_C0_0/VDMA_C0_0/dma_top_0/vdma_write_0/w_ddr_wr_addr[3]
  8.797                        MIPI_CAMERA_0/VDMA_C0_0/VDMA_C0_0/dma_top_0/vdma_write_0/ddr_write_vdma/ddr_write_controller_vdma_0/write_start_addr_o_6_cry_6_0:D (r)
               +     0.076          cell: ADLIB:ARI1_CC
  8.873                        MIPI_CAMERA_0/VDMA_C0_0/VDMA_C0_0/dma_top_0/vdma_write_0/ddr_write_vdma/ddr_write_controller_vdma_0/write_start_addr_o_6_cry_6_0:Y3A (r)
               +     0.012          net: NET_CC_CONFIG14663
  8.885                        MIPI_CAMERA_0/VDMA_C0_0/VDMA_C0_0/dma_top_0/vdma_write_0/ddr_write_vdma/ddr_write_controller_vdma_0/write_start_addr_o_6_cry_0_0_CC_0:Y3A[6] (r)
               +     0.279          cell: ADLIB:CC_CONFIG
  9.164                        MIPI_CAMERA_0/VDMA_C0_0/VDMA_C0_0/dma_top_0/vdma_write_0/ddr_write_vdma/ddr_write_controller_vdma_0/write_start_addr_o_6_cry_0_0_CC_0:CO (r)
               +     0.011          net: CI_TO_CO14635
  9.175                        MIPI_CAMERA_0/VDMA_C0_0/VDMA_C0_0/dma_top_0/vdma_write_0/ddr_write_vdma/ddr_write_controller_vdma_0/write_start_addr_o_6_cry_0_0_CC_1:CI (r)
               +     0.104          cell: ADLIB:CC_CONFIG
  9.279                        MIPI_CAMERA_0/VDMA_C0_0/VDMA_C0_0/dma_top_0/vdma_write_0/ddr_write_vdma/ddr_write_controller_vdma_0/write_start_addr_o_6_cry_0_0_CC_1:CO (r)
               +     0.008          net: CI_TO_CO14636
  9.287                        MIPI_CAMERA_0/VDMA_C0_0/VDMA_C0_0/dma_top_0/vdma_write_0/ddr_write_vdma/ddr_write_controller_vdma_0/write_start_addr_o_6_cry_0_0_CC_2:CI (r)
               +     0.194          cell: ADLIB:CC_CONFIG
  9.481                        MIPI_CAMERA_0/VDMA_C0_0/VDMA_C0_0/dma_top_0/vdma_write_0/ddr_write_vdma/ddr_write_controller_vdma_0/write_start_addr_o_6_cry_0_0_CC_2:CC[10] (f)
               +     0.000          net: NET_CC_CONFIG14776
  9.481                        MIPI_CAMERA_0/VDMA_C0_0/VDMA_C0_0/dma_top_0/vdma_write_0/ddr_write_vdma/ddr_write_controller_vdma_0/write_start_addr_o_6_s_34:CC (f)
               +     0.050          cell: ADLIB:ARI1_CC
  9.531                        MIPI_CAMERA_0/VDMA_C0_0/VDMA_C0_0/dma_top_0/vdma_write_0/ddr_write_vdma/ddr_write_controller_vdma_0/write_start_addr_o_6_s_34:S (f)
               +     0.023          net: MIPI_CAMERA_0/VDMA_C0_0/VDMA_C0_0/dma_top_0/vdma_write_0/ddr_write_vdma/ddr_write_controller_vdma_0/write_start_addr_o_6[37]
  9.554                        MIPI_CAMERA_0/VDMA_C0_0/VDMA_C0_0/dma_top_0/vdma_write_0/ddr_write_vdma/ddr_write_controller_vdma_0/write_start_addr_o_1[37]:D (f)
                                    
  9.554                        data arrival time
  ________________________________________________________
  Data required time calculation
  4.000                        CLOCKS_AND_RESETS_0/CCC_FIC_x_CLK/PF_CCC_C0_0/pll_inst_0/OUT1
               +     0.000          Clock source
  4.000                        CLOCKS_AND_RESETS_0/CCC_FIC_x_CLK/PF_CCC_C0_0/pll_inst_0:OUT1 (r)
               +     3.892          Clock generation
  7.892                        
               +     0.233          net: CLOCKS_AND_RESETS_0/CCC_FIC_x_CLK/PF_CCC_C0_0/pll_inst_0_clkint_4
  8.125                        CLOCKS_AND_RESETS_0/CCC_FIC_x_CLK/PF_CCC_C0_0/clkint_4_1:A (r)
               +     0.203          cell: ADLIB:ICB_CLKINT
  8.328                        CLOCKS_AND_RESETS_0/CCC_FIC_x_CLK/PF_CCC_C0_0/clkint_4_1:Y (r)
               +     0.132          net: CLOCKS_AND_RESETS_0/CCC_FIC_x_CLK/PF_CCC_C0_0/clkint_4_NET
  8.460                        CLOCKS_AND_RESETS_0/CCC_FIC_x_CLK/PF_CCC_C0_0/clkint_4:A (r)
               +     0.147          cell: ADLIB:GB
  8.607                        CLOCKS_AND_RESETS_0/CCC_FIC_x_CLK/PF_CCC_C0_0/clkint_4:Y (r)
               +     0.376          net: CLOCKS_AND_RESETS_0/CCC_FIC_x_CLK/PF_CCC_C0_0/clkint_4/U0_Y
  8.983                        CLOCKS_AND_RESETS_0/CCC_FIC_x_CLK/PF_CCC_C0_0/clkint_4/U0_RGB1:A (r)
               +     0.052          cell: ADLIB:RGB
  9.035                        CLOCKS_AND_RESETS_0/CCC_FIC_x_CLK/PF_CCC_C0_0/clkint_4/U0_RGB1:Y (f)
               +     0.416          net: CLOCKS_AND_RESETS_0_FIC_1_CLK
  9.451                        MIPI_CAMERA_0/VDMA_C0_0/VDMA_C0_0/dma_top_0/vdma_write_0/ddr_write_vdma/ddr_write_controller_vdma_0/write_start_addr_o_1[37]:CLK (r)
               -     0.135          
  9.316                        clock jitter
               -     0.000          Library setup time: ADLIB:SLE
  9.316                        MIPI_CAMERA_0/VDMA_C0_0/VDMA_C0_0/dma_top_0/vdma_write_0/ddr_write_vdma/ddr_write_controller_vdma_0/write_start_addr_o_1[37]:D
                                    
  9.316                        data required time


Operating Conditions : slow_lv_ht

END SET MIPI_CAMERA_0/PF_CCC_C1_0/PF_CCC_C1_0/pll_inst_0/OUT0 to CLOCKS_AND_RESETS_0/CCC_FIC_x_CLK/PF_CCC_C0_0/pll_inst_0/OUT1

----------------------------------------------------

Clock Domain CLOCKS_AND_RESETS_0/CCC_FIC_x_CLK/PF_CCC_C0_0/pll_inst_0/OUT3

SET Register to Register

Path 1
  From: MSS_WRAPPER_0/MPFS_DISCOVERY_KIT_MSS_0/I_MSS:FIC_3_PCLK
  To:   MSS_WRAPPER_0/MPFS_DISCOVERY_KIT_MSS_0/I_MSS:FIC_3_APB_M_PRDATA[2]
  Delay (ns):              7.860
  Slack (ns):              2.072
  Arrival (ns):           14.898
  Required (ns):          16.970
  Setup (ns):             -0.105
  Minimum Period (ns):    15.586
  Operating Conditions: slow_lv_ht

Path 2
  From: MSS_WRAPPER_0/MPFS_DISCOVERY_KIT_MSS_0/I_MSS:FIC_3_PCLK
  To:   MSS_WRAPPER_0/MPFS_DISCOVERY_KIT_MSS_0/I_MSS:FIC_3_APB_M_PRDATA[4]
  Delay (ns):              7.775
  Slack (ns):              2.196
  Arrival (ns):           14.813
  Required (ns):          17.009
  Setup (ns):             -0.144
  Minimum Period (ns):    15.338
  Operating Conditions: slow_lv_ht

Path 3
  From: MSS_WRAPPER_0/MPFS_DISCOVERY_KIT_MSS_0/I_MSS:FIC_3_PCLK
  To:   MSS_WRAPPER_0/MPFS_DISCOVERY_KIT_MSS_0/I_MSS:FIC_3_APB_M_PRDATA[3]
  Delay (ns):              7.721
  Slack (ns):              2.255
  Arrival (ns):           14.759
  Required (ns):          17.014
  Setup (ns):             -0.149
  Minimum Period (ns):    15.220
  Operating Conditions: slow_lv_ht

Path 4
  From: MSS_WRAPPER_0/MPFS_DISCOVERY_KIT_MSS_0/I_MSS:FIC_3_PCLK
  To:   MSS_WRAPPER_0/MPFS_DISCOVERY_KIT_MSS_0/I_MSS:FIC_3_APB_M_PRDATA[29]
  Delay (ns):              7.837
  Slack (ns):              2.286
  Arrival (ns):           14.875
  Required (ns):          17.161
  Setup (ns):             -0.296
  Minimum Period (ns):    15.158
  Operating Conditions: slow_lv_ht

Path 5
  From: MSS_WRAPPER_0/MPFS_DISCOVERY_KIT_MSS_0/I_MSS:FIC_3_PCLK
  To:   MSS_WRAPPER_0/MPFS_DISCOVERY_KIT_MSS_0/I_MSS:FIC_3_APB_M_PRDATA[7]
  Delay (ns):              7.792
  Slack (ns):              2.303
  Arrival (ns):           14.830
  Required (ns):          17.133
  Setup (ns):             -0.268
  Minimum Period (ns):    15.124
  Operating Conditions: slow_lv_ht


Expanded Path 1
  From: MSS_WRAPPER_0/MPFS_DISCOVERY_KIT_MSS_0/I_MSS:FIC_3_PCLK
  To: MSS_WRAPPER_0/MPFS_DISCOVERY_KIT_MSS_0/I_MSS:FIC_3_APB_M_PRDATA[2]
  data required time                                 16.970
  data arrival time                          -       14.898
  slack                                               2.072
  ________________________________________________________
  Data arrival time calculation
  0.000                        CLOCKS_AND_RESETS_0/CCC_FIC_x_CLK/PF_CCC_C0_0/pll_inst_0/OUT3
               +     0.000          Clock source
  0.000                        CLOCKS_AND_RESETS_0/CCC_FIC_x_CLK/PF_CCC_C0_0/pll_inst_0:OUT3 (r)
               +     4.322          Clock generation
  4.322                        
               +     0.980          net: CLOCKS_AND_RESETS_0/CCC_FIC_x_CLK/PF_CCC_C0_0/pll_inst_0_clkint_12
  5.302                        CLOCKS_AND_RESETS_0/CCC_FIC_x_CLK/PF_CCC_C0_0/clkint_12_1:A (r)
               +     0.243          cell: ADLIB:ICB_CLKINT
  5.545                        CLOCKS_AND_RESETS_0/CCC_FIC_x_CLK/PF_CCC_C0_0/clkint_12_1:Y (r)
               +     0.145          net: CLOCKS_AND_RESETS_0/CCC_FIC_x_CLK/PF_CCC_C0_0/clkint_12_NET
  5.690                        CLOCKS_AND_RESETS_0/CCC_FIC_x_CLK/PF_CCC_C0_0/clkint_12:A (r)
               +     0.163          cell: ADLIB:GB
  5.853                        CLOCKS_AND_RESETS_0/CCC_FIC_x_CLK/PF_CCC_C0_0/clkint_12:Y (r)
               +     0.410          net: CLOCKS_AND_RESETS_0/CCC_FIC_x_CLK/PF_CCC_C0_0/clkint_12/U0_Y
  6.263                        CLOCKS_AND_RESETS_0/CCC_FIC_x_CLK/PF_CCC_C0_0/clkint_12/U0_RGB1:A (r)
               +     0.058          cell: ADLIB:RGB
  6.321                        CLOCKS_AND_RESETS_0/CCC_FIC_x_CLK/PF_CCC_C0_0/clkint_12/U0_RGB1:Y (f)
               +     0.717          net: CLOCKS_AND_RESETS_0_FIC_3_CLK
  7.038                        MSS_WRAPPER_0/MPFS_DISCOVERY_KIT_MSS_0/I_MSS:FIC_3_PCLK (r)
               +     1.763          cell: ADLIB:MSS
  8.801                        MSS_WRAPPER_0/MPFS_DISCOVERY_KIT_MSS_0/I_MSS:FIC_3_APB_M_PADDR[8] (f)
               +     2.778          net: MSS_WRAPPER_0_FIC_3_APB_INITIATOR_PADDR[8]
  11.579                       FIC_3_PERIPHERALS_0/FIC_3_ADDRESS_GENERATION_1/FIC_3_0x4000_0xxx_0/FIC_3_0x4000_0xxx_0/iPSELS_0[0]:B (f)
               +     0.091          cell: ADLIB:CFG2
  11.670                       FIC_3_PERIPHERALS_0/FIC_3_ADDRESS_GENERATION_1/FIC_3_0x4000_0xxx_0/FIC_3_0x4000_0xxx_0/iPSELS_0[0]:Y (r)
               +     0.358          net: FIC_3_PERIPHERALS_0/FIC_3_ADDRESS_GENERATION_1/FIC_3_0x4000_0xxx_0/FIC_3_0x4000_0xxx_0/iPSELS_0_Z[0]
  12.028                       FIC_3_PERIPHERALS_0/FIC_3_ADDRESS_GENERATION_1/FIC_3_0x4000_0xxx_0/FIC_3_0x4000_0xxx_0/iPSELS[0]:D (r)
               +     0.200          cell: ADLIB:CFG4
  12.228                       FIC_3_PERIPHERALS_0/FIC_3_ADDRESS_GENERATION_1/FIC_3_0x4000_0xxx_0/FIC_3_0x4000_0xxx_0/iPSELS[0]:Y (r)
               +     0.163          net: FIC_3_PERIPHERALS_0/FIC_3_ADDRESS_GENERATION_1_FIC_3_0x4000_00xx_PSELx
  12.391                       FIC_3_PERIPHERALS_0/FIC_3_ADDRESS_GENERATION_1/FIC_3_0x4000_0xxx_0/FIC_3_0x4000_0xxx_0/u_mux_p_to_b3/iPRDATA_0_sqmuxa:B (r)
               +     0.200          cell: ADLIB:CFG4
  12.591                       FIC_3_PERIPHERALS_0/FIC_3_ADDRESS_GENERATION_1/FIC_3_0x4000_0xxx_0/FIC_3_0x4000_0xxx_0/u_mux_p_to_b3/iPRDATA_0_sqmuxa:Y (r)
               +     0.334          net: FIC_3_PERIPHERALS_0/FIC_3_ADDRESS_GENERATION_1/iPRDATA_0_sqmuxa
  12.925                       FIC_3_PERIPHERALS_0/FIC_3_ADDRESS_GENERATION_1/FIC_3_0x4000_0xxx_0/FIC_3_0x4000_0xxx_0/u_mux_p_to_b3/PRDATA_0_iv_2_RNO_0[2]:B (r)
               +     0.078          cell: ADLIB:CFG3
  13.003                       FIC_3_PERIPHERALS_0/FIC_3_ADDRESS_GENERATION_1/FIC_3_0x4000_0xxx_0/FIC_3_0x4000_0xxx_0/u_mux_p_to_b3/PRDATA_0_iv_2_RNO_0[2]:Y (r)
               +     0.149          net: FIC_3_PERIPHERALS_0/FIC_3_ADDRESS_GENERATION_1/FIC_3_0x4000_0xxx_0/FIC_3_0x4000_0xxx_0/u_mux_p_to_b3/APBmslave0_PRDATAS0_m[2]
  13.152                       FIC_3_PERIPHERALS_0/FIC_3_ADDRESS_GENERATION_1/FIC_3_0x4000_0xxx_0/FIC_3_0x4000_0xxx_0/u_mux_p_to_b3/PRDATA_0_iv_2_cZ[2]:D (r)
               +     0.171          cell: ADLIB:CFG4
  13.323                       FIC_3_PERIPHERALS_0/FIC_3_ADDRESS_GENERATION_1/FIC_3_0x4000_0xxx_0/FIC_3_0x4000_0xxx_0/u_mux_p_to_b3/PRDATA_0_iv_2_cZ[2]:Y (r)
               +     0.346          net: FIC_3_PERIPHERALS_0/FIC_3_ADDRESS_GENERATION_1/PRDATA_0_iv_2[2]
  13.669                       FIC_3_PERIPHERALS_0/FIC_3_ADDRESS_GENERATION_1/FIC_3_0x4xxx_xxxx_0/FIC_3_0x4xxx_xxxx_0/u_mux_p_to_b3/PRDATA_0[2]:D (r)
               +     0.090          cell: ADLIB:CFG4
  13.759                       FIC_3_PERIPHERALS_0/FIC_3_ADDRESS_GENERATION_1/FIC_3_0x4xxx_xxxx_0/FIC_3_0x4xxx_xxxx_0/u_mux_p_to_b3/PRDATA_0[2]:Y (r)
               +     0.128          net: FIC_3_PERIPHERALS_0/FIC_3_ADDRESS_GENERATION_1/N_226
  13.887                       FIC_3_PERIPHERALS_0/FIC_3_ADDRESS_GENERATION_1/APB_ARBITER_0/in_prdata[2]:A (r)
               +     0.090          cell: ADLIB:CFG3
  13.977                       FIC_3_PERIPHERALS_0/FIC_3_ADDRESS_GENERATION_1/APB_ARBITER_0/in_prdata[2]:Y (r)
               +     0.921          net: MSS_WRAPPER_0_FIC_3_APB_INITIATOR_PRDATA[2]
  14.898                       MSS_WRAPPER_0/MPFS_DISCOVERY_KIT_MSS_0/I_MSS:FIC_3_APB_M_PRDATA[2] (r)
                                    
  14.898                       data arrival time
  ________________________________________________________
  Data required time calculation
  10.000                       CLOCKS_AND_RESETS_0/CCC_FIC_x_CLK/PF_CCC_C0_0/pll_inst_0/OUT3
               +     0.000          Clock source
  10.000                       CLOCKS_AND_RESETS_0/CCC_FIC_x_CLK/PF_CCC_C0_0/pll_inst_0:OUT3 (f)
               +     3.894          Clock generation
  13.894                       
               +     0.881          net: CLOCKS_AND_RESETS_0/CCC_FIC_x_CLK/PF_CCC_C0_0/pll_inst_0_clkint_12
  14.775                       CLOCKS_AND_RESETS_0/CCC_FIC_x_CLK/PF_CCC_C0_0/clkint_12_1:A (f)
               +     0.224          cell: ADLIB:ICB_CLKINT
  14.999                       CLOCKS_AND_RESETS_0/CCC_FIC_x_CLK/PF_CCC_C0_0/clkint_12_1:Y (f)
               +     0.125          net: CLOCKS_AND_RESETS_0/CCC_FIC_x_CLK/PF_CCC_C0_0/clkint_12_NET
  15.124                       CLOCKS_AND_RESETS_0/CCC_FIC_x_CLK/PF_CCC_C0_0/clkint_12:A (f)
               +     0.141          cell: ADLIB:GB
  15.265                       CLOCKS_AND_RESETS_0/CCC_FIC_x_CLK/PF_CCC_C0_0/clkint_12:Y (f)
               +     0.372          net: CLOCKS_AND_RESETS_0/CCC_FIC_x_CLK/PF_CCC_C0_0/clkint_12/U0_Y
  15.637                       CLOCKS_AND_RESETS_0/CCC_FIC_x_CLK/PF_CCC_C0_0/clkint_12/U0_RGB1:A (f)
               +     0.054          cell: ADLIB:RGB
  15.691                       CLOCKS_AND_RESETS_0/CCC_FIC_x_CLK/PF_CCC_C0_0/clkint_12/U0_RGB1:Y (r)
               +     0.517          net: CLOCKS_AND_RESETS_0_FIC_3_CLK
  16.208                       MSS_WRAPPER_0/MPFS_DISCOVERY_KIT_MSS_0/I_MSS:FIC_3_PCLK (f)
               +     0.792          
  17.000                       clock reconvergence pessimism
               -     0.135          
  16.865                       clock jitter
               -    -0.105          Library setup time: ADLIB:MSS
  16.970                       MSS_WRAPPER_0/MPFS_DISCOVERY_KIT_MSS_0/I_MSS:FIC_3_APB_M_PRDATA[2]
                                    
  16.970                       data required time


Operating Conditions : slow_lv_ht

END SET Register to Register

----------------------------------------------------

SET External Setup

Path 1
  From: RPI_I2C_SCL
  To:   FIC_3_PERIPHERALS_0/CORE_I2C_C0_0_WRAPPER_1/COREI2C_C0_0/COREI2C_C0_0/I2C_NUM_GENERATION[0].ui2c/SCLI_ff_reg_0[10]:D
  Delay (ns):              3.273
  Arrival (ns):            3.273
  Setup (ns):              0.000
  External Setup (ns):    -0.691
  Operating Conditions: fast_hv_lt

Path 2
  From: RPI_I2C_SCL
  To:   FIC_3_PERIPHERALS_0/CORE_I2C_C0_0_WRAPPER_1/COREI2C_C0_0/COREI2C_C0_0/I2C_NUM_GENERATION[0].ui2c/SCLI_ff_reg_0[2]:D
  Delay (ns):              3.203
  Arrival (ns):            3.203
  Setup (ns):              0.000
  External Setup (ns):    -0.762
  Operating Conditions: fast_hv_lt

Path 3
  From: RPI_I2C_SCL
  To:   FIC_3_PERIPHERALS_0/CORE_I2C_C0_0_WRAPPER_1/COREI2C_C0_0/COREI2C_C0_0/I2C_NUM_GENERATION[0].ui2c/SCLI_ff_reg_0[11]:D
  Delay (ns):              3.051
  Arrival (ns):            3.051
  Setup (ns):              0.000
  External Setup (ns):    -0.914
  Operating Conditions: fast_hv_lt

Path 4
  From: RPI_I2C_SCL
  To:   FIC_3_PERIPHERALS_0/CORE_I2C_C0_0_WRAPPER_1/COREI2C_C0_0/COREI2C_C0_0/I2C_NUM_GENERATION[0].ui2c/SCLI_ff_reg_0[3]:D
  Delay (ns):              3.045
  Arrival (ns):            3.045
  Setup (ns):              0.000
  External Setup (ns):    -0.919
  Operating Conditions: fast_hv_lt

Path 5
  From: RPI_I2C_SCL
  To:   FIC_3_PERIPHERALS_0/CORE_I2C_C0_0_WRAPPER_1/COREI2C_C0_0/COREI2C_C0_0/I2C_NUM_GENERATION[0].ui2c/SCLI_ff_reg_0[6]:D
  Delay (ns):              2.978
  Arrival (ns):            2.978
  Setup (ns):              0.000
  External Setup (ns):    -0.981
  Operating Conditions: fast_hv_lt


Expanded Path 1
  From: RPI_I2C_SCL
  To: FIC_3_PERIPHERALS_0/CORE_I2C_C0_0_WRAPPER_1/COREI2C_C0_0/COREI2C_C0_0/I2C_NUM_GENERATION[0].ui2c/SCLI_ff_reg_0[10]:D
  data required time                                    N/C
  data arrival time                          -        3.273
  slack                                                 N/C
  ________________________________________________________
  Data arrival time calculation
  0.000                        RPI_I2C_SCL (f)
               +     0.987          cell: ADLIB:IOPAD_BI
  0.987                        FIC_3_PERIPHERALS_0/CORE_I2C_C0_0_WRAPPER_1/COREI2C_C0_0_SCL_BIBUF/U_IOPAD:Y (f)
               +     0.000          net: FIC_3_PERIPHERALS_0/CORE_I2C_C0_0_WRAPPER_1/COREI2C_C0_0_SCL_BIBUF/YIN
  0.987                        FIC_3_PERIPHERALS_0/CORE_I2C_C0_0_WRAPPER_1/COREI2C_C0_0_SCL_BIBUF/U_IOBI:YIN (f)
               +     0.131          cell: ADLIB:IOBI_IB_OB_EB
  1.118                        FIC_3_PERIPHERALS_0/CORE_I2C_C0_0_WRAPPER_1/COREI2C_C0_0_SCL_BIBUF/U_IOBI:Y (f)
               +     1.334          net: FIC_3_PERIPHERALS_0/CORE_I2C_C0_0_WRAPPER_1/COREI2C_C0_0_SCL_BIBUF_Y
  2.452                        FIC_3_PERIPHERALS_0/CORE_I2C_C0_0_WRAPPER_1/COREI2C_C0_0/COREI2C_C0_0/I2C_NUM_GENERATION[0].ui2c/SCLI_ff_reg_0_4[0]:B (f)
               +     0.082          cell: ADLIB:CFG2
  2.534                        FIC_3_PERIPHERALS_0/CORE_I2C_C0_0_WRAPPER_1/COREI2C_C0_0/COREI2C_C0_0/I2C_NUM_GENERATION[0].ui2c/SCLI_ff_reg_0_4[0]:Y (f)
               +     0.184          net: FIC_3_PERIPHERALS_0/CORE_I2C_C0_0_WRAPPER_1/COREI2C_C0_0/COREI2C_C0_0/I2C_NUM_GENERATION[0].ui2c/SCLI_ff_reg_0_4_Z[0]
  2.718                        FIC_3_PERIPHERALS_0/CORE_I2C_C0_0_WRAPPER_1/COREI2C_C0_0/COREI2C_C0_0/I2C_NUM_GENERATION[0].ui2c/SCLI_ff_reg_0_ns_i_0_o3[12]:B (f)
               +     0.059          cell: ADLIB:CFG2
  2.777                        FIC_3_PERIPHERALS_0/CORE_I2C_C0_0_WRAPPER_1/COREI2C_C0_0/COREI2C_C0_0/I2C_NUM_GENERATION[0].ui2c/SCLI_ff_reg_0_ns_i_0_o3[12]:Y (f)
               +     0.332          net: FIC_3_PERIPHERALS_0/CORE_I2C_C0_0_WRAPPER_1/COREI2C_C0_0/COREI2C_C0_0/I2C_NUM_GENERATION[0].ui2c/N_254
  3.109                        FIC_3_PERIPHERALS_0/CORE_I2C_C0_0_WRAPPER_1/COREI2C_C0_0/COREI2C_C0_0/I2C_NUM_GENERATION[0].ui2c/SCLI_ff_reg_0_RNO[10]:D (f)
               +     0.148          cell: ADLIB:CFG4
  3.257                        FIC_3_PERIPHERALS_0/CORE_I2C_C0_0_WRAPPER_1/COREI2C_C0_0/COREI2C_C0_0/I2C_NUM_GENERATION[0].ui2c/SCLI_ff_reg_0_RNO[10]:Y (r)
               +     0.016          net: FIC_3_PERIPHERALS_0/CORE_I2C_C0_0_WRAPPER_1/COREI2C_C0_0/COREI2C_C0_0/I2C_NUM_GENERATION[0].ui2c/N_865_i
  3.273                        FIC_3_PERIPHERALS_0/CORE_I2C_C0_0_WRAPPER_1/COREI2C_C0_0/COREI2C_C0_0/I2C_NUM_GENERATION[0].ui2c/SCLI_ff_reg_0[10]:D (r)
                                    
  3.273                        data arrival time
  ________________________________________________________
  Data required time calculation
  N/C                          CLOCKS_AND_RESETS_0/CCC_FIC_x_CLK/PF_CCC_C0_0/pll_inst_0/OUT3
               +     0.000          Clock source
  N/C                          CLOCKS_AND_RESETS_0/CCC_FIC_x_CLK/PF_CCC_C0_0/pll_inst_0:OUT3 (r)
               +     2.583          Clock generation
  N/C                          
               +     0.601          net: CLOCKS_AND_RESETS_0/CCC_FIC_x_CLK/PF_CCC_C0_0/pll_inst_0_clkint_12
  N/C                          CLOCKS_AND_RESETS_0/CCC_FIC_x_CLK/PF_CCC_C0_0/clkint_12_1:A (r)
               +     0.141          cell: ADLIB:ICB_CLKINT
  N/C                          CLOCKS_AND_RESETS_0/CCC_FIC_x_CLK/PF_CCC_C0_0/clkint_12_1:Y (r)
               +     0.093          net: CLOCKS_AND_RESETS_0/CCC_FIC_x_CLK/PF_CCC_C0_0/clkint_12_NET
  N/C                          CLOCKS_AND_RESETS_0/CCC_FIC_x_CLK/PF_CCC_C0_0/clkint_12:A (r)
               +     0.108          cell: ADLIB:GB
  N/C                          CLOCKS_AND_RESETS_0/CCC_FIC_x_CLK/PF_CCC_C0_0/clkint_12:Y (r)
               +     0.256          net: CLOCKS_AND_RESETS_0/CCC_FIC_x_CLK/PF_CCC_C0_0/clkint_12/U0_Y
  N/C                          CLOCKS_AND_RESETS_0/CCC_FIC_x_CLK/PF_CCC_C0_0/clkint_12/U0_RGB1:A (r)
               +     0.038          cell: ADLIB:RGB
  N/C                          CLOCKS_AND_RESETS_0/CCC_FIC_x_CLK/PF_CCC_C0_0/clkint_12/U0_RGB1:Y (f)
               +     0.279          net: CLOCKS_AND_RESETS_0_FIC_3_CLK
  N/C                          FIC_3_PERIPHERALS_0/CORE_I2C_C0_0_WRAPPER_1/COREI2C_C0_0/COREI2C_C0_0/I2C_NUM_GENERATION[0].ui2c/SCLI_ff_reg_0[10]:CLK (r)
               -     0.135          
  N/C                          clock jitter
               -     0.000          Library setup time: ADLIB:SLE
  N/C                          FIC_3_PERIPHERALS_0/CORE_I2C_C0_0_WRAPPER_1/COREI2C_C0_0/COREI2C_C0_0/I2C_NUM_GENERATION[0].ui2c/SCLI_ff_reg_0[10]:D


Operating Conditions : fast_hv_lt

END SET External Setup

----------------------------------------------------

SET Clock to Output

Path 1
  From: FIC_3_PERIPHERALS_0/SPI_FOR_7_SEG_0/SPI_FOR_7_SEG_0/USPI/URF/control1[1]:CLK
  To:   SPISDO
  Delay (ns):              9.466
  Arrival (ns):           16.224
  Clock to Out (ns):      16.224
  Operating Conditions: slow_lv_ht

Path 2
  From: FIC_3_PERIPHERALS_0/SPI_FOR_7_SEG_0/SPI_FOR_7_SEG_0/USPI/UCC/stxs_txzeros:CLK
  To:   SPISDO
  Delay (ns):              9.359
  Arrival (ns):           16.123
  Clock to Out (ns):      16.123
  Operating Conditions: slow_lv_ht

Path 3
  From: FIC_3_PERIPHERALS_0/SPI_FOR_7_SEG_0/SPI_FOR_7_SEG_0/USPI/UCC/stxs_datareg[15]:CLK
  To:   SPISDO
  Delay (ns):              8.841
  Arrival (ns):           15.617
  Clock to Out (ns):      15.617
  Operating Conditions: slow_lv_ht

Path 4
  From: FIC_3_PERIPHERALS_0/COREGPIO_C0/GPIO_0/xhdl1.GEN_BITS[4].APB_32.GPOUT_reg[4]:CLK
  To:   LED5
  Delay (ns):              8.787
  Arrival (ns):           15.558
  Clock to Out (ns):      15.558
  Operating Conditions: slow_lv_ht

Path 5
  From: FIC_3_PERIPHERALS_0/SPI_FOR_7_SEG_0/SPI_FOR_7_SEG_0/USPI/UCC/stxs_direct:CLK
  To:   SPISDO
  Delay (ns):              8.745
  Arrival (ns):           15.513
  Clock to Out (ns):      15.513
  Operating Conditions: slow_lv_ht


Expanded Path 1
  From: FIC_3_PERIPHERALS_0/SPI_FOR_7_SEG_0/SPI_FOR_7_SEG_0/USPI/URF/control1[1]:CLK
  To: SPISDO
  data required time                                    N/C
  data arrival time                          -       16.224
  slack                                                 N/C
  ________________________________________________________
  Data arrival time calculation
  0.000                        CLOCKS_AND_RESETS_0/CCC_FIC_x_CLK/PF_CCC_C0_0/pll_inst_0/OUT3
               +     0.000          Clock source
  0.000                        CLOCKS_AND_RESETS_0/CCC_FIC_x_CLK/PF_CCC_C0_0/pll_inst_0:OUT3 (r)
               +     4.322          Clock generation
  4.322                        
               +     0.980          net: CLOCKS_AND_RESETS_0/CCC_FIC_x_CLK/PF_CCC_C0_0/pll_inst_0_clkint_12
  5.302                        CLOCKS_AND_RESETS_0/CCC_FIC_x_CLK/PF_CCC_C0_0/clkint_12_1:A (r)
               +     0.243          cell: ADLIB:ICB_CLKINT
  5.545                        CLOCKS_AND_RESETS_0/CCC_FIC_x_CLK/PF_CCC_C0_0/clkint_12_1:Y (r)
               +     0.145          net: CLOCKS_AND_RESETS_0/CCC_FIC_x_CLK/PF_CCC_C0_0/clkint_12_NET
  5.690                        CLOCKS_AND_RESETS_0/CCC_FIC_x_CLK/PF_CCC_C0_0/clkint_12:A (r)
               +     0.163          cell: ADLIB:GB
  5.853                        CLOCKS_AND_RESETS_0/CCC_FIC_x_CLK/PF_CCC_C0_0/clkint_12:Y (r)
               +     0.410          net: CLOCKS_AND_RESETS_0/CCC_FIC_x_CLK/PF_CCC_C0_0/clkint_12/U0_Y
  6.263                        CLOCKS_AND_RESETS_0/CCC_FIC_x_CLK/PF_CCC_C0_0/clkint_12/U0_RGB1:A (r)
               +     0.058          cell: ADLIB:RGB
  6.321                        CLOCKS_AND_RESETS_0/CCC_FIC_x_CLK/PF_CCC_C0_0/clkint_12/U0_RGB1:Y (f)
               +     0.437          net: CLOCKS_AND_RESETS_0_FIC_3_CLK
  6.758                        FIC_3_PERIPHERALS_0/SPI_FOR_7_SEG_0/SPI_FOR_7_SEG_0/USPI/URF/control1[1]:CLK (r)
               +     0.201          cell: ADLIB:SLE
  6.959                        FIC_3_PERIPHERALS_0/SPI_FOR_7_SEG_0/SPI_FOR_7_SEG_0/USPI/URF/control1[1]:Q (r)
               +     0.528          net: FIC_3_PERIPHERALS_0/SPI_FOR_7_SEG_0/SPI_FOR_7_SEG_0/USPI/SPIMODE
  7.487                        FIC_3_PERIPHERALS_0/SPI_FOR_7_SEG_0/SPI_FOR_7_SEG_0/USPI/UCC/spi_data_out_u_2_0_RNO:A (r)
               +     0.148          cell: ADLIB:CFG2
  7.635                        FIC_3_PERIPHERALS_0/SPI_FOR_7_SEG_0/SPI_FOR_7_SEG_0/USPI/UCC/spi_data_out_u_2_0_RNO:Y (f)
               +     0.240          net: FIC_3_PERIPHERALS_0/SPI_FOR_7_SEG_0/SPI_FOR_7_SEG_0/USPI/UCC/spi_data_out_sn_N_3
  7.875                        FIC_3_PERIPHERALS_0/SPI_FOR_7_SEG_0/SPI_FOR_7_SEG_0/USPI/UCC/spi_data_out_u_2_0:D (f)
               +     0.134          cell: ADLIB:CFG4
  8.009                        FIC_3_PERIPHERALS_0/SPI_FOR_7_SEG_0/SPI_FOR_7_SEG_0/USPI/UCC/spi_data_out_u_2_0:Y (f)
               +     0.231          net: FIC_3_PERIPHERALS_0/SPI_FOR_7_SEG_0/SPI_FOR_7_SEG_0/USPI/UCC/SPISDO_c_2
  8.240                        FIC_3_PERIPHERALS_0/SPI_FOR_7_SEG_0/SPI_FOR_7_SEG_0/USPI/UCC/spi_data_out_u:A (f)
               +     0.085          cell: ADLIB:CFG3
  8.325                        FIC_3_PERIPHERALS_0/SPI_FOR_7_SEG_0/SPI_FOR_7_SEG_0/USPI/UCC/spi_data_out_u:Y (f)
               +     4.913          net: SPISDO_c
  13.238                       SPISDO_obuf/U_IOTRI:D (f)
               +     0.918          cell: ADLIB:IOTRI_OB_EB
  14.156                       SPISDO_obuf/U_IOTRI:DOUT (f)
               +     0.000          net: SPISDO_obuf/DOUT
  14.156                       SPISDO_obuf/U_IOPAD:D (f)
               +     2.068          cell: ADLIB:IOPAD_TRI
  16.224                       SPISDO_obuf/U_IOPAD:PAD (f)
               +     0.000          net: SPISDO
  16.224                       SPISDO (f)
                                    
  16.224                       data arrival time
  ________________________________________________________
  Data required time calculation
  N/C                          CLOCKS_AND_RESETS_0/CCC_FIC_x_CLK/PF_CCC_C0_0/pll_inst_0/OUT3
                                    
  N/C                          SPISDO (f)


Operating Conditions : slow_lv_ht

END SET Clock to Output

----------------------------------------------------

SET Register to Asynchronous

Path 1
  From: CLOCKS_AND_RESETS_0/RESET_FIC_3_CLK/CORERESET_0/dff_15_rep[0]:CLK
  To:   FIC_3_PERIPHERALS_0/PWM/corepwm_C0_0/genblk3.corepwm_reg_if/gen_pos_neg_shregs[1].psh_negedge_reg[13]:ALn
  Delay (ns):              3.304
  Slack (ns):             16.251
  Arrival (ns):           10.075
  Required (ns):          26.326
  Recovery (ns):           0.209
  Minimum Period (ns):     3.614
  Skew (ns):               0.101
  Operating Conditions: slow_lv_ht

Path 2
  From: CLOCKS_AND_RESETS_0/RESET_FIC_3_CLK/CORERESET_0/dff_15_rep[0]:CLK
  To:   FIC_3_PERIPHERALS_0/PWM/corepwm_C0_0/genblk3.corepwm_reg_if/gen_pos_neg_shregs[1].psh_posedge_reg[9]:ALn
  Delay (ns):              3.302
  Slack (ns):             16.253
  Arrival (ns):           10.073
  Required (ns):          26.326
  Recovery (ns):           0.209
  Minimum Period (ns):     3.612
  Skew (ns):               0.101
  Operating Conditions: slow_lv_ht

Path 3
  From: CLOCKS_AND_RESETS_0/RESET_FIC_3_CLK/CORERESET_0/dff_15_rep[0]:CLK
  To:   FIC_3_PERIPHERALS_0/PWM/corepwm_C0_0/genblk3.corepwm_reg_if/gen_pos_neg_shregs[1].psh_negedge_reg[9]:ALn
  Delay (ns):              3.302
  Slack (ns):             16.253
  Arrival (ns):           10.073
  Required (ns):          26.326
  Recovery (ns):           0.209
  Minimum Period (ns):     3.612
  Skew (ns):               0.101
  Operating Conditions: slow_lv_ht

Path 4
  From: CLOCKS_AND_RESETS_0/RESET_FIC_3_CLK/CORERESET_0/dff_15_rep[0]:CLK
  To:   FIC_3_PERIPHERALS_0/MIV_IHC_C0_0/MIV_IHC_C0_0/miv_ihc_core_0/gen_intr_module_h1.h1_irq_module/irq_mask[10]:ALn
  Delay (ns):              3.323
  Slack (ns):             16.255
  Arrival (ns):           10.094
  Required (ns):          26.349
  Recovery (ns):           0.209
  Minimum Period (ns):     3.610
  Skew (ns):               0.078
  Operating Conditions: slow_lv_ht

Path 5
  From: CLOCKS_AND_RESETS_0/RESET_FIC_3_CLK/CORERESET_0/dff_15_rep[0]:CLK
  To:   FIC_3_PERIPHERALS_0/MIV_IHC_C0_0/MIV_IHC_C0_0/miv_ihc_core_0/gen_intr_module_h1.h1_irq_module/RDATA_1[6]:ALn
  Delay (ns):              3.322
  Slack (ns):             16.255
  Arrival (ns):           10.093
  Required (ns):          26.348
  Recovery (ns):           0.209
  Minimum Period (ns):     3.610
  Skew (ns):               0.079
  Operating Conditions: slow_lv_ht


Expanded Path 1
  From: CLOCKS_AND_RESETS_0/RESET_FIC_3_CLK/CORERESET_0/dff_15_rep[0]:CLK
  To: FIC_3_PERIPHERALS_0/PWM/corepwm_C0_0/genblk3.corepwm_reg_if/gen_pos_neg_shregs[1].psh_negedge_reg[13]:ALn
  data required time                                 26.326
  data arrival time                          -       10.075
  slack                                              16.251
  ________________________________________________________
  Data arrival time calculation
  0.000                        CLOCKS_AND_RESETS_0/CCC_FIC_x_CLK/PF_CCC_C0_0/pll_inst_0/OUT3
               +     0.000          Clock source
  0.000                        CLOCKS_AND_RESETS_0/CCC_FIC_x_CLK/PF_CCC_C0_0/pll_inst_0:OUT3 (r)
               +     4.322          Clock generation
  4.322                        
               +     0.980          net: CLOCKS_AND_RESETS_0/CCC_FIC_x_CLK/PF_CCC_C0_0/pll_inst_0_clkint_12
  5.302                        CLOCKS_AND_RESETS_0/CCC_FIC_x_CLK/PF_CCC_C0_0/clkint_12_1:A (r)
               +     0.243          cell: ADLIB:ICB_CLKINT
  5.545                        CLOCKS_AND_RESETS_0/CCC_FIC_x_CLK/PF_CCC_C0_0/clkint_12_1:Y (r)
               +     0.145          net: CLOCKS_AND_RESETS_0/CCC_FIC_x_CLK/PF_CCC_C0_0/clkint_12_NET
  5.690                        CLOCKS_AND_RESETS_0/CCC_FIC_x_CLK/PF_CCC_C0_0/clkint_12:A (r)
               +     0.163          cell: ADLIB:GB
  5.853                        CLOCKS_AND_RESETS_0/CCC_FIC_x_CLK/PF_CCC_C0_0/clkint_12:Y (r)
               +     0.410          net: CLOCKS_AND_RESETS_0/CCC_FIC_x_CLK/PF_CCC_C0_0/clkint_12/U0_Y
  6.263                        CLOCKS_AND_RESETS_0/CCC_FIC_x_CLK/PF_CCC_C0_0/clkint_12/U0_RGB1:A (r)
               +     0.058          cell: ADLIB:RGB
  6.321                        CLOCKS_AND_RESETS_0/CCC_FIC_x_CLK/PF_CCC_C0_0/clkint_12/U0_RGB1:Y (f)
               +     0.450          net: CLOCKS_AND_RESETS_0_FIC_3_CLK
  6.771                        CLOCKS_AND_RESETS_0/RESET_FIC_3_CLK/CORERESET_0/dff_15_rep[0]:CLK (r)
               +     0.201          cell: ADLIB:SLE
  6.972                        CLOCKS_AND_RESETS_0/RESET_FIC_3_CLK/CORERESET_0/dff_15_rep[0]:Q (r)
               +     2.042          net: CLOCKS_AND_RESETS_0/RESET_FIC_3_CLK/CORERESET_0/dff_15_rep_Z[0]
  9.014                        CLOCKS_AND_RESETS_0/RESET_FIC_3_CLK/CORERESET_0/dff_15_rep_RNIS9V04[0]:A (r)
               +     0.140          cell: ADLIB:GB
  9.154                        CLOCKS_AND_RESETS_0/RESET_FIC_3_CLK/CORERESET_0/dff_15_rep_RNIS9V04[0]:Y (r)
               +     0.402          net: CLOCKS_AND_RESETS_0/RESET_FIC_3_CLK/CORERESET_0/dff_15_rep_RNIS9V04[0]/U0_Y
  9.556                        CLOCKS_AND_RESETS_0/RESET_FIC_3_CLK/CORERESET_0/dff_15_rep_RNIS9V04[0]/U0_RGB1_RGB0:A (r)
               +     0.058          cell: ADLIB:RGB
  9.614                        CLOCKS_AND_RESETS_0/RESET_FIC_3_CLK/CORERESET_0/dff_15_rep_RNIS9V04[0]/U0_RGB1_RGB0:Y (f)
               +     0.461          net: CLOCKS_AND_RESETS_0/RESET_FIC_3_CLK/CORERESET_0/dff_15_rep_RNIS9V04[0]/U0_RGB1_RGB0_rgb_net_1
  10.075                       FIC_3_PERIPHERALS_0/PWM/corepwm_C0_0/genblk3.corepwm_reg_if/gen_pos_neg_shregs[1].psh_negedge_reg[13]:ALn (r)
                                    
  10.075                       data arrival time
  ________________________________________________________
  Data required time calculation
  20.000                       CLOCKS_AND_RESETS_0/CCC_FIC_x_CLK/PF_CCC_C0_0/pll_inst_0/OUT3
               +     0.000          Clock source
  20.000                       CLOCKS_AND_RESETS_0/CCC_FIC_x_CLK/PF_CCC_C0_0/pll_inst_0:OUT3 (r)
               +     3.902          Clock generation
  23.902                       
               +     0.891          net: CLOCKS_AND_RESETS_0/CCC_FIC_x_CLK/PF_CCC_C0_0/pll_inst_0_clkint_12
  24.793                       CLOCKS_AND_RESETS_0/CCC_FIC_x_CLK/PF_CCC_C0_0/clkint_12_1:A (r)
               +     0.211          cell: ADLIB:ICB_CLKINT
  25.004                       CLOCKS_AND_RESETS_0/CCC_FIC_x_CLK/PF_CCC_C0_0/clkint_12_1:Y (r)
               +     0.132          net: CLOCKS_AND_RESETS_0/CCC_FIC_x_CLK/PF_CCC_C0_0/clkint_12_NET
  25.136                       CLOCKS_AND_RESETS_0/CCC_FIC_x_CLK/PF_CCC_C0_0/clkint_12:A (r)
               +     0.148          cell: ADLIB:GB
  25.284                       CLOCKS_AND_RESETS_0/CCC_FIC_x_CLK/PF_CCC_C0_0/clkint_12:Y (r)
               +     0.369          net: CLOCKS_AND_RESETS_0/CCC_FIC_x_CLK/PF_CCC_C0_0/clkint_12/U0_Y
  25.653                       CLOCKS_AND_RESETS_0/CCC_FIC_x_CLK/PF_CCC_C0_0/clkint_12/U0_RGB1_RGB0:A (r)
               +     0.052          cell: ADLIB:RGB
  25.705                       CLOCKS_AND_RESETS_0/CCC_FIC_x_CLK/PF_CCC_C0_0/clkint_12/U0_RGB1_RGB0:Y (f)
               +     0.392          net: CLOCKS_AND_RESETS_0/CCC_FIC_x_CLK/PF_CCC_C0_0/clkint_12/U0_RGB1_RGB0_rgb_net_1
  26.097                       FIC_3_PERIPHERALS_0/PWM/corepwm_C0_0/genblk3.corepwm_reg_if/gen_pos_neg_shregs[1].psh_negedge_reg[13]:CLK (r)
               +     0.573          
  26.670                       clock reconvergence pessimism
               -     0.135          
  26.535                       clock jitter
               -     0.209          Library recovery time: ADLIB:SLE
  26.326                       FIC_3_PERIPHERALS_0/PWM/corepwm_C0_0/genblk3.corepwm_reg_if/gen_pos_neg_shregs[1].psh_negedge_reg[13]:ALn
                                    
  26.326                       data required time


Operating Conditions : slow_lv_ht

END SET Register to Asynchronous

----------------------------------------------------

SET External Recovery

Path 1
  From: SWITCH2
  To:   CLOCKS_AND_RESETS_0/RESET_FIC_3_CLK/CORERESET_0/dff_11[0]:ALn
  Delay (ns):             10.644
  Arrival (ns):           10.644
  Recovery (ns):           0.196
  External Recovery (ns):   4.869
  Operating Conditions: slow_lv_ht

Path 2
  From: SWITCH2
  To:   CLOCKS_AND_RESETS_0/RESET_FIC_3_CLK/CORERESET_0/dff_15_rep[0]:ALn
  Delay (ns):             10.314
  Arrival (ns):           10.314
  Recovery (ns):           0.196
  External Recovery (ns):   4.540
  Operating Conditions: slow_lv_ht

Path 3
  From: SWITCH2
  To:   CLOCKS_AND_RESETS_0/RESET_FIC_3_CLK/CORERESET_0/dff_15[0]:ALn
  Delay (ns):             10.313
  Arrival (ns):           10.313
  Recovery (ns):           0.196
  External Recovery (ns):   4.539
  Operating Conditions: slow_lv_ht

Path 4
  From: SWITCH2
  To:   CLOCKS_AND_RESETS_0/RESET_FIC_3_CLK/CORERESET_0/dff_13[0]:ALn
  Delay (ns):             10.313
  Arrival (ns):           10.313
  Recovery (ns):           0.196
  External Recovery (ns):   4.539
  Operating Conditions: slow_lv_ht

Path 5
  From: SWITCH2
  To:   CLOCKS_AND_RESETS_0/RESET_FIC_3_CLK/CORERESET_0/dff_14[0]:ALn
  Delay (ns):             10.312
  Arrival (ns):           10.312
  Recovery (ns):           0.196
  External Recovery (ns):   4.538
  Operating Conditions: slow_lv_ht


Expanded Path 1
  From: SWITCH2
  To: CLOCKS_AND_RESETS_0/RESET_FIC_3_CLK/CORERESET_0/dff_11[0]:ALn
  data required time                                    N/C
  data arrival time                          -       10.644
  slack                                                 N/C
  ________________________________________________________
  Data arrival time calculation
  0.000                        SWITCH2 (r)
               +     0.000          net: SWITCH2
  0.000                        SWITCH2_ibuf/U_IOPAD:PAD (r)
               +     0.610          cell: ADLIB:IOPAD_IN
  0.610                        SWITCH2_ibuf/U_IOPAD:Y (r)
               +     0.000          net: SWITCH2_ibuf/YIN
  0.610                        SWITCH2_ibuf/U_IOIN:YIN (r)
               +     0.336          cell: ADLIB:IOIN_IB_E
  0.946                        SWITCH2_ibuf/U_IOIN:Y (r)
               +     5.092          net: SWITCH2_c
  6.038                        CLOCKS_AND_RESETS_0/AND3_0:A (r)
               +     0.078          cell: ADLIB:CFG3
  6.116                        CLOCKS_AND_RESETS_0/AND3_0:Y (r)
               +     1.580          net: CLOCKS_AND_RESETS_0/AND3_0_Y
  7.696                        CLOCKS_AND_RESETS_0/RESET_FIC_0_CLK/CORERESET_0/un1_EXT_RST_N_2:C (r)
               +     0.053          cell: ADLIB:CFG3
  7.749                        CLOCKS_AND_RESETS_0/RESET_FIC_0_CLK/CORERESET_0/un1_EXT_RST_N_2:Y (r)
               +     2.895          net: CLOCKS_AND_RESETS_0/un1_EXT_RST_N_2
  10.644                       CLOCKS_AND_RESETS_0/RESET_FIC_3_CLK/CORERESET_0/dff_11[0]:ALn (r)
                                    
  10.644                       data arrival time
  ________________________________________________________
  Data required time calculation
  N/C                          CLOCKS_AND_RESETS_0/CCC_FIC_x_CLK/PF_CCC_C0_0/pll_inst_0/OUT3
               +     0.000          Clock source
  N/C                          CLOCKS_AND_RESETS_0/CCC_FIC_x_CLK/PF_CCC_C0_0/pll_inst_0:OUT3 (r)
               +     3.902          Clock generation
  N/C                          
               +     0.891          net: CLOCKS_AND_RESETS_0/CCC_FIC_x_CLK/PF_CCC_C0_0/pll_inst_0_clkint_12
  N/C                          CLOCKS_AND_RESETS_0/CCC_FIC_x_CLK/PF_CCC_C0_0/clkint_12_1:A (r)
               +     0.211          cell: ADLIB:ICB_CLKINT
  N/C                          CLOCKS_AND_RESETS_0/CCC_FIC_x_CLK/PF_CCC_C0_0/clkint_12_1:Y (r)
               +     0.132          net: CLOCKS_AND_RESETS_0/CCC_FIC_x_CLK/PF_CCC_C0_0/clkint_12_NET
  N/C                          CLOCKS_AND_RESETS_0/CCC_FIC_x_CLK/PF_CCC_C0_0/clkint_12:A (r)
               +     0.148          cell: ADLIB:GB
  N/C                          CLOCKS_AND_RESETS_0/CCC_FIC_x_CLK/PF_CCC_C0_0/clkint_12:Y (r)
               +     0.372          net: CLOCKS_AND_RESETS_0/CCC_FIC_x_CLK/PF_CCC_C0_0/clkint_12/U0_Y
  N/C                          CLOCKS_AND_RESETS_0/CCC_FIC_x_CLK/PF_CCC_C0_0/clkint_12/U0_RGB1:A (r)
               +     0.052          cell: ADLIB:RGB
  N/C                          CLOCKS_AND_RESETS_0/CCC_FIC_x_CLK/PF_CCC_C0_0/clkint_12/U0_RGB1:Y (f)
               +     0.398          net: CLOCKS_AND_RESETS_0_FIC_3_CLK
  N/C                          CLOCKS_AND_RESETS_0/RESET_FIC_3_CLK/CORERESET_0/dff_11[0]:CLK (r)
               -     0.135          
  N/C                          clock jitter
               -     0.196          Library recovery time: ADLIB:SLE
  N/C                          CLOCKS_AND_RESETS_0/RESET_FIC_3_CLK/CORERESET_0/dff_11[0]:ALn


Operating Conditions : slow_lv_ht

END SET External Recovery

----------------------------------------------------

SET Asynchronous to Register

No Path 

END SET Asynchronous to Register

----------------------------------------------------

Clock Domain FIC_0_PERIPHERALS_0/security_core_0/rng/neoTRNG_0/entropy_cell_gen.0.neoTRNG_cell_inst/sreg_0[0]:Q

Info: The maximum frequency of this clock domain is limited by the minimum pulse widths of pin FIC_0_PERIPHERALS_0/security_core_0/rng/neoTRNG_0/entropy_cell_gen.0.neoTRNG_cell_inst/ring_osc_gen.0.latch[0]:CLK

SET Register to Register

No Path 

END SET Register to Register

----------------------------------------------------

SET External Setup

No Path 

END SET External Setup

----------------------------------------------------

SET Clock to Output

No Path 

END SET Clock to Output

----------------------------------------------------

SET FIC_0_PERIPHERALS_0/security_core_0/rng/neoTRNG_0/entropy_cell_gen.0.neoTRNG_cell_inst/sreg_4[0]:Q to FIC_0_PERIPHERALS_0/security_core_0/rng/neoTRNG_0/entropy_cell_gen.0.neoTRNG_cell_inst/sreg_0[0]:Q

No Path 

END SET FIC_0_PERIPHERALS_0/security_core_0/rng/neoTRNG_0/entropy_cell_gen.0.neoTRNG_cell_inst/sreg_4[0]:Q to FIC_0_PERIPHERALS_0/security_core_0/rng/neoTRNG_0/entropy_cell_gen.0.neoTRNG_cell_inst/sreg_0[0]:Q

----------------------------------------------------

SET Register to Asynchronous

No Path 

END SET Register to Asynchronous

----------------------------------------------------

SET External Recovery

No Path 

END SET External Recovery

----------------------------------------------------

SET Asynchronous to Register

No Path 

END SET Asynchronous to Register

----------------------------------------------------

SET CLOCKS_AND_RESETS_0/CCC_FIC_x_CLK/PF_CCC_C0_0/pll_inst_0/OUT0 to FIC_0_PERIPHERALS_0/security_core_0/rng/neoTRNG_0/entropy_cell_gen.0.neoTRNG_cell_inst/sreg_0[0]:Q

No Path 

END SET CLOCKS_AND_RESETS_0/CCC_FIC_x_CLK/PF_CCC_C0_0/pll_inst_0/OUT0 to FIC_0_PERIPHERALS_0/security_core_0/rng/neoTRNG_0/entropy_cell_gen.0.neoTRNG_cell_inst/sreg_0[0]:Q

----------------------------------------------------

Clock Domain FIC_0_PERIPHERALS_0/security_core_0/rng/neoTRNG_0/entropy_cell_gen.0.neoTRNG_cell_inst/sreg_1[0]:Q

Info: The maximum frequency of this clock domain is limited by the minimum pulse widths of pin FIC_0_PERIPHERALS_0/security_core_0/rng/neoTRNG_0/entropy_cell_gen.0.neoTRNG_cell_inst/ring_osc_gen.1.latch[1]:CLK

SET Register to Register

No Path 

END SET Register to Register

----------------------------------------------------

SET External Setup

No Path 

END SET External Setup

----------------------------------------------------

SET Clock to Output

No Path 

END SET Clock to Output

----------------------------------------------------

SET FIC_0_PERIPHERALS_0/security_core_0/rng/neoTRNG_0/entropy_cell_gen.0.neoTRNG_cell_inst/sreg_0[0]:Q to FIC_0_PERIPHERALS_0/security_core_0/rng/neoTRNG_0/entropy_cell_gen.0.neoTRNG_cell_inst/sreg_1[0]:Q

No Path 

END SET FIC_0_PERIPHERALS_0/security_core_0/rng/neoTRNG_0/entropy_cell_gen.0.neoTRNG_cell_inst/sreg_0[0]:Q to FIC_0_PERIPHERALS_0/security_core_0/rng/neoTRNG_0/entropy_cell_gen.0.neoTRNG_cell_inst/sreg_1[0]:Q

----------------------------------------------------

SET Register to Asynchronous

No Path 

END SET Register to Asynchronous

----------------------------------------------------

SET External Recovery

No Path 

END SET External Recovery

----------------------------------------------------

SET Asynchronous to Register

No Path 

END SET Asynchronous to Register

----------------------------------------------------

SET CLOCKS_AND_RESETS_0/CCC_FIC_x_CLK/PF_CCC_C0_0/pll_inst_0/OUT0 to FIC_0_PERIPHERALS_0/security_core_0/rng/neoTRNG_0/entropy_cell_gen.0.neoTRNG_cell_inst/sreg_1[0]:Q

No Path 

END SET CLOCKS_AND_RESETS_0/CCC_FIC_x_CLK/PF_CCC_C0_0/pll_inst_0/OUT0 to FIC_0_PERIPHERALS_0/security_core_0/rng/neoTRNG_0/entropy_cell_gen.0.neoTRNG_cell_inst/sreg_1[0]:Q

----------------------------------------------------

Clock Domain FIC_0_PERIPHERALS_0/security_core_0/rng/neoTRNG_0/entropy_cell_gen.0.neoTRNG_cell_inst/sreg_2[0]:Q

Info: The maximum frequency of this clock domain is limited by the minimum pulse widths of pin FIC_0_PERIPHERALS_0/security_core_0/rng/neoTRNG_0/entropy_cell_gen.0.neoTRNG_cell_inst/ring_osc_gen.2.latch[2]:CLK

SET Register to Register

No Path 

END SET Register to Register

----------------------------------------------------

SET External Setup

No Path 

END SET External Setup

----------------------------------------------------

SET Clock to Output

No Path 

END SET Clock to Output

----------------------------------------------------

SET FIC_0_PERIPHERALS_0/security_core_0/rng/neoTRNG_0/entropy_cell_gen.0.neoTRNG_cell_inst/sreg_1[0]:Q to FIC_0_PERIPHERALS_0/security_core_0/rng/neoTRNG_0/entropy_cell_gen.0.neoTRNG_cell_inst/sreg_2[0]:Q

No Path 

END SET FIC_0_PERIPHERALS_0/security_core_0/rng/neoTRNG_0/entropy_cell_gen.0.neoTRNG_cell_inst/sreg_1[0]:Q to FIC_0_PERIPHERALS_0/security_core_0/rng/neoTRNG_0/entropy_cell_gen.0.neoTRNG_cell_inst/sreg_2[0]:Q

----------------------------------------------------

SET Register to Asynchronous

No Path 

END SET Register to Asynchronous

----------------------------------------------------

SET External Recovery

No Path 

END SET External Recovery

----------------------------------------------------

SET Asynchronous to Register

No Path 

END SET Asynchronous to Register

----------------------------------------------------

SET CLOCKS_AND_RESETS_0/CCC_FIC_x_CLK/PF_CCC_C0_0/pll_inst_0/OUT0 to FIC_0_PERIPHERALS_0/security_core_0/rng/neoTRNG_0/entropy_cell_gen.0.neoTRNG_cell_inst/sreg_2[0]:Q

No Path 

END SET CLOCKS_AND_RESETS_0/CCC_FIC_x_CLK/PF_CCC_C0_0/pll_inst_0/OUT0 to FIC_0_PERIPHERALS_0/security_core_0/rng/neoTRNG_0/entropy_cell_gen.0.neoTRNG_cell_inst/sreg_2[0]:Q

----------------------------------------------------

Clock Domain FIC_0_PERIPHERALS_0/security_core_0/rng/neoTRNG_0/entropy_cell_gen.0.neoTRNG_cell_inst/sreg_3[0]:Q

Info: The maximum frequency of this clock domain is limited by the minimum pulse widths of pin FIC_0_PERIPHERALS_0/security_core_0/rng/neoTRNG_0/entropy_cell_gen.0.neoTRNG_cell_inst/ring_osc_gen.3.latch[3]:CLK

SET Register to Register

No Path 

END SET Register to Register

----------------------------------------------------

SET External Setup

No Path 

END SET External Setup

----------------------------------------------------

SET Clock to Output

No Path 

END SET Clock to Output

----------------------------------------------------

SET FIC_0_PERIPHERALS_0/security_core_0/rng/neoTRNG_0/entropy_cell_gen.0.neoTRNG_cell_inst/sreg_2[0]:Q to FIC_0_PERIPHERALS_0/security_core_0/rng/neoTRNG_0/entropy_cell_gen.0.neoTRNG_cell_inst/sreg_3[0]:Q

No Path 

END SET FIC_0_PERIPHERALS_0/security_core_0/rng/neoTRNG_0/entropy_cell_gen.0.neoTRNG_cell_inst/sreg_2[0]:Q to FIC_0_PERIPHERALS_0/security_core_0/rng/neoTRNG_0/entropy_cell_gen.0.neoTRNG_cell_inst/sreg_3[0]:Q

----------------------------------------------------

SET Register to Asynchronous

No Path 

END SET Register to Asynchronous

----------------------------------------------------

SET External Recovery

No Path 

END SET External Recovery

----------------------------------------------------

SET Asynchronous to Register

No Path 

END SET Asynchronous to Register

----------------------------------------------------

SET CLOCKS_AND_RESETS_0/CCC_FIC_x_CLK/PF_CCC_C0_0/pll_inst_0/OUT0 to FIC_0_PERIPHERALS_0/security_core_0/rng/neoTRNG_0/entropy_cell_gen.0.neoTRNG_cell_inst/sreg_3[0]:Q

No Path 

END SET CLOCKS_AND_RESETS_0/CCC_FIC_x_CLK/PF_CCC_C0_0/pll_inst_0/OUT0 to FIC_0_PERIPHERALS_0/security_core_0/rng/neoTRNG_0/entropy_cell_gen.0.neoTRNG_cell_inst/sreg_3[0]:Q

----------------------------------------------------

Clock Domain FIC_0_PERIPHERALS_0/security_core_0/rng/neoTRNG_0/entropy_cell_gen.0.neoTRNG_cell_inst/sreg_4[0]:Q

Info: The maximum frequency of this clock domain is limited by the minimum pulse widths of pin FIC_0_PERIPHERALS_0/security_core_0/rng/neoTRNG_0/entropy_cell_gen.0.neoTRNG_cell_inst/ring_osc_gen.4.latch[4]:CLK

SET Register to Register

No Path 

END SET Register to Register

----------------------------------------------------

SET External Setup

No Path 

END SET External Setup

----------------------------------------------------

SET Clock to Output

No Path 

END SET Clock to Output

----------------------------------------------------

SET FIC_0_PERIPHERALS_0/security_core_0/rng/neoTRNG_0/entropy_cell_gen.0.neoTRNG_cell_inst/sreg_3[0]:Q to FIC_0_PERIPHERALS_0/security_core_0/rng/neoTRNG_0/entropy_cell_gen.0.neoTRNG_cell_inst/sreg_4[0]:Q

No Path 

END SET FIC_0_PERIPHERALS_0/security_core_0/rng/neoTRNG_0/entropy_cell_gen.0.neoTRNG_cell_inst/sreg_3[0]:Q to FIC_0_PERIPHERALS_0/security_core_0/rng/neoTRNG_0/entropy_cell_gen.0.neoTRNG_cell_inst/sreg_4[0]:Q

----------------------------------------------------

SET Register to Asynchronous

No Path 

END SET Register to Asynchronous

----------------------------------------------------

SET External Recovery

No Path 

END SET External Recovery

----------------------------------------------------

SET Asynchronous to Register

No Path 

END SET Asynchronous to Register

----------------------------------------------------

SET CLOCKS_AND_RESETS_0/CCC_FIC_x_CLK/PF_CCC_C0_0/pll_inst_0/OUT0 to FIC_0_PERIPHERALS_0/security_core_0/rng/neoTRNG_0/entropy_cell_gen.0.neoTRNG_cell_inst/sreg_4[0]:Q

No Path 

END SET CLOCKS_AND_RESETS_0/CCC_FIC_x_CLK/PF_CCC_C0_0/pll_inst_0/OUT0 to FIC_0_PERIPHERALS_0/security_core_0/rng/neoTRNG_0/entropy_cell_gen.0.neoTRNG_cell_inst/sreg_4[0]:Q

----------------------------------------------------

Clock Domain FIC_0_PERIPHERALS_0/security_core_0/rng/neoTRNG_0/entropy_cell_gen.1.neoTRNG_cell_inst/sreg_0[0]:Q

Info: The maximum frequency of this clock domain is limited by the minimum pulse widths of pin FIC_0_PERIPHERALS_0/security_core_0/rng/neoTRNG_0/entropy_cell_gen.1.neoTRNG_cell_inst/ring_osc_gen.0.latch[0]:CLK

SET Register to Register

No Path 

END SET Register to Register

----------------------------------------------------

SET External Setup

No Path 

END SET External Setup

----------------------------------------------------

SET Clock to Output

No Path 

END SET Clock to Output

----------------------------------------------------

SET FIC_0_PERIPHERALS_0/security_core_0/rng/neoTRNG_0/entropy_cell_gen.0.neoTRNG_cell_inst/sreg_4[0]:Q to FIC_0_PERIPHERALS_0/security_core_0/rng/neoTRNG_0/entropy_cell_gen.1.neoTRNG_cell_inst/sreg_0[0]:Q

No Path 

END SET FIC_0_PERIPHERALS_0/security_core_0/rng/neoTRNG_0/entropy_cell_gen.0.neoTRNG_cell_inst/sreg_4[0]:Q to FIC_0_PERIPHERALS_0/security_core_0/rng/neoTRNG_0/entropy_cell_gen.1.neoTRNG_cell_inst/sreg_0[0]:Q

----------------------------------------------------

SET FIC_0_PERIPHERALS_0/security_core_0/rng/neoTRNG_0/entropy_cell_gen.1.neoTRNG_cell_inst/sreg_6[0]:Q to FIC_0_PERIPHERALS_0/security_core_0/rng/neoTRNG_0/entropy_cell_gen.1.neoTRNG_cell_inst/sreg_0[0]:Q

No Path 

END SET FIC_0_PERIPHERALS_0/security_core_0/rng/neoTRNG_0/entropy_cell_gen.1.neoTRNG_cell_inst/sreg_6[0]:Q to FIC_0_PERIPHERALS_0/security_core_0/rng/neoTRNG_0/entropy_cell_gen.1.neoTRNG_cell_inst/sreg_0[0]:Q

----------------------------------------------------

SET Register to Asynchronous

No Path 

END SET Register to Asynchronous

----------------------------------------------------

SET External Recovery

No Path 

END SET External Recovery

----------------------------------------------------

SET Asynchronous to Register

No Path 

END SET Asynchronous to Register

----------------------------------------------------

SET CLOCKS_AND_RESETS_0/CCC_FIC_x_CLK/PF_CCC_C0_0/pll_inst_0/OUT0 to FIC_0_PERIPHERALS_0/security_core_0/rng/neoTRNG_0/entropy_cell_gen.1.neoTRNG_cell_inst/sreg_0[0]:Q

No Path 

END SET CLOCKS_AND_RESETS_0/CCC_FIC_x_CLK/PF_CCC_C0_0/pll_inst_0/OUT0 to FIC_0_PERIPHERALS_0/security_core_0/rng/neoTRNG_0/entropy_cell_gen.1.neoTRNG_cell_inst/sreg_0[0]:Q

----------------------------------------------------

Clock Domain FIC_0_PERIPHERALS_0/security_core_0/rng/neoTRNG_0/entropy_cell_gen.1.neoTRNG_cell_inst/sreg_1[0]:Q

Info: The maximum frequency of this clock domain is limited by the minimum pulse widths of pin FIC_0_PERIPHERALS_0/security_core_0/rng/neoTRNG_0/entropy_cell_gen.1.neoTRNG_cell_inst/ring_osc_gen.1.latch[1]:CLK

SET Register to Register

No Path 

END SET Register to Register

----------------------------------------------------

SET External Setup

No Path 

END SET External Setup

----------------------------------------------------

SET Clock to Output

No Path 

END SET Clock to Output

----------------------------------------------------

SET FIC_0_PERIPHERALS_0/security_core_0/rng/neoTRNG_0/entropy_cell_gen.0.neoTRNG_cell_inst/sreg_4[0]:Q to FIC_0_PERIPHERALS_0/security_core_0/rng/neoTRNG_0/entropy_cell_gen.1.neoTRNG_cell_inst/sreg_1[0]:Q

No Path 

END SET FIC_0_PERIPHERALS_0/security_core_0/rng/neoTRNG_0/entropy_cell_gen.0.neoTRNG_cell_inst/sreg_4[0]:Q to FIC_0_PERIPHERALS_0/security_core_0/rng/neoTRNG_0/entropy_cell_gen.1.neoTRNG_cell_inst/sreg_1[0]:Q

----------------------------------------------------

SET FIC_0_PERIPHERALS_0/security_core_0/rng/neoTRNG_0/entropy_cell_gen.1.neoTRNG_cell_inst/sreg_0[0]:Q to FIC_0_PERIPHERALS_0/security_core_0/rng/neoTRNG_0/entropy_cell_gen.1.neoTRNG_cell_inst/sreg_1[0]:Q

No Path 

END SET FIC_0_PERIPHERALS_0/security_core_0/rng/neoTRNG_0/entropy_cell_gen.1.neoTRNG_cell_inst/sreg_0[0]:Q to FIC_0_PERIPHERALS_0/security_core_0/rng/neoTRNG_0/entropy_cell_gen.1.neoTRNG_cell_inst/sreg_1[0]:Q

----------------------------------------------------

SET Register to Asynchronous

No Path 

END SET Register to Asynchronous

----------------------------------------------------

SET External Recovery

No Path 

END SET External Recovery

----------------------------------------------------

SET Asynchronous to Register

No Path 

END SET Asynchronous to Register

----------------------------------------------------

SET CLOCKS_AND_RESETS_0/CCC_FIC_x_CLK/PF_CCC_C0_0/pll_inst_0/OUT0 to FIC_0_PERIPHERALS_0/security_core_0/rng/neoTRNG_0/entropy_cell_gen.1.neoTRNG_cell_inst/sreg_1[0]:Q

No Path 

END SET CLOCKS_AND_RESETS_0/CCC_FIC_x_CLK/PF_CCC_C0_0/pll_inst_0/OUT0 to FIC_0_PERIPHERALS_0/security_core_0/rng/neoTRNG_0/entropy_cell_gen.1.neoTRNG_cell_inst/sreg_1[0]:Q

----------------------------------------------------

Clock Domain FIC_0_PERIPHERALS_0/security_core_0/rng/neoTRNG_0/entropy_cell_gen.1.neoTRNG_cell_inst/sreg_2[0]:Q

Info: The maximum frequency of this clock domain is limited by the minimum pulse widths of pin FIC_0_PERIPHERALS_0/security_core_0/rng/neoTRNG_0/entropy_cell_gen.1.neoTRNG_cell_inst/ring_osc_gen.2.latch[2]:CLK

SET Register to Register

No Path 

END SET Register to Register

----------------------------------------------------

SET External Setup

No Path 

END SET External Setup

----------------------------------------------------

SET Clock to Output

No Path 

END SET Clock to Output

----------------------------------------------------

SET FIC_0_PERIPHERALS_0/security_core_0/rng/neoTRNG_0/entropy_cell_gen.0.neoTRNG_cell_inst/sreg_4[0]:Q to FIC_0_PERIPHERALS_0/security_core_0/rng/neoTRNG_0/entropy_cell_gen.1.neoTRNG_cell_inst/sreg_2[0]:Q

No Path 

END SET FIC_0_PERIPHERALS_0/security_core_0/rng/neoTRNG_0/entropy_cell_gen.0.neoTRNG_cell_inst/sreg_4[0]:Q to FIC_0_PERIPHERALS_0/security_core_0/rng/neoTRNG_0/entropy_cell_gen.1.neoTRNG_cell_inst/sreg_2[0]:Q

----------------------------------------------------

SET FIC_0_PERIPHERALS_0/security_core_0/rng/neoTRNG_0/entropy_cell_gen.1.neoTRNG_cell_inst/sreg_1[0]:Q to FIC_0_PERIPHERALS_0/security_core_0/rng/neoTRNG_0/entropy_cell_gen.1.neoTRNG_cell_inst/sreg_2[0]:Q

No Path 

END SET FIC_0_PERIPHERALS_0/security_core_0/rng/neoTRNG_0/entropy_cell_gen.1.neoTRNG_cell_inst/sreg_1[0]:Q to FIC_0_PERIPHERALS_0/security_core_0/rng/neoTRNG_0/entropy_cell_gen.1.neoTRNG_cell_inst/sreg_2[0]:Q

----------------------------------------------------

SET Register to Asynchronous

No Path 

END SET Register to Asynchronous

----------------------------------------------------

SET External Recovery

No Path 

END SET External Recovery

----------------------------------------------------

SET Asynchronous to Register

No Path 

END SET Asynchronous to Register

----------------------------------------------------

SET CLOCKS_AND_RESETS_0/CCC_FIC_x_CLK/PF_CCC_C0_0/pll_inst_0/OUT0 to FIC_0_PERIPHERALS_0/security_core_0/rng/neoTRNG_0/entropy_cell_gen.1.neoTRNG_cell_inst/sreg_2[0]:Q

No Path 

END SET CLOCKS_AND_RESETS_0/CCC_FIC_x_CLK/PF_CCC_C0_0/pll_inst_0/OUT0 to FIC_0_PERIPHERALS_0/security_core_0/rng/neoTRNG_0/entropy_cell_gen.1.neoTRNG_cell_inst/sreg_2[0]:Q

----------------------------------------------------

Clock Domain FIC_0_PERIPHERALS_0/security_core_0/rng/neoTRNG_0/entropy_cell_gen.1.neoTRNG_cell_inst/sreg_3[0]:Q

Info: The maximum frequency of this clock domain is limited by the minimum pulse widths of pin FIC_0_PERIPHERALS_0/security_core_0/rng/neoTRNG_0/entropy_cell_gen.1.neoTRNG_cell_inst/ring_osc_gen.3.latch[3]:CLK

SET Register to Register

No Path 

END SET Register to Register

----------------------------------------------------

SET External Setup

No Path 

END SET External Setup

----------------------------------------------------

SET Clock to Output

No Path 

END SET Clock to Output

----------------------------------------------------

SET FIC_0_PERIPHERALS_0/security_core_0/rng/neoTRNG_0/entropy_cell_gen.0.neoTRNG_cell_inst/sreg_4[0]:Q to FIC_0_PERIPHERALS_0/security_core_0/rng/neoTRNG_0/entropy_cell_gen.1.neoTRNG_cell_inst/sreg_3[0]:Q

No Path 

END SET FIC_0_PERIPHERALS_0/security_core_0/rng/neoTRNG_0/entropy_cell_gen.0.neoTRNG_cell_inst/sreg_4[0]:Q to FIC_0_PERIPHERALS_0/security_core_0/rng/neoTRNG_0/entropy_cell_gen.1.neoTRNG_cell_inst/sreg_3[0]:Q

----------------------------------------------------

SET FIC_0_PERIPHERALS_0/security_core_0/rng/neoTRNG_0/entropy_cell_gen.1.neoTRNG_cell_inst/sreg_2[0]:Q to FIC_0_PERIPHERALS_0/security_core_0/rng/neoTRNG_0/entropy_cell_gen.1.neoTRNG_cell_inst/sreg_3[0]:Q

No Path 

END SET FIC_0_PERIPHERALS_0/security_core_0/rng/neoTRNG_0/entropy_cell_gen.1.neoTRNG_cell_inst/sreg_2[0]:Q to FIC_0_PERIPHERALS_0/security_core_0/rng/neoTRNG_0/entropy_cell_gen.1.neoTRNG_cell_inst/sreg_3[0]:Q

----------------------------------------------------

SET Register to Asynchronous

No Path 

END SET Register to Asynchronous

----------------------------------------------------

SET External Recovery

No Path 

END SET External Recovery

----------------------------------------------------

SET Asynchronous to Register

No Path 

END SET Asynchronous to Register

----------------------------------------------------

SET CLOCKS_AND_RESETS_0/CCC_FIC_x_CLK/PF_CCC_C0_0/pll_inst_0/OUT0 to FIC_0_PERIPHERALS_0/security_core_0/rng/neoTRNG_0/entropy_cell_gen.1.neoTRNG_cell_inst/sreg_3[0]:Q

No Path 

END SET CLOCKS_AND_RESETS_0/CCC_FIC_x_CLK/PF_CCC_C0_0/pll_inst_0/OUT0 to FIC_0_PERIPHERALS_0/security_core_0/rng/neoTRNG_0/entropy_cell_gen.1.neoTRNG_cell_inst/sreg_3[0]:Q

----------------------------------------------------

Clock Domain FIC_0_PERIPHERALS_0/security_core_0/rng/neoTRNG_0/entropy_cell_gen.1.neoTRNG_cell_inst/sreg_4[0]:Q

Info: The maximum frequency of this clock domain is limited by the minimum pulse widths of pin FIC_0_PERIPHERALS_0/security_core_0/rng/neoTRNG_0/entropy_cell_gen.1.neoTRNG_cell_inst/ring_osc_gen.4.latch[4]:CLK

SET Register to Register

No Path 

END SET Register to Register

----------------------------------------------------

SET External Setup

No Path 

END SET External Setup

----------------------------------------------------

SET Clock to Output

No Path 

END SET Clock to Output

----------------------------------------------------

SET FIC_0_PERIPHERALS_0/security_core_0/rng/neoTRNG_0/entropy_cell_gen.0.neoTRNG_cell_inst/sreg_4[0]:Q to FIC_0_PERIPHERALS_0/security_core_0/rng/neoTRNG_0/entropy_cell_gen.1.neoTRNG_cell_inst/sreg_4[0]:Q

No Path 

END SET FIC_0_PERIPHERALS_0/security_core_0/rng/neoTRNG_0/entropy_cell_gen.0.neoTRNG_cell_inst/sreg_4[0]:Q to FIC_0_PERIPHERALS_0/security_core_0/rng/neoTRNG_0/entropy_cell_gen.1.neoTRNG_cell_inst/sreg_4[0]:Q

----------------------------------------------------

SET FIC_0_PERIPHERALS_0/security_core_0/rng/neoTRNG_0/entropy_cell_gen.1.neoTRNG_cell_inst/sreg_3[0]:Q to FIC_0_PERIPHERALS_0/security_core_0/rng/neoTRNG_0/entropy_cell_gen.1.neoTRNG_cell_inst/sreg_4[0]:Q

No Path 

END SET FIC_0_PERIPHERALS_0/security_core_0/rng/neoTRNG_0/entropy_cell_gen.1.neoTRNG_cell_inst/sreg_3[0]:Q to FIC_0_PERIPHERALS_0/security_core_0/rng/neoTRNG_0/entropy_cell_gen.1.neoTRNG_cell_inst/sreg_4[0]:Q

----------------------------------------------------

SET Register to Asynchronous

No Path 

END SET Register to Asynchronous

----------------------------------------------------

SET External Recovery

No Path 

END SET External Recovery

----------------------------------------------------

SET Asynchronous to Register

No Path 

END SET Asynchronous to Register

----------------------------------------------------

SET CLOCKS_AND_RESETS_0/CCC_FIC_x_CLK/PF_CCC_C0_0/pll_inst_0/OUT0 to FIC_0_PERIPHERALS_0/security_core_0/rng/neoTRNG_0/entropy_cell_gen.1.neoTRNG_cell_inst/sreg_4[0]:Q

No Path 

END SET CLOCKS_AND_RESETS_0/CCC_FIC_x_CLK/PF_CCC_C0_0/pll_inst_0/OUT0 to FIC_0_PERIPHERALS_0/security_core_0/rng/neoTRNG_0/entropy_cell_gen.1.neoTRNG_cell_inst/sreg_4[0]:Q

----------------------------------------------------

Clock Domain FIC_0_PERIPHERALS_0/security_core_0/rng/neoTRNG_0/entropy_cell_gen.1.neoTRNG_cell_inst/sreg_5[0]:Q

Info: The maximum frequency of this clock domain is limited by the minimum pulse widths of pin FIC_0_PERIPHERALS_0/security_core_0/rng/neoTRNG_0/entropy_cell_gen.1.neoTRNG_cell_inst/ring_osc_gen.5.latch[5]:CLK

SET Register to Register

No Path 

END SET Register to Register

----------------------------------------------------

SET External Setup

No Path 

END SET External Setup

----------------------------------------------------

SET Clock to Output

No Path 

END SET Clock to Output

----------------------------------------------------

SET FIC_0_PERIPHERALS_0/security_core_0/rng/neoTRNG_0/entropy_cell_gen.0.neoTRNG_cell_inst/sreg_4[0]:Q to FIC_0_PERIPHERALS_0/security_core_0/rng/neoTRNG_0/entropy_cell_gen.1.neoTRNG_cell_inst/sreg_5[0]:Q

No Path 

END SET FIC_0_PERIPHERALS_0/security_core_0/rng/neoTRNG_0/entropy_cell_gen.0.neoTRNG_cell_inst/sreg_4[0]:Q to FIC_0_PERIPHERALS_0/security_core_0/rng/neoTRNG_0/entropy_cell_gen.1.neoTRNG_cell_inst/sreg_5[0]:Q

----------------------------------------------------

SET FIC_0_PERIPHERALS_0/security_core_0/rng/neoTRNG_0/entropy_cell_gen.1.neoTRNG_cell_inst/sreg_4[0]:Q to FIC_0_PERIPHERALS_0/security_core_0/rng/neoTRNG_0/entropy_cell_gen.1.neoTRNG_cell_inst/sreg_5[0]:Q

No Path 

END SET FIC_0_PERIPHERALS_0/security_core_0/rng/neoTRNG_0/entropy_cell_gen.1.neoTRNG_cell_inst/sreg_4[0]:Q to FIC_0_PERIPHERALS_0/security_core_0/rng/neoTRNG_0/entropy_cell_gen.1.neoTRNG_cell_inst/sreg_5[0]:Q

----------------------------------------------------

SET Register to Asynchronous

No Path 

END SET Register to Asynchronous

----------------------------------------------------

SET External Recovery

No Path 

END SET External Recovery

----------------------------------------------------

SET Asynchronous to Register

No Path 

END SET Asynchronous to Register

----------------------------------------------------

SET CLOCKS_AND_RESETS_0/CCC_FIC_x_CLK/PF_CCC_C0_0/pll_inst_0/OUT0 to FIC_0_PERIPHERALS_0/security_core_0/rng/neoTRNG_0/entropy_cell_gen.1.neoTRNG_cell_inst/sreg_5[0]:Q

No Path 

END SET CLOCKS_AND_RESETS_0/CCC_FIC_x_CLK/PF_CCC_C0_0/pll_inst_0/OUT0 to FIC_0_PERIPHERALS_0/security_core_0/rng/neoTRNG_0/entropy_cell_gen.1.neoTRNG_cell_inst/sreg_5[0]:Q

----------------------------------------------------

Clock Domain FIC_0_PERIPHERALS_0/security_core_0/rng/neoTRNG_0/entropy_cell_gen.1.neoTRNG_cell_inst/sreg_6[0]:Q

Info: The maximum frequency of this clock domain is limited by the minimum pulse widths of pin FIC_0_PERIPHERALS_0/security_core_0/rng/neoTRNG_0/entropy_cell_gen.1.neoTRNG_cell_inst/ring_osc_gen.6.latch[6]:CLK

SET Register to Register

No Path 

END SET Register to Register

----------------------------------------------------

SET External Setup

No Path 

END SET External Setup

----------------------------------------------------

SET Clock to Output

No Path 

END SET Clock to Output

----------------------------------------------------

SET FIC_0_PERIPHERALS_0/security_core_0/rng/neoTRNG_0/entropy_cell_gen.0.neoTRNG_cell_inst/sreg_4[0]:Q to FIC_0_PERIPHERALS_0/security_core_0/rng/neoTRNG_0/entropy_cell_gen.1.neoTRNG_cell_inst/sreg_6[0]:Q

No Path 

END SET FIC_0_PERIPHERALS_0/security_core_0/rng/neoTRNG_0/entropy_cell_gen.0.neoTRNG_cell_inst/sreg_4[0]:Q to FIC_0_PERIPHERALS_0/security_core_0/rng/neoTRNG_0/entropy_cell_gen.1.neoTRNG_cell_inst/sreg_6[0]:Q

----------------------------------------------------

SET FIC_0_PERIPHERALS_0/security_core_0/rng/neoTRNG_0/entropy_cell_gen.1.neoTRNG_cell_inst/sreg_5[0]:Q to FIC_0_PERIPHERALS_0/security_core_0/rng/neoTRNG_0/entropy_cell_gen.1.neoTRNG_cell_inst/sreg_6[0]:Q

No Path 

END SET FIC_0_PERIPHERALS_0/security_core_0/rng/neoTRNG_0/entropy_cell_gen.1.neoTRNG_cell_inst/sreg_5[0]:Q to FIC_0_PERIPHERALS_0/security_core_0/rng/neoTRNG_0/entropy_cell_gen.1.neoTRNG_cell_inst/sreg_6[0]:Q

----------------------------------------------------

SET Register to Asynchronous

No Path 

END SET Register to Asynchronous

----------------------------------------------------

SET External Recovery

No Path 

END SET External Recovery

----------------------------------------------------

SET Asynchronous to Register

No Path 

END SET Asynchronous to Register

----------------------------------------------------

SET CLOCKS_AND_RESETS_0/CCC_FIC_x_CLK/PF_CCC_C0_0/pll_inst_0/OUT0 to FIC_0_PERIPHERALS_0/security_core_0/rng/neoTRNG_0/entropy_cell_gen.1.neoTRNG_cell_inst/sreg_6[0]:Q

No Path 

END SET CLOCKS_AND_RESETS_0/CCC_FIC_x_CLK/PF_CCC_C0_0/pll_inst_0/OUT0 to FIC_0_PERIPHERALS_0/security_core_0/rng/neoTRNG_0/entropy_cell_gen.1.neoTRNG_cell_inst/sreg_6[0]:Q

----------------------------------------------------

Clock Domain FIC_0_PERIPHERALS_0/security_core_0/rng/neoTRNG_0/entropy_cell_gen.2.neoTRNG_cell_inst/sreg_0[0]:Q

Info: The maximum frequency of this clock domain is limited by the minimum pulse widths of pin FIC_0_PERIPHERALS_0/security_core_0/rng/neoTRNG_0/entropy_cell_gen.2.neoTRNG_cell_inst/ring_osc_gen.0.latch[0]:CLK

SET Register to Register

No Path 

END SET Register to Register

----------------------------------------------------

SET External Setup

No Path 

END SET External Setup

----------------------------------------------------

SET Clock to Output

No Path 

END SET Clock to Output

----------------------------------------------------

SET FIC_0_PERIPHERALS_0/security_core_0/rng/neoTRNG_0/entropy_cell_gen.1.neoTRNG_cell_inst/sreg_6[0]:Q to FIC_0_PERIPHERALS_0/security_core_0/rng/neoTRNG_0/entropy_cell_gen.2.neoTRNG_cell_inst/sreg_0[0]:Q

No Path 

END SET FIC_0_PERIPHERALS_0/security_core_0/rng/neoTRNG_0/entropy_cell_gen.1.neoTRNG_cell_inst/sreg_6[0]:Q to FIC_0_PERIPHERALS_0/security_core_0/rng/neoTRNG_0/entropy_cell_gen.2.neoTRNG_cell_inst/sreg_0[0]:Q

----------------------------------------------------

SET FIC_0_PERIPHERALS_0/security_core_0/rng/neoTRNG_0/entropy_cell_gen.2.neoTRNG_cell_inst/sreg_8[0]:Q to FIC_0_PERIPHERALS_0/security_core_0/rng/neoTRNG_0/entropy_cell_gen.2.neoTRNG_cell_inst/sreg_0[0]:Q

No Path 

END SET FIC_0_PERIPHERALS_0/security_core_0/rng/neoTRNG_0/entropy_cell_gen.2.neoTRNG_cell_inst/sreg_8[0]:Q to FIC_0_PERIPHERALS_0/security_core_0/rng/neoTRNG_0/entropy_cell_gen.2.neoTRNG_cell_inst/sreg_0[0]:Q

----------------------------------------------------

SET Register to Asynchronous

No Path 

END SET Register to Asynchronous

----------------------------------------------------

SET External Recovery

No Path 

END SET External Recovery

----------------------------------------------------

SET Asynchronous to Register

No Path 

END SET Asynchronous to Register

----------------------------------------------------

SET CLOCKS_AND_RESETS_0/CCC_FIC_x_CLK/PF_CCC_C0_0/pll_inst_0/OUT0 to FIC_0_PERIPHERALS_0/security_core_0/rng/neoTRNG_0/entropy_cell_gen.2.neoTRNG_cell_inst/sreg_0[0]:Q

No Path 

END SET CLOCKS_AND_RESETS_0/CCC_FIC_x_CLK/PF_CCC_C0_0/pll_inst_0/OUT0 to FIC_0_PERIPHERALS_0/security_core_0/rng/neoTRNG_0/entropy_cell_gen.2.neoTRNG_cell_inst/sreg_0[0]:Q

----------------------------------------------------

Clock Domain FIC_0_PERIPHERALS_0/security_core_0/rng/neoTRNG_0/entropy_cell_gen.2.neoTRNG_cell_inst/sreg_1[0]:Q

Info: The maximum frequency of this clock domain is limited by the minimum pulse widths of pin FIC_0_PERIPHERALS_0/security_core_0/rng/neoTRNG_0/entropy_cell_gen.2.neoTRNG_cell_inst/ring_osc_gen.1.latch[1]:CLK

SET Register to Register

No Path 

END SET Register to Register

----------------------------------------------------

SET External Setup

No Path 

END SET External Setup

----------------------------------------------------

SET Clock to Output

No Path 

END SET Clock to Output

----------------------------------------------------

SET FIC_0_PERIPHERALS_0/security_core_0/rng/neoTRNG_0/entropy_cell_gen.1.neoTRNG_cell_inst/sreg_6[0]:Q to FIC_0_PERIPHERALS_0/security_core_0/rng/neoTRNG_0/entropy_cell_gen.2.neoTRNG_cell_inst/sreg_1[0]:Q

No Path 

END SET FIC_0_PERIPHERALS_0/security_core_0/rng/neoTRNG_0/entropy_cell_gen.1.neoTRNG_cell_inst/sreg_6[0]:Q to FIC_0_PERIPHERALS_0/security_core_0/rng/neoTRNG_0/entropy_cell_gen.2.neoTRNG_cell_inst/sreg_1[0]:Q

----------------------------------------------------

SET FIC_0_PERIPHERALS_0/security_core_0/rng/neoTRNG_0/entropy_cell_gen.2.neoTRNG_cell_inst/sreg_0[0]:Q to FIC_0_PERIPHERALS_0/security_core_0/rng/neoTRNG_0/entropy_cell_gen.2.neoTRNG_cell_inst/sreg_1[0]:Q

No Path 

END SET FIC_0_PERIPHERALS_0/security_core_0/rng/neoTRNG_0/entropy_cell_gen.2.neoTRNG_cell_inst/sreg_0[0]:Q to FIC_0_PERIPHERALS_0/security_core_0/rng/neoTRNG_0/entropy_cell_gen.2.neoTRNG_cell_inst/sreg_1[0]:Q

----------------------------------------------------

SET Register to Asynchronous

No Path 

END SET Register to Asynchronous

----------------------------------------------------

SET External Recovery

No Path 

END SET External Recovery

----------------------------------------------------

SET Asynchronous to Register

No Path 

END SET Asynchronous to Register

----------------------------------------------------

SET CLOCKS_AND_RESETS_0/CCC_FIC_x_CLK/PF_CCC_C0_0/pll_inst_0/OUT0 to FIC_0_PERIPHERALS_0/security_core_0/rng/neoTRNG_0/entropy_cell_gen.2.neoTRNG_cell_inst/sreg_1[0]:Q

No Path 

END SET CLOCKS_AND_RESETS_0/CCC_FIC_x_CLK/PF_CCC_C0_0/pll_inst_0/OUT0 to FIC_0_PERIPHERALS_0/security_core_0/rng/neoTRNG_0/entropy_cell_gen.2.neoTRNG_cell_inst/sreg_1[0]:Q

----------------------------------------------------

Clock Domain FIC_0_PERIPHERALS_0/security_core_0/rng/neoTRNG_0/entropy_cell_gen.2.neoTRNG_cell_inst/sreg_2[0]:Q

Info: The maximum frequency of this clock domain is limited by the minimum pulse widths of pin FIC_0_PERIPHERALS_0/security_core_0/rng/neoTRNG_0/entropy_cell_gen.2.neoTRNG_cell_inst/ring_osc_gen.2.latch[2]:CLK

SET Register to Register

No Path 

END SET Register to Register

----------------------------------------------------

SET External Setup

No Path 

END SET External Setup

----------------------------------------------------

SET Clock to Output

No Path 

END SET Clock to Output

----------------------------------------------------

SET FIC_0_PERIPHERALS_0/security_core_0/rng/neoTRNG_0/entropy_cell_gen.1.neoTRNG_cell_inst/sreg_6[0]:Q to FIC_0_PERIPHERALS_0/security_core_0/rng/neoTRNG_0/entropy_cell_gen.2.neoTRNG_cell_inst/sreg_2[0]:Q

No Path 

END SET FIC_0_PERIPHERALS_0/security_core_0/rng/neoTRNG_0/entropy_cell_gen.1.neoTRNG_cell_inst/sreg_6[0]:Q to FIC_0_PERIPHERALS_0/security_core_0/rng/neoTRNG_0/entropy_cell_gen.2.neoTRNG_cell_inst/sreg_2[0]:Q

----------------------------------------------------

SET FIC_0_PERIPHERALS_0/security_core_0/rng/neoTRNG_0/entropy_cell_gen.2.neoTRNG_cell_inst/sreg_1[0]:Q to FIC_0_PERIPHERALS_0/security_core_0/rng/neoTRNG_0/entropy_cell_gen.2.neoTRNG_cell_inst/sreg_2[0]:Q

No Path 

END SET FIC_0_PERIPHERALS_0/security_core_0/rng/neoTRNG_0/entropy_cell_gen.2.neoTRNG_cell_inst/sreg_1[0]:Q to FIC_0_PERIPHERALS_0/security_core_0/rng/neoTRNG_0/entropy_cell_gen.2.neoTRNG_cell_inst/sreg_2[0]:Q

----------------------------------------------------

SET Register to Asynchronous

No Path 

END SET Register to Asynchronous

----------------------------------------------------

SET External Recovery

No Path 

END SET External Recovery

----------------------------------------------------

SET Asynchronous to Register

No Path 

END SET Asynchronous to Register

----------------------------------------------------

SET CLOCKS_AND_RESETS_0/CCC_FIC_x_CLK/PF_CCC_C0_0/pll_inst_0/OUT0 to FIC_0_PERIPHERALS_0/security_core_0/rng/neoTRNG_0/entropy_cell_gen.2.neoTRNG_cell_inst/sreg_2[0]:Q

No Path 

END SET CLOCKS_AND_RESETS_0/CCC_FIC_x_CLK/PF_CCC_C0_0/pll_inst_0/OUT0 to FIC_0_PERIPHERALS_0/security_core_0/rng/neoTRNG_0/entropy_cell_gen.2.neoTRNG_cell_inst/sreg_2[0]:Q

----------------------------------------------------

Clock Domain FIC_0_PERIPHERALS_0/security_core_0/rng/neoTRNG_0/entropy_cell_gen.2.neoTRNG_cell_inst/sreg_3[0]:Q

Info: The maximum frequency of this clock domain is limited by the minimum pulse widths of pin FIC_0_PERIPHERALS_0/security_core_0/rng/neoTRNG_0/entropy_cell_gen.2.neoTRNG_cell_inst/ring_osc_gen.3.latch[3]:CLK

SET Register to Register

No Path 

END SET Register to Register

----------------------------------------------------

SET External Setup

No Path 

END SET External Setup

----------------------------------------------------

SET Clock to Output

No Path 

END SET Clock to Output

----------------------------------------------------

SET FIC_0_PERIPHERALS_0/security_core_0/rng/neoTRNG_0/entropy_cell_gen.1.neoTRNG_cell_inst/sreg_6[0]:Q to FIC_0_PERIPHERALS_0/security_core_0/rng/neoTRNG_0/entropy_cell_gen.2.neoTRNG_cell_inst/sreg_3[0]:Q

No Path 

END SET FIC_0_PERIPHERALS_0/security_core_0/rng/neoTRNG_0/entropy_cell_gen.1.neoTRNG_cell_inst/sreg_6[0]:Q to FIC_0_PERIPHERALS_0/security_core_0/rng/neoTRNG_0/entropy_cell_gen.2.neoTRNG_cell_inst/sreg_3[0]:Q

----------------------------------------------------

SET FIC_0_PERIPHERALS_0/security_core_0/rng/neoTRNG_0/entropy_cell_gen.2.neoTRNG_cell_inst/sreg_2[0]:Q to FIC_0_PERIPHERALS_0/security_core_0/rng/neoTRNG_0/entropy_cell_gen.2.neoTRNG_cell_inst/sreg_3[0]:Q

No Path 

END SET FIC_0_PERIPHERALS_0/security_core_0/rng/neoTRNG_0/entropy_cell_gen.2.neoTRNG_cell_inst/sreg_2[0]:Q to FIC_0_PERIPHERALS_0/security_core_0/rng/neoTRNG_0/entropy_cell_gen.2.neoTRNG_cell_inst/sreg_3[0]:Q

----------------------------------------------------

SET Register to Asynchronous

No Path 

END SET Register to Asynchronous

----------------------------------------------------

SET External Recovery

No Path 

END SET External Recovery

----------------------------------------------------

SET Asynchronous to Register

No Path 

END SET Asynchronous to Register

----------------------------------------------------

SET CLOCKS_AND_RESETS_0/CCC_FIC_x_CLK/PF_CCC_C0_0/pll_inst_0/OUT0 to FIC_0_PERIPHERALS_0/security_core_0/rng/neoTRNG_0/entropy_cell_gen.2.neoTRNG_cell_inst/sreg_3[0]:Q

No Path 

END SET CLOCKS_AND_RESETS_0/CCC_FIC_x_CLK/PF_CCC_C0_0/pll_inst_0/OUT0 to FIC_0_PERIPHERALS_0/security_core_0/rng/neoTRNG_0/entropy_cell_gen.2.neoTRNG_cell_inst/sreg_3[0]:Q

----------------------------------------------------

Clock Domain FIC_0_PERIPHERALS_0/security_core_0/rng/neoTRNG_0/entropy_cell_gen.2.neoTRNG_cell_inst/sreg_4[0]:Q

Info: The maximum frequency of this clock domain is limited by the minimum pulse widths of pin FIC_0_PERIPHERALS_0/security_core_0/rng/neoTRNG_0/entropy_cell_gen.2.neoTRNG_cell_inst/ring_osc_gen.4.latch[4]:CLK

SET Register to Register

No Path 

END SET Register to Register

----------------------------------------------------

SET External Setup

No Path 

END SET External Setup

----------------------------------------------------

SET Clock to Output

No Path 

END SET Clock to Output

----------------------------------------------------

SET FIC_0_PERIPHERALS_0/security_core_0/rng/neoTRNG_0/entropy_cell_gen.1.neoTRNG_cell_inst/sreg_6[0]:Q to FIC_0_PERIPHERALS_0/security_core_0/rng/neoTRNG_0/entropy_cell_gen.2.neoTRNG_cell_inst/sreg_4[0]:Q

No Path 

END SET FIC_0_PERIPHERALS_0/security_core_0/rng/neoTRNG_0/entropy_cell_gen.1.neoTRNG_cell_inst/sreg_6[0]:Q to FIC_0_PERIPHERALS_0/security_core_0/rng/neoTRNG_0/entropy_cell_gen.2.neoTRNG_cell_inst/sreg_4[0]:Q

----------------------------------------------------

SET FIC_0_PERIPHERALS_0/security_core_0/rng/neoTRNG_0/entropy_cell_gen.2.neoTRNG_cell_inst/sreg_3[0]:Q to FIC_0_PERIPHERALS_0/security_core_0/rng/neoTRNG_0/entropy_cell_gen.2.neoTRNG_cell_inst/sreg_4[0]:Q

No Path 

END SET FIC_0_PERIPHERALS_0/security_core_0/rng/neoTRNG_0/entropy_cell_gen.2.neoTRNG_cell_inst/sreg_3[0]:Q to FIC_0_PERIPHERALS_0/security_core_0/rng/neoTRNG_0/entropy_cell_gen.2.neoTRNG_cell_inst/sreg_4[0]:Q

----------------------------------------------------

SET Register to Asynchronous

No Path 

END SET Register to Asynchronous

----------------------------------------------------

SET External Recovery

No Path 

END SET External Recovery

----------------------------------------------------

SET Asynchronous to Register

No Path 

END SET Asynchronous to Register

----------------------------------------------------

SET CLOCKS_AND_RESETS_0/CCC_FIC_x_CLK/PF_CCC_C0_0/pll_inst_0/OUT0 to FIC_0_PERIPHERALS_0/security_core_0/rng/neoTRNG_0/entropy_cell_gen.2.neoTRNG_cell_inst/sreg_4[0]:Q

No Path 

END SET CLOCKS_AND_RESETS_0/CCC_FIC_x_CLK/PF_CCC_C0_0/pll_inst_0/OUT0 to FIC_0_PERIPHERALS_0/security_core_0/rng/neoTRNG_0/entropy_cell_gen.2.neoTRNG_cell_inst/sreg_4[0]:Q

----------------------------------------------------

Clock Domain FIC_0_PERIPHERALS_0/security_core_0/rng/neoTRNG_0/entropy_cell_gen.2.neoTRNG_cell_inst/sreg_5[0]:Q

Info: The maximum frequency of this clock domain is limited by the minimum pulse widths of pin FIC_0_PERIPHERALS_0/security_core_0/rng/neoTRNG_0/entropy_cell_gen.2.neoTRNG_cell_inst/ring_osc_gen.5.latch[5]:CLK

SET Register to Register

No Path 

END SET Register to Register

----------------------------------------------------

SET External Setup

No Path 

END SET External Setup

----------------------------------------------------

SET Clock to Output

No Path 

END SET Clock to Output

----------------------------------------------------

SET FIC_0_PERIPHERALS_0/security_core_0/rng/neoTRNG_0/entropy_cell_gen.1.neoTRNG_cell_inst/sreg_6[0]:Q to FIC_0_PERIPHERALS_0/security_core_0/rng/neoTRNG_0/entropy_cell_gen.2.neoTRNG_cell_inst/sreg_5[0]:Q

No Path 

END SET FIC_0_PERIPHERALS_0/security_core_0/rng/neoTRNG_0/entropy_cell_gen.1.neoTRNG_cell_inst/sreg_6[0]:Q to FIC_0_PERIPHERALS_0/security_core_0/rng/neoTRNG_0/entropy_cell_gen.2.neoTRNG_cell_inst/sreg_5[0]:Q

----------------------------------------------------

SET FIC_0_PERIPHERALS_0/security_core_0/rng/neoTRNG_0/entropy_cell_gen.2.neoTRNG_cell_inst/sreg_4[0]:Q to FIC_0_PERIPHERALS_0/security_core_0/rng/neoTRNG_0/entropy_cell_gen.2.neoTRNG_cell_inst/sreg_5[0]:Q

No Path 

END SET FIC_0_PERIPHERALS_0/security_core_0/rng/neoTRNG_0/entropy_cell_gen.2.neoTRNG_cell_inst/sreg_4[0]:Q to FIC_0_PERIPHERALS_0/security_core_0/rng/neoTRNG_0/entropy_cell_gen.2.neoTRNG_cell_inst/sreg_5[0]:Q

----------------------------------------------------

SET Register to Asynchronous

No Path 

END SET Register to Asynchronous

----------------------------------------------------

SET External Recovery

No Path 

END SET External Recovery

----------------------------------------------------

SET Asynchronous to Register

No Path 

END SET Asynchronous to Register

----------------------------------------------------

SET CLOCKS_AND_RESETS_0/CCC_FIC_x_CLK/PF_CCC_C0_0/pll_inst_0/OUT0 to FIC_0_PERIPHERALS_0/security_core_0/rng/neoTRNG_0/entropy_cell_gen.2.neoTRNG_cell_inst/sreg_5[0]:Q

No Path 

END SET CLOCKS_AND_RESETS_0/CCC_FIC_x_CLK/PF_CCC_C0_0/pll_inst_0/OUT0 to FIC_0_PERIPHERALS_0/security_core_0/rng/neoTRNG_0/entropy_cell_gen.2.neoTRNG_cell_inst/sreg_5[0]:Q

----------------------------------------------------

Clock Domain FIC_0_PERIPHERALS_0/security_core_0/rng/neoTRNG_0/entropy_cell_gen.2.neoTRNG_cell_inst/sreg_6[0]:Q

Info: The maximum frequency of this clock domain is limited by the minimum pulse widths of pin FIC_0_PERIPHERALS_0/security_core_0/rng/neoTRNG_0/entropy_cell_gen.2.neoTRNG_cell_inst/ring_osc_gen.6.latch[6]:CLK

SET Register to Register

No Path 

END SET Register to Register

----------------------------------------------------

SET External Setup

No Path 

END SET External Setup

----------------------------------------------------

SET Clock to Output

No Path 

END SET Clock to Output

----------------------------------------------------

SET FIC_0_PERIPHERALS_0/security_core_0/rng/neoTRNG_0/entropy_cell_gen.1.neoTRNG_cell_inst/sreg_6[0]:Q to FIC_0_PERIPHERALS_0/security_core_0/rng/neoTRNG_0/entropy_cell_gen.2.neoTRNG_cell_inst/sreg_6[0]:Q

No Path 

END SET FIC_0_PERIPHERALS_0/security_core_0/rng/neoTRNG_0/entropy_cell_gen.1.neoTRNG_cell_inst/sreg_6[0]:Q to FIC_0_PERIPHERALS_0/security_core_0/rng/neoTRNG_0/entropy_cell_gen.2.neoTRNG_cell_inst/sreg_6[0]:Q

----------------------------------------------------

SET FIC_0_PERIPHERALS_0/security_core_0/rng/neoTRNG_0/entropy_cell_gen.2.neoTRNG_cell_inst/sreg_5[0]:Q to FIC_0_PERIPHERALS_0/security_core_0/rng/neoTRNG_0/entropy_cell_gen.2.neoTRNG_cell_inst/sreg_6[0]:Q

No Path 

END SET FIC_0_PERIPHERALS_0/security_core_0/rng/neoTRNG_0/entropy_cell_gen.2.neoTRNG_cell_inst/sreg_5[0]:Q to FIC_0_PERIPHERALS_0/security_core_0/rng/neoTRNG_0/entropy_cell_gen.2.neoTRNG_cell_inst/sreg_6[0]:Q

----------------------------------------------------

SET Register to Asynchronous

No Path 

END SET Register to Asynchronous

----------------------------------------------------

SET External Recovery

No Path 

END SET External Recovery

----------------------------------------------------

SET Asynchronous to Register

No Path 

END SET Asynchronous to Register

----------------------------------------------------

SET CLOCKS_AND_RESETS_0/CCC_FIC_x_CLK/PF_CCC_C0_0/pll_inst_0/OUT0 to FIC_0_PERIPHERALS_0/security_core_0/rng/neoTRNG_0/entropy_cell_gen.2.neoTRNG_cell_inst/sreg_6[0]:Q

No Path 

END SET CLOCKS_AND_RESETS_0/CCC_FIC_x_CLK/PF_CCC_C0_0/pll_inst_0/OUT0 to FIC_0_PERIPHERALS_0/security_core_0/rng/neoTRNG_0/entropy_cell_gen.2.neoTRNG_cell_inst/sreg_6[0]:Q

----------------------------------------------------

Clock Domain FIC_0_PERIPHERALS_0/security_core_0/rng/neoTRNG_0/entropy_cell_gen.2.neoTRNG_cell_inst/sreg_7[0]:Q

Info: The maximum frequency of this clock domain is limited by the minimum pulse widths of pin FIC_0_PERIPHERALS_0/security_core_0/rng/neoTRNG_0/entropy_cell_gen.2.neoTRNG_cell_inst/ring_osc_gen.7.latch[7]:CLK

SET Register to Register

No Path 

END SET Register to Register

----------------------------------------------------

SET External Setup

No Path 

END SET External Setup

----------------------------------------------------

SET Clock to Output

No Path 

END SET Clock to Output

----------------------------------------------------

SET FIC_0_PERIPHERALS_0/security_core_0/rng/neoTRNG_0/entropy_cell_gen.1.neoTRNG_cell_inst/sreg_6[0]:Q to FIC_0_PERIPHERALS_0/security_core_0/rng/neoTRNG_0/entropy_cell_gen.2.neoTRNG_cell_inst/sreg_7[0]:Q

No Path 

END SET FIC_0_PERIPHERALS_0/security_core_0/rng/neoTRNG_0/entropy_cell_gen.1.neoTRNG_cell_inst/sreg_6[0]:Q to FIC_0_PERIPHERALS_0/security_core_0/rng/neoTRNG_0/entropy_cell_gen.2.neoTRNG_cell_inst/sreg_7[0]:Q

----------------------------------------------------

SET FIC_0_PERIPHERALS_0/security_core_0/rng/neoTRNG_0/entropy_cell_gen.2.neoTRNG_cell_inst/sreg_6[0]:Q to FIC_0_PERIPHERALS_0/security_core_0/rng/neoTRNG_0/entropy_cell_gen.2.neoTRNG_cell_inst/sreg_7[0]:Q

No Path 

END SET FIC_0_PERIPHERALS_0/security_core_0/rng/neoTRNG_0/entropy_cell_gen.2.neoTRNG_cell_inst/sreg_6[0]:Q to FIC_0_PERIPHERALS_0/security_core_0/rng/neoTRNG_0/entropy_cell_gen.2.neoTRNG_cell_inst/sreg_7[0]:Q

----------------------------------------------------

SET Register to Asynchronous

No Path 

END SET Register to Asynchronous

----------------------------------------------------

SET External Recovery

No Path 

END SET External Recovery

----------------------------------------------------

SET Asynchronous to Register

No Path 

END SET Asynchronous to Register

----------------------------------------------------

SET CLOCKS_AND_RESETS_0/CCC_FIC_x_CLK/PF_CCC_C0_0/pll_inst_0/OUT0 to FIC_0_PERIPHERALS_0/security_core_0/rng/neoTRNG_0/entropy_cell_gen.2.neoTRNG_cell_inst/sreg_7[0]:Q

No Path 

END SET CLOCKS_AND_RESETS_0/CCC_FIC_x_CLK/PF_CCC_C0_0/pll_inst_0/OUT0 to FIC_0_PERIPHERALS_0/security_core_0/rng/neoTRNG_0/entropy_cell_gen.2.neoTRNG_cell_inst/sreg_7[0]:Q

----------------------------------------------------

Clock Domain FIC_0_PERIPHERALS_0/security_core_0/rng/neoTRNG_0/entropy_cell_gen.2.neoTRNG_cell_inst/sreg_8[0]:Q

Info: The maximum frequency of this clock domain is limited by the minimum pulse widths of pin FIC_0_PERIPHERALS_0/security_core_0/rng/neoTRNG_0/entropy_cell_gen.2.neoTRNG_cell_inst/ring_osc_gen.8.latch[8]:CLK

SET Register to Register

No Path 

END SET Register to Register

----------------------------------------------------

SET External Setup

No Path 

END SET External Setup

----------------------------------------------------

SET Clock to Output

No Path 

END SET Clock to Output

----------------------------------------------------

SET FIC_0_PERIPHERALS_0/security_core_0/rng/neoTRNG_0/entropy_cell_gen.1.neoTRNG_cell_inst/sreg_6[0]:Q to FIC_0_PERIPHERALS_0/security_core_0/rng/neoTRNG_0/entropy_cell_gen.2.neoTRNG_cell_inst/sreg_8[0]:Q

No Path 

END SET FIC_0_PERIPHERALS_0/security_core_0/rng/neoTRNG_0/entropy_cell_gen.1.neoTRNG_cell_inst/sreg_6[0]:Q to FIC_0_PERIPHERALS_0/security_core_0/rng/neoTRNG_0/entropy_cell_gen.2.neoTRNG_cell_inst/sreg_8[0]:Q

----------------------------------------------------

SET FIC_0_PERIPHERALS_0/security_core_0/rng/neoTRNG_0/entropy_cell_gen.2.neoTRNG_cell_inst/sreg_7[0]:Q to FIC_0_PERIPHERALS_0/security_core_0/rng/neoTRNG_0/entropy_cell_gen.2.neoTRNG_cell_inst/sreg_8[0]:Q

No Path 

END SET FIC_0_PERIPHERALS_0/security_core_0/rng/neoTRNG_0/entropy_cell_gen.2.neoTRNG_cell_inst/sreg_7[0]:Q to FIC_0_PERIPHERALS_0/security_core_0/rng/neoTRNG_0/entropy_cell_gen.2.neoTRNG_cell_inst/sreg_8[0]:Q

----------------------------------------------------

SET Register to Asynchronous

No Path 

END SET Register to Asynchronous

----------------------------------------------------

SET External Recovery

No Path 

END SET External Recovery

----------------------------------------------------

SET Asynchronous to Register

No Path 

END SET Asynchronous to Register

----------------------------------------------------

SET CLOCKS_AND_RESETS_0/CCC_FIC_x_CLK/PF_CCC_C0_0/pll_inst_0/OUT0 to FIC_0_PERIPHERALS_0/security_core_0/rng/neoTRNG_0/entropy_cell_gen.2.neoTRNG_cell_inst/sreg_8[0]:Q

No Path 

END SET CLOCKS_AND_RESETS_0/CCC_FIC_x_CLK/PF_CCC_C0_0/pll_inst_0/OUT0 to FIC_0_PERIPHERALS_0/security_core_0/rng/neoTRNG_0/entropy_cell_gen.2.neoTRNG_cell_inst/sreg_8[0]:Q

----------------------------------------------------

Clock Domain MBUS_SPI_CLK

Info: The maximum frequency of this clock domain is limited by the period of pin MSS_WRAPPER_0/MPFS_DISCOVERY_KIT_MSS_0/I_MSS:SPI_0_CLK_F2M

SET Register to Register

No Path 

END SET Register to Register

----------------------------------------------------

SET External Setup

Path 1
  From: MBUS_SPI_MISO
  To:   MSS_WRAPPER_0/MPFS_DISCOVERY_KIT_MSS_0/I_MSS:SPI_0_DI_F2M
  Delay (ns):              3.857
  Arrival (ns):            3.857
  Setup (ns):              0.909
  External Setup (ns):     2.036
  Operating Conditions: slow_lv_lt


Expanded Path 1
  From: MBUS_SPI_MISO
  To: MSS_WRAPPER_0/MPFS_DISCOVERY_KIT_MSS_0/I_MSS:SPI_0_DI_F2M
  data required time                                    N/C
  data arrival time                          -        3.857
  slack                                                 N/C
  ________________________________________________________
  Data arrival time calculation
  0.000                        MBUS_SPI_MISO (r)
               +     0.000          net: MBUS_SPI_MISO
  0.000                        MBUS_SPI_MISO_ibuf/U_IOPAD:PAD (r)
               +     1.147          cell: ADLIB:IOPAD_IN
  1.147                        MBUS_SPI_MISO_ibuf/U_IOPAD:Y (r)
               +     0.000          net: MBUS_SPI_MISO_ibuf/YIN
  1.147                        MBUS_SPI_MISO_ibuf/U_IOIN:YIN (r)
               +     0.274          cell: ADLIB:IOIN_IB_E
  1.421                        MBUS_SPI_MISO_ibuf/U_IOIN:Y (r)
               +     2.436          net: MBUS_SPI_MISO_c
  3.857                        MSS_WRAPPER_0/MPFS_DISCOVERY_KIT_MSS_0/I_MSS:SPI_0_DI_F2M (r)
                                    
  3.857                        data arrival time
  ________________________________________________________
  Data required time calculation
  N/C                          MBUS_SPI_CLK
               +     0.000          Clock source
  N/C                          MBUS_SPI_CLK (r)
               +     0.994          cell: ADLIB:IOPAD_BI
  N/C                          MSS_WRAPPER_0/SPI_0_CLK_BIBUF/U_IOPAD:Y (r)
               +     0.000          net: MSS_WRAPPER_0/SPI_0_CLK_BIBUF/YIN
  N/C                          MSS_WRAPPER_0/SPI_0_CLK_BIBUF/U_IOBI:YIN (r)
               +     0.262          cell: ADLIB:IOBI_IB_OB_EB
  N/C                          MSS_WRAPPER_0/SPI_0_CLK_BIBUF/U_IOBI:Y (r)
               +     1.474          net: MSS_WRAPPER_0/SPI_0_CLK_BIBUF_Y
  N/C                          MSS_WRAPPER_0/MPFS_DISCOVERY_KIT_MSS_0/I_MSS:SPI_0_CLK_F2M (r)
               -     0.909          Library setup time: ADLIB:MSS
  N/C                          MSS_WRAPPER_0/MPFS_DISCOVERY_KIT_MSS_0/I_MSS:SPI_0_DI_F2M


Operating Conditions : slow_lv_lt

END SET External Setup

----------------------------------------------------

SET Clock to Output

Path 1
  From: MSS_WRAPPER_0/MPFS_DISCOVERY_KIT_MSS_0/I_MSS:SPI_0_CLK_F2M
  To:   MBUS_SPI_MOSI
  Delay (ns):             10.377
  Arrival (ns):           14.137
  Clock to Out (ns):      14.137
  Operating Conditions: slow_lv_ht


Expanded Path 1
  From: MSS_WRAPPER_0/MPFS_DISCOVERY_KIT_MSS_0/I_MSS:SPI_0_CLK_F2M
  To: MBUS_SPI_MOSI
  data required time                                    N/C
  data arrival time                          -       14.137
  slack                                                 N/C
  ________________________________________________________
  Data arrival time calculation
  0.000                        MBUS_SPI_CLK
               +     0.000          Clock source
  0.000                        MBUS_SPI_CLK (f)
               +     1.302          cell: ADLIB:IOPAD_BI
  1.302                        MSS_WRAPPER_0/SPI_0_CLK_BIBUF/U_IOPAD:Y (f)
               +     0.000          net: MSS_WRAPPER_0/SPI_0_CLK_BIBUF/YIN
  1.302                        MSS_WRAPPER_0/SPI_0_CLK_BIBUF/U_IOBI:YIN (f)
               +     0.338          cell: ADLIB:IOBI_IB_OB_EB
  1.640                        MSS_WRAPPER_0/SPI_0_CLK_BIBUF/U_IOBI:Y (f)
               +     2.120          net: MSS_WRAPPER_0/SPI_0_CLK_BIBUF_Y
  3.760                        MSS_WRAPPER_0/MPFS_DISCOVERY_KIT_MSS_0/I_MSS:SPI_0_CLK_F2M (f)
               +     3.145          cell: ADLIB:MSS
  6.905                        MSS_WRAPPER_0/MPFS_DISCOVERY_KIT_MSS_0/I_MSS:SPI_0_DO_M2F (f)
               +     3.196          net: MBUS_SPI_MOSI_c
  10.101                       MBUS_SPI_MOSI_obuf/U_IOTRI:D (f)
               +     0.918          cell: ADLIB:IOTRI_OB_EB
  11.019                       MBUS_SPI_MOSI_obuf/U_IOTRI:DOUT (f)
               +     0.000          net: MBUS_SPI_MOSI_obuf/DOUT
  11.019                       MBUS_SPI_MOSI_obuf/U_IOPAD:D (f)
               +     3.118          cell: ADLIB:IOPAD_TRI
  14.137                       MBUS_SPI_MOSI_obuf/U_IOPAD:PAD (f)
               +     0.000          net: MBUS_SPI_MOSI
  14.137                       MBUS_SPI_MOSI (f)
                                    
  14.137                       data arrival time
  ________________________________________________________
  Data required time calculation
  N/C                          MBUS_SPI_CLK
                                    
  N/C                          MBUS_SPI_MOSI (f)


Operating Conditions : slow_lv_ht

END SET Clock to Output

----------------------------------------------------

SET Register to Asynchronous

No Path 

END SET Register to Asynchronous

----------------------------------------------------

SET External Recovery

Path 1
  From: MBUS_SPI_CS
  To:   MSS_WRAPPER_0/MPFS_DISCOVERY_KIT_MSS_0/I_MSS:SPI_0_SS_F2M
  Delay (ns):              3.426
  Arrival (ns):            3.426
  Recovery (ns):           1.686
  External Recovery (ns):   2.397
  Operating Conditions: slow_lv_lt


Expanded Path 1
  From: MBUS_SPI_CS
  To: MSS_WRAPPER_0/MPFS_DISCOVERY_KIT_MSS_0/I_MSS:SPI_0_SS_F2M
  data required time                                    N/C
  data arrival time                          -        3.426
  slack                                                 N/C
  ________________________________________________________
  Data arrival time calculation
  0.000                        MBUS_SPI_CS (f)
               +     1.158          cell: ADLIB:IOPAD_BI
  1.158                        MSS_WRAPPER_0/SPI_0_SS_BIBUF/U_IOPAD:Y (f)
               +     0.000          net: MSS_WRAPPER_0/SPI_0_SS_BIBUF/YIN
  1.158                        MSS_WRAPPER_0/SPI_0_SS_BIBUF/U_IOBI:YIN (f)
               +     0.267          cell: ADLIB:IOBI_IB_OB_EB
  1.425                        MSS_WRAPPER_0/SPI_0_SS_BIBUF/U_IOBI:Y (f)
               +     2.001          net: MSS_WRAPPER_0/SPI_0_SS_BIBUF_Y
  3.426                        MSS_WRAPPER_0/MPFS_DISCOVERY_KIT_MSS_0/I_MSS:SPI_0_SS_F2M (f)
                                    
  3.426                        data arrival time
  ________________________________________________________
  Data required time calculation
  N/C                          MBUS_SPI_CLK
               +     0.000          Clock source
  N/C                          MBUS_SPI_CLK (f)
               +     1.003          cell: ADLIB:IOPAD_BI
  N/C                          MSS_WRAPPER_0/SPI_0_CLK_BIBUF/U_IOPAD:Y (f)
               +     0.000          net: MSS_WRAPPER_0/SPI_0_CLK_BIBUF/YIN
  N/C                          MSS_WRAPPER_0/SPI_0_CLK_BIBUF/U_IOBI:YIN (f)
               +     0.255          cell: ADLIB:IOBI_IB_OB_EB
  N/C                          MSS_WRAPPER_0/SPI_0_CLK_BIBUF/U_IOBI:Y (f)
               +     1.457          net: MSS_WRAPPER_0/SPI_0_CLK_BIBUF_Y
  N/C                          MSS_WRAPPER_0/MPFS_DISCOVERY_KIT_MSS_0/I_MSS:SPI_0_CLK_F2M (f)
               -     1.686          Library recovery time: ADLIB:MSS
  N/C                          MSS_WRAPPER_0/MPFS_DISCOVERY_KIT_MSS_0/I_MSS:SPI_0_SS_F2M


Operating Conditions : slow_lv_lt

END SET External Recovery

----------------------------------------------------

SET Asynchronous to Register

No Path 

END SET Asynchronous to Register

----------------------------------------------------

Clock Domain MIPI_CAMERA_0/PF_CCC_C1_0/PF_CCC_C1_0/pll_inst_0/OUT0

SET Register to Register

Path 1
  From: MIPI_CAMERA_0/mipicsi2rxdecoderPF_C0_0/MSC_i_0/MSC_i_4/MSC_i_10/MSC_i_12/MSC_i_13/rdaddr_r[8]:CLK
  To:   MIPI_CAMERA_0/mipicsi2rxdecoderPF_C0_0/MSC_i_0/MSC_i_4/MSC_i_10/MSC_i_12/MSC_i_13/rdaddr_r[8]:D
  Delay (ns):              6.077
  Slack (ns):             13.788
  Arrival (ns):           13.509
  Required (ns):          27.297
  Setup (ns):              0.000
  Minimum Period (ns):     6.077
  Operating Conditions: slow_lv_ht

Path 2
  From: MIPI_CAMERA_0/mipicsi2rxdecoderPF_C0_0/MSC_i_0/MSC_i_4/MSC_i_10/MSC_i_12/MSC_i_13/rdaddr_r[8]:CLK
  To:   MIPI_CAMERA_0/mipicsi2rxdecoderPF_C0_0/MSC_i_0/MSC_i_4/MSC_i_10/MSC_i_12/MSC_i_13/rdaddr_r[7]:D
  Delay (ns):              5.996
  Slack (ns):             13.804
  Arrival (ns):           13.428
  Required (ns):          27.232
  Setup (ns):              0.000
  Minimum Period (ns):     6.061
  Operating Conditions: slow_lv_ht

Path 3
  From: MIPI_CAMERA_0/mipicsi2rxdecoderPF_C0_0/MSC_i_0/MSC_i_4/MSC_i_10/MSC_i_12/MSC_i_13/rdaddr_r[1]:CLK
  To:   MIPI_CAMERA_0/mipicsi2rxdecoderPF_C0_0/MSC_i_0/MSC_i_4/MSC_i_10/MSC_i_12/MSC_i_13/rdaddr_r[8]:D
  Delay (ns):              5.896
  Slack (ns):             13.848
  Arrival (ns):           13.359
  Required (ns):          27.207
  Setup (ns):              0.000
  Minimum Period (ns):     6.017
  Operating Conditions: slow_lv_ht

Path 4
  From: MIPI_CAMERA_0/mipicsi2rxdecoderPF_C0_0/MSC_i_0/MSC_i_4/MSC_i_10/MSC_i_12/MSC_i_13/rdaddr_r[9]:CLK
  To:   MIPI_CAMERA_0/mipicsi2rxdecoderPF_C0_0/MSC_i_0/MSC_i_4/MSC_i_10/MSC_i_12/MSC_i_13/rdaddr_r[8]:D
  Delay (ns):              5.865
  Slack (ns):             13.869
  Arrival (ns):           13.338
  Required (ns):          27.207
  Setup (ns):              0.000
  Minimum Period (ns):     5.996
  Operating Conditions: slow_lv_ht

Path 5
  From: MIPI_CAMERA_0/mipicsi2rxdecoderPF_C0_0/MSC_i_0/MSC_i_4/MSC_i_10/MSC_i_12/MSC_i_13/rdaddr_r[8]:CLK
  To:   MIPI_CAMERA_0/mipicsi2rxdecoderPF_C0_0/MSC_i_0/MSC_i_4/MSC_i_10/MSC_i_12/MSC_i_13/rdaddr_r[9]:D
  Delay (ns):              5.920
  Slack (ns):             13.890
  Arrival (ns):           13.352
  Required (ns):          27.242
  Setup (ns):              0.000
  Minimum Period (ns):     5.975
  Operating Conditions: slow_lv_ht


Expanded Path 1
  From: MIPI_CAMERA_0/mipicsi2rxdecoderPF_C0_0/MSC_i_0/MSC_i_4/MSC_i_10/MSC_i_12/MSC_i_13/rdaddr_r[8]:CLK
  To: MIPI_CAMERA_0/mipicsi2rxdecoderPF_C0_0/MSC_i_0/MSC_i_4/MSC_i_10/MSC_i_12/MSC_i_13/rdaddr_r[8]:D
  data required time                                 27.297
  data arrival time                          -       13.509
  slack                                              13.788
  ________________________________________________________
  Data arrival time calculation
  0.000                        MIPI_CAMERA_0/PF_CCC_C1_0/PF_CCC_C1_0/pll_inst_0/OUT0
               +     0.000          Clock source
  0.000                        MIPI_CAMERA_0/PF_CCC_C1_0/PF_CCC_C1_0/pll_inst_0:OUT0 (r)
               +     5.699          Clock generation
  5.699                        
               +     0.281          net: MIPI_CAMERA_0/PF_CCC_C1_0/PF_CCC_C1_0/pll_inst_0_clkint_0
  5.980                        MIPI_CAMERA_0/PF_CCC_C1_0/PF_CCC_C1_0/clkint_0_1:A (r)
               +     0.243          cell: ADLIB:ICB_CLKINT
  6.223                        MIPI_CAMERA_0/PF_CCC_C1_0/PF_CCC_C1_0/clkint_0_1:Y (r)
               +     0.150          net: MIPI_CAMERA_0/PF_CCC_C1_0/PF_CCC_C1_0/clkint_0_NET
  6.373                        MIPI_CAMERA_0/PF_CCC_C1_0/PF_CCC_C1_0/clkint_0:A (r)
               +     0.164          cell: ADLIB:GB
  6.537                        MIPI_CAMERA_0/PF_CCC_C1_0/PF_CCC_C1_0/clkint_0:Y (r)
               +     0.396          net: MIPI_CAMERA_0/PF_CCC_C1_0/PF_CCC_C1_0/clkint_0/U0_Y
  6.933                        MIPI_CAMERA_0/PF_CCC_C1_0/PF_CCC_C1_0/clkint_0/U0_RGB1_RGB5:A (r)
               +     0.058          cell: ADLIB:RGB
  6.991                        MIPI_CAMERA_0/PF_CCC_C1_0/PF_CCC_C1_0/clkint_0/U0_RGB1_RGB5:Y (f)
               +     0.441          net: MIPI_CAMERA_0/PF_CCC_C1_0/PF_CCC_C1_0/clkint_0/U0_RGB1_RGB5_rgb_net_1
  7.432                        MIPI_CAMERA_0/mipicsi2rxdecoderPF_C0_0/MSC_i_0/MSC_i_4/MSC_i_10/MSC_i_12/MSC_i_13/rdaddr_r[8]:CLK (r)
               +     0.201          cell: ADLIB:SLE
  7.633                        MIPI_CAMERA_0/mipicsi2rxdecoderPF_C0_0/MSC_i_0/MSC_i_4/MSC_i_10/MSC_i_12/MSC_i_13/rdaddr_r[8]:Q (r)
               +     1.055          net: MIPI_CAMERA_0/mipicsi2rxdecoderPF_C0_0/MSC_i_0/MSC_i_4/MSC_i_10/MSC_i_12/MSC_i_13/MSC_net_92
  8.688                        MIPI_CAMERA_0/mipicsi2rxdecoderPF_C0_0/MSC_i_0/MSC_i_4/MSC_i_10/MSC_i_12/MSC_i_13/rdempty_NE_4:D (r)
               +     0.247          cell: ADLIB:CFG4
  8.935                        MIPI_CAMERA_0/mipicsi2rxdecoderPF_C0_0/MSC_i_0/MSC_i_4/MSC_i_10/MSC_i_12/MSC_i_13/rdempty_NE_4:Y (f)
               +     0.576          net: MIPI_CAMERA_0/mipicsi2rxdecoderPF_C0_0/MSC_i_0/MSC_i_4/MSC_i_10/MSC_i_12/MSC_i_13/MSC_net_164
  9.511                        MIPI_CAMERA_0/mipicsi2rxdecoderPF_C0_0/MSC_i_0/MSC_i_4/MSC_i_10/MSC_i_12/MSC_i_13/rdempty_NE_7:B (f)
               +     0.134          cell: ADLIB:CFG4
  9.645                        MIPI_CAMERA_0/mipicsi2rxdecoderPF_C0_0/MSC_i_0/MSC_i_4/MSC_i_10/MSC_i_12/MSC_i_13/rdempty_NE_7:Y (f)
               +     0.412          net: MIPI_CAMERA_0/mipicsi2rxdecoderPF_C0_0/MSC_i_0/MSC_i_4/MSC_i_10/MSC_i_12/MSC_i_13/MSC_net_160
  10.057                       MIPI_CAMERA_0/mipicsi2rxdecoderPF_C0_0/MSC_i_0/MSC_i_4/MSC_i_10/MSC_i_12/MSC_i_13/rdempty_NE_1_RNI7BODU:A (f)
               +     0.052          cell: ADLIB:ARI1_CC
  10.109                       MIPI_CAMERA_0/mipicsi2rxdecoderPF_C0_0/MSC_i_0/MSC_i_4/MSC_i_10/MSC_i_12/MSC_i_13/rdempty_NE_1_RNI7BODU:Y (f)
               +     0.453          net: MIPI_CAMERA_0/mipicsi2rxdecoderPF_C0_0/MSC_i_0/MSC_i_4/MSC_i_10/MSC_i_12/MSC_net_252
  10.562                       MIPI_CAMERA_0/mipicsi2rxdecoderPF_C0_0/MSC_i_0/MSC_i_4/MSC_i_10/MSC_i_12/MSC_i_13/READ_ADDR_PROC.rdaddr_n_15_i_o3_0[4]:D (f)
               +     0.050          cell: ADLIB:CFG4
  10.612                       MIPI_CAMERA_0/mipicsi2rxdecoderPF_C0_0/MSC_i_0/MSC_i_4/MSC_i_10/MSC_i_12/MSC_i_13/READ_ADDR_PROC.rdaddr_n_15_i_o3_0[4]:Y (r)
               +     0.416          net: MIPI_CAMERA_0/mipicsi2rxdecoderPF_C0_0/MSC_i_0/MSC_i_4/MSC_i_10/MSC_i_12/MSC_i_13/MSC_net_169
  11.028                       MIPI_CAMERA_0/mipicsi2rxdecoderPF_C0_0/MSC_i_0/MSC_i_4/MSC_i_10/MSC_i_12/MSC_i_13/READ_ADDR_PROC.rdaddr_n_16_i_o3[5]:C (r)
               +     0.078          cell: ADLIB:CFG3
  11.106                       MIPI_CAMERA_0/mipicsi2rxdecoderPF_C0_0/MSC_i_0/MSC_i_4/MSC_i_10/MSC_i_12/MSC_i_13/READ_ADDR_PROC.rdaddr_n_16_i_o3[5]:Y (r)
               +     0.093          net: MIPI_CAMERA_0/mipicsi2rxdecoderPF_C0_0/MSC_i_0/MSC_i_4/MSC_i_10/MSC_i_12/MSC_i_13/MSC_net_171
  11.199                       MIPI_CAMERA_0/mipicsi2rxdecoderPF_C0_0/MSC_i_0/MSC_i_4/MSC_i_10/MSC_i_12/MSC_i_13/READ_ADDR_PROC.rdaddr_n_18_i_o3[7]:C (r)
               +     0.135          cell: ADLIB:CFG3
  11.334                       MIPI_CAMERA_0/mipicsi2rxdecoderPF_C0_0/MSC_i_0/MSC_i_4/MSC_i_10/MSC_i_12/MSC_i_13/READ_ADDR_PROC.rdaddr_n_18_i_o3[7]:Y (r)
               +     0.414          net: MIPI_CAMERA_0/mipicsi2rxdecoderPF_C0_0/MSC_i_0/MSC_i_4/MSC_i_10/MSC_i_12/MSC_i_13/MSC_net_174
  11.748                       MIPI_CAMERA_0/mipicsi2rxdecoderPF_C0_0/MSC_i_0/MSC_i_4/MSC_i_10/MSC_i_12/MSC_i_13/READ_ADDR_PROC.rdaddr_n_19_i_o4[8]:C (r)
               +     0.078          cell: ADLIB:CFG3
  11.826                       MIPI_CAMERA_0/mipicsi2rxdecoderPF_C0_0/MSC_i_0/MSC_i_4/MSC_i_10/MSC_i_12/MSC_i_13/READ_ADDR_PROC.rdaddr_n_19_i_o4[8]:Y (r)
               +     0.087          net: MIPI_CAMERA_0/mipicsi2rxdecoderPF_C0_0/MSC_i_0/MSC_i_4/MSC_i_10/MSC_i_12/MSC_i_13/MSC_net_177
  11.913                       MIPI_CAMERA_0/mipicsi2rxdecoderPF_C0_0/MSC_i_0/MSC_i_4/MSC_i_10/MSC_i_12/MSC_i_13/rdaddr_r_RNO[8]:D (r)
               +     0.135          cell: ADLIB:CFG4
  12.048                       MIPI_CAMERA_0/mipicsi2rxdecoderPF_C0_0/MSC_i_0/MSC_i_4/MSC_i_10/MSC_i_12/MSC_i_13/rdaddr_r_RNO[8]:Y (r)
               +     1.461          net: MIPI_CAMERA_0/mipicsi2rxdecoderPF_C0_0/MSC_i_0/MSC_i_4/MSC_i_10/MSC_i_12/MSC_i_13/MSC_net_141
  13.509                       MIPI_CAMERA_0/mipicsi2rxdecoderPF_C0_0/MSC_i_0/MSC_i_4/MSC_i_10/MSC_i_12/MSC_i_13/rdaddr_r[8]:D (r)
                                    
  13.509                       data arrival time
  ________________________________________________________
  Data required time calculation
  20.000                       MIPI_CAMERA_0/PF_CCC_C1_0/PF_CCC_C1_0/pll_inst_0/OUT0
               +     0.000          Clock source
  20.000                       MIPI_CAMERA_0/PF_CCC_C1_0/PF_CCC_C1_0/pll_inst_0:OUT0 (r)
               +     5.124          Clock generation
  25.124                       
               +     0.256          net: MIPI_CAMERA_0/PF_CCC_C1_0/PF_CCC_C1_0/pll_inst_0_clkint_0
  25.380                       MIPI_CAMERA_0/PF_CCC_C1_0/PF_CCC_C1_0/clkint_0_1:A (r)
               +     0.211          cell: ADLIB:ICB_CLKINT
  25.591                       MIPI_CAMERA_0/PF_CCC_C1_0/PF_CCC_C1_0/clkint_0_1:Y (r)
               +     0.136          net: MIPI_CAMERA_0/PF_CCC_C1_0/PF_CCC_C1_0/clkint_0_NET
  25.727                       MIPI_CAMERA_0/PF_CCC_C1_0/PF_CCC_C1_0/clkint_0:A (r)
               +     0.149          cell: ADLIB:GB
  25.876                       MIPI_CAMERA_0/PF_CCC_C1_0/PF_CCC_C1_0/clkint_0:Y (r)
               +     0.358          net: MIPI_CAMERA_0/PF_CCC_C1_0/PF_CCC_C1_0/clkint_0/U0_Y
  26.234                       MIPI_CAMERA_0/PF_CCC_C1_0/PF_CCC_C1_0/clkint_0/U0_RGB1_RGB5:A (r)
               +     0.052          cell: ADLIB:RGB
  26.286                       MIPI_CAMERA_0/PF_CCC_C1_0/PF_CCC_C1_0/clkint_0/U0_RGB1_RGB5:Y (f)
               +     0.392          net: MIPI_CAMERA_0/PF_CCC_C1_0/PF_CCC_C1_0/clkint_0/U0_RGB1_RGB5_rgb_net_1
  26.678                       MIPI_CAMERA_0/mipicsi2rxdecoderPF_C0_0/MSC_i_0/MSC_i_4/MSC_i_10/MSC_i_12/MSC_i_13/rdaddr_r[8]:CLK (r)
               +     0.754          
  27.432                       clock reconvergence pessimism
               -     0.135          
  27.297                       clock jitter
               -     0.000          Library setup time: ADLIB:SLE
  27.297                       MIPI_CAMERA_0/mipicsi2rxdecoderPF_C0_0/MSC_i_0/MSC_i_4/MSC_i_10/MSC_i_12/MSC_i_13/rdaddr_r[8]:D
                                    
  27.297                       data required time


Operating Conditions : slow_lv_ht

END SET Register to Register

----------------------------------------------------

SET External Setup

Path 1
  From: RXD_N[0]
  To:   MIPI_CAMERA_0/mipicsi2rxdecoderPF_C0_0/MSC_i_0/MIPI_CAM_LANES_CONFIG_r[1]:EN
  Delay (ns):              4.284
  Arrival (ns):            4.284
  Setup (ns):              0.067
  External Setup (ns):     0.030
  Operating Conditions: fast_hv_lt

Path 2
  From: RXD_N[0]
  To:   MIPI_CAMERA_0/mipicsi2rxdecoderPF_C0_0/MSC_i_0/MIPI_CAM_LANES_CONFIG_r[0]:EN
  Delay (ns):              4.284
  Arrival (ns):            4.284
  Setup (ns):              0.067
  External Setup (ns):     0.030
  Operating Conditions: fast_hv_lt

Path 3
  From: RXD_N[0]
  To:   MIPI_CAMERA_0/mipicsi2rxdecoderPF_C0_0/MSC_i_0/wait_cnt[1]:D
  Delay (ns):              3.731
  Arrival (ns):            3.731
  Setup (ns):              0.000
  External Setup (ns):    -0.625
  Operating Conditions: fast_hv_lt

Path 4
  From: RXD_N[0]
  To:   MIPI_CAMERA_0/mipicsi2rxdecoderPF_C0_0/MSC_i_0/wait_cnt[0]:D
  Delay (ns):              3.726
  Arrival (ns):            3.726
  Setup (ns):              0.000
  External Setup (ns):    -0.631
  Operating Conditions: fast_hv_lt

Path 5
  From: RXD_N[0]
  To:   MIPI_CAMERA_0/mipicsi2rxdecoderPF_C0_0/MSC_i_0/wait_cnt[2]:D
  Delay (ns):              3.663
  Arrival (ns):            3.663
  Setup (ns):              0.000
  External Setup (ns):    -0.693
  Operating Conditions: fast_hv_lt


Expanded Path 1
  From: RXD_N[0]
  To: MIPI_CAMERA_0/mipicsi2rxdecoderPF_C0_0/MSC_i_0/MIPI_CAM_LANES_CONFIG_r[1]:EN
  data required time                                    N/C
  data arrival time                          -        4.284
  slack                                                 N/C
  ________________________________________________________
  Data arrival time calculation
  0.000                        RXD_N[0] (f)
               +     0.000          net: RXD_N[0]
  0.000                        MIPI_CAMERA_0/PF_IOD_GENERIC_RX_C0_0/PF_IOD_RX/I_INBUF_DIFF_MIPI_0/U_IOPADN:PAD (f)
               +     0.549          cell: ADLIB:IOPADN_IN
  0.549                        MIPI_CAMERA_0/PF_IOD_GENERIC_RX_C0_0/PF_IOD_RX/I_INBUF_DIFF_MIPI_0/U_IOPADN:Y (f)
               +     0.000          net: MIPI_CAMERA_0/PF_IOD_GENERIC_RX_C0_0/PF_IOD_RX/I_INBUF_DIFF_MIPI_0/U2_N2P
  0.549                        MIPI_CAMERA_0/PF_IOD_GENERIC_RX_C0_0/PF_IOD_RX/I_INBUF_DIFF_MIPI_0/U_ION:YIN (f)
               +     0.131          cell: ADLIB:IOIN_IB_E
  0.680                        MIPI_CAMERA_0/PF_IOD_GENERIC_RX_C0_0/PF_IOD_RX/I_INBUF_DIFF_MIPI_0/U_ION:Y (f)
               +     2.595          net: MIPI_CAMERA_0/PF_IOD_GENERIC_RX_C0_0_L0_LP_DATA_N
  3.275                        MIPI_CAMERA_0/mipicsi2rxdecoderPF_C0_0/MSC_i_0/wait_cnt_RNI6T57C[0]:B (f)
               +     0.064          cell: ADLIB:CFG2
  3.339                        MIPI_CAMERA_0/mipicsi2rxdecoderPF_C0_0/MSC_i_0/wait_cnt_RNI6T57C[0]:Y (r)
               +     0.075          net: MIPI_CAMERA_0/mipicsi2rxdecoderPF_C0_0/MSC_i_0/MSC_net_400
  3.414                        MIPI_CAMERA_0/mipicsi2rxdecoderPF_C0_0/MSC_i_0/wait_cnt_RNIFR39Q[3]:D (r)
               +     0.037          cell: ADLIB:CFG4
  3.451                        MIPI_CAMERA_0/mipicsi2rxdecoderPF_C0_0/MSC_i_0/wait_cnt_RNIFR39Q[3]:Y (r)
               +     0.833          net: MIPI_CAMERA_0/mipicsi2rxdecoderPF_C0_0/MSC_i_0/MSC_net_328
  4.284                        MIPI_CAMERA_0/mipicsi2rxdecoderPF_C0_0/MSC_i_0/MIPI_CAM_LANES_CONFIG_r[1]:EN (r)
                                    
  4.284                        data arrival time
  ________________________________________________________
  Data required time calculation
  N/C                          MIPI_CAMERA_0/PF_CCC_C1_0/PF_CCC_C1_0/pll_inst_0/OUT0
               +     0.000          Clock source
  N/C                          MIPI_CAMERA_0/PF_CCC_C1_0/PF_CCC_C1_0/pll_inst_0:OUT0 (r)
               +     3.408          Clock generation
  N/C                          
               +     0.161          net: MIPI_CAMERA_0/PF_CCC_C1_0/PF_CCC_C1_0/pll_inst_0_clkint_0
  N/C                          MIPI_CAMERA_0/PF_CCC_C1_0/PF_CCC_C1_0/clkint_0_1:A (r)
               +     0.141          cell: ADLIB:ICB_CLKINT
  N/C                          MIPI_CAMERA_0/PF_CCC_C1_0/PF_CCC_C1_0/clkint_0_1:Y (r)
               +     0.096          net: MIPI_CAMERA_0/PF_CCC_C1_0/PF_CCC_C1_0/clkint_0_NET
  N/C                          MIPI_CAMERA_0/PF_CCC_C1_0/PF_CCC_C1_0/clkint_0:A (r)
               +     0.109          cell: ADLIB:GB
  N/C                          MIPI_CAMERA_0/PF_CCC_C1_0/PF_CCC_C1_0/clkint_0:Y (r)
               +     0.243          net: MIPI_CAMERA_0/PF_CCC_C1_0/PF_CCC_C1_0/clkint_0/U0_Y
  N/C                          MIPI_CAMERA_0/PF_CCC_C1_0/PF_CCC_C1_0/clkint_0/U0_RGB1_RGB5:A (r)
               +     0.038          cell: ADLIB:RGB
  N/C                          MIPI_CAMERA_0/PF_CCC_C1_0/PF_CCC_C1_0/clkint_0/U0_RGB1_RGB5:Y (f)
               +     0.260          net: MIPI_CAMERA_0/PF_CCC_C1_0/PF_CCC_C1_0/clkint_0/U0_RGB1_RGB5_rgb_net_1
  N/C                          MIPI_CAMERA_0/mipicsi2rxdecoderPF_C0_0/MSC_i_0/MIPI_CAM_LANES_CONFIG_r[1]:CLK (r)
               -     0.135          
  N/C                          clock jitter
               -     0.067          Library setup time: ADLIB:SLE
  N/C                          MIPI_CAMERA_0/mipicsi2rxdecoderPF_C0_0/MSC_i_0/MIPI_CAM_LANES_CONFIG_r[1]:EN


Operating Conditions : fast_hv_lt

END SET External Setup

----------------------------------------------------

SET Clock to Output

No Path 

END SET Clock to Output

----------------------------------------------------

SET Register to Asynchronous

Path 1
  From: MIPI_CAMERA_0/VDMA_C0_0/VDMA_C0_0/dma_top_0/vdma_ip_reset_0/synchronizer_circuit_2stage_video_clk/sync_out_o:CLK
  To:   MIPI_CAMERA_0/VDMA_C0_0/VDMA_C0_0/dma_top_0/vdma_write_0/ddr_write_vdma/data_packer_vdma_0/s_frame_start_stretcher_2[0]:ALn
  Delay (ns):              1.634
  Slack (ns):             18.038
  Arrival (ns):            9.080
  Required (ns):          27.118
  Recovery (ns):           0.196
  Minimum Period (ns):     1.827
  Skew (ns):              -0.003
  Operating Conditions: slow_lv_ht

Path 2
  From: MIPI_CAMERA_0/VDMA_C0_0/VDMA_C0_0/dma_top_0/vdma_ip_reset_0/synchronizer_circuit_2stage_video_clk/sync_out_o:CLK
  To:   MIPI_CAMERA_0/VDMA_C0_0/VDMA_C0_0/dma_top_0/vdma_write_0/ddr_write_vdma/data_packer_vdma_0/s_frame_start_stretcher_1[0]:ALn
  Delay (ns):              1.634
  Slack (ns):             18.038
  Arrival (ns):            9.080
  Required (ns):          27.118
  Recovery (ns):           0.196
  Minimum Period (ns):     1.827
  Skew (ns):              -0.003
  Operating Conditions: slow_lv_ht

Path 3
  From: MIPI_CAMERA_0/VDMA_C0_0/VDMA_C0_0/dma_top_0/vdma_ip_reset_0/synchronizer_circuit_2stage_video_clk/sync_out_o:CLK
  To:   MIPI_CAMERA_0/VDMA_C0_0/VDMA_C0_0/dma_top_0/vdma_write_0/ddr_write_vdma/data_packer_vdma_0/s_frame_start_stretcher_0[0]:ALn
  Delay (ns):              1.634
  Slack (ns):             18.039
  Arrival (ns):            9.080
  Required (ns):          27.119
  Recovery (ns):           0.196
  Minimum Period (ns):     1.826
  Skew (ns):              -0.004
  Operating Conditions: slow_lv_ht

Path 4
  From: MIPI_CAMERA_0/VDMA_C0_0/VDMA_C0_0/dma_top_0/vdma_ip_reset_0/synchronizer_circuit_2stage_video_clk/sync_out_o:CLK
  To:   MIPI_CAMERA_0/VDMA_C0_0/VDMA_C0_0/dma_top_0/vdma_write_0/ddr_write_vdma/data_packer_vdma_0/GENERATE_DATA_PACK.0.DATA_PACK_PROC.s_data_arr_1[6]:ALn
  Delay (ns):              1.634
  Slack (ns):             18.039
  Arrival (ns):            9.080
  Required (ns):          27.119
  Recovery (ns):           0.196
  Minimum Period (ns):     1.826
  Skew (ns):              -0.004
  Operating Conditions: slow_lv_ht

Path 5
  From: MIPI_CAMERA_0/VDMA_C0_0/VDMA_C0_0/dma_top_0/vdma_ip_reset_0/synchronizer_circuit_2stage_video_clk/sync_out_o:CLK
  To:   MIPI_CAMERA_0/VDMA_C0_0/VDMA_C0_0/dma_top_0/vdma_write_0/ddr_write_vdma/data_packer_vdma_0/GENERATE_DATA_PACK.0.DATA_PACK_PROC.s_data_arr_1[5]:ALn
  Delay (ns):              1.633
  Slack (ns):             18.039
  Arrival (ns):            9.079
  Required (ns):          27.118
  Recovery (ns):           0.196
  Minimum Period (ns):     1.826
  Skew (ns):              -0.003
  Operating Conditions: slow_lv_ht


Expanded Path 1
  From: MIPI_CAMERA_0/VDMA_C0_0/VDMA_C0_0/dma_top_0/vdma_ip_reset_0/synchronizer_circuit_2stage_video_clk/sync_out_o:CLK
  To: MIPI_CAMERA_0/VDMA_C0_0/VDMA_C0_0/dma_top_0/vdma_write_0/ddr_write_vdma/data_packer_vdma_0/s_frame_start_stretcher_2[0]:ALn
  data required time                                 27.118
  data arrival time                          -        9.080
  slack                                              18.038
  ________________________________________________________
  Data arrival time calculation
  0.000                        MIPI_CAMERA_0/PF_CCC_C1_0/PF_CCC_C1_0/pll_inst_0/OUT0
               +     0.000          Clock source
  0.000                        MIPI_CAMERA_0/PF_CCC_C1_0/PF_CCC_C1_0/pll_inst_0:OUT0 (r)
               +     5.699          Clock generation
  5.699                        
               +     0.281          net: MIPI_CAMERA_0/PF_CCC_C1_0/PF_CCC_C1_0/pll_inst_0_clkint_0
  5.980                        MIPI_CAMERA_0/PF_CCC_C1_0/PF_CCC_C1_0/clkint_0_1:A (r)
               +     0.243          cell: ADLIB:ICB_CLKINT
  6.223                        MIPI_CAMERA_0/PF_CCC_C1_0/PF_CCC_C1_0/clkint_0_1:Y (r)
               +     0.150          net: MIPI_CAMERA_0/PF_CCC_C1_0/PF_CCC_C1_0/clkint_0_NET
  6.373                        MIPI_CAMERA_0/PF_CCC_C1_0/PF_CCC_C1_0/clkint_0:A (r)
               +     0.164          cell: ADLIB:GB
  6.537                        MIPI_CAMERA_0/PF_CCC_C1_0/PF_CCC_C1_0/clkint_0:Y (r)
               +     0.417          net: MIPI_CAMERA_0/PF_CCC_C1_0/PF_CCC_C1_0/clkint_0/U0_Y
  6.954                        MIPI_CAMERA_0/PF_CCC_C1_0/PF_CCC_C1_0/clkint_0/U0_RGB1_RGB0:A (r)
               +     0.058          cell: ADLIB:RGB
  7.012                        MIPI_CAMERA_0/PF_CCC_C1_0/PF_CCC_C1_0/clkint_0/U0_RGB1_RGB0:Y (f)
               +     0.434          net: MIPI_CAMERA_0/PF_CCC_C1_0/PF_CCC_C1_0/clkint_0/U0_RGB1_RGB0_rgb_net_1
  7.446                        MIPI_CAMERA_0/VDMA_C0_0/VDMA_C0_0/dma_top_0/vdma_ip_reset_0/synchronizer_circuit_2stage_video_clk/sync_out_o:CLK (r)
               +     0.201          cell: ADLIB:SLE
  7.647                        MIPI_CAMERA_0/VDMA_C0_0/VDMA_C0_0/dma_top_0/vdma_ip_reset_0/synchronizer_circuit_2stage_video_clk/sync_out_o:Q (r)
               +     1.433          net: MIPI_CAMERA_0/VDMA_C0_0/VDMA_C0_0/dma_top_0/sync_out_o_0
  9.080                        MIPI_CAMERA_0/VDMA_C0_0/VDMA_C0_0/dma_top_0/vdma_write_0/ddr_write_vdma/data_packer_vdma_0/s_frame_start_stretcher_2[0]:ALn (r)
                                    
  9.080                        data arrival time
  ________________________________________________________
  Data required time calculation
  20.000                       MIPI_CAMERA_0/PF_CCC_C1_0/PF_CCC_C1_0/pll_inst_0/OUT0
               +     0.000          Clock source
  20.000                       MIPI_CAMERA_0/PF_CCC_C1_0/PF_CCC_C1_0/pll_inst_0:OUT0 (r)
               +     5.124          Clock generation
  25.124                       
               +     0.256          net: MIPI_CAMERA_0/PF_CCC_C1_0/PF_CCC_C1_0/pll_inst_0_clkint_0
  25.380                       MIPI_CAMERA_0/PF_CCC_C1_0/PF_CCC_C1_0/clkint_0_1:A (r)
               +     0.211          cell: ADLIB:ICB_CLKINT
  25.591                       MIPI_CAMERA_0/PF_CCC_C1_0/PF_CCC_C1_0/clkint_0_1:Y (r)
               +     0.136          net: MIPI_CAMERA_0/PF_CCC_C1_0/PF_CCC_C1_0/clkint_0_NET
  25.727                       MIPI_CAMERA_0/PF_CCC_C1_0/PF_CCC_C1_0/clkint_0:A (r)
               +     0.149          cell: ADLIB:GB
  25.876                       MIPI_CAMERA_0/PF_CCC_C1_0/PF_CCC_C1_0/clkint_0:Y (r)
               +     0.377          net: MIPI_CAMERA_0/PF_CCC_C1_0/PF_CCC_C1_0/clkint_0/U0_Y
  26.253                       MIPI_CAMERA_0/PF_CCC_C1_0/PF_CCC_C1_0/clkint_0/U0_RGB1_RGB0:A (r)
               +     0.052          cell: ADLIB:RGB
  26.305                       MIPI_CAMERA_0/PF_CCC_C1_0/PF_CCC_C1_0/clkint_0/U0_RGB1_RGB0:Y (f)
               +     0.431          net: MIPI_CAMERA_0/PF_CCC_C1_0/PF_CCC_C1_0/clkint_0/U0_RGB1_RGB0_rgb_net_1
  26.736                       MIPI_CAMERA_0/VDMA_C0_0/VDMA_C0_0/dma_top_0/vdma_write_0/ddr_write_vdma/data_packer_vdma_0/s_frame_start_stretcher_2[0]:CLK (r)
               +     0.713          
  27.449                       clock reconvergence pessimism
               -     0.135          
  27.314                       clock jitter
               -     0.196          Library recovery time: ADLIB:SLE
  27.118                       MIPI_CAMERA_0/VDMA_C0_0/VDMA_C0_0/dma_top_0/vdma_write_0/ddr_write_vdma/data_packer_vdma_0/s_frame_start_stretcher_2[0]:ALn
                                    
  27.118                       data required time


Operating Conditions : slow_lv_ht

END SET Register to Asynchronous

----------------------------------------------------

SET External Recovery

No Path 

END SET External Recovery

----------------------------------------------------

SET Asynchronous to Register

No Path 

END SET Asynchronous to Register

----------------------------------------------------

SET CLOCKS_AND_RESETS_0/CCC_FIC_x_CLK/PF_CCC_C0_0/pll_inst_0/OUT0 to MIPI_CAMERA_0/PF_CCC_C1_0/PF_CCC_C1_0/pll_inst_0/OUT0

Path 1
  From: CLOCKS_AND_RESETS_0/RESET_FIC_0_CLK/CORERESET_0/dff_15[0]:CLK
  To:   MIPI_CAMERA_0/mipicsi2rxdecoderPF_C0_0/MSC_i_0/r_isr[2]:ALn
  Delay (ns):              4.663
  Slack (ns):             -1.929
  Arrival (ns):           12.296
  Required (ns):          10.367
  Operating Conditions: slow_lv_ht

Path 2
  From: CLOCKS_AND_RESETS_0/RESET_FIC_0_CLK/CORERESET_0/dff_15[0]:CLK
  To:   MIPI_CAMERA_0/mipicsi2rxdecoderPF_C0_0/MSC_i_0/sot_state[1]:ALn
  Delay (ns):              4.494
  Slack (ns):             -1.739
  Arrival (ns):           12.127
  Required (ns):          10.388
  Operating Conditions: slow_lv_ht

Path 3
  From: CLOCKS_AND_RESETS_0/RESET_FIC_0_CLK/CORERESET_0/dff_15[0]:CLK
  To:   MIPI_CAMERA_0/mipicsi2rxdecoderPF_C0_0/MSC_i_0/r_isr[0]:ALn
  Delay (ns):              4.339
  Slack (ns):             -1.575
  Arrival (ns):           11.972
  Required (ns):          10.397
  Operating Conditions: slow_lv_ht

Path 4
  From: CLOCKS_AND_RESETS_0/RESET_FIC_0_CLK/CORERESET_0/dff_15[0]:CLK
  To:   MIPI_CAMERA_0/mipicsi2rxdecoderPF_C0_0/MSC_i_0/wait_cnt[1]:ALn
  Delay (ns):              4.338
  Slack (ns):             -1.574
  Arrival (ns):           11.971
  Required (ns):          10.397
  Operating Conditions: slow_lv_ht

Path 5
  From: CLOCKS_AND_RESETS_0/RESET_FIC_0_CLK/CORERESET_0/dff_15[0]:CLK
  To:   MIPI_CAMERA_0/mipicsi2rxdecoderPF_C0_0/MSC_i_0/wait_cnt[0]:ALn
  Delay (ns):              4.338
  Slack (ns):             -1.574
  Arrival (ns):           11.971
  Required (ns):          10.397
  Operating Conditions: slow_lv_ht


Expanded Path 1
  From: CLOCKS_AND_RESETS_0/RESET_FIC_0_CLK/CORERESET_0/dff_15[0]:CLK
  To: MIPI_CAMERA_0/mipicsi2rxdecoderPF_C0_0/MSC_i_0/r_isr[2]:ALn
  data required time                                 10.367
  data arrival time                          -       12.296
  slack                                              -1.929
  ________________________________________________________
  Data arrival time calculation
  0.000                        CLOCKS_AND_RESETS_0/CCC_FIC_x_CLK/PF_CCC_C0_0/pll_inst_0/OUT0
               +     0.000          Clock source
  0.000                        CLOCKS_AND_RESETS_0/CCC_FIC_x_CLK/PF_CCC_C0_0/pll_inst_0:OUT0 (r)
               +     4.312          Clock generation
  4.312                        
               +     1.709          net: CLOCKS_AND_RESETS_0/CCC_FIC_x_CLK/PF_CCC_C0_0/pll_inst_0_clkint_0
  6.021                        CLOCKS_AND_RESETS_0/CCC_FIC_x_CLK/PF_CCC_C0_0/clkint_0_1:A (r)
               +     0.150          cell: ADLIB:ICB_CLKINT
  6.171                        CLOCKS_AND_RESETS_0/CCC_FIC_x_CLK/PF_CCC_C0_0/clkint_0_1:Y (r)
               +     0.386          net: CLOCKS_AND_RESETS_0/CCC_FIC_x_CLK/PF_CCC_C0_0/clkint_0_NET
  6.557                        CLOCKS_AND_RESETS_0/CCC_FIC_x_CLK/PF_CCC_C0_0/clkint_0:A (r)
               +     0.161          cell: ADLIB:GB
  6.718                        CLOCKS_AND_RESETS_0/CCC_FIC_x_CLK/PF_CCC_C0_0/clkint_0:Y (r)
               +     0.387          net: CLOCKS_AND_RESETS_0/CCC_FIC_x_CLK/PF_CCC_C0_0/clkint_0/U0_Y
  7.105                        CLOCKS_AND_RESETS_0/CCC_FIC_x_CLK/PF_CCC_C0_0/clkint_0/U0_RGB1_RGB18:A (r)
               +     0.058          cell: ADLIB:RGB
  7.163                        CLOCKS_AND_RESETS_0/CCC_FIC_x_CLK/PF_CCC_C0_0/clkint_0/U0_RGB1_RGB18:Y (f)
               +     0.470          net: CLOCKS_AND_RESETS_0/CCC_FIC_x_CLK/PF_CCC_C0_0/clkint_0/U0_RGB1_RGB18_rgb_net_1
  7.633                        CLOCKS_AND_RESETS_0/RESET_FIC_0_CLK/CORERESET_0/dff_15[0]:CLK (r)
               +     0.201          cell: ADLIB:SLE
  7.834                        CLOCKS_AND_RESETS_0/RESET_FIC_0_CLK/CORERESET_0/dff_15[0]:Q (r)
               +     4.462          net: CLOCKS_AND_RESETS_0_RESET_FIC_0_CLK_CORERESET_0_dff
  12.296                       MIPI_CAMERA_0/mipicsi2rxdecoderPF_C0_0/MSC_i_0/r_isr[2]:ALn (r)
                                    
  12.296                       data arrival time
  ________________________________________________________
  Data required time calculation
  4.000                        MIPI_CAMERA_0/PF_CCC_C1_0/PF_CCC_C1_0/pll_inst_0/OUT0
               +     0.000          Clock source
  4.000                        MIPI_CAMERA_0/PF_CCC_C1_0/PF_CCC_C1_0/pll_inst_0:OUT0 (r)
               +     5.124          Clock generation
  9.124                        
               +     0.256          net: MIPI_CAMERA_0/PF_CCC_C1_0/PF_CCC_C1_0/pll_inst_0_clkint_0
  9.380                        MIPI_CAMERA_0/PF_CCC_C1_0/PF_CCC_C1_0/clkint_0_1:A (r)
               +     0.211          cell: ADLIB:ICB_CLKINT
  9.591                        MIPI_CAMERA_0/PF_CCC_C1_0/PF_CCC_C1_0/clkint_0_1:Y (r)
               +     0.136          net: MIPI_CAMERA_0/PF_CCC_C1_0/PF_CCC_C1_0/clkint_0_NET
  9.727                        MIPI_CAMERA_0/PF_CCC_C1_0/PF_CCC_C1_0/clkint_0:A (r)
               +     0.149          cell: ADLIB:GB
  9.876                        MIPI_CAMERA_0/PF_CCC_C1_0/PF_CCC_C1_0/clkint_0:Y (r)
               +     0.372          net: MIPI_CAMERA_0/PF_CCC_C1_0/PF_CCC_C1_0/clkint_0/U0_Y
  10.248                       MIPI_CAMERA_0/PF_CCC_C1_0/PF_CCC_C1_0/clkint_0/U0_RGB1_RGB2:A (r)
               +     0.052          cell: ADLIB:RGB
  10.300                       MIPI_CAMERA_0/PF_CCC_C1_0/PF_CCC_C1_0/clkint_0/U0_RGB1_RGB2:Y (f)
               +     0.398          net: MIPI_CAMERA_0/PF_CCC_C1_0/PF_CCC_C1_0/clkint_0/U0_RGB1_RGB2_rgb_net_1
  10.698                       MIPI_CAMERA_0/mipicsi2rxdecoderPF_C0_0/MSC_i_0/r_isr[2]:CLK (r)
               -     0.135          
  10.563                       clock jitter
               -     0.196          Library recovery time: ADLIB:SLE
  10.367                       MIPI_CAMERA_0/mipicsi2rxdecoderPF_C0_0/MSC_i_0/r_isr[2]:ALn
                                    
  10.367                       data required time


Operating Conditions : slow_lv_ht

END SET CLOCKS_AND_RESETS_0/CCC_FIC_x_CLK/PF_CCC_C0_0/pll_inst_0/OUT0 to MIPI_CAMERA_0/PF_CCC_C1_0/PF_CCC_C1_0/pll_inst_0/OUT0

----------------------------------------------------

SET CLOCKS_AND_RESETS_0/CCC_FIC_x_CLK/PF_CCC_C0_0/pll_inst_0/OUT1 to MIPI_CAMERA_0/PF_CCC_C1_0/PF_CCC_C1_0/pll_inst_0/OUT0

Path 1
  From: MIPI_CAMERA_0/VDMA_C0_0/VDMA_C0_0/dma_top_0/vdma_write_0/ddr_write_vdma/ddr_write_controller_vdma_0/int_dma:CLK
  To:   MIPI_CAMERA_0/VDMA_C0_0/VDMA_C0_0/dma_top_0/vdma_write_0/synchronizer_circuit_2stage_vdma/s_data_in:D
  Delay (ns):              0.666
  Slack (ns):              3.899
  Arrival (ns):            6.696
  Required (ns):          10.595
  Setup (ns):              0.000
  Operating Conditions: slow_lv_ht

Path 2
  From: MIPI_CAMERA_0/VDMA_C0_0/VDMA_C0_0/dma_top_0/vdma_write_0/ddr_write_vdma/async_fifo_vdma_0/rptr[11]:CLK
  To:   MIPI_CAMERA_0/VDMA_C0_0/VDMA_C0_0/dma_top_0/vdma_write_0/ddr_write_vdma/async_fifo_vdma_0/wrptr1[11]:D
  Delay (ns):              0.342
  Slack (ns):              3.967
  Arrival (ns):            4.357
  Required (ns):           8.324
  Setup (ns):              0.000
  Operating Conditions: fast_hv_lt

Path 3
  From: MIPI_CAMERA_0/VDMA_C0_0/VDMA_C0_0/dma_top_0/vdma_write_0/ddr_write_vdma/async_fifo_vdma_0/rbin[12]:CLK
  To:   MIPI_CAMERA_0/VDMA_C0_0/VDMA_C0_0/dma_top_0/vdma_write_0/ddr_write_vdma/async_fifo_vdma_0/wrptr1[12]:D
  Delay (ns):              0.271
  Slack (ns):              4.037
  Arrival (ns):            4.286
  Required (ns):           8.323
  Setup (ns):              0.000
  Operating Conditions: fast_hv_lt

Path 4
  From: MIPI_CAMERA_0/VDMA_C0_0/VDMA_C0_0/dma_top_0/vdma_write_0/ddr_write_vdma/async_fifo_vdma_0/rptr[9]:CLK
  To:   MIPI_CAMERA_0/VDMA_C0_0/VDMA_C0_0/dma_top_0/vdma_write_0/ddr_write_vdma/async_fifo_vdma_0/wrptr1[9]:D
  Delay (ns):              0.274
  Slack (ns):              4.044
  Arrival (ns):            4.280
  Required (ns):           8.324
  Setup (ns):              0.000
  Operating Conditions: fast_hv_lt

Path 5
  From: MIPI_CAMERA_0/VDMA_C0_0/VDMA_C0_0/dma_top_0/vdma_write_0/ddr_write_vdma/async_fifo_vdma_0/rptr[1]:CLK
  To:   MIPI_CAMERA_0/VDMA_C0_0/VDMA_C0_0/dma_top_0/vdma_write_0/ddr_write_vdma/async_fifo_vdma_0/wrptr1[1]:D
  Delay (ns):              0.258
  Slack (ns):              4.061
  Arrival (ns):            4.288
  Required (ns):           8.349
  Setup (ns):              0.000
  Operating Conditions: fast_hv_lt


Expanded Path 1
  From: MIPI_CAMERA_0/VDMA_C0_0/VDMA_C0_0/dma_top_0/vdma_write_0/ddr_write_vdma/ddr_write_controller_vdma_0/int_dma:CLK
  To: MIPI_CAMERA_0/VDMA_C0_0/VDMA_C0_0/dma_top_0/vdma_write_0/synchronizer_circuit_2stage_vdma/s_data_in:D
  data required time                                 10.595
  data arrival time                          -        6.696
  slack                                               3.899
  ________________________________________________________
  Data arrival time calculation
  0.000                        CLOCKS_AND_RESETS_0/CCC_FIC_x_CLK/PF_CCC_C0_0/pll_inst_0/OUT1
               +     0.000          Clock source
  0.000                        CLOCKS_AND_RESETS_0/CCC_FIC_x_CLK/PF_CCC_C0_0/pll_inst_0:OUT1 (r)
               +     4.311          Clock generation
  4.311                        
               +     0.256          net: CLOCKS_AND_RESETS_0/CCC_FIC_x_CLK/PF_CCC_C0_0/pll_inst_0_clkint_4
  4.567                        CLOCKS_AND_RESETS_0/CCC_FIC_x_CLK/PF_CCC_C0_0/clkint_4_1:A (r)
               +     0.234          cell: ADLIB:ICB_CLKINT
  4.801                        CLOCKS_AND_RESETS_0/CCC_FIC_x_CLK/PF_CCC_C0_0/clkint_4_1:Y (r)
               +     0.144          net: CLOCKS_AND_RESETS_0/CCC_FIC_x_CLK/PF_CCC_C0_0/clkint_4_NET
  4.945                        CLOCKS_AND_RESETS_0/CCC_FIC_x_CLK/PF_CCC_C0_0/clkint_4:A (r)
               +     0.162          cell: ADLIB:GB
  5.107                        CLOCKS_AND_RESETS_0/CCC_FIC_x_CLK/PF_CCC_C0_0/clkint_4:Y (r)
               +     0.413          net: CLOCKS_AND_RESETS_0/CCC_FIC_x_CLK/PF_CCC_C0_0/clkint_4/U0_Y
  5.520                        CLOCKS_AND_RESETS_0/CCC_FIC_x_CLK/PF_CCC_C0_0/clkint_4/U0_RGB1_RGB0:A (r)
               +     0.058          cell: ADLIB:RGB
  5.578                        CLOCKS_AND_RESETS_0/CCC_FIC_x_CLK/PF_CCC_C0_0/clkint_4/U0_RGB1_RGB0:Y (f)
               +     0.452          net: CLOCKS_AND_RESETS_0/CCC_FIC_x_CLK/PF_CCC_C0_0/clkint_4/U0_RGB1_RGB0_rgb_net_1
  6.030                        MIPI_CAMERA_0/VDMA_C0_0/VDMA_C0_0/dma_top_0/vdma_write_0/ddr_write_vdma/ddr_write_controller_vdma_0/int_dma:CLK (r)
               +     0.209          cell: ADLIB:SLE
  6.239                        MIPI_CAMERA_0/VDMA_C0_0/VDMA_C0_0/dma_top_0/vdma_write_0/ddr_write_vdma/ddr_write_controller_vdma_0/int_dma:Q (r)
               +     0.457          net: MIPI_CAMERA_0/VDMA_C0_0/VDMA_C0_0/dma_top_0/vdma_write_0_int_dma_o
  6.696                        MIPI_CAMERA_0/VDMA_C0_0/VDMA_C0_0/dma_top_0/vdma_write_0/synchronizer_circuit_2stage_vdma/s_data_in:D (r)
                                    
  6.696                        data arrival time
  ________________________________________________________
  Data required time calculation
  4.000                        MIPI_CAMERA_0/PF_CCC_C1_0/PF_CCC_C1_0/pll_inst_0/OUT0
               +     0.000          Clock source
  4.000                        MIPI_CAMERA_0/PF_CCC_C1_0/PF_CCC_C1_0/pll_inst_0:OUT0 (r)
               +     5.124          Clock generation
  9.124                        
               +     0.256          net: MIPI_CAMERA_0/PF_CCC_C1_0/PF_CCC_C1_0/pll_inst_0_clkint_0
  9.380                        MIPI_CAMERA_0/PF_CCC_C1_0/PF_CCC_C1_0/clkint_0_1:A (r)
               +     0.211          cell: ADLIB:ICB_CLKINT
  9.591                        MIPI_CAMERA_0/PF_CCC_C1_0/PF_CCC_C1_0/clkint_0_1:Y (r)
               +     0.136          net: MIPI_CAMERA_0/PF_CCC_C1_0/PF_CCC_C1_0/clkint_0_NET
  9.727                        MIPI_CAMERA_0/PF_CCC_C1_0/PF_CCC_C1_0/clkint_0:A (r)
               +     0.149          cell: ADLIB:GB
  9.876                        MIPI_CAMERA_0/PF_CCC_C1_0/PF_CCC_C1_0/clkint_0:Y (r)
               +     0.377          net: MIPI_CAMERA_0/PF_CCC_C1_0/PF_CCC_C1_0/clkint_0/U0_Y
  10.253                       MIPI_CAMERA_0/PF_CCC_C1_0/PF_CCC_C1_0/clkint_0/U0_RGB1_RGB0:A (r)
               +     0.052          cell: ADLIB:RGB
  10.305                       MIPI_CAMERA_0/PF_CCC_C1_0/PF_CCC_C1_0/clkint_0/U0_RGB1_RGB0:Y (f)
               +     0.425          net: MIPI_CAMERA_0/PF_CCC_C1_0/PF_CCC_C1_0/clkint_0/U0_RGB1_RGB0_rgb_net_1
  10.730                       MIPI_CAMERA_0/VDMA_C0_0/VDMA_C0_0/dma_top_0/vdma_write_0/synchronizer_circuit_2stage_vdma/s_data_in:CLK (r)
               -     0.135          
  10.595                       clock jitter
               -     0.000          Library setup time: ADLIB:SLE
  10.595                       MIPI_CAMERA_0/VDMA_C0_0/VDMA_C0_0/dma_top_0/vdma_write_0/synchronizer_circuit_2stage_vdma/s_data_in:D
                                    
  10.595                       data required time


Operating Conditions : slow_lv_ht

END SET CLOCKS_AND_RESETS_0/CCC_FIC_x_CLK/PF_CCC_C0_0/pll_inst_0/OUT1 to MIPI_CAMERA_0/PF_CCC_C1_0/PF_CCC_C1_0/pll_inst_0/OUT0

----------------------------------------------------

SET MIPI_CAMERA_0/PF_IOD_GENERIC_RX_C0_0/PF_CLK_DIV_FIFO/I_CDD/Y_DIV to MIPI_CAMERA_0/PF_CCC_C1_0/PF_CCC_C1_0/pll_inst_0/OUT0

Path 1
  From: MIPI_CAMERA_0/mipicsi2rxdecoderPF_C0_0/MSC_i_0/MSC_i_4/MSC_i_10/genblk2.frame_valid_out_VC0:CLK
  To:   MIPI_CAMERA_0/mipicsi2rxdecoderPF_C0_0/MSC_i_0/MSC_i_4/MSC_i_10/fv_reg:D
  Delay (ns):              1.460
  Slack (ns):              4.262
  Arrival (ns):            4.294
  Required (ns):           8.556
  Setup (ns):              0.000
  Operating Conditions: fast_hv_lt

Path 2
  From: MIPI_CAMERA_0/mipicsi2rxdecoderPF_C0_0/MSC_i_0/L0_lp_data_shift[15]:CLK
  To:   MIPI_CAMERA_0/mipicsi2rxdecoderPF_C0_0/MSC_i_0/L0_lp_data_pclk1:D
  Delay (ns):              1.369
  Slack (ns):              4.386
  Arrival (ns):            4.196
  Required (ns):           8.582
  Setup (ns):              0.000
  Operating Conditions: fast_hv_lt

Path 3
  From: MIPI_CAMERA_0/mipicsi2rxdecoderPF_C0_0/MSC_i_0/MSC_i_4/MSC_i_10/genblk2.word_count_out[8]:CLK
  To:   MIPI_CAMERA_0/mipicsi2rxdecoderPF_C0_0/MSC_i_0/MSC_i_4/MSC_i_10/word_count_reg1_0[8]:D
  Delay (ns):              1.210
  Slack (ns):              4.517
  Arrival (ns):            4.035
  Required (ns):           8.552
  Setup (ns):              0.000
  Operating Conditions: fast_hv_lt

Path 4
  From: MIPI_CAMERA_0/mipicsi2rxdecoderPF_C0_0/MSC_i_0/MSC_i_4/MSC_i_10/genblk2.dt_i[0]:CLK
  To:   MIPI_CAMERA_0/mipicsi2rxdecoderPF_C0_0/MSC_i_0/MSC_i_4/MSC_i_10/data_type_reg1_0[0]:D
  Delay (ns):              1.192
  Slack (ns):              4.531
  Arrival (ns):            4.020
  Required (ns):           8.551
  Setup (ns):              0.000
  Operating Conditions: fast_hv_lt

Path 5
  From: MIPI_CAMERA_0/mipicsi2rxdecoderPF_C0_0/MSC_i_0/MSC_i_4/MSC_i_10/genblk2.dt_i[5]:CLK
  To:   MIPI_CAMERA_0/mipicsi2rxdecoderPF_C0_0/MSC_i_0/MSC_i_4/MSC_i_10/data_type_reg1_0[5]:D
  Delay (ns):              1.163
  Slack (ns):              4.596
  Arrival (ns):            3.989
  Required (ns):           8.585
  Setup (ns):              0.000
  Operating Conditions: fast_hv_lt


Expanded Path 1
  From: MIPI_CAMERA_0/mipicsi2rxdecoderPF_C0_0/MSC_i_0/MSC_i_4/MSC_i_10/genblk2.frame_valid_out_VC0:CLK
  To: MIPI_CAMERA_0/mipicsi2rxdecoderPF_C0_0/MSC_i_0/MSC_i_4/MSC_i_10/fv_reg:D
  data required time                                  8.556
  data arrival time                          -        4.294
  slack                                               4.262
  ________________________________________________________
  Data arrival time calculation
  0.000                        MIPI_CAMERA_0/PF_IOD_GENERIC_RX_C0_0/PF_CLK_DIV_FIFO/I_CDD/Y_DIV
               +     0.000          Clock source
  0.000                        MIPI_CAMERA_0/PF_IOD_GENERIC_RX_C0_0/PF_CLK_DIV_FIFO/I_CDD:Y_DIV (r)
               +     1.543          Clock generation
  1.543                        
               +     0.354          net: MIPI_CAMERA_0/PF_IOD_GENERIC_RX_C0_0/PF_CLK_DIV_FIFO_CLK_DIV_OUT
  1.897                        MIPI_CAMERA_0/PF_IOD_GENERIC_RX_C0_0/CLKINT_0_1:A (r)
               +     0.114          cell: ADLIB:ICB_CLKINT
  2.011                        MIPI_CAMERA_0/PF_IOD_GENERIC_RX_C0_0/CLKINT_0_1:Y (r)
               +     0.088          net: MIPI_CAMERA_0/PF_IOD_GENERIC_RX_C0_0/CLKINT_0_NET
  2.099                        MIPI_CAMERA_0/PF_IOD_GENERIC_RX_C0_0/CLKINT_0:A (r)
               +     0.116          cell: ADLIB:GB
  2.215                        MIPI_CAMERA_0/PF_IOD_GENERIC_RX_C0_0/CLKINT_0:Y (r)
               +     0.283          net: MIPI_CAMERA_0/PF_IOD_GENERIC_RX_C0_0/CLKINT_0/U0_Y
  2.498                        MIPI_CAMERA_0/PF_IOD_GENERIC_RX_C0_0/CLKINT_0/U0_RGB1_RGB0:A (r)
               +     0.042          cell: ADLIB:RGB
  2.540                        MIPI_CAMERA_0/PF_IOD_GENERIC_RX_C0_0/CLKINT_0/U0_RGB1_RGB0:Y (f)
               +     0.294          net: MIPI_CAMERA_0/PF_IOD_GENERIC_RX_C0_0/CLKINT_0/U0_RGB1_RGB0_rgb_net_1
  2.834                        MIPI_CAMERA_0/mipicsi2rxdecoderPF_C0_0/MSC_i_0/MSC_i_4/MSC_i_10/genblk2.frame_valid_out_VC0:CLK (r)
               +     0.117          cell: ADLIB:SLE
  2.951                        MIPI_CAMERA_0/mipicsi2rxdecoderPF_C0_0/MSC_i_0/MSC_i_4/MSC_i_10/genblk2.frame_valid_out_VC0:Q (f)
               +     1.343          net: MIPI_CAMERA_0/mipicsi2rxdecoderPF_C0_0/MSC_i_0/MSC_i_4/MSC_i_10/MSC_net_357
  4.294                        MIPI_CAMERA_0/mipicsi2rxdecoderPF_C0_0/MSC_i_0/MSC_i_4/MSC_i_10/fv_reg:D (f)
                                    
  4.294                        data arrival time
  ________________________________________________________
  Data required time calculation
  4.000                        MIPI_CAMERA_0/PF_CCC_C1_0/PF_CCC_C1_0/pll_inst_0/OUT0
               +     0.000          Clock source
  4.000                        MIPI_CAMERA_0/PF_CCC_C1_0/PF_CCC_C1_0/pll_inst_0:OUT0 (r)
               +     3.408          Clock generation
  7.408                        
               +     0.161          net: MIPI_CAMERA_0/PF_CCC_C1_0/PF_CCC_C1_0/pll_inst_0_clkint_0
  7.569                        MIPI_CAMERA_0/PF_CCC_C1_0/PF_CCC_C1_0/clkint_0_1:A (r)
               +     0.141          cell: ADLIB:ICB_CLKINT
  7.710                        MIPI_CAMERA_0/PF_CCC_C1_0/PF_CCC_C1_0/clkint_0_1:Y (r)
               +     0.096          net: MIPI_CAMERA_0/PF_CCC_C1_0/PF_CCC_C1_0/clkint_0_NET
  7.806                        MIPI_CAMERA_0/PF_CCC_C1_0/PF_CCC_C1_0/clkint_0:A (r)
               +     0.109          cell: ADLIB:GB
  7.915                        MIPI_CAMERA_0/PF_CCC_C1_0/PF_CCC_C1_0/clkint_0:Y (r)
               +     0.243          net: MIPI_CAMERA_0/PF_CCC_C1_0/PF_CCC_C1_0/clkint_0/U0_Y
  8.158                        MIPI_CAMERA_0/PF_CCC_C1_0/PF_CCC_C1_0/clkint_0/U0_RGB1_RGB4:A (r)
               +     0.038          cell: ADLIB:RGB
  8.196                        MIPI_CAMERA_0/PF_CCC_C1_0/PF_CCC_C1_0/clkint_0/U0_RGB1_RGB4:Y (f)
               +     0.252          net: MIPI_CAMERA_0/PF_CCC_C1_0/PF_CCC_C1_0/clkint_0/U0_RGB1_RGB4_rgb_net_1
  8.448                        MIPI_CAMERA_0/mipicsi2rxdecoderPF_C0_0/MSC_i_0/MSC_i_4/MSC_i_10/fv_reg:CLK (r)
               +     0.243          
  8.691                        clock reconvergence pessimism
               -     0.135          
  8.556                        clock jitter
               -     0.000          Library setup time: ADLIB:SLE
  8.556                        MIPI_CAMERA_0/mipicsi2rxdecoderPF_C0_0/MSC_i_0/MSC_i_4/MSC_i_10/fv_reg:D
                                    
  8.556                        data required time


Operating Conditions : fast_hv_lt

END SET MIPI_CAMERA_0/PF_IOD_GENERIC_RX_C0_0/PF_CLK_DIV_FIFO/I_CDD/Y_DIV to MIPI_CAMERA_0/PF_CCC_C1_0/PF_CCC_C1_0/pll_inst_0/OUT0

----------------------------------------------------

Clock Domain MIPI_CAMERA_0/PF_IOD_GENERIC_RX_C0_0/COREBCLKSCLKALIGN_0/PF_IOD_GENERIC_RX_C0_TR_0/genblk1.U_ICB_BCLKSCLKALIGN/RX_CLK_ALIGN_MOVE:Q

Info: The maximum frequency of this clock domain is limited by the period of pin MIPI_CAMERA_0/PF_IOD_GENERIC_RX_C0_0/PF_CLK_DIV_FIFO/I_CDD:DELAY_LINE_MOVE

SET Register to Register

No Path 

END SET Register to Register

----------------------------------------------------

SET External Setup

No Path 

END SET External Setup

----------------------------------------------------

SET Clock to Output

No Path 

END SET Clock to Output

----------------------------------------------------

SET Register to Asynchronous

No Path 

END SET Register to Asynchronous

----------------------------------------------------

SET External Recovery

No Path 

END SET External Recovery

----------------------------------------------------

SET Asynchronous to Register

No Path 

END SET Asynchronous to Register

----------------------------------------------------

SET MIPI_CAMERA_0/PF_IOD_GENERIC_RX_C0_0/PF_CLK_DIV_FIFO/I_CDD/Y_DIV to MIPI_CAMERA_0/PF_IOD_GENERIC_RX_C0_0/COREBCLKSCLKALIGN_0/PF_IOD_GENERIC_RX_C0_TR_0/genblk1.U_ICB_BCLKSCLKALIGN/RX_CLK_ALIGN_MOVE:Q

No Path 

END SET MIPI_CAMERA_0/PF_IOD_GENERIC_RX_C0_0/PF_CLK_DIV_FIFO/I_CDD/Y_DIV to MIPI_CAMERA_0/PF_IOD_GENERIC_RX_C0_0/COREBCLKSCLKALIGN_0/PF_IOD_GENERIC_RX_C0_TR_0/genblk1.U_ICB_BCLKSCLKALIGN/RX_CLK_ALIGN_MOVE:Q

----------------------------------------------------

Clock Domain MIPI_CAMERA_0/PF_IOD_GENERIC_RX_C0_0/PF_CLK_DIV_FIFO/I_CDD/Y_DIV

SET Register to Register

Path 1
  From: MIPI_CAMERA_0/PF_IOD_GENERIC_RX_C0_0/PF_LANECTRL_0/I_LANECTRL_PAUSE_SYNC/pipe_fall.pause_sync_0:CLK
  To:   MIPI_CAMERA_0/PF_IOD_GENERIC_RX_C0_0/PF_LANECTRL_0/I_LANECTRL_PAUSE_SYNC/pipe_fall.pause_sync:D
  Delay (ns):              0.462
  Slack (ns):              7.458
  Arrival (ns):            4.505
  Required (ns):          11.963
  Setup (ns):              0.000
  Minimum Period (ns):     0.928
  Operating Conditions: slow_lv_lt

Path 2
  From: MIPI_CAMERA_0/PF_IOD_GENERIC_RX_C0_0/PF_IOD_RX/I_IOD_0:RX_CLK
  To:   MIPI_CAMERA_0/mipicsi2rxdecoderPF_C0_0/MSC_i_0/MSC_i_4/MSC_i_5/genblk1.L0_data_in_reg0[5]:D
  Delay (ns):              4.159
  Slack (ns):             11.353
  Arrival (ns):            8.640
  Required (ns):          19.993
  Setup (ns):              0.000
  Minimum Period (ns):     4.569
  Operating Conditions: slow_lv_ht

Path 3
  From: MIPI_CAMERA_0/PF_IOD_GENERIC_RX_C0_0/PF_IOD_RX/I_IOD_1:RX_CLK
  To:   MIPI_CAMERA_0/mipicsi2rxdecoderPF_C0_0/MSC_i_0/MSC_i_4/MSC_i_5/genblk2.L1_data_in_reg0[3]:D
  Delay (ns):              4.092
  Slack (ns):             11.431
  Arrival (ns):            8.571
  Required (ns):          20.002
  Setup (ns):              0.000
  Minimum Period (ns):     4.491
  Operating Conditions: slow_lv_ht

Path 4
  From: MIPI_CAMERA_0/PF_IOD_GENERIC_RX_C0_0/PF_IOD_RX/I_IOD_1:RX_CLK
  To:   MIPI_CAMERA_0/mipicsi2rxdecoderPF_C0_0/MSC_i_0/MSC_i_4/MSC_i_5/genblk2.L1_data_in_reg0[1]:D
  Delay (ns):              4.023
  Slack (ns):             11.499
  Arrival (ns):            8.502
  Required (ns):          20.001
  Setup (ns):              0.000
  Minimum Period (ns):     4.423
  Operating Conditions: slow_lv_ht

Path 5
  From: MIPI_CAMERA_0/PF_IOD_GENERIC_RX_C0_0/PF_IOD_RX/I_IOD_1:RX_CLK
  To:   MIPI_CAMERA_0/mipicsi2rxdecoderPF_C0_0/MSC_i_0/MSC_i_4/MSC_i_5/genblk2.L1_data_in_reg0[2]:D
  Delay (ns):              3.968
  Slack (ns):             11.564
  Arrival (ns):            8.447
  Required (ns):          20.011
  Setup (ns):              0.000
  Minimum Period (ns):     4.358
  Operating Conditions: slow_lv_ht


Expanded Path 1
  From: MIPI_CAMERA_0/PF_IOD_GENERIC_RX_C0_0/PF_LANECTRL_0/I_LANECTRL_PAUSE_SYNC/pipe_fall.pause_sync_0:CLK
  To: MIPI_CAMERA_0/PF_IOD_GENERIC_RX_C0_0/PF_LANECTRL_0/I_LANECTRL_PAUSE_SYNC/pipe_fall.pause_sync:D
  data required time                                 11.963
  data arrival time                          -        4.505
  slack                                               7.458
  ________________________________________________________
  Data arrival time calculation
  0.000                        MIPI_CAMERA_0/PF_IOD_GENERIC_RX_C0_0/PF_CLK_DIV_FIFO/I_CDD/Y_DIV
               +     0.000          Clock source
  0.000                        MIPI_CAMERA_0/PF_IOD_GENERIC_RX_C0_0/PF_CLK_DIV_FIFO/I_CDD:Y_DIV (r)
               +     2.138          Clock generation
  2.138                        
               +     0.550          net: MIPI_CAMERA_0/PF_IOD_GENERIC_RX_C0_0/PF_CLK_DIV_FIFO_CLK_DIV_OUT
  2.688                        MIPI_CAMERA_0/PF_IOD_GENERIC_RX_C0_0/CLKINT_0_1:A (r)
               +     0.170          cell: ADLIB:ICB_CLKINT
  2.858                        MIPI_CAMERA_0/PF_IOD_GENERIC_RX_C0_0/CLKINT_0_1:Y (r)
               +     0.106          net: MIPI_CAMERA_0/PF_IOD_GENERIC_RX_C0_0/CLKINT_0_NET
  2.964                        MIPI_CAMERA_0/PF_IOD_GENERIC_RX_C0_0/CLKINT_0:A (r)
               +     0.160          cell: ADLIB:GB
  3.124                        MIPI_CAMERA_0/PF_IOD_GENERIC_RX_C0_0/CLKINT_0:Y (r)
               +     0.375          net: MIPI_CAMERA_0/PF_IOD_GENERIC_RX_C0_0/CLKINT_0/U0_Y
  3.499                        MIPI_CAMERA_0/PF_IOD_GENERIC_RX_C0_0/CLKINT_0/U0_RGB1_RGB3:A (r)
               +     0.060          cell: ADLIB:RGB
  3.559                        MIPI_CAMERA_0/PF_IOD_GENERIC_RX_C0_0/CLKINT_0/U0_RGB1_RGB3:Y (f)
               +     0.484          net: MIPI_CAMERA_0/PF_IOD_GENERIC_RX_C0_0/CLKINT_0/U0_RGB1_RGB3_rgb_net_1
  4.043                        MIPI_CAMERA_0/PF_IOD_GENERIC_RX_C0_0/PF_LANECTRL_0/I_LANECTRL_PAUSE_SYNC/pipe_fall.pause_sync_0:CLK (r)
               +     0.218          cell: ADLIB:SLE
  4.261                        MIPI_CAMERA_0/PF_IOD_GENERIC_RX_C0_0/PF_LANECTRL_0/I_LANECTRL_PAUSE_SYNC/pipe_fall.pause_sync_0:Q (r)
               +     0.244          net: MIPI_CAMERA_0/PF_IOD_GENERIC_RX_C0_0/PF_LANECTRL_0/I_LANECTRL_PAUSE_SYNC/pause_sync_0_i
  4.505                        MIPI_CAMERA_0/PF_IOD_GENERIC_RX_C0_0/PF_LANECTRL_0/I_LANECTRL_PAUSE_SYNC/pipe_fall.pause_sync:D (r)
                                    
  4.505                        data arrival time
  ________________________________________________________
  Data required time calculation
  8.000                        MIPI_CAMERA_0/PF_IOD_GENERIC_RX_C0_0/PF_CLK_DIV_FIFO/I_CDD/Y_DIV
               +     0.000          Clock source
  8.000                        MIPI_CAMERA_0/PF_IOD_GENERIC_RX_C0_0/PF_CLK_DIV_FIFO/I_CDD:Y_DIV (f)
               +     1.878          Clock generation
  9.878                        
               +     0.518          net: MIPI_CAMERA_0/PF_IOD_GENERIC_RX_C0_0/PF_CLK_DIV_FIFO_CLK_DIV_OUT
  10.396                       MIPI_CAMERA_0/PF_IOD_GENERIC_RX_C0_0/CLKINT_0_1:A (f)
               +     0.154          cell: ADLIB:ICB_CLKINT
  10.550                       MIPI_CAMERA_0/PF_IOD_GENERIC_RX_C0_0/CLKINT_0_1:Y (f)
               +     0.089          net: MIPI_CAMERA_0/PF_IOD_GENERIC_RX_C0_0/CLKINT_0_NET
  10.639                       MIPI_CAMERA_0/PF_IOD_GENERIC_RX_C0_0/CLKINT_0:A (f)
               +     0.137          cell: ADLIB:GB
  10.776                       MIPI_CAMERA_0/PF_IOD_GENERIC_RX_C0_0/CLKINT_0:Y (f)
               +     0.342          net: MIPI_CAMERA_0/PF_IOD_GENERIC_RX_C0_0/CLKINT_0/U0_Y
  11.118                       MIPI_CAMERA_0/PF_IOD_GENERIC_RX_C0_0/CLKINT_0/U0_RGB1_RGB3:A (f)
               +     0.054          cell: ADLIB:RGB
  11.172                       MIPI_CAMERA_0/PF_IOD_GENERIC_RX_C0_0/CLKINT_0/U0_RGB1_RGB3:Y (r)
               +     0.442          net: MIPI_CAMERA_0/PF_IOD_GENERIC_RX_C0_0/CLKINT_0/U0_RGB1_RGB3_rgb_net_1
  11.614                       MIPI_CAMERA_0/PF_IOD_GENERIC_RX_C0_0/PF_LANECTRL_0/I_LANECTRL_PAUSE_SYNC/pipe_fall.pause_sync:CLK (r)
               +     0.427          
  12.041                       clock reconvergence pessimism
               -     0.078          
  11.963                       clock jitter
               -     0.000          Library setup time: ADLIB:SLE
  11.963                       MIPI_CAMERA_0/PF_IOD_GENERIC_RX_C0_0/PF_LANECTRL_0/I_LANECTRL_PAUSE_SYNC/pipe_fall.pause_sync:D
                                    
  11.963                       data required time


Operating Conditions : slow_lv_lt

END SET Register to Register

----------------------------------------------------

SET External Setup

Path 1
  From: RXD_N[1]
  To:   MIPI_CAMERA_0/mipicsi2rxdecoderPF_C0_0/MSC_i_0/MSC_i_4/MSC_i_5/genblk2.L1_data_out[1]:D
  Delay (ns):              7.523
  Arrival (ns):            7.523
  Setup (ns):              0.000
  External Setup (ns):     3.871
  Operating Conditions: slow_lv_ht

Path 2
  From: RXD_N[1]
  To:   MIPI_CAMERA_0/mipicsi2rxdecoderPF_C0_0/MSC_i_0/MSC_i_4/MSC_i_5/genblk2.L1_data_out[0]:D
  Delay (ns):              7.099
  Arrival (ns):            7.099
  Setup (ns):              0.000
  External Setup (ns):     3.455
  Operating Conditions: slow_lv_ht

Path 3
  From: RXD_N[1]
  To:   MIPI_CAMERA_0/mipicsi2rxdecoderPF_C0_0/MSC_i_0/MSC_i_4/MSC_i_5/genblk2.L1_data_out[5]:D
  Delay (ns):              6.989
  Arrival (ns):            6.989
  Setup (ns):              0.000
  External Setup (ns):     3.336
  Operating Conditions: slow_lv_ht

Path 4
  From: RXD_N[1]
  To:   MIPI_CAMERA_0/mipicsi2rxdecoderPF_C0_0/MSC_i_0/MSC_i_4/MSC_i_5/genblk2.L1_data_out[7]:D
  Delay (ns):              6.961
  Arrival (ns):            6.961
  Setup (ns):              0.000
  External Setup (ns):     3.308
  Operating Conditions: slow_lv_ht

Path 5
  From: RXD_N[1]
  To:   MIPI_CAMERA_0/mipicsi2rxdecoderPF_C0_0/MSC_i_0/MSC_i_4/MSC_i_5/genblk2.L1_data_out[4]:D
  Delay (ns):              6.886
  Arrival (ns):            6.886
  Setup (ns):              0.000
  External Setup (ns):     3.233
  Operating Conditions: slow_lv_ht


Expanded Path 1
  From: RXD_N[1]
  To: MIPI_CAMERA_0/mipicsi2rxdecoderPF_C0_0/MSC_i_0/MSC_i_4/MSC_i_5/genblk2.L1_data_out[1]:D
  data required time                                    N/C
  data arrival time                          -        7.523
  slack                                                 N/C
  ________________________________________________________
  Data arrival time calculation
  0.000                        RXD_N[1] (r)
               +     0.000          net: RXD_N[1]
  0.000                        MIPI_CAMERA_0/PF_IOD_GENERIC_RX_C0_0/PF_IOD_RX/I_INBUF_DIFF_MIPI_1/U_IOPADN:PAD (r)
               +     0.650          cell: ADLIB:IOPADN_IN
  0.650                        MIPI_CAMERA_0/PF_IOD_GENERIC_RX_C0_0/PF_IOD_RX/I_INBUF_DIFF_MIPI_1/U_IOPADN:Y (r)
               +     0.000          net: MIPI_CAMERA_0/PF_IOD_GENERIC_RX_C0_0/PF_IOD_RX/I_INBUF_DIFF_MIPI_1/U2_N2P
  0.650                        MIPI_CAMERA_0/PF_IOD_GENERIC_RX_C0_0/PF_IOD_RX/I_INBUF_DIFF_MIPI_1/U_ION:YIN (r)
               +     0.336          cell: ADLIB:IOIN_IB_E
  0.986                        MIPI_CAMERA_0/PF_IOD_GENERIC_RX_C0_0/PF_IOD_RX/I_INBUF_DIFF_MIPI_1/U_ION:Y (r)
               +     3.742          net: MIPI_CAMERA_0/PF_IOD_GENERIC_RX_C0_0_L1_LP_DATA_N_0
  4.728                        MIPI_CAMERA_0/mipicsi2rxdecoderPF_C0_0/MSC_i_0/MSC_i_4/MSC_i_5/un1_rstn_IN_POST_INV1_0:A (r)
               +     0.135          cell: ADLIB:CFG2
  4.863                        MIPI_CAMERA_0/mipicsi2rxdecoderPF_C0_0/MSC_i_0/MSC_i_4/MSC_i_5/un1_rstn_IN_POST_INV1_0:Y (r)
               +     0.405          net: MIPI_CAMERA_0/mipicsi2rxdecoderPF_C0_0/MSC_i_0/MSC_i_4/MSC_i_5/MSC_net_409
  5.268                        MIPI_CAMERA_0/mipicsi2rxdecoderPF_C0_0/MSC_i_0/MSC_i_4/MSC_i_5/MSC_i_8/MSC_i_9/m67:A (r)
               +     0.051          cell: ADLIB:CFG2
  5.319                        MIPI_CAMERA_0/mipicsi2rxdecoderPF_C0_0/MSC_i_0/MSC_i_4/MSC_i_5/MSC_i_8/MSC_i_9/m67:Y (f)
               +     0.574          net: MIPI_CAMERA_0/mipicsi2rxdecoderPF_C0_0/MSC_i_0/MSC_i_4/MSC_i_5/MSC_i_8/MSC_i_9/MSC_net_435
  5.893                        MIPI_CAMERA_0/mipicsi2rxdecoderPF_C0_0/MSC_i_0/MSC_i_4/MSC_i_5/MSC_i_8/MSC_i_9/N_621_i:A (f)
               +     0.071          cell: ADLIB:CFG2
  5.964                        MIPI_CAMERA_0/mipicsi2rxdecoderPF_C0_0/MSC_i_0/MSC_i_4/MSC_i_5/MSC_i_8/MSC_i_9/N_621_i:Y (r)
               +     0.162          net: MIPI_CAMERA_0/mipicsi2rxdecoderPF_C0_0/MSC_i_0/MSC_i_4/MSC_i_5/MSC_i_8/MSC_i_9/MSC_net_410
  6.126                        MIPI_CAMERA_0/mipicsi2rxdecoderPF_C0_0/MSC_i_0/MSC_i_4/MSC_i_5/MSC_i_8/MSC_i_9/m51_1:C (r)
               +     0.238          cell: ADLIB:CFG4
  6.364                        MIPI_CAMERA_0/mipicsi2rxdecoderPF_C0_0/MSC_i_0/MSC_i_4/MSC_i_5/MSC_i_8/MSC_i_9/m51_1:Y (r)
               +     0.305          net: MIPI_CAMERA_0/mipicsi2rxdecoderPF_C0_0/MSC_i_0/MSC_i_4/MSC_i_5/MSC_i_8/MSC_i_9/MSC_net_440
  6.669                        MIPI_CAMERA_0/mipicsi2rxdecoderPF_C0_0/MSC_i_0/MSC_i_4/MSC_i_5/MSC_i_8/MSC_i_9/m51_2_1_1_0:D (r)
               +     0.247          cell: ADLIB:CFG4
  6.916                        MIPI_CAMERA_0/mipicsi2rxdecoderPF_C0_0/MSC_i_0/MSC_i_4/MSC_i_5/MSC_i_8/MSC_i_9/m51_2_1_1_0:Y (f)
               +     0.348          net: MIPI_CAMERA_0/mipicsi2rxdecoderPF_C0_0/MSC_i_0/MSC_i_4/MSC_i_5/MSC_i_8/MSC_i_9/MSC_net_434
  7.264                        MIPI_CAMERA_0/mipicsi2rxdecoderPF_C0_0/MSC_i_0/MSC_i_4/MSC_i_5/MSC_i_8/MSC_i_9/N_643_i:B (f)
               +     0.234          cell: ADLIB:CFG4
  7.498                        MIPI_CAMERA_0/mipicsi2rxdecoderPF_C0_0/MSC_i_0/MSC_i_4/MSC_i_5/MSC_i_8/MSC_i_9/N_643_i:Y (r)
               +     0.025          net: MIPI_CAMERA_0/mipicsi2rxdecoderPF_C0_0/MSC_i_0/MSC_i_4/MSC_i_5/MSC_net_490
  7.523                        MIPI_CAMERA_0/mipicsi2rxdecoderPF_C0_0/MSC_i_0/MSC_i_4/MSC_i_5/genblk2.L1_data_out[1]:D (r)
                                    
  7.523                        data arrival time
  ________________________________________________________
  Data required time calculation
  N/C                          MIPI_CAMERA_0/PF_IOD_GENERIC_RX_C0_0/PF_CLK_DIV_FIFO/I_CDD/Y_DIV
               +     0.000          Clock source
  N/C                          MIPI_CAMERA_0/PF_IOD_GENERIC_RX_C0_0/PF_CLK_DIV_FIFO/I_CDD:Y_DIV (r)
               +     1.987          Clock generation
  N/C                          
               +     0.511          net: MIPI_CAMERA_0/PF_IOD_GENERIC_RX_C0_0/PF_CLK_DIV_FIFO_CLK_DIV_OUT
  N/C                          MIPI_CAMERA_0/PF_IOD_GENERIC_RX_C0_0/CLKINT_0_1:A (r)
               +     0.151          cell: ADLIB:ICB_CLKINT
  N/C                          MIPI_CAMERA_0/PF_IOD_GENERIC_RX_C0_0/CLKINT_0_1:Y (r)
               +     0.114          net: MIPI_CAMERA_0/PF_IOD_GENERIC_RX_C0_0/CLKINT_0_NET
  N/C                          MIPI_CAMERA_0/PF_IOD_GENERIC_RX_C0_0/CLKINT_0:A (r)
               +     0.143          cell: ADLIB:GB
  N/C                          MIPI_CAMERA_0/PF_IOD_GENERIC_RX_C0_0/CLKINT_0:Y (r)
               +     0.370          net: MIPI_CAMERA_0/PF_IOD_GENERIC_RX_C0_0/CLKINT_0/U0_Y
  N/C                          MIPI_CAMERA_0/PF_IOD_GENERIC_RX_C0_0/CLKINT_0/U0_RGB1_RGB1:A (r)
               +     0.052          cell: ADLIB:RGB
  N/C                          MIPI_CAMERA_0/PF_IOD_GENERIC_RX_C0_0/CLKINT_0/U0_RGB1_RGB1:Y (f)
               +     0.402          net: MIPI_CAMERA_0/PF_IOD_GENERIC_RX_C0_0/CLKINT_0/U0_RGB1_RGB1_rgb_net_1
  N/C                          MIPI_CAMERA_0/mipicsi2rxdecoderPF_C0_0/MSC_i_0/MSC_i_4/MSC_i_5/genblk2.L1_data_out[1]:CLK (r)
               -     0.078          
  N/C                          clock jitter
               -     0.000          Library setup time: ADLIB:SLE
  N/C                          MIPI_CAMERA_0/mipicsi2rxdecoderPF_C0_0/MSC_i_0/MSC_i_4/MSC_i_5/genblk2.L1_data_out[1]:D


Operating Conditions : slow_lv_ht

END SET External Setup

----------------------------------------------------

SET Clock to Output

No Path 

END SET Clock to Output

----------------------------------------------------

SET Register to Asynchronous

Path 1
  From: MIPI_CAMERA_0/mipicsi2rxdecoderPF_C0_0/MSC_i_0/MSC_i_4/MSC_i_5/genblk10.sync1_reg:CLK
  To:   MIPI_CAMERA_0/mipicsi2rxdecoderPF_C0_0/MSC_i_0/MSC_i_4/MSC_i_5/MSC_i_6/wraddr_plus2_r[3]:ALn
  Delay (ns):              1.406
  Slack (ns):             14.289
  Arrival (ns):            5.613
  Required (ns):          19.902
  Recovery (ns):           0.196
  Minimum Period (ns):     1.633
  Skew (ns):               0.031
  Operating Conditions: slow_lv_ht

Path 2
  From: MIPI_CAMERA_0/mipicsi2rxdecoderPF_C0_0/MSC_i_0/MSC_i_4/MSC_i_5/genblk10.sync1_reg:CLK
  To:   MIPI_CAMERA_0/mipicsi2rxdecoderPF_C0_0/MSC_i_0/MSC_i_4/MSC_i_5/MSC_i_6/wraddr_plus2_r[1]:ALn
  Delay (ns):              1.406
  Slack (ns):             14.289
  Arrival (ns):            5.613
  Required (ns):          19.902
  Recovery (ns):           0.196
  Minimum Period (ns):     1.633
  Skew (ns):               0.031
  Operating Conditions: slow_lv_ht

Path 3
  From: MIPI_CAMERA_0/mipicsi2rxdecoderPF_C0_0/MSC_i_0/MSC_i_4/MSC_i_5/genblk10.sync1_reg:CLK
  To:   MIPI_CAMERA_0/mipicsi2rxdecoderPF_C0_0/MSC_i_0/MSC_i_4/MSC_i_5/MSC_i_6/wraddr_plus2_r[0]:ALn
  Delay (ns):              1.406
  Slack (ns):             14.289
  Arrival (ns):            5.613
  Required (ns):          19.902
  Recovery (ns):           0.196
  Minimum Period (ns):     1.633
  Skew (ns):               0.031
  Operating Conditions: slow_lv_ht

Path 4
  From: MIPI_CAMERA_0/mipicsi2rxdecoderPF_C0_0/MSC_i_0/MSC_i_4/MSC_i_5/genblk10.sync1_reg:CLK
  To:   MIPI_CAMERA_0/mipicsi2rxdecoderPF_C0_0/MSC_i_0/MSC_i_4/MSC_i_5/MSC_i_6/wraddr_plus1_r[6]:ALn
  Delay (ns):              1.406
  Slack (ns):             14.289
  Arrival (ns):            5.613
  Required (ns):          19.902
  Recovery (ns):           0.196
  Minimum Period (ns):     1.633
  Skew (ns):               0.031
  Operating Conditions: slow_lv_ht

Path 5
  From: MIPI_CAMERA_0/mipicsi2rxdecoderPF_C0_0/MSC_i_0/MSC_i_4/MSC_i_5/genblk10.sync1_reg:CLK
  To:   MIPI_CAMERA_0/mipicsi2rxdecoderPF_C0_0/MSC_i_0/MSC_i_4/MSC_i_5/MSC_i_6/wraddr_plus1_r[0]:ALn
  Delay (ns):              1.406
  Slack (ns):             14.289
  Arrival (ns):            5.613
  Required (ns):          19.902
  Recovery (ns):           0.196
  Minimum Period (ns):     1.633
  Skew (ns):               0.031
  Operating Conditions: slow_lv_ht


Expanded Path 1
  From: MIPI_CAMERA_0/mipicsi2rxdecoderPF_C0_0/MSC_i_0/MSC_i_4/MSC_i_5/genblk10.sync1_reg:CLK
  To: MIPI_CAMERA_0/mipicsi2rxdecoderPF_C0_0/MSC_i_0/MSC_i_4/MSC_i_5/MSC_i_6/wraddr_plus2_r[3]:ALn
  data required time                                 19.902
  data arrival time                          -        5.613
  slack                                              14.289
  ________________________________________________________
  Data arrival time calculation
  0.000                        MIPI_CAMERA_0/PF_IOD_GENERIC_RX_C0_0/PF_CLK_DIV_FIFO/I_CDD/Y_DIV
               +     0.000          Clock source
  0.000                        MIPI_CAMERA_0/PF_IOD_GENERIC_RX_C0_0/PF_CLK_DIV_FIFO/I_CDD:Y_DIV (r)
               +     2.247          Clock generation
  2.247                        
               +     0.561          net: MIPI_CAMERA_0/PF_IOD_GENERIC_RX_C0_0/PF_CLK_DIV_FIFO_CLK_DIV_OUT
  2.808                        MIPI_CAMERA_0/PF_IOD_GENERIC_RX_C0_0/CLKINT_0_1:A (r)
               +     0.174          cell: ADLIB:ICB_CLKINT
  2.982                        MIPI_CAMERA_0/PF_IOD_GENERIC_RX_C0_0/CLKINT_0_1:Y (r)
               +     0.125          net: MIPI_CAMERA_0/PF_IOD_GENERIC_RX_C0_0/CLKINT_0_NET
  3.107                        MIPI_CAMERA_0/PF_IOD_GENERIC_RX_C0_0/CLKINT_0:A (r)
               +     0.158          cell: ADLIB:GB
  3.265                        MIPI_CAMERA_0/PF_IOD_GENERIC_RX_C0_0/CLKINT_0:Y (r)
               +     0.411          net: MIPI_CAMERA_0/PF_IOD_GENERIC_RX_C0_0/CLKINT_0/U0_Y
  3.676                        MIPI_CAMERA_0/PF_IOD_GENERIC_RX_C0_0/CLKINT_0/U0_RGB1_RGB0:A (r)
               +     0.058          cell: ADLIB:RGB
  3.734                        MIPI_CAMERA_0/PF_IOD_GENERIC_RX_C0_0/CLKINT_0/U0_RGB1_RGB0:Y (f)
               +     0.473          net: MIPI_CAMERA_0/PF_IOD_GENERIC_RX_C0_0/CLKINT_0/U0_RGB1_RGB0_rgb_net_1
  4.207                        MIPI_CAMERA_0/mipicsi2rxdecoderPF_C0_0/MSC_i_0/MSC_i_4/MSC_i_5/genblk10.sync1_reg:CLK (r)
               +     0.209          cell: ADLIB:SLE
  4.416                        MIPI_CAMERA_0/mipicsi2rxdecoderPF_C0_0/MSC_i_0/MSC_i_4/MSC_i_5/genblk10.sync1_reg:Q (r)
               +     1.197          net: MIPI_CAMERA_0/mipicsi2rxdecoderPF_C0_0/MSC_i_0/MSC_i_4/MSC_i_5/MSC_net_417
  5.613                        MIPI_CAMERA_0/mipicsi2rxdecoderPF_C0_0/MSC_i_0/MSC_i_4/MSC_i_5/MSC_i_6/wraddr_plus2_r[3]:ALn (r)
                                    
  5.613                        data arrival time
  ________________________________________________________
  Data required time calculation
  16.000                       MIPI_CAMERA_0/PF_IOD_GENERIC_RX_C0_0/PF_CLK_DIV_FIFO/I_CDD/Y_DIV
               +     0.000          Clock source
  16.000                       MIPI_CAMERA_0/PF_IOD_GENERIC_RX_C0_0/PF_CLK_DIV_FIFO/I_CDD:Y_DIV (r)
               +     1.987          Clock generation
  17.987                       
               +     0.511          net: MIPI_CAMERA_0/PF_IOD_GENERIC_RX_C0_0/PF_CLK_DIV_FIFO_CLK_DIV_OUT
  18.498                       MIPI_CAMERA_0/PF_IOD_GENERIC_RX_C0_0/CLKINT_0_1:A (r)
               +     0.151          cell: ADLIB:ICB_CLKINT
  18.649                       MIPI_CAMERA_0/PF_IOD_GENERIC_RX_C0_0/CLKINT_0_1:Y (r)
               +     0.114          net: MIPI_CAMERA_0/PF_IOD_GENERIC_RX_C0_0/CLKINT_0_NET
  18.763                       MIPI_CAMERA_0/PF_IOD_GENERIC_RX_C0_0/CLKINT_0:A (r)
               +     0.143          cell: ADLIB:GB
  18.906                       MIPI_CAMERA_0/PF_IOD_GENERIC_RX_C0_0/CLKINT_0:Y (r)
               +     0.373          net: MIPI_CAMERA_0/PF_IOD_GENERIC_RX_C0_0/CLKINT_0/U0_Y
  19.279                       MIPI_CAMERA_0/PF_IOD_GENERIC_RX_C0_0/CLKINT_0/U0_RGB1_RGB0:A (r)
               +     0.052          cell: ADLIB:RGB
  19.331                       MIPI_CAMERA_0/PF_IOD_GENERIC_RX_C0_0/CLKINT_0/U0_RGB1_RGB0:Y (f)
               +     0.421          net: MIPI_CAMERA_0/PF_IOD_GENERIC_RX_C0_0/CLKINT_0/U0_RGB1_RGB0_rgb_net_1
  19.752                       MIPI_CAMERA_0/mipicsi2rxdecoderPF_C0_0/MSC_i_0/MSC_i_4/MSC_i_5/MSC_i_6/wraddr_plus2_r[3]:CLK (r)
               +     0.424          
  20.176                       clock reconvergence pessimism
               -     0.078          
  20.098                       clock jitter
               -     0.196          Library recovery time: ADLIB:SLE
  19.902                       MIPI_CAMERA_0/mipicsi2rxdecoderPF_C0_0/MSC_i_0/MSC_i_4/MSC_i_5/MSC_i_6/wraddr_plus2_r[3]:ALn
                                    
  19.902                       data required time


Operating Conditions : slow_lv_ht

END SET Register to Asynchronous

----------------------------------------------------

SET External Recovery

No Path 

END SET External Recovery

----------------------------------------------------

SET Asynchronous to Register

No Path 

END SET Asynchronous to Register

----------------------------------------------------

SET CLOCKS_AND_RESETS_0/CCC_FIC_x_CLK/PF_CCC_C0_0/pll_inst_0/OUT0 to MIPI_CAMERA_0/PF_IOD_GENERIC_RX_C0_0/PF_CLK_DIV_FIFO/I_CDD/Y_DIV

Path 1
  From: CLOCKS_AND_RESETS_0/RESET_FIC_0_CLK/CORERESET_0/dff_15[0]:CLK
  To:   MIPI_CAMERA_0/mipicsi2rxdecoderPF_C0_0/MSC_i_0/sot_r0_cclk:ALn
  Delay (ns):              4.123
  Slack (ns):             -0.310
  Arrival (ns):           11.756
  Required (ns):          11.446
  Operating Conditions: slow_lv_ht

Path 2
  From: CLOCKS_AND_RESETS_0/RESET_FIC_0_CLK/CORERESET_0/dff_15[0]:CLK
  To:   MIPI_CAMERA_0/mipicsi2rxdecoderPF_C0_0/MSC_i_0/MSC_i_4/MSC_i_10/MSC_i_12/byte_data[13]:ALn
  Delay (ns):              3.269
  Slack (ns):              0.554
  Arrival (ns):           10.902
  Required (ns):          11.456
  Operating Conditions: slow_lv_ht

Path 3
  From: CLOCKS_AND_RESETS_0/RESET_FIC_0_CLK/CORERESET_0/dff_15[0]:CLK
  To:   MIPI_CAMERA_0/mipicsi2rxdecoderPF_C0_0/MSC_i_0/MSC_i_4/MSC_i_5/genblk2.L1_bit_adjust[0]:ALn
  Delay (ns):              3.234
  Slack (ns):              0.581
  Arrival (ns):           10.867
  Required (ns):          11.448
  Operating Conditions: slow_lv_ht

Path 4
  From: CLOCKS_AND_RESETS_0/RESET_FIC_0_CLK/CORERESET_0/dff_15[0]:CLK
  To:   MIPI_CAMERA_0/mipicsi2rxdecoderPF_C0_0/MSC_i_0/MSC_i_4/MSC_i_5/LP_valid_q:ALn
  Delay (ns):              3.234
  Slack (ns):              0.581
  Arrival (ns):           10.867
  Required (ns):          11.448
  Operating Conditions: slow_lv_ht

Path 5
  From: CLOCKS_AND_RESETS_0/RESET_FIC_0_CLK/CORERESET_0/dff_15[0]:CLK
  To:   MIPI_CAMERA_0/mipicsi2rxdecoderPF_C0_0/MSC_i_0/MSC_i_4/MSC_i_10/serial_data[0]:ALn
  Delay (ns):              3.234
  Slack (ns):              0.581
  Arrival (ns):           10.867
  Required (ns):          11.448
  Operating Conditions: slow_lv_ht


Expanded Path 1
  From: CLOCKS_AND_RESETS_0/RESET_FIC_0_CLK/CORERESET_0/dff_15[0]:CLK
  To: MIPI_CAMERA_0/mipicsi2rxdecoderPF_C0_0/MSC_i_0/sot_r0_cclk:ALn
  data required time                                 11.446
  data arrival time                          -       11.756
  slack                                              -0.310
  ________________________________________________________
  Data arrival time calculation
  0.000                        CLOCKS_AND_RESETS_0/CCC_FIC_x_CLK/PF_CCC_C0_0/pll_inst_0/OUT0
               +     0.000          Clock source
  0.000                        CLOCKS_AND_RESETS_0/CCC_FIC_x_CLK/PF_CCC_C0_0/pll_inst_0:OUT0 (r)
               +     4.312          Clock generation
  4.312                        
               +     1.709          net: CLOCKS_AND_RESETS_0/CCC_FIC_x_CLK/PF_CCC_C0_0/pll_inst_0_clkint_0
  6.021                        CLOCKS_AND_RESETS_0/CCC_FIC_x_CLK/PF_CCC_C0_0/clkint_0_1:A (r)
               +     0.150          cell: ADLIB:ICB_CLKINT
  6.171                        CLOCKS_AND_RESETS_0/CCC_FIC_x_CLK/PF_CCC_C0_0/clkint_0_1:Y (r)
               +     0.386          net: CLOCKS_AND_RESETS_0/CCC_FIC_x_CLK/PF_CCC_C0_0/clkint_0_NET
  6.557                        CLOCKS_AND_RESETS_0/CCC_FIC_x_CLK/PF_CCC_C0_0/clkint_0:A (r)
               +     0.161          cell: ADLIB:GB
  6.718                        CLOCKS_AND_RESETS_0/CCC_FIC_x_CLK/PF_CCC_C0_0/clkint_0:Y (r)
               +     0.387          net: CLOCKS_AND_RESETS_0/CCC_FIC_x_CLK/PF_CCC_C0_0/clkint_0/U0_Y
  7.105                        CLOCKS_AND_RESETS_0/CCC_FIC_x_CLK/PF_CCC_C0_0/clkint_0/U0_RGB1_RGB18:A (r)
               +     0.058          cell: ADLIB:RGB
  7.163                        CLOCKS_AND_RESETS_0/CCC_FIC_x_CLK/PF_CCC_C0_0/clkint_0/U0_RGB1_RGB18:Y (f)
               +     0.470          net: CLOCKS_AND_RESETS_0/CCC_FIC_x_CLK/PF_CCC_C0_0/clkint_0/U0_RGB1_RGB18_rgb_net_1
  7.633                        CLOCKS_AND_RESETS_0/RESET_FIC_0_CLK/CORERESET_0/dff_15[0]:CLK (r)
               +     0.201          cell: ADLIB:SLE
  7.834                        CLOCKS_AND_RESETS_0/RESET_FIC_0_CLK/CORERESET_0/dff_15[0]:Q (r)
               +     3.922          net: CLOCKS_AND_RESETS_0_RESET_FIC_0_CLK_CORERESET_0_dff
  11.756                       MIPI_CAMERA_0/mipicsi2rxdecoderPF_C0_0/MSC_i_0/sot_r0_cclk:ALn (r)
                                    
  11.756                       data arrival time
  ________________________________________________________
  Data required time calculation
  8.000                        MIPI_CAMERA_0/PF_IOD_GENERIC_RX_C0_0/PF_CLK_DIV_FIFO/I_CDD/Y_DIV
               +     0.000          Clock source
  8.000                        MIPI_CAMERA_0/PF_IOD_GENERIC_RX_C0_0/PF_CLK_DIV_FIFO/I_CDD:Y_DIV (r)
               +     1.987          Clock generation
  9.987                        
               +     0.511          net: MIPI_CAMERA_0/PF_IOD_GENERIC_RX_C0_0/PF_CLK_DIV_FIFO_CLK_DIV_OUT
  10.498                       MIPI_CAMERA_0/PF_IOD_GENERIC_RX_C0_0/CLKINT_0_1:A (r)
               +     0.151          cell: ADLIB:ICB_CLKINT
  10.649                       MIPI_CAMERA_0/PF_IOD_GENERIC_RX_C0_0/CLKINT_0_1:Y (r)
               +     0.114          net: MIPI_CAMERA_0/PF_IOD_GENERIC_RX_C0_0/CLKINT_0_NET
  10.763                       MIPI_CAMERA_0/PF_IOD_GENERIC_RX_C0_0/CLKINT_0:A (r)
               +     0.143          cell: ADLIB:GB
  10.906                       MIPI_CAMERA_0/PF_IOD_GENERIC_RX_C0_0/CLKINT_0:Y (r)
               +     0.373          net: MIPI_CAMERA_0/PF_IOD_GENERIC_RX_C0_0/CLKINT_0/U0_Y
  11.279                       MIPI_CAMERA_0/PF_IOD_GENERIC_RX_C0_0/CLKINT_0/U0_RGB1_RGB0:A (r)
               +     0.052          cell: ADLIB:RGB
  11.331                       MIPI_CAMERA_0/PF_IOD_GENERIC_RX_C0_0/CLKINT_0/U0_RGB1_RGB0:Y (f)
               +     0.389          net: MIPI_CAMERA_0/PF_IOD_GENERIC_RX_C0_0/CLKINT_0/U0_RGB1_RGB0_rgb_net_1
  11.720                       MIPI_CAMERA_0/mipicsi2rxdecoderPF_C0_0/MSC_i_0/sot_r0_cclk:CLK (r)
               -     0.078          
  11.642                       clock jitter
               -     0.196          Library recovery time: ADLIB:SLE
  11.446                       MIPI_CAMERA_0/mipicsi2rxdecoderPF_C0_0/MSC_i_0/sot_r0_cclk:ALn
                                    
  11.446                       data required time


Operating Conditions : slow_lv_ht

END SET CLOCKS_AND_RESETS_0/CCC_FIC_x_CLK/PF_CCC_C0_0/pll_inst_0/OUT0 to MIPI_CAMERA_0/PF_IOD_GENERIC_RX_C0_0/PF_CLK_DIV_FIFO/I_CDD/Y_DIV

----------------------------------------------------

SET MIPI_CAMERA_0/PF_CCC_C1_0/PF_CCC_C1_0/pll_inst_0/OUT0 to MIPI_CAMERA_0/PF_IOD_GENERIC_RX_C0_0/PF_CLK_DIV_FIFO/I_CDD/Y_DIV

Path 1
  From: MIPI_CAMERA_0/mipicsi2rxdecoderPF_C0_0/MSC_i_0/sot_r1_pclk:CLK
  To:   MIPI_CAMERA_0/mipicsi2rxdecoderPF_C0_0/MSC_i_0/sot_r0_cclk:EN
  Delay (ns):              0.630
  Slack (ns):             -0.205
  Arrival (ns):            8.081
  Required (ns):           7.876
  Setup (ns):              0.128
  Operating Conditions: slow_lv_ht

Path 2
  From: MIPI_CAMERA_0/mipicsi2rxdecoderPF_C0_0/MSC_i_0/sot_r1_pclk:CLK
  To:   MIPI_CAMERA_0/mipicsi2rxdecoderPF_C0_0/MSC_i_0/sot_r0_cclk:D
  Delay (ns):              0.447
  Slack (ns):              0.106
  Arrival (ns):            7.898
  Required (ns):           8.004
  Setup (ns):              0.000
  Operating Conditions: slow_lv_ht

Path 3
  From: MIPI_CAMERA_0/mipicsi2rxdecoderPF_C0_0/MSC_i_0/MSC_i_4/MSC_i_10/crc_error_reg1:CLK
  To:   MIPI_CAMERA_0/mipicsi2rxdecoderPF_C0_0/MSC_i_0/MSC_i_4/MSC_i_10/crc_err_done_clk_reg0:D
  Delay (ns):              0.359
  Slack (ns):              0.192
  Arrival (ns):            7.816
  Required (ns):           8.008
  Setup (ns):              0.000
  Operating Conditions: slow_lv_ht

Path 4
  From: MIPI_CAMERA_0/mipicsi2rxdecoderPF_C0_0/MSC_i_0/MSC_i_4/MSC_i_10/ecc_error_reg1:CLK
  To:   MIPI_CAMERA_0/mipicsi2rxdecoderPF_C0_0/MSC_i_0/MSC_i_4/MSC_i_10/error_done_cclk_reg0:D
  Delay (ns):              0.353
  Slack (ns):              0.204
  Arrival (ns):            7.831
  Required (ns):           8.035
  Setup (ns):              0.000
  Operating Conditions: slow_lv_ht


Expanded Path 1
  From: MIPI_CAMERA_0/mipicsi2rxdecoderPF_C0_0/MSC_i_0/sot_r1_pclk:CLK
  To: MIPI_CAMERA_0/mipicsi2rxdecoderPF_C0_0/MSC_i_0/sot_r0_cclk:EN
  data required time                                  7.876
  data arrival time                          -        8.081
  slack                                              -0.205
  ________________________________________________________
  Data arrival time calculation
  0.000                        MIPI_CAMERA_0/PF_CCC_C1_0/PF_CCC_C1_0/pll_inst_0/OUT0
               +     0.000          Clock source
  0.000                        MIPI_CAMERA_0/PF_CCC_C1_0/PF_CCC_C1_0/pll_inst_0:OUT0 (r)
               +     5.699          Clock generation
  5.699                        
               +     0.281          net: MIPI_CAMERA_0/PF_CCC_C1_0/PF_CCC_C1_0/pll_inst_0_clkint_0
  5.980                        MIPI_CAMERA_0/PF_CCC_C1_0/PF_CCC_C1_0/clkint_0_1:A (r)
               +     0.243          cell: ADLIB:ICB_CLKINT
  6.223                        MIPI_CAMERA_0/PF_CCC_C1_0/PF_CCC_C1_0/clkint_0_1:Y (r)
               +     0.150          net: MIPI_CAMERA_0/PF_CCC_C1_0/PF_CCC_C1_0/clkint_0_NET
  6.373                        MIPI_CAMERA_0/PF_CCC_C1_0/PF_CCC_C1_0/clkint_0:A (r)
               +     0.164          cell: ADLIB:GB
  6.537                        MIPI_CAMERA_0/PF_CCC_C1_0/PF_CCC_C1_0/clkint_0:Y (r)
               +     0.414          net: MIPI_CAMERA_0/PF_CCC_C1_0/PF_CCC_C1_0/clkint_0/U0_Y
  6.951                        MIPI_CAMERA_0/PF_CCC_C1_0/PF_CCC_C1_0/clkint_0/U0_RGB1_RGB1:A (r)
               +     0.058          cell: ADLIB:RGB
  7.009                        MIPI_CAMERA_0/PF_CCC_C1_0/PF_CCC_C1_0/clkint_0/U0_RGB1_RGB1:Y (f)
               +     0.442          net: MIPI_CAMERA_0/PF_CCC_C1_0/PF_CCC_C1_0/clkint_0/U0_RGB1_RGB1_rgb_net_1
  7.451                        MIPI_CAMERA_0/mipicsi2rxdecoderPF_C0_0/MSC_i_0/sot_r1_pclk:CLK (r)
               +     0.201          cell: ADLIB:SLE
  7.652                        MIPI_CAMERA_0/mipicsi2rxdecoderPF_C0_0/MSC_i_0/sot_r1_pclk:Q (r)
               +     0.171          net: MIPI_CAMERA_0/mipicsi2rxdecoderPF_C0_0/MSC_i_0/MSC_net_397
  7.823                        MIPI_CAMERA_0/mipicsi2rxdecoderPF_C0_0/MSC_i_0/sot_r0_cclk_RNO_0:A (r)
               +     0.053          cell: ADLIB:CFG2
  7.876                        MIPI_CAMERA_0/mipicsi2rxdecoderPF_C0_0/MSC_i_0/sot_r0_cclk_RNO_0:Y (r)
               +     0.205          net: MIPI_CAMERA_0/mipicsi2rxdecoderPF_C0_0/MSC_i_0/MSC_net_407
  8.081                        MIPI_CAMERA_0/mipicsi2rxdecoderPF_C0_0/MSC_i_0/sot_r0_cclk:EN (r)
                                    
  8.081                        data arrival time
  ________________________________________________________
  Data required time calculation
  4.000                        MIPI_CAMERA_0/PF_IOD_GENERIC_RX_C0_0/PF_CLK_DIV_FIFO/I_CDD/Y_DIV
               +     0.000          Clock source
  4.000                        MIPI_CAMERA_0/PF_IOD_GENERIC_RX_C0_0/PF_CLK_DIV_FIFO/I_CDD:Y_DIV (r)
               +     1.987          Clock generation
  5.987                        
               +     0.511          net: MIPI_CAMERA_0/PF_IOD_GENERIC_RX_C0_0/PF_CLK_DIV_FIFO_CLK_DIV_OUT
  6.498                        MIPI_CAMERA_0/PF_IOD_GENERIC_RX_C0_0/CLKINT_0_1:A (r)
               +     0.151          cell: ADLIB:ICB_CLKINT
  6.649                        MIPI_CAMERA_0/PF_IOD_GENERIC_RX_C0_0/CLKINT_0_1:Y (r)
               +     0.114          net: MIPI_CAMERA_0/PF_IOD_GENERIC_RX_C0_0/CLKINT_0_NET
  6.763                        MIPI_CAMERA_0/PF_IOD_GENERIC_RX_C0_0/CLKINT_0:A (r)
               +     0.143          cell: ADLIB:GB
  6.906                        MIPI_CAMERA_0/PF_IOD_GENERIC_RX_C0_0/CLKINT_0:Y (r)
               +     0.373          net: MIPI_CAMERA_0/PF_IOD_GENERIC_RX_C0_0/CLKINT_0/U0_Y
  7.279                        MIPI_CAMERA_0/PF_IOD_GENERIC_RX_C0_0/CLKINT_0/U0_RGB1_RGB0:A (r)
               +     0.052          cell: ADLIB:RGB
  7.331                        MIPI_CAMERA_0/PF_IOD_GENERIC_RX_C0_0/CLKINT_0/U0_RGB1_RGB0:Y (f)
               +     0.389          net: MIPI_CAMERA_0/PF_IOD_GENERIC_RX_C0_0/CLKINT_0/U0_RGB1_RGB0_rgb_net_1
  7.720                        MIPI_CAMERA_0/mipicsi2rxdecoderPF_C0_0/MSC_i_0/sot_r0_cclk:CLK (r)
               +     0.362          
  8.082                        clock reconvergence pessimism
               -     0.078          
  8.004                        clock jitter
               -     0.128          Library setup time: ADLIB:SLE
  7.876                        MIPI_CAMERA_0/mipicsi2rxdecoderPF_C0_0/MSC_i_0/sot_r0_cclk:EN
                                    
  7.876                        data required time


Operating Conditions : slow_lv_ht

END SET MIPI_CAMERA_0/PF_CCC_C1_0/PF_CCC_C1_0/pll_inst_0/OUT0 to MIPI_CAMERA_0/PF_IOD_GENERIC_RX_C0_0/PF_CLK_DIV_FIFO/I_CDD/Y_DIV

----------------------------------------------------

SET MIPI_CAMERA_0/PF_IOD_GENERIC_RX_C0_0/COREBCLKSCLKALIGN_0/PF_IOD_GENERIC_RX_C0_TR_0/genblk1.U_ICB_BCLKSCLKALIGN/RX_CLK_ALIGN_MOVE:Q to MIPI_CAMERA_0/PF_IOD_GENERIC_RX_C0_0/PF_CLK_DIV_FIFO/I_CDD/Y_DIV

No Path 

END SET MIPI_CAMERA_0/PF_IOD_GENERIC_RX_C0_0/COREBCLKSCLKALIGN_0/PF_IOD_GENERIC_RX_C0_TR_0/genblk1.U_ICB_BCLKSCLKALIGN/RX_CLK_ALIGN_MOVE:Q to MIPI_CAMERA_0/PF_IOD_GENERIC_RX_C0_0/PF_CLK_DIV_FIFO/I_CDD/Y_DIV

----------------------------------------------------

Clock Domain MSS_WRAPPER_0/MPFS_DISCOVERY_KIT_MSS_0/I_MSS:SPI_0_CLK_M2F

SET Register to Register

No Path 

END SET Register to Register

----------------------------------------------------

SET External Setup

No Path 

END SET External Setup

----------------------------------------------------

SET Clock to Output

No Path 

END SET Clock to Output

----------------------------------------------------

SET Register to Asynchronous

No Path 

END SET Register to Asynchronous

----------------------------------------------------

SET External Recovery

No Path 

END SET External Recovery

----------------------------------------------------

SET Asynchronous to Register

No Path 

END SET Asynchronous to Register

----------------------------------------------------

Clock Domain MSS_WRAPPER_0/MPFS_DISCOVERY_KIT_MSS_0/I_MSS:SPI_0_CLK_M2F

SET Register to Register

No Path 

END SET Register to Register

----------------------------------------------------

SET External Setup

No Path 

END SET External Setup

----------------------------------------------------

SET Clock to Output

No Path 

END SET Clock to Output

----------------------------------------------------

SET Register to Asynchronous

No Path 

END SET Register to Asynchronous

----------------------------------------------------

SET External Recovery

No Path 

END SET External Recovery

----------------------------------------------------

SET Asynchronous to Register

No Path 

END SET Asynchronous to Register

----------------------------------------------------

Clock Domain REF_CLK_50MHz

Info: The maximum frequency of this clock domain is limited by the minimum pulse widths of pin REF_CLK_50MHz_ibuf/U_IOPAD:PAD

SET Register to Register

No Path 

END SET Register to Register

----------------------------------------------------

SET External Setup

No Path 

END SET External Setup

----------------------------------------------------

SET Clock to Output

No Path 

END SET Clock to Output

----------------------------------------------------

SET Register to Asynchronous

No Path 

END SET Register to Asynchronous

----------------------------------------------------

SET External Recovery

No Path 

END SET External Recovery

----------------------------------------------------

SET Asynchronous to Register

No Path 

END SET Asynchronous to Register

----------------------------------------------------

Clock Domain RX_CLK_P

Info: The maximum frequency of this clock domain is limited by the minimum pulse widths of pin MIPI_CAMERA_0/PF_IOD_GENERIC_RX_C0_0/CLK_0/U_IOPADP:PAD

SET Register to Register

No Path 

END SET Register to Register

----------------------------------------------------

SET External Setup

Path 1
  From: RXD[1]
  To:   MIPI_CAMERA_0/PF_IOD_GENERIC_RX_C0_0/PF_IOD_RX/I_IOD_1:RX_P
  Delay (ns):              0.599
  Arrival (ns):            0.599
  Setup (ns):              1.611
  External Setup (ns):    -1.100
  Operating Conditions: slow_lv_lt

Path 2
  From: RXD[0]
  To:   MIPI_CAMERA_0/PF_IOD_GENERIC_RX_C0_0/PF_IOD_RX/I_IOD_0:RX_P
  Delay (ns):              0.599
  Arrival (ns):            0.599
  Setup (ns):              1.611
  External Setup (ns):    -1.100
  Operating Conditions: slow_lv_lt


Expanded Path 1
  From: RXD[1]
  To: MIPI_CAMERA_0/PF_IOD_GENERIC_RX_C0_0/PF_IOD_RX/I_IOD_1:RX_P
  data required time                                    N/C
  data arrival time                          -        0.599
  slack                                                 N/C
  ________________________________________________________
  Data arrival time calculation
  0.000                        RXD[1] (f)
               +     0.000          net: RXD[1]
  0.000                        MIPI_CAMERA_0/PF_IOD_GENERIC_RX_C0_0/PF_IOD_RX/I_INBUF_DIFF_MIPI_1/U_IOPADP:PAD (f)
               +     0.599          cell: ADLIB:IOPADP_IN_MIPI
  0.599                        MIPI_CAMERA_0/PF_IOD_GENERIC_RX_C0_0/PF_IOD_RX/I_INBUF_DIFF_MIPI_1/U_IOPADP:Y (f)
               +     0.000          net: MIPI_CAMERA_0/PF_IOD_GENERIC_RX_C0_0/PF_IOD_RX/Y_I_INBUF_DIFF_MIPI_1_net
  0.599                        MIPI_CAMERA_0/PF_IOD_GENERIC_RX_C0_0/PF_IOD_RX/I_IOD_1:RX_P (f)
                                    
  0.599                        data arrival time
  ________________________________________________________
  Data required time calculation
  N/C                          RX_CLK_P
               +     0.000          Clock source
  N/C                          RX_CLK_P (f)
               +     0.000          net: RX_CLK_P
  N/C                          MIPI_CAMERA_0/PF_IOD_GENERIC_RX_C0_0/CLK_0/U_IOPADP:PAD (f)
               +     0.519          cell: ADLIB:IOPADP_IN
  N/C                          MIPI_CAMERA_0/PF_IOD_GENERIC_RX_C0_0/CLK_0/U_IOPADP:Y (f)
               +     0.506          net: MIPI_CAMERA_0/PF_IOD_GENERIC_RX_C0_0/CLK_0_Y
  N/C                          MIPI_CAMERA_0/PF_IOD_GENERIC_RX_C0_0/HS_IO_CLK_CASCADED:A (f)
               +     0.187          cell: ADLIB:HS_IO_CLK
  N/C                          MIPI_CAMERA_0/PF_IOD_GENERIC_RX_C0_0/HS_IO_CLK_CASCADED:Y (f)
               +     0.333          net: MIPI_CAMERA_0/PF_IOD_GENERIC_RX_C0_0/Y_1
  N/C                          MIPI_CAMERA_0/PF_IOD_GENERIC_RX_C0_0/PF_CLK_DIV_RXCLK/I_CDD:A (f)
               +     0.539          cell: ADLIB:ICB_CLKDIVDELAY
  N/C                          MIPI_CAMERA_0/PF_IOD_GENERIC_RX_C0_0/PF_CLK_DIV_RXCLK/I_CDD:Y_FB (f)
               +     0.335          net: MIPI_CAMERA_0/PF_IOD_GENERIC_RX_C0_0/PF_CLK_DIV_RXCLK_CLK_OUT_HS_IO_CLK
  N/C                          MIPI_CAMERA_0/PF_IOD_GENERIC_RX_C0_0/HS_IO_CLK_RX:A (f)
               +     0.259          cell: ADLIB:HS_IO_CLK
  N/C                          MIPI_CAMERA_0/PF_IOD_GENERIC_RX_C0_0/HS_IO_CLK_RX:Y (f)
               +     0.056          net: MIPI_CAMERA_0/PF_IOD_GENERIC_RX_C0_0/HS_IO_CLK_RX_Y
  N/C                          MIPI_CAMERA_0/PF_IOD_GENERIC_RX_C0_0/PF_LANECTRL_0/I_LANECTRL:HS_IO_CLK[1] (f)
               +     0.654          cell: ADLIB:LANECTRL
  N/C                          MIPI_CAMERA_0/PF_IOD_GENERIC_RX_C0_0/PF_LANECTRL_0/I_LANECTRL:RX_DQS_90[0] (f)
               +     0.000          net: MIPI_CAMERA_0/PF_IOD_GENERIC_RX_C0_0/PF_LANECTRL_0/RX_DQS_90[0]
  N/C                          MIPI_CAMERA_0/PF_IOD_GENERIC_RX_C0_0/PF_IOD_RX/I_IOD_1:RX_DQS_90[0] (f)
               -     0.078          
  N/C                          clock jitter
               -     1.611          Library setup time: ADLIB:IOD
  N/C                          MIPI_CAMERA_0/PF_IOD_GENERIC_RX_C0_0/PF_IOD_RX/I_IOD_1:RX_P


Operating Conditions : slow_lv_lt

END SET External Setup

----------------------------------------------------

SET Clock to Output

No Path 

END SET Clock to Output

----------------------------------------------------

SET Register to Asynchronous

No Path 

END SET Register to Asynchronous

----------------------------------------------------

SET External Recovery

No Path 

END SET External Recovery

----------------------------------------------------

SET Asynchronous to Register

No Path 

END SET Asynchronous to Register

----------------------------------------------------

Clock Domain CLOCKS_AND_RESETS_0/CCC_FIC_x_CLK/PF_CCC_C0_0/pll_inst_0/OUT2

Info: The maximum frequency of this clock domain is limited by the period of pin MSS_WRAPPER_0/MPFS_DISCOVERY_KIT_MSS_0/I_MSS:FIC_2_ACLK

SET Register to Register

No Path 

END SET Register to Register

----------------------------------------------------

SET External Setup

No Path 

END SET External Setup

----------------------------------------------------

SET Clock to Output

No Path 

END SET Clock to Output

----------------------------------------------------

SET Register to Asynchronous

No Path 

END SET Register to Asynchronous

----------------------------------------------------

SET External Recovery

No Path 

END SET External Recovery

----------------------------------------------------

SET Asynchronous to Register

No Path 

END SET Asynchronous to Register

----------------------------------------------------

Path set Pin to Pin

SET Input to Output

No Path 

END SET Input to Output

----------------------------------------------------

