Timing Report Max Delay Analysis

SmartTime Version 2025.2
Microchip Technology Inc. - Microchip Libero Software Release 2025.2 (Version 2025.2.0.14)
Date: Thu Apr  9 00:01:54 2026


Design: MPFS_DISCOVERY_KIT
Family: PolarFireSoC
Die: MPFS095T
Package: FCSG325
Temperature Range: 0 - 100 C
Voltage Range: 0.97 - 1.03 V
Speed Grade: -1
Design State: Post-Layout
Data source: Production
Multi Corner Report Operating Conditions: slow_lv_lt,fast_hv_lt,slow_lv_ht


-----------------------------------------------------
SUMMARY

Clock Domain:               CLOCKS_AND_RESETS_0/CCC_FIC_x_CLK/PF_CCC_C0_0/pll_inst_0/OUT0
Required Period (ns):       8.000
Required Frequency (MHz):   125.000
Worst Slack (ns):           -0.284
Operating Conditions:       slow_lv_ht

Clock Domain:               CLOCKS_AND_RESETS_0/CCC_FIC_x_CLK/PF_CCC_C0_0/pll_inst_0/OUT1
Required Period (ns):       8.000
Required Frequency (MHz):   125.000
Worst Slack (ns):           -0.118
Operating Conditions:       slow_lv_ht

Clock Domain:               CLOCKS_AND_RESETS_0/CCC_FIC_x_CLK/PF_CCC_C0_0/pll_inst_0/OUT3
Required Period (ns):       20.000
Required Frequency (MHz):   50.000
Worst Slack (ns):           2.530
Operating Conditions:       slow_lv_ht

Clock Domain:               FIC_0_PERIPHERALS_0/security_core_0/rng/neoTRNG_0/entropy_cell_gen.0.neoTRNG_cell_inst/sreg_0[0]:Q
Required Period (ns):       N/A
Required Frequency (MHz):   N/A
Worst Slack (ns):           
Operating Conditions:       

Clock Domain:               FIC_0_PERIPHERALS_0/security_core_0/rng/neoTRNG_0/entropy_cell_gen.0.neoTRNG_cell_inst/sreg_1[0]:Q
Required Period (ns):       N/A
Required Frequency (MHz):   N/A
Worst Slack (ns):           
Operating Conditions:       

Clock Domain:               FIC_0_PERIPHERALS_0/security_core_0/rng/neoTRNG_0/entropy_cell_gen.0.neoTRNG_cell_inst/sreg_2[0]:Q
Required Period (ns):       N/A
Required Frequency (MHz):   N/A
Worst Slack (ns):           
Operating Conditions:       

Clock Domain:               FIC_0_PERIPHERALS_0/security_core_0/rng/neoTRNG_0/entropy_cell_gen.0.neoTRNG_cell_inst/sreg_3[0]:Q
Required Period (ns):       N/A
Required Frequency (MHz):   N/A
Worst Slack (ns):           
Operating Conditions:       

Clock Domain:               FIC_0_PERIPHERALS_0/security_core_0/rng/neoTRNG_0/entropy_cell_gen.0.neoTRNG_cell_inst/sreg_4[0]:Q
Required Period (ns):       N/A
Required Frequency (MHz):   N/A
Worst Slack (ns):           
Operating Conditions:       

Clock Domain:               FIC_0_PERIPHERALS_0/security_core_0/rng/neoTRNG_0/entropy_cell_gen.1.neoTRNG_cell_inst/sreg_0[0]:Q
Required Period (ns):       N/A
Required Frequency (MHz):   N/A
Worst Slack (ns):           
Operating Conditions:       

Clock Domain:               FIC_0_PERIPHERALS_0/security_core_0/rng/neoTRNG_0/entropy_cell_gen.1.neoTRNG_cell_inst/sreg_1[0]:Q
Required Period (ns):       N/A
Required Frequency (MHz):   N/A
Worst Slack (ns):           
Operating Conditions:       

Clock Domain:               FIC_0_PERIPHERALS_0/security_core_0/rng/neoTRNG_0/entropy_cell_gen.1.neoTRNG_cell_inst/sreg_2[0]:Q
Required Period (ns):       N/A
Required Frequency (MHz):   N/A
Worst Slack (ns):           
Operating Conditions:       

Clock Domain:               FIC_0_PERIPHERALS_0/security_core_0/rng/neoTRNG_0/entropy_cell_gen.1.neoTRNG_cell_inst/sreg_3[0]:Q
Required Period (ns):       N/A
Required Frequency (MHz):   N/A
Worst Slack (ns):           
Operating Conditions:       

Clock Domain:               FIC_0_PERIPHERALS_0/security_core_0/rng/neoTRNG_0/entropy_cell_gen.1.neoTRNG_cell_inst/sreg_4[0]:Q
Required Period (ns):       N/A
Required Frequency (MHz):   N/A
Worst Slack (ns):           
Operating Conditions:       

Clock Domain:               FIC_0_PERIPHERALS_0/security_core_0/rng/neoTRNG_0/entropy_cell_gen.1.neoTRNG_cell_inst/sreg_5[0]:Q
Required Period (ns):       N/A
Required Frequency (MHz):   N/A
Worst Slack (ns):           
Operating Conditions:       

Clock Domain:               FIC_0_PERIPHERALS_0/security_core_0/rng/neoTRNG_0/entropy_cell_gen.1.neoTRNG_cell_inst/sreg_6[0]:Q
Required Period (ns):       N/A
Required Frequency (MHz):   N/A
Worst Slack (ns):           
Operating Conditions:       

Clock Domain:               FIC_0_PERIPHERALS_0/security_core_0/rng/neoTRNG_0/entropy_cell_gen.2.neoTRNG_cell_inst/sreg_0[0]:Q
Required Period (ns):       N/A
Required Frequency (MHz):   N/A
Worst Slack (ns):           
Operating Conditions:       

Clock Domain:               FIC_0_PERIPHERALS_0/security_core_0/rng/neoTRNG_0/entropy_cell_gen.2.neoTRNG_cell_inst/sreg_1[0]:Q
Required Period (ns):       N/A
Required Frequency (MHz):   N/A
Worst Slack (ns):           
Operating Conditions:       

Clock Domain:               FIC_0_PERIPHERALS_0/security_core_0/rng/neoTRNG_0/entropy_cell_gen.2.neoTRNG_cell_inst/sreg_2[0]:Q
Required Period (ns):       N/A
Required Frequency (MHz):   N/A
Worst Slack (ns):           
Operating Conditions:       

Clock Domain:               FIC_0_PERIPHERALS_0/security_core_0/rng/neoTRNG_0/entropy_cell_gen.2.neoTRNG_cell_inst/sreg_3[0]:Q
Required Period (ns):       N/A
Required Frequency (MHz):   N/A
Worst Slack (ns):           
Operating Conditions:       

Clock Domain:               FIC_0_PERIPHERALS_0/security_core_0/rng/neoTRNG_0/entropy_cell_gen.2.neoTRNG_cell_inst/sreg_4[0]:Q
Required Period (ns):       N/A
Required Frequency (MHz):   N/A
Worst Slack (ns):           
Operating Conditions:       

Clock Domain:               FIC_0_PERIPHERALS_0/security_core_0/rng/neoTRNG_0/entropy_cell_gen.2.neoTRNG_cell_inst/sreg_5[0]:Q
Required Period (ns):       N/A
Required Frequency (MHz):   N/A
Worst Slack (ns):           
Operating Conditions:       

Clock Domain:               FIC_0_PERIPHERALS_0/security_core_0/rng/neoTRNG_0/entropy_cell_gen.2.neoTRNG_cell_inst/sreg_6[0]:Q
Required Period (ns):       N/A
Required Frequency (MHz):   N/A
Worst Slack (ns):           
Operating Conditions:       

Clock Domain:               FIC_0_PERIPHERALS_0/security_core_0/rng/neoTRNG_0/entropy_cell_gen.2.neoTRNG_cell_inst/sreg_7[0]:Q
Required Period (ns):       N/A
Required Frequency (MHz):   N/A
Worst Slack (ns):           
Operating Conditions:       

Clock Domain:               FIC_0_PERIPHERALS_0/security_core_0/rng/neoTRNG_0/entropy_cell_gen.2.neoTRNG_cell_inst/sreg_8[0]:Q
Required Period (ns):       N/A
Required Frequency (MHz):   N/A
Worst Slack (ns):           
Operating Conditions:       

Clock Domain:               MBUS_SPI_CLK
Required Period (ns):       N/A
Required Frequency (MHz):   N/A
Worst Slack (ns):           
Operating Conditions:       

Clock Domain:               MIPI_CAMERA_0/PF_CCC_C1_0/PF_CCC_C1_0/pll_inst_0/OUT0
Required Period (ns):       20.000
Required Frequency (MHz):   50.000
Worst Slack (ns):           0.455
Operating Conditions:       slow_lv_ht

Clock Domain:               MIPI_CAMERA_0/PF_IOD_GENERIC_RX_C0_0/COREBCLKSCLKALIGN_0/PF_IOD_GENERIC_RX_C0_TR_0/genblk1.U_ICB_BCLKSCLKALIGN/RX_CLK_ALIGN_MOVE:Q
Required Period (ns):       N/A
Required Frequency (MHz):   N/A
Worst Slack (ns):           
Operating Conditions:       

Clock Domain:               MIPI_CAMERA_0/PF_IOD_GENERIC_RX_C0_0/PF_CLK_DIV_FIFO/I_CDD/Y_DIV
Required Period (ns):       16.000
Required Frequency (MHz):   62.500
Worst Slack (ns):           -0.213
Operating Conditions:       slow_lv_ht

Clock Domain:               MSS_WRAPPER_0/MPFS_DISCOVERY_KIT_MSS_0/I_MSS:SPI_0_CLK_M2F
Required Period (ns):       N/A
Required Frequency (MHz):   N/A
Worst Slack (ns):           
Operating Conditions:       

Clock Domain:               MSS_WRAPPER_0/MPFS_DISCOVERY_KIT_MSS_0/I_MSS:SPI_0_CLK_M2F
Required Period (ns):       N/A
Required Frequency (MHz):   N/A
Worst Slack (ns):           
Operating Conditions:       

Clock Domain:               REF_CLK_50MHz
Required Period (ns):       20.000
Required Frequency (MHz):   50.000
Worst Slack (ns):           
Operating Conditions:       

Clock Domain:               RX_CLK_P
Required Period (ns):       4.000
Required Frequency (MHz):   250.000
Worst Slack (ns):           
Operating Conditions:       

Clock Domain:               CLOCKS_AND_RESETS_0/CCC_FIC_x_CLK/PF_CCC_C0_0/pll_inst_0/OUT2
Required Period (ns):       8.000
Required Frequency (MHz):   125.000
Worst Slack (ns):           
Operating Conditions:       

                            Input to Output
Max Delay (ns):             N/A

END SUMMARY
-----------------------------------------------------

Clock Domain CLOCKS_AND_RESETS_0/CCC_FIC_x_CLK/PF_CCC_C0_0/pll_inst_0/OUT0

SET Register to Register

Path 1
  From: FIC_0_PERIPHERALS_0/security_core_0/hash_core/t_Z[5]:CLK
  To:   FIC_0_PERIPHERALS_0/security_core_0/hash_core/a[31]:D
  Delay (ns):              8.061
  Slack (ns):             -0.284
  Arrival (ns):           15.702
  Required (ns):          15.418
  Setup (ns):              0.000
  Minimum Period (ns):     8.149
  Operating Conditions: slow_lv_ht

Path 2
  From: FIC_0_PERIPHERALS_0/security_core_0/hash_core/t_fast[1]:CLK
  To:   FIC_0_PERIPHERALS_0/security_core_0/hash_core/a[31]:D
  Delay (ns):              8.002
  Slack (ns):             -0.225
  Arrival (ns):           15.643
  Required (ns):          15.418
  Setup (ns):              0.000
  Minimum Period (ns):     8.090
  Operating Conditions: slow_lv_ht

Path 3
  From: FIC_0_PERIPHERALS_0/security_core_0/hash_core/t_Z[4]:CLK
  To:   FIC_0_PERIPHERALS_0/security_core_0/hash_core/a[31]:D
  Delay (ns):              7.917
  Slack (ns):             -0.140
  Arrival (ns):           15.558
  Required (ns):          15.418
  Setup (ns):              0.000
  Minimum Period (ns):     8.005
  Operating Conditions: slow_lv_ht

Path 4
  From: FIC_0_PERIPHERALS_0/security_core_0/hash_core/t_fast[2]:CLK
  To:   FIC_0_PERIPHERALS_0/security_core_0/hash_core/a[31]:D
  Delay (ns):              7.897
  Slack (ns):             -0.118
  Arrival (ns):           15.536
  Required (ns):          15.418
  Setup (ns):              0.000
  Minimum Period (ns):     7.983
  Operating Conditions: slow_lv_ht

Path 5
  From: FIC_0_PERIPHERALS_0/security_core_0/hash_core/t_Z[3]:CLK
  To:   FIC_0_PERIPHERALS_0/security_core_0/hash_core/a[31]:D
  Delay (ns):              7.745
  Slack (ns):              0.034
  Arrival (ns):           15.384
  Required (ns):          15.418
  Setup (ns):              0.000
  Minimum Period (ns):     7.831
  Operating Conditions: slow_lv_ht


Expanded Path 1
  From: FIC_0_PERIPHERALS_0/security_core_0/hash_core/t_Z[5]:CLK
  To: FIC_0_PERIPHERALS_0/security_core_0/hash_core/a[31]:D
  data required time                                 15.418
  data arrival time                          -       15.702
  slack                                              -0.284
  ________________________________________________________
  Data arrival time calculation
  0.000                        CLOCKS_AND_RESETS_0/CCC_FIC_x_CLK/PF_CCC_C0_0/pll_inst_0/OUT0
               +     0.000          Clock source
  0.000                        CLOCKS_AND_RESETS_0/CCC_FIC_x_CLK/PF_CCC_C0_0/pll_inst_0:OUT0 (r)
               +     4.312          Clock generation
  4.312                        
               +     1.709          net: CLOCKS_AND_RESETS_0/CCC_FIC_x_CLK/PF_CCC_C0_0/pll_inst_0_clkint_0
  6.021                        CLOCKS_AND_RESETS_0/CCC_FIC_x_CLK/PF_CCC_C0_0/clkint_0_1:A (r)
               +     0.150          cell: ADLIB:ICB_CLKINT
  6.171                        CLOCKS_AND_RESETS_0/CCC_FIC_x_CLK/PF_CCC_C0_0/clkint_0_1:Y (r)
               +     0.386          net: CLOCKS_AND_RESETS_0/CCC_FIC_x_CLK/PF_CCC_C0_0/clkint_0_NET
  6.557                        CLOCKS_AND_RESETS_0/CCC_FIC_x_CLK/PF_CCC_C0_0/clkint_0/U0_GB0:A (r)
               +     0.167          cell: ADLIB:GB
  6.724                        CLOCKS_AND_RESETS_0/CCC_FIC_x_CLK/PF_CCC_C0_0/clkint_0/U0_GB0:Y (r)
               +     0.404          net: CLOCKS_AND_RESETS_0/CCC_FIC_x_CLK/PF_CCC_C0_0/clkint_0/U0_gbs_1
  7.128                        CLOCKS_AND_RESETS_0/CCC_FIC_x_CLK/PF_CCC_C0_0/clkint_0/U0_RGB1_RGB9:A (r)
               +     0.058          cell: ADLIB:RGB
  7.186                        CLOCKS_AND_RESETS_0/CCC_FIC_x_CLK/PF_CCC_C0_0/clkint_0/U0_RGB1_RGB9:Y (f)
               +     0.455          net: CLOCKS_AND_RESETS_0/CCC_FIC_x_CLK/PF_CCC_C0_0/clkint_0/U0_RGB1_RGB9_rgb_net_1
  7.641                        FIC_0_PERIPHERALS_0/security_core_0/hash_core/t_Z[5]:CLK (r)
               +     0.201          cell: ADLIB:SLE
  7.842                        FIC_0_PERIPHERALS_0/security_core_0/hash_core/t_Z[5]:Q (r)
               +     0.519          net: FIC_0_PERIPHERALS_0/security_core_0/hash_core_t[5]
  8.361                        FIC_0_PERIPHERALS_0/security_core_0/hash_core/_l0.ROUND_0.Ki_2_31_0_.m4:B (r)
               +     0.148          cell: ADLIB:CFG2
  8.509                        FIC_0_PERIPHERALS_0/security_core_0/hash_core/_l0.ROUND_0.Ki_2_31_0_.m4:Y (f)
               +     0.175          net: FIC_0_PERIPHERALS_0/security_core_0/hash_core/N_5_0
  8.684                        FIC_0_PERIPHERALS_0/security_core_0/hash_core/un1_ROUND_7_axb_0_N_2L1:D (f)
               +     0.166          cell: ADLIB:CFG4
  8.850                        FIC_0_PERIPHERALS_0/security_core_0/hash_core/un1_ROUND_7_axb_0_N_2L1:Y (r)
               +     0.356          net: FIC_0_PERIPHERALS_0/security_core_0/hash_core/N_12_i_1
  9.206                        FIC_0_PERIPHERALS_0/security_core_0/hash_core/un1_ROUND_7_cry_0:C (r)
               +     0.156          cell: ADLIB:ARI1_CC
  9.362                        FIC_0_PERIPHERALS_0/security_core_0/hash_core/un1_ROUND_7_cry_0:P (r)
               +     0.015          net: NET_CC_CONFIG13985
  9.377                        FIC_0_PERIPHERALS_0/security_core_0/hash_core/un1_ROUND_7_cry_0_CC_0:P[2] (r)
               +     0.409          cell: ADLIB:CC_CONFIG
  9.786                        FIC_0_PERIPHERALS_0/security_core_0/hash_core/un1_ROUND_7_cry_0_CC_0:CC[11] (r)
               +     0.000          net: NET_CC_CONFIG14024
  9.786                        FIC_0_PERIPHERALS_0/security_core_0/hash_core/un1_ROUND_7_cry_9:CC (r)
               +     0.063          cell: ADLIB:ARI1_CC
  9.849                        FIC_0_PERIPHERALS_0/security_core_0/hash_core/un1_ROUND_7_cry_9:S (r)
               +     0.737          net: FIC_0_PERIPHERALS_0/security_core_0/hash_core/un1_ROUND_7_Z[9]
  10.586                       FIC_0_PERIPHERALS_0/security_core_0/hash_core/un1_ROUND_7_cry_9_RNIKIKAIT1:B (r)
               +     0.090          cell: ADLIB:ARI1_CC
  10.676                       FIC_0_PERIPHERALS_0/security_core_0/hash_core/un1_ROUND_7_cry_9_RNIKIKAIT1:Y (r)
               +     0.067          net: FIC_0_PERIPHERALS_0/security_core_0/hash_core/un1_ROUND_7_cry_9_RNIKIKAIT1_Y
  10.743                       FIC_0_PERIPHERALS_0/security_core_0/hash_core/un1_ROUND_7_cry_10_RNI8U6VG72:A (r)
               +     0.051          cell: ADLIB:ARI1_CC
  10.794                       FIC_0_PERIPHERALS_0/security_core_0/hash_core/un1_ROUND_7_cry_10_RNI8U6VG72:P (f)
               +     0.014          net: NET_CC_CONFIG8933
  10.808                       FIC_0_PERIPHERALS_0/security_core_0/hash_core/un1_ROUND_7_cry_0_RNI7M7AP_CC_1:P[11] (f)
               +     0.164          cell: ADLIB:CC_CONFIG
  10.972                       FIC_0_PERIPHERALS_0/security_core_0/hash_core/un1_ROUND_7_cry_0_RNI7M7AP_CC_1:CO (f)
               +     0.008          net: CI_TO_CO8849
  10.980                       FIC_0_PERIPHERALS_0/security_core_0/hash_core/un1_ROUND_7_cry_0_RNI7M7AP_CC_2:CI (f)
               +     0.104          cell: ADLIB:CC_CONFIG
  11.084                       FIC_0_PERIPHERALS_0/security_core_0/hash_core/un1_ROUND_7_cry_0_RNI7M7AP_CC_2:CO (f)
               +     0.008          net: CI_TO_CO8850
  11.092                       FIC_0_PERIPHERALS_0/security_core_0/hash_core/un1_ROUND_7_cry_0_RNI7M7AP_CC_3:CI (f)
               +     0.139          cell: ADLIB:CC_CONFIG
  11.231                       FIC_0_PERIPHERALS_0/security_core_0/hash_core/un1_ROUND_7_cry_0_RNI7M7AP_CC_3:CC[9] (r)
               +     0.000          net: NET_CC_CONFIG9024
  11.231                       FIC_0_PERIPHERALS_0/security_core_0/hash_core/un1_ROUND_7_cry_21_RNIIVNI88:CC (r)
               +     0.063          cell: ADLIB:ARI1_CC
  11.294                       FIC_0_PERIPHERALS_0/security_core_0/hash_core/un1_ROUND_7_cry_21_RNIIVNI88:S (r)
               +     0.453          net: FIC_0_PERIPHERALS_0/security_core_0/hash_core/un1_ROUND_7_cry_21_RNIIVNI88_S
  11.747                       FIC_0_PERIPHERALS_0/security_core_0/hash_core/un8_T1__v[21]:B (r)
               +     0.053          cell: ADLIB:CFG3
  11.800                       FIC_0_PERIPHERALS_0/security_core_0/hash_core/un8_T1__v[21]:Y (r)
               +     0.446          net: FIC_0_PERIPHERALS_0/security_core_0/hash_core/CH[21]
  12.246                       FIC_0_PERIPHERALS_0/security_core_0/hash_core/un8_T1__v_RNIK0H0KH2[21]:B (r)
               +     0.090          cell: ADLIB:ARI1_CC
  12.336                       FIC_0_PERIPHERALS_0/security_core_0/hash_core/un8_T1__v_RNIK0H0KH2[21]:Y (r)
               +     0.065          net: FIC_0_PERIPHERALS_0/security_core_0/hash_core/un8_T1__v_RNIK0H0KH2_Y[21]
  12.401                       FIC_0_PERIPHERALS_0/security_core_0/hash_core/un8_T1__v_RNIU7EMF51[22]:A (r)
               +     0.051          cell: ADLIB:ARI1_CC
  12.452                       FIC_0_PERIPHERALS_0/security_core_0/hash_core/un8_T1__v_RNIU7EMF51[22]:P (f)
               +     0.016          net: NET_CC_CONFIG11563
  12.468                       FIC_0_PERIPHERALS_0/security_core_0/hash_core/un8_T1__v_RNIIBMNO1[0]_CC_4:P[1] (f)
               +     0.432          cell: ADLIB:CC_CONFIG
  12.900                       FIC_0_PERIPHERALS_0/security_core_0/hash_core/un8_T1__v_RNIIBMNO1[0]_CC_4:CC[7] (r)
               +     0.000          net: NET_CC_CONFIG11590
  12.900                       FIC_0_PERIPHERALS_0/security_core_0/hash_core/un8_T1__v_RNI25FIUK2[25]:CC (r)
               +     0.063          cell: ADLIB:ARI1_CC
  12.963                       FIC_0_PERIPHERALS_0/security_core_0/hash_core/un8_T1__v_RNI25FIUK2[25]:S (r)
               +     0.342          net: FIC_0_PERIPHERALS_0/security_core_0/hash_core/un9_ROUND_8[25]
  13.305                       FIC_0_PERIPHERALS_0/security_core_0/hash_core/EP1_RNI2B3DPO2[25]:B (r)
               +     0.090          cell: ADLIB:ARI1_CC
  13.395                       FIC_0_PERIPHERALS_0/security_core_0/hash_core/EP1_RNI2B3DPO2[25]:Y (r)
               +     0.067          net: FIC_0_PERIPHERALS_0/security_core_0/hash_core/EP1_RNI2B3DPO2_Y[25]
  13.462                       FIC_0_PERIPHERALS_0/security_core_0/hash_core/EP1_RNI46FLM23[26]:A (r)
               +     0.051          cell: ADLIB:ARI1_CC
  13.513                       FIC_0_PERIPHERALS_0/security_core_0/hash_core/EP1_RNI46FLM23[26]:P (f)
               +     0.015          net: NET_CC_CONFIG7712
  13.528                       FIC_0_PERIPHERALS_0/security_core_0/hash_core/EP1_RNI3MSK22[0]_CC_4:P[7] (f)
               +     0.424          cell: ADLIB:CC_CONFIG
  13.952                       FIC_0_PERIPHERALS_0/security_core_0/hash_core/EP1_RNI3MSK22[0]_CC_4:CC[11] (r)
               +     0.000          net: NET_CC_CONFIG7731
  13.952                       FIC_0_PERIPHERALS_0/security_core_0/hash_core/EP1_RNI40KT4R2[28]:CC (r)
               +     0.063          cell: ADLIB:ARI1_CC
  14.015                       FIC_0_PERIPHERALS_0/security_core_0/hash_core/EP1_RNI40KT4R2[28]:S (r)
               +     0.335          net: FIC_0_PERIPHERALS_0/security_core_0/hash_core/un9_ROUND_6[28]
  14.350                       FIC_0_PERIPHERALS_0/security_core_0/hash_core/EP0_RNIQ052U12[28]:C (r)
               +     0.090          cell: ADLIB:ARI1_CC
  14.440                       FIC_0_PERIPHERALS_0/security_core_0/hash_core/EP0_RNIQ052U12[28]:Y (r)
               +     0.065          net: FIC_0_PERIPHERALS_0/security_core_0/hash_core/EP0_RNIQ052U12_Y[28]
  14.505                       FIC_0_PERIPHERALS_0/security_core_0/hash_core/EP0_RNI7OIB7S1[29]:A (r)
               +     0.051          cell: ADLIB:ARI1_CC
  14.556                       FIC_0_PERIPHERALS_0/security_core_0/hash_core/EP0_RNI7OIB7S1[29]:P (f)
               +     0.016          net: NET_CC_CONFIG17466
  14.572                       FIC_0_PERIPHERALS_0/security_core_0/hash_core/MAJ_RNI43ETA2[0]_CC_5:P[1] (f)
               +     0.445          cell: ADLIB:CC_CONFIG
  15.017                       FIC_0_PERIPHERALS_0/security_core_0/hash_core/MAJ_RNI43ETA2[0]_CC_5:CC[5] (r)
               +     0.000          net: NET_CC_CONFIG17485
  15.017                       FIC_0_PERIPHERALS_0/security_core_0/hash_core/a_7_3_RNO[31]:CC (r)
               +     0.063          cell: ADLIB:ARI1_CC
  15.080                       FIC_0_PERIPHERALS_0/security_core_0/hash_core/a_7_3_RNO[31]:S (r)
               +     0.547          net: FIC_0_PERIPHERALS_0/security_core_0/hash_core/a_7_3_RNO_S[31]
  15.627                       FIC_0_PERIPHERALS_0/security_core_0/hash_core/a_7_3[31]:B (r)
               +     0.053          cell: ADLIB:CFG4
  15.680                       FIC_0_PERIPHERALS_0/security_core_0/hash_core/a_7_3[31]:Y (r)
               +     0.022          net: FIC_0_PERIPHERALS_0/security_core_0/hash_core/a_7[31]
  15.702                       FIC_0_PERIPHERALS_0/security_core_0/hash_core/a[31]:D (r)
                                    
  15.702                       data arrival time
  ________________________________________________________
  Data required time calculation
  8.000                        CLOCKS_AND_RESETS_0/CCC_FIC_x_CLK/PF_CCC_C0_0/pll_inst_0/OUT0
               +     0.000          Clock source
  8.000                        CLOCKS_AND_RESETS_0/CCC_FIC_x_CLK/PF_CCC_C0_0/pll_inst_0:OUT0 (r)
               +     3.893          Clock generation
  11.893                       
               +     1.555          net: CLOCKS_AND_RESETS_0/CCC_FIC_x_CLK/PF_CCC_C0_0/pll_inst_0_clkint_0
  13.448                       CLOCKS_AND_RESETS_0/CCC_FIC_x_CLK/PF_CCC_C0_0/clkint_0_1:A (r)
               +     0.130          cell: ADLIB:ICB_CLKINT
  13.578                       CLOCKS_AND_RESETS_0/CCC_FIC_x_CLK/PF_CCC_C0_0/clkint_0_1:Y (r)
               +     0.352          net: CLOCKS_AND_RESETS_0/CCC_FIC_x_CLK/PF_CCC_C0_0/clkint_0_NET
  13.930                       CLOCKS_AND_RESETS_0/CCC_FIC_x_CLK/PF_CCC_C0_0/clkint_0/U0_GB0:A (r)
               +     0.152          cell: ADLIB:GB
  14.082                       CLOCKS_AND_RESETS_0/CCC_FIC_x_CLK/PF_CCC_C0_0/clkint_0/U0_GB0:Y (r)
               +     0.365          net: CLOCKS_AND_RESETS_0/CCC_FIC_x_CLK/PF_CCC_C0_0/clkint_0/U0_gbs_1
  14.447                       CLOCKS_AND_RESETS_0/CCC_FIC_x_CLK/PF_CCC_C0_0/clkint_0/U0_RGB1_RGB12:A (r)
               +     0.052          cell: ADLIB:RGB
  14.499                       CLOCKS_AND_RESETS_0/CCC_FIC_x_CLK/PF_CCC_C0_0/clkint_0/U0_RGB1_RGB12:Y (f)
               +     0.409          net: CLOCKS_AND_RESETS_0/CCC_FIC_x_CLK/PF_CCC_C0_0/clkint_0/U0_RGB1_RGB12_rgb_net_1
  14.908                       FIC_0_PERIPHERALS_0/security_core_0/hash_core/a[31]:CLK (r)
               +     0.645          
  15.553                       clock reconvergence pessimism
               -     0.135          
  15.418                       clock jitter
               -     0.000          Library setup time: ADLIB:SLE
  15.418                       FIC_0_PERIPHERALS_0/security_core_0/hash_core/a[31]:D
                                    
  15.418                       data required time


Operating Conditions : slow_lv_ht

END SET Register to Register

----------------------------------------------------

SET External Setup

No Path 

END SET External Setup

----------------------------------------------------

SET Clock to Output

No Path 

END SET Clock to Output

----------------------------------------------------

SET Register to Asynchronous

Path 1
  From: CLOCKS_AND_RESETS_0/RESET_FIC_0_CLK/CORERESET_0/dff_15[0]:CLK
  To:   FIC_0_PERIPHERALS_0/DMA_CONTROLLER_inst_0/DMA_CONTROLLER_0/U_bufferDescriptors/DEST_ADDR_RAM/genblk1.genblk1.LI_ram_wrapper_bd/ram_bd/DMA_CONTROLLER_DMA_CONTROLLER_0_SRAM_bd_R0C0/INST_RAM1K20_IP:A_DOUT_ARST_N
  Delay (ns):              3.992
  Slack (ns):              3.693
  Arrival (ns):           11.610
  Required (ns):          15.303
  Recovery (ns):           0.281
  Minimum Period (ns):     4.172
  Skew (ns):              -0.101
  Operating Conditions: slow_lv_ht

Path 2
  From: CLOCKS_AND_RESETS_0/RESET_FIC_0_CLK/CORERESET_0/dff_15[0]:CLK
  To:   FIC_0_PERIPHERALS_0/DMA_CONTROLLER_inst_0/DMA_CONTROLLER_0/U_bufferDescriptors/CONFIG_RAM/genblk1.genblk1.LI_ram_wrapper_bd/ram_bd/DMA_CONTROLLER_DMA_CONTROLLER_0_SRAM_bd_R0C0/INST_RAM1K20_IP:A_DOUT_ARST_N
  Delay (ns):              3.864
  Slack (ns):              3.820
  Arrival (ns):           11.482
  Required (ns):          15.302
  Recovery (ns):           0.281
  Minimum Period (ns):     4.045
  Skew (ns):              -0.100
  Operating Conditions: slow_lv_ht

Path 3
  From: CLOCKS_AND_RESETS_0/RESET_FIC_0_CLK/CORERESET_0/dff_15[0]:CLK
  To:   FIC_0_PERIPHERALS_0/DMA_CONTROLLER_inst_0/DMA_CONTROLLER_0/U_bufferDescriptors/BYTE_CNT_RAM/genblk1.genblk1.LI_ram_wrapper_bd/ram_bd/DMA_CONTROLLER_DMA_CONTROLLER_0_SRAM_bd_R0C0/INST_RAM1K20_IP:A_DOUT_ARST_N
  Delay (ns):              3.689
  Slack (ns):              3.996
  Arrival (ns):           11.307
  Required (ns):          15.303
  Recovery (ns):           0.281
  Minimum Period (ns):     3.869
  Skew (ns):              -0.101
  Operating Conditions: slow_lv_ht

Path 4
  From: CLOCKS_AND_RESETS_0/RESET_FIC_0_CLK/CORERESET_0/dff_15[0]:CLK
  To:   FIC_0_PERIPHERALS_0/DMA_CONTROLLER_inst_0/DMA_CONTROLLER_0/U_bufferDescriptors/NEXT_DSCRPTR_RAM/genblk1.genblk1.LI_ram_wrapper_bd/ram_bd/DMA_CONTROLLER_DMA_CONTROLLER_0_SRAM_bd_R0C0/INST_RAM1K20_IP:A_DOUT_ARST_N
  Delay (ns):              3.540
  Slack (ns):              4.144
  Arrival (ns):           11.158
  Required (ns):          15.302
  Recovery (ns):           0.281
  Minimum Period (ns):     3.721
  Skew (ns):              -0.100
  Operating Conditions: slow_lv_ht

Path 5
  From: CLOCKS_AND_RESETS_0/RESET_FIC_0_CLK/CORERESET_0/dff_15[0]:CLK
  To:   FIC_0_PERIPHERALS_0/DMA_CONTROLLER_inst_0/DMA_CONTROLLER_0/U_bufferDescriptors/SRC_ADDR_RAM/genblk1.genblk1.LI_ram_wrapper_bd/ram_bd/DMA_CONTROLLER_DMA_CONTROLLER_0_SRAM_bd_R0C0/INST_RAM1K20_IP:A_DOUT_ARST_N
  Delay (ns):              3.378
  Slack (ns):              4.304
  Arrival (ns):           10.996
  Required (ns):          15.300
  Recovery (ns):           0.281
  Minimum Period (ns):     3.561
  Skew (ns):              -0.098
  Operating Conditions: slow_lv_ht


Expanded Path 1
  From: CLOCKS_AND_RESETS_0/RESET_FIC_0_CLK/CORERESET_0/dff_15[0]:CLK
  To: FIC_0_PERIPHERALS_0/DMA_CONTROLLER_inst_0/DMA_CONTROLLER_0/U_bufferDescriptors/DEST_ADDR_RAM/genblk1.genblk1.LI_ram_wrapper_bd/ram_bd/DMA_CONTROLLER_DMA_CONTROLLER_0_SRAM_bd_R0C0/INST_RAM1K20_IP:A_DOUT_ARST_N
  data required time                                 15.303
  data arrival time                          -       11.610
  slack                                               3.693
  ________________________________________________________
  Data arrival time calculation
  0.000                        CLOCKS_AND_RESETS_0/CCC_FIC_x_CLK/PF_CCC_C0_0/pll_inst_0/OUT0
               +     0.000          Clock source
  0.000                        CLOCKS_AND_RESETS_0/CCC_FIC_x_CLK/PF_CCC_C0_0/pll_inst_0:OUT0 (r)
               +     4.312          Clock generation
  4.312                        
               +     1.709          net: CLOCKS_AND_RESETS_0/CCC_FIC_x_CLK/PF_CCC_C0_0/pll_inst_0_clkint_0
  6.021                        CLOCKS_AND_RESETS_0/CCC_FIC_x_CLK/PF_CCC_C0_0/clkint_0_1:A (r)
               +     0.150          cell: ADLIB:ICB_CLKINT
  6.171                        CLOCKS_AND_RESETS_0/CCC_FIC_x_CLK/PF_CCC_C0_0/clkint_0_1:Y (r)
               +     0.386          net: CLOCKS_AND_RESETS_0/CCC_FIC_x_CLK/PF_CCC_C0_0/clkint_0_NET
  6.557                        CLOCKS_AND_RESETS_0/CCC_FIC_x_CLK/PF_CCC_C0_0/clkint_0:A (r)
               +     0.161          cell: ADLIB:GB
  6.718                        CLOCKS_AND_RESETS_0/CCC_FIC_x_CLK/PF_CCC_C0_0/clkint_0:Y (r)
               +     0.401          net: CLOCKS_AND_RESETS_0/CCC_FIC_x_CLK/PF_CCC_C0_0/clkint_0/U0_Y
  7.119                        CLOCKS_AND_RESETS_0/CCC_FIC_x_CLK/PF_CCC_C0_0/clkint_0/U0_RGB1_RGB17:A (r)
               +     0.058          cell: ADLIB:RGB
  7.177                        CLOCKS_AND_RESETS_0/CCC_FIC_x_CLK/PF_CCC_C0_0/clkint_0/U0_RGB1_RGB17:Y (f)
               +     0.441          net: CLOCKS_AND_RESETS_0/CCC_FIC_x_CLK/PF_CCC_C0_0/clkint_0/U0_RGB1_RGB17_rgb_net_1
  7.618                        CLOCKS_AND_RESETS_0/RESET_FIC_0_CLK/CORERESET_0/dff_15[0]:CLK (r)
               +     0.201          cell: ADLIB:SLE
  7.819                        CLOCKS_AND_RESETS_0/RESET_FIC_0_CLK/CORERESET_0/dff_15[0]:Q (r)
               +     3.791          net: CLOCKS_AND_RESETS_0_RESET_FIC_0_CLK_CORERESET_0_dff
  11.610                       FIC_0_PERIPHERALS_0/DMA_CONTROLLER_inst_0/DMA_CONTROLLER_0/U_bufferDescriptors/DEST_ADDR_RAM/genblk1.genblk1.LI_ram_wrapper_bd/ram_bd/DMA_CONTROLLER_DMA_CONTROLLER_0_SRAM_bd_R0C0/INST_RAM1K20_IP:A_DOUT_ARST_N (r)
                                    
  11.610                       data arrival time
  ________________________________________________________
  Data required time calculation
  8.000                        CLOCKS_AND_RESETS_0/CCC_FIC_x_CLK/PF_CCC_C0_0/pll_inst_0/OUT0
               +     0.000          Clock source
  8.000                        CLOCKS_AND_RESETS_0/CCC_FIC_x_CLK/PF_CCC_C0_0/pll_inst_0:OUT0 (r)
               +     3.893          Clock generation
  11.893                       
               +     1.555          net: CLOCKS_AND_RESETS_0/CCC_FIC_x_CLK/PF_CCC_C0_0/pll_inst_0_clkint_0
  13.448                       CLOCKS_AND_RESETS_0/CCC_FIC_x_CLK/PF_CCC_C0_0/clkint_0_1:A (r)
               +     0.130          cell: ADLIB:ICB_CLKINT
  13.578                       CLOCKS_AND_RESETS_0/CCC_FIC_x_CLK/PF_CCC_C0_0/clkint_0_1:Y (r)
               +     0.352          net: CLOCKS_AND_RESETS_0/CCC_FIC_x_CLK/PF_CCC_C0_0/clkint_0_NET
  13.930                       CLOCKS_AND_RESETS_0/CCC_FIC_x_CLK/PF_CCC_C0_0/clkint_0:A (r)
               +     0.147          cell: ADLIB:GB
  14.077                       CLOCKS_AND_RESETS_0/CCC_FIC_x_CLK/PF_CCC_C0_0/clkint_0:Y (r)
               +     0.375          net: CLOCKS_AND_RESETS_0/CCC_FIC_x_CLK/PF_CCC_C0_0/clkint_0/U0_Y
  14.452                       CLOCKS_AND_RESETS_0/CCC_FIC_x_CLK/PF_CCC_C0_0/clkint_0/U0_RGB1:A (r)
               +     0.052          cell: ADLIB:RGB
  14.504                       CLOCKS_AND_RESETS_0/CCC_FIC_x_CLK/PF_CCC_C0_0/clkint_0/U0_RGB1:Y (f)
               +     0.571          net: CLOCKS_AND_RESETS_0_FIC_0_CLK
  15.075                       FIC_0_PERIPHERALS_0/DMA_CONTROLLER_inst_0/DMA_CONTROLLER_0/U_bufferDescriptors/DEST_ADDR_RAM/genblk1.genblk1.LI_ram_wrapper_bd/ram_bd/DMA_CONTROLLER_DMA_CONTROLLER_0_SRAM_bd_R0C0/INST_RAM1K20_IP:A_CLK (r)
               +     0.644          
  15.719                       clock reconvergence pessimism
               -     0.135          
  15.584                       clock jitter
               -     0.281          Library recovery time: ADLIB:RAM1K20_IP
  15.303                       FIC_0_PERIPHERALS_0/DMA_CONTROLLER_inst_0/DMA_CONTROLLER_0/U_bufferDescriptors/DEST_ADDR_RAM/genblk1.genblk1.LI_ram_wrapper_bd/ram_bd/DMA_CONTROLLER_DMA_CONTROLLER_0_SRAM_bd_R0C0/INST_RAM1K20_IP:A_DOUT_ARST_N
                                    
  15.303                       data required time


Operating Conditions : slow_lv_ht

END SET Register to Asynchronous

----------------------------------------------------

SET External Recovery

Path 1
  From: SWITCH2
  To:   CLOCKS_AND_RESETS_0/RESET_FIC_0_CLK/CORERESET_0/dff_13[0]:ALn
  Delay (ns):              9.199
  Arrival (ns):            9.199
  Recovery (ns):           0.196
  External Recovery (ns):   2.643
  Operating Conditions: slow_lv_ht

Path 2
  From: SWITCH2
  To:   CLOCKS_AND_RESETS_0/RESET_FIC_0_CLK/CORERESET_0/dff_14[0]:ALn
  Delay (ns):              8.937
  Arrival (ns):            8.937
  Recovery (ns):           0.196
  External Recovery (ns):   2.399
  Operating Conditions: slow_lv_ht

Path 3
  From: SWITCH2
  To:   CLOCKS_AND_RESETS_0/RESET_FIC_0_CLK/CORERESET_0/dff_7[0]:ALn
  Delay (ns):              8.822
  Arrival (ns):            8.822
  Recovery (ns):           0.196
  External Recovery (ns):   2.265
  Operating Conditions: slow_lv_ht

Path 4
  From: SWITCH2
  To:   CLOCKS_AND_RESETS_0/RESET_FIC_0_CLK/CORERESET_0/dff_3[0]:ALn
  Delay (ns):              8.822
  Arrival (ns):            8.822
  Recovery (ns):           0.196
  External Recovery (ns):   2.265
  Operating Conditions: slow_lv_ht

Path 5
  From: SWITCH2
  To:   CLOCKS_AND_RESETS_0/RESET_FIC_0_CLK/CORERESET_0/dff_0[0]:ALn
  Delay (ns):              8.822
  Arrival (ns):            8.822
  Recovery (ns):           0.196
  External Recovery (ns):   2.265
  Operating Conditions: slow_lv_ht


Expanded Path 1
  From: SWITCH2
  To: CLOCKS_AND_RESETS_0/RESET_FIC_0_CLK/CORERESET_0/dff_13[0]:ALn
  data required time                                    N/C
  data arrival time                          -        9.199
  slack                                                 N/C
  ________________________________________________________
  Data arrival time calculation
  0.000                        SWITCH2 (r)
               +     0.000          net: SWITCH2
  0.000                        SWITCH2_ibuf/U_IOPAD:PAD (r)
               +     0.610          cell: ADLIB:IOPAD_IN
  0.610                        SWITCH2_ibuf/U_IOPAD:Y (r)
               +     0.000          net: SWITCH2_ibuf/YIN
  0.610                        SWITCH2_ibuf/U_IOIN:YIN (r)
               +     0.336          cell: ADLIB:IOIN_IB_E
  0.946                        SWITCH2_ibuf/U_IOIN:Y (r)
               +     4.309          net: SWITCH2_c
  5.255                        CLOCKS_AND_RESETS_0/AND3_0:A (r)
               +     0.078          cell: ADLIB:CFG3
  5.333                        CLOCKS_AND_RESETS_0/AND3_0:Y (r)
               +     1.749          net: CLOCKS_AND_RESETS_0/AND3_0_Y
  7.082                        CLOCKS_AND_RESETS_0/RESET_FIC_0_CLK/CORERESET_0/un1_EXT_RST_N_2:C (r)
               +     0.053          cell: ADLIB:CFG3
  7.135                        CLOCKS_AND_RESETS_0/RESET_FIC_0_CLK/CORERESET_0/un1_EXT_RST_N_2:Y (r)
               +     2.064          net: CLOCKS_AND_RESETS_0/un1_EXT_RST_N_2
  9.199                        CLOCKS_AND_RESETS_0/RESET_FIC_0_CLK/CORERESET_0/dff_13[0]:ALn (r)
                                    
  9.199                        data arrival time
  ________________________________________________________
  Data required time calculation
  N/C                          CLOCKS_AND_RESETS_0/CCC_FIC_x_CLK/PF_CCC_C0_0/pll_inst_0/OUT0
               +     0.000          Clock source
  N/C                          CLOCKS_AND_RESETS_0/CCC_FIC_x_CLK/PF_CCC_C0_0/pll_inst_0:OUT0 (r)
               +     3.893          Clock generation
  N/C                          
               +     1.555          net: CLOCKS_AND_RESETS_0/CCC_FIC_x_CLK/PF_CCC_C0_0/pll_inst_0_clkint_0
  N/C                          CLOCKS_AND_RESETS_0/CCC_FIC_x_CLK/PF_CCC_C0_0/clkint_0_1:A (r)
               +     0.130          cell: ADLIB:ICB_CLKINT
  N/C                          CLOCKS_AND_RESETS_0/CCC_FIC_x_CLK/PF_CCC_C0_0/clkint_0_1:Y (r)
               +     0.352          net: CLOCKS_AND_RESETS_0/CCC_FIC_x_CLK/PF_CCC_C0_0/clkint_0_NET
  N/C                          CLOCKS_AND_RESETS_0/CCC_FIC_x_CLK/PF_CCC_C0_0/clkint_0:A (r)
               +     0.147          cell: ADLIB:GB
  N/C                          CLOCKS_AND_RESETS_0/CCC_FIC_x_CLK/PF_CCC_C0_0/clkint_0:Y (r)
               +     0.364          net: CLOCKS_AND_RESETS_0/CCC_FIC_x_CLK/PF_CCC_C0_0/clkint_0/U0_Y
  N/C                          CLOCKS_AND_RESETS_0/CCC_FIC_x_CLK/PF_CCC_C0_0/clkint_0/U0_RGB1_RGB17:A (r)
               +     0.052          cell: ADLIB:RGB
  N/C                          CLOCKS_AND_RESETS_0/CCC_FIC_x_CLK/PF_CCC_C0_0/clkint_0/U0_RGB1_RGB17:Y (f)
               +     0.394          net: CLOCKS_AND_RESETS_0/CCC_FIC_x_CLK/PF_CCC_C0_0/clkint_0/U0_RGB1_RGB17_rgb_net_1
  N/C                          CLOCKS_AND_RESETS_0/RESET_FIC_0_CLK/CORERESET_0/dff_13[0]:CLK (r)
               -     0.135          
  N/C                          clock jitter
               -     0.196          Library recovery time: ADLIB:SLE
  N/C                          CLOCKS_AND_RESETS_0/RESET_FIC_0_CLK/CORERESET_0/dff_13[0]:ALn


Operating Conditions : slow_lv_ht

END SET External Recovery

----------------------------------------------------

SET Asynchronous to Register

No Path 

END SET Asynchronous to Register

----------------------------------------------------

SET FIC_0_PERIPHERALS_0/security_core_0/rng/neoTRNG_0/entropy_cell_gen.0.neoTRNG_cell_inst/sreg_0[0]:Q to CLOCKS_AND_RESETS_0/CCC_FIC_x_CLK/PF_CCC_C0_0/pll_inst_0/OUT0

No Path 

END SET FIC_0_PERIPHERALS_0/security_core_0/rng/neoTRNG_0/entropy_cell_gen.0.neoTRNG_cell_inst/sreg_0[0]:Q to CLOCKS_AND_RESETS_0/CCC_FIC_x_CLK/PF_CCC_C0_0/pll_inst_0/OUT0

----------------------------------------------------

SET FIC_0_PERIPHERALS_0/security_core_0/rng/neoTRNG_0/entropy_cell_gen.0.neoTRNG_cell_inst/sreg_1[0]:Q to CLOCKS_AND_RESETS_0/CCC_FIC_x_CLK/PF_CCC_C0_0/pll_inst_0/OUT0

No Path 

END SET FIC_0_PERIPHERALS_0/security_core_0/rng/neoTRNG_0/entropy_cell_gen.0.neoTRNG_cell_inst/sreg_1[0]:Q to CLOCKS_AND_RESETS_0/CCC_FIC_x_CLK/PF_CCC_C0_0/pll_inst_0/OUT0

----------------------------------------------------

SET FIC_0_PERIPHERALS_0/security_core_0/rng/neoTRNG_0/entropy_cell_gen.0.neoTRNG_cell_inst/sreg_2[0]:Q to CLOCKS_AND_RESETS_0/CCC_FIC_x_CLK/PF_CCC_C0_0/pll_inst_0/OUT0

No Path 

END SET FIC_0_PERIPHERALS_0/security_core_0/rng/neoTRNG_0/entropy_cell_gen.0.neoTRNG_cell_inst/sreg_2[0]:Q to CLOCKS_AND_RESETS_0/CCC_FIC_x_CLK/PF_CCC_C0_0/pll_inst_0/OUT0

----------------------------------------------------

SET FIC_0_PERIPHERALS_0/security_core_0/rng/neoTRNG_0/entropy_cell_gen.0.neoTRNG_cell_inst/sreg_3[0]:Q to CLOCKS_AND_RESETS_0/CCC_FIC_x_CLK/PF_CCC_C0_0/pll_inst_0/OUT0

No Path 

END SET FIC_0_PERIPHERALS_0/security_core_0/rng/neoTRNG_0/entropy_cell_gen.0.neoTRNG_cell_inst/sreg_3[0]:Q to CLOCKS_AND_RESETS_0/CCC_FIC_x_CLK/PF_CCC_C0_0/pll_inst_0/OUT0

----------------------------------------------------

SET FIC_0_PERIPHERALS_0/security_core_0/rng/neoTRNG_0/entropy_cell_gen.0.neoTRNG_cell_inst/sreg_4[0]:Q to CLOCKS_AND_RESETS_0/CCC_FIC_x_CLK/PF_CCC_C0_0/pll_inst_0/OUT0

No Path 

END SET FIC_0_PERIPHERALS_0/security_core_0/rng/neoTRNG_0/entropy_cell_gen.0.neoTRNG_cell_inst/sreg_4[0]:Q to CLOCKS_AND_RESETS_0/CCC_FIC_x_CLK/PF_CCC_C0_0/pll_inst_0/OUT0

----------------------------------------------------

SET FIC_0_PERIPHERALS_0/security_core_0/rng/neoTRNG_0/entropy_cell_gen.1.neoTRNG_cell_inst/sreg_0[0]:Q to CLOCKS_AND_RESETS_0/CCC_FIC_x_CLK/PF_CCC_C0_0/pll_inst_0/OUT0

No Path 

END SET FIC_0_PERIPHERALS_0/security_core_0/rng/neoTRNG_0/entropy_cell_gen.1.neoTRNG_cell_inst/sreg_0[0]:Q to CLOCKS_AND_RESETS_0/CCC_FIC_x_CLK/PF_CCC_C0_0/pll_inst_0/OUT0

----------------------------------------------------

SET FIC_0_PERIPHERALS_0/security_core_0/rng/neoTRNG_0/entropy_cell_gen.1.neoTRNG_cell_inst/sreg_1[0]:Q to CLOCKS_AND_RESETS_0/CCC_FIC_x_CLK/PF_CCC_C0_0/pll_inst_0/OUT0

No Path 

END SET FIC_0_PERIPHERALS_0/security_core_0/rng/neoTRNG_0/entropy_cell_gen.1.neoTRNG_cell_inst/sreg_1[0]:Q to CLOCKS_AND_RESETS_0/CCC_FIC_x_CLK/PF_CCC_C0_0/pll_inst_0/OUT0

----------------------------------------------------

SET FIC_0_PERIPHERALS_0/security_core_0/rng/neoTRNG_0/entropy_cell_gen.1.neoTRNG_cell_inst/sreg_2[0]:Q to CLOCKS_AND_RESETS_0/CCC_FIC_x_CLK/PF_CCC_C0_0/pll_inst_0/OUT0

No Path 

END SET FIC_0_PERIPHERALS_0/security_core_0/rng/neoTRNG_0/entropy_cell_gen.1.neoTRNG_cell_inst/sreg_2[0]:Q to CLOCKS_AND_RESETS_0/CCC_FIC_x_CLK/PF_CCC_C0_0/pll_inst_0/OUT0

----------------------------------------------------

SET FIC_0_PERIPHERALS_0/security_core_0/rng/neoTRNG_0/entropy_cell_gen.1.neoTRNG_cell_inst/sreg_3[0]:Q to CLOCKS_AND_RESETS_0/CCC_FIC_x_CLK/PF_CCC_C0_0/pll_inst_0/OUT0

No Path 

END SET FIC_0_PERIPHERALS_0/security_core_0/rng/neoTRNG_0/entropy_cell_gen.1.neoTRNG_cell_inst/sreg_3[0]:Q to CLOCKS_AND_RESETS_0/CCC_FIC_x_CLK/PF_CCC_C0_0/pll_inst_0/OUT0

----------------------------------------------------

SET FIC_0_PERIPHERALS_0/security_core_0/rng/neoTRNG_0/entropy_cell_gen.1.neoTRNG_cell_inst/sreg_4[0]:Q to CLOCKS_AND_RESETS_0/CCC_FIC_x_CLK/PF_CCC_C0_0/pll_inst_0/OUT0

No Path 

END SET FIC_0_PERIPHERALS_0/security_core_0/rng/neoTRNG_0/entropy_cell_gen.1.neoTRNG_cell_inst/sreg_4[0]:Q to CLOCKS_AND_RESETS_0/CCC_FIC_x_CLK/PF_CCC_C0_0/pll_inst_0/OUT0

----------------------------------------------------

SET FIC_0_PERIPHERALS_0/security_core_0/rng/neoTRNG_0/entropy_cell_gen.1.neoTRNG_cell_inst/sreg_5[0]:Q to CLOCKS_AND_RESETS_0/CCC_FIC_x_CLK/PF_CCC_C0_0/pll_inst_0/OUT0

No Path 

END SET FIC_0_PERIPHERALS_0/security_core_0/rng/neoTRNG_0/entropy_cell_gen.1.neoTRNG_cell_inst/sreg_5[0]:Q to CLOCKS_AND_RESETS_0/CCC_FIC_x_CLK/PF_CCC_C0_0/pll_inst_0/OUT0

----------------------------------------------------

SET FIC_0_PERIPHERALS_0/security_core_0/rng/neoTRNG_0/entropy_cell_gen.1.neoTRNG_cell_inst/sreg_6[0]:Q to CLOCKS_AND_RESETS_0/CCC_FIC_x_CLK/PF_CCC_C0_0/pll_inst_0/OUT0

No Path 

END SET FIC_0_PERIPHERALS_0/security_core_0/rng/neoTRNG_0/entropy_cell_gen.1.neoTRNG_cell_inst/sreg_6[0]:Q to CLOCKS_AND_RESETS_0/CCC_FIC_x_CLK/PF_CCC_C0_0/pll_inst_0/OUT0

----------------------------------------------------

SET FIC_0_PERIPHERALS_0/security_core_0/rng/neoTRNG_0/entropy_cell_gen.2.neoTRNG_cell_inst/sreg_0[0]:Q to CLOCKS_AND_RESETS_0/CCC_FIC_x_CLK/PF_CCC_C0_0/pll_inst_0/OUT0

No Path 

END SET FIC_0_PERIPHERALS_0/security_core_0/rng/neoTRNG_0/entropy_cell_gen.2.neoTRNG_cell_inst/sreg_0[0]:Q to CLOCKS_AND_RESETS_0/CCC_FIC_x_CLK/PF_CCC_C0_0/pll_inst_0/OUT0

----------------------------------------------------

SET FIC_0_PERIPHERALS_0/security_core_0/rng/neoTRNG_0/entropy_cell_gen.2.neoTRNG_cell_inst/sreg_1[0]:Q to CLOCKS_AND_RESETS_0/CCC_FIC_x_CLK/PF_CCC_C0_0/pll_inst_0/OUT0

No Path 

END SET FIC_0_PERIPHERALS_0/security_core_0/rng/neoTRNG_0/entropy_cell_gen.2.neoTRNG_cell_inst/sreg_1[0]:Q to CLOCKS_AND_RESETS_0/CCC_FIC_x_CLK/PF_CCC_C0_0/pll_inst_0/OUT0

----------------------------------------------------

SET FIC_0_PERIPHERALS_0/security_core_0/rng/neoTRNG_0/entropy_cell_gen.2.neoTRNG_cell_inst/sreg_2[0]:Q to CLOCKS_AND_RESETS_0/CCC_FIC_x_CLK/PF_CCC_C0_0/pll_inst_0/OUT0

No Path 

END SET FIC_0_PERIPHERALS_0/security_core_0/rng/neoTRNG_0/entropy_cell_gen.2.neoTRNG_cell_inst/sreg_2[0]:Q to CLOCKS_AND_RESETS_0/CCC_FIC_x_CLK/PF_CCC_C0_0/pll_inst_0/OUT0

----------------------------------------------------

SET FIC_0_PERIPHERALS_0/security_core_0/rng/neoTRNG_0/entropy_cell_gen.2.neoTRNG_cell_inst/sreg_3[0]:Q to CLOCKS_AND_RESETS_0/CCC_FIC_x_CLK/PF_CCC_C0_0/pll_inst_0/OUT0

No Path 

END SET FIC_0_PERIPHERALS_0/security_core_0/rng/neoTRNG_0/entropy_cell_gen.2.neoTRNG_cell_inst/sreg_3[0]:Q to CLOCKS_AND_RESETS_0/CCC_FIC_x_CLK/PF_CCC_C0_0/pll_inst_0/OUT0

----------------------------------------------------

SET FIC_0_PERIPHERALS_0/security_core_0/rng/neoTRNG_0/entropy_cell_gen.2.neoTRNG_cell_inst/sreg_4[0]:Q to CLOCKS_AND_RESETS_0/CCC_FIC_x_CLK/PF_CCC_C0_0/pll_inst_0/OUT0

No Path 

END SET FIC_0_PERIPHERALS_0/security_core_0/rng/neoTRNG_0/entropy_cell_gen.2.neoTRNG_cell_inst/sreg_4[0]:Q to CLOCKS_AND_RESETS_0/CCC_FIC_x_CLK/PF_CCC_C0_0/pll_inst_0/OUT0

----------------------------------------------------

SET FIC_0_PERIPHERALS_0/security_core_0/rng/neoTRNG_0/entropy_cell_gen.2.neoTRNG_cell_inst/sreg_5[0]:Q to CLOCKS_AND_RESETS_0/CCC_FIC_x_CLK/PF_CCC_C0_0/pll_inst_0/OUT0

No Path 

END SET FIC_0_PERIPHERALS_0/security_core_0/rng/neoTRNG_0/entropy_cell_gen.2.neoTRNG_cell_inst/sreg_5[0]:Q to CLOCKS_AND_RESETS_0/CCC_FIC_x_CLK/PF_CCC_C0_0/pll_inst_0/OUT0

----------------------------------------------------

SET FIC_0_PERIPHERALS_0/security_core_0/rng/neoTRNG_0/entropy_cell_gen.2.neoTRNG_cell_inst/sreg_6[0]:Q to CLOCKS_AND_RESETS_0/CCC_FIC_x_CLK/PF_CCC_C0_0/pll_inst_0/OUT0

No Path 

END SET FIC_0_PERIPHERALS_0/security_core_0/rng/neoTRNG_0/entropy_cell_gen.2.neoTRNG_cell_inst/sreg_6[0]:Q to CLOCKS_AND_RESETS_0/CCC_FIC_x_CLK/PF_CCC_C0_0/pll_inst_0/OUT0

----------------------------------------------------

SET FIC_0_PERIPHERALS_0/security_core_0/rng/neoTRNG_0/entropy_cell_gen.2.neoTRNG_cell_inst/sreg_7[0]:Q to CLOCKS_AND_RESETS_0/CCC_FIC_x_CLK/PF_CCC_C0_0/pll_inst_0/OUT0

No Path 

END SET FIC_0_PERIPHERALS_0/security_core_0/rng/neoTRNG_0/entropy_cell_gen.2.neoTRNG_cell_inst/sreg_7[0]:Q to CLOCKS_AND_RESETS_0/CCC_FIC_x_CLK/PF_CCC_C0_0/pll_inst_0/OUT0

----------------------------------------------------

SET FIC_0_PERIPHERALS_0/security_core_0/rng/neoTRNG_0/entropy_cell_gen.2.neoTRNG_cell_inst/sreg_8[0]:Q to CLOCKS_AND_RESETS_0/CCC_FIC_x_CLK/PF_CCC_C0_0/pll_inst_0/OUT0

No Path 

END SET FIC_0_PERIPHERALS_0/security_core_0/rng/neoTRNG_0/entropy_cell_gen.2.neoTRNG_cell_inst/sreg_8[0]:Q to CLOCKS_AND_RESETS_0/CCC_FIC_x_CLK/PF_CCC_C0_0/pll_inst_0/OUT0

----------------------------------------------------

SET CLOCKS_AND_RESETS_0/CCC_FIC_x_CLK/PF_CCC_C0_0/pll_inst_0/OUT1 to CLOCKS_AND_RESETS_0/CCC_FIC_x_CLK/PF_CCC_C0_0/pll_inst_0/OUT0

Path 1
  From: MIPI_CAMERA_0/VDMA_C0_0/VDMA_C0_0/dma_top_0/vdma_write_0/frame_size_fifo/wfull:CLK
  To:   MIPI_CAMERA_0/VDMA_C0_0/VDMA_C0_0/dma_top_0/interrupt_controller_vdma_0/synchronizer_circuit_2stage_frame_size/s_data_in:D
  Delay (ns):              0.960
  Slack (ns):              8.154
  Arrival (ns):            7.022
  Required (ns):          15.176
  Setup (ns):              0.000
  Operating Conditions: slow_lv_ht

Path 2
  From: MIPI_CAMERA_0/VDMA_C0_0/VDMA_C0_0/dma_top_0/vdma_write_0/frame_size_fifo/wptr[1]:CLK
  To:   MIPI_CAMERA_0/VDMA_C0_0/VDMA_C0_0/dma_top_0/vdma_write_0/frame_size_fifo/rwptr1[1]:D
  Delay (ns):              0.735
  Slack (ns):              8.429
  Arrival (ns):            6.762
  Required (ns):          15.191
  Setup (ns):              0.000
  Operating Conditions: slow_lv_ht

Path 3
  From: MIPI_CAMERA_0/VDMA_C0_0/VDMA_C0_0/dma_top_0/vdma_write_0/frame_size_fifo/wptr[0]:CLK
  To:   MIPI_CAMERA_0/VDMA_C0_0/VDMA_C0_0/dma_top_0/vdma_write_0/frame_size_fifo/rwptr1[0]:D
  Delay (ns):              0.413
  Slack (ns):              8.480
  Arrival (ns):            4.436
  Required (ns):          12.916
  Setup (ns):              0.000
  Operating Conditions: fast_hv_lt

Path 4
  From: MIPI_CAMERA_0/VDMA_C0_0/VDMA_C0_0/dma_top_0/vdma_write_0/frame_size_fifo/wptr[4]:CLK
  To:   MIPI_CAMERA_0/VDMA_C0_0/VDMA_C0_0/dma_top_0/vdma_write_0/frame_size_fifo/rwptr1[4]:D
  Delay (ns):              0.385
  Slack (ns):              8.481
  Arrival (ns):            4.435
  Required (ns):          12.916
  Setup (ns):              0.000
  Operating Conditions: fast_hv_lt

Path 5
  From: MIPI_CAMERA_0/VDMA_C0_0/VDMA_C0_0/dma_top_0/vdma_write_0/frame_size_fifo/wptr[3]:CLK
  To:   MIPI_CAMERA_0/VDMA_C0_0/VDMA_C0_0/dma_top_0/vdma_write_0/frame_size_fifo/rwptr1[3]:D
  Delay (ns):              0.370
  Slack (ns):              8.497
  Arrival (ns):            4.419
  Required (ns):          12.916
  Setup (ns):              0.000
  Operating Conditions: fast_hv_lt


Expanded Path 1
  From: MIPI_CAMERA_0/VDMA_C0_0/VDMA_C0_0/dma_top_0/vdma_write_0/frame_size_fifo/wfull:CLK
  To: MIPI_CAMERA_0/VDMA_C0_0/VDMA_C0_0/dma_top_0/interrupt_controller_vdma_0/synchronizer_circuit_2stage_frame_size/s_data_in:D
  data required time                                 15.176
  data arrival time                          -        7.022
  slack                                               8.154
  ________________________________________________________
  Data arrival time calculation
  0.000                        CLOCKS_AND_RESETS_0/CCC_FIC_x_CLK/PF_CCC_C0_0/pll_inst_0/OUT1
               +     0.000          Clock source
  0.000                        CLOCKS_AND_RESETS_0/CCC_FIC_x_CLK/PF_CCC_C0_0/pll_inst_0:OUT1 (r)
               +     4.311          Clock generation
  4.311                        
               +     0.256          net: CLOCKS_AND_RESETS_0/CCC_FIC_x_CLK/PF_CCC_C0_0/pll_inst_0_clkint_4
  4.567                        CLOCKS_AND_RESETS_0/CCC_FIC_x_CLK/PF_CCC_C0_0/clkint_4_1:A (r)
               +     0.234          cell: ADLIB:ICB_CLKINT
  4.801                        CLOCKS_AND_RESETS_0/CCC_FIC_x_CLK/PF_CCC_C0_0/clkint_4_1:Y (r)
               +     0.144          net: CLOCKS_AND_RESETS_0/CCC_FIC_x_CLK/PF_CCC_C0_0/clkint_4_NET
  4.945                        CLOCKS_AND_RESETS_0/CCC_FIC_x_CLK/PF_CCC_C0_0/clkint_4:A (r)
               +     0.162          cell: ADLIB:GB
  5.107                        CLOCKS_AND_RESETS_0/CCC_FIC_x_CLK/PF_CCC_C0_0/clkint_4:Y (r)
               +     0.415          net: CLOCKS_AND_RESETS_0/CCC_FIC_x_CLK/PF_CCC_C0_0/clkint_4/U0_Y
  5.522                        CLOCKS_AND_RESETS_0/CCC_FIC_x_CLK/PF_CCC_C0_0/clkint_4/U0_RGB1:A (r)
               +     0.058          cell: ADLIB:RGB
  5.580                        CLOCKS_AND_RESETS_0/CCC_FIC_x_CLK/PF_CCC_C0_0/clkint_4/U0_RGB1:Y (f)
               +     0.482          net: CLOCKS_AND_RESETS_0_FIC_1_CLK
  6.062                        MIPI_CAMERA_0/VDMA_C0_0/VDMA_C0_0/dma_top_0/vdma_write_0/frame_size_fifo/wfull:CLK (r)
               +     0.201          cell: ADLIB:SLE
  6.263                        MIPI_CAMERA_0/VDMA_C0_0/VDMA_C0_0/dma_top_0/vdma_write_0/frame_size_fifo/wfull:Q (r)
               +     0.759          net: MIPI_CAMERA_0/VDMA_C0_0/VDMA_C0_0/dma_top_0/vdma_write_0_frame_size_fifo_full_o
  7.022                        MIPI_CAMERA_0/VDMA_C0_0/VDMA_C0_0/dma_top_0/interrupt_controller_vdma_0/synchronizer_circuit_2stage_frame_size/s_data_in:D (r)
                                    
  7.022                        data arrival time
  ________________________________________________________
  Data required time calculation
  8.000                        CLOCKS_AND_RESETS_0/CCC_FIC_x_CLK/PF_CCC_C0_0/pll_inst_0/OUT0
               +     0.000          Clock source
  8.000                        CLOCKS_AND_RESETS_0/CCC_FIC_x_CLK/PF_CCC_C0_0/pll_inst_0:OUT0 (r)
               +     3.893          Clock generation
  11.893                       
               +     1.555          net: CLOCKS_AND_RESETS_0/CCC_FIC_x_CLK/PF_CCC_C0_0/pll_inst_0_clkint_0
  13.448                       CLOCKS_AND_RESETS_0/CCC_FIC_x_CLK/PF_CCC_C0_0/clkint_0_1:A (r)
               +     0.130          cell: ADLIB:ICB_CLKINT
  13.578                       CLOCKS_AND_RESETS_0/CCC_FIC_x_CLK/PF_CCC_C0_0/clkint_0_1:Y (r)
               +     0.352          net: CLOCKS_AND_RESETS_0/CCC_FIC_x_CLK/PF_CCC_C0_0/clkint_0_NET
  13.930                       CLOCKS_AND_RESETS_0/CCC_FIC_x_CLK/PF_CCC_C0_0/clkint_0:A (r)
               +     0.147          cell: ADLIB:GB
  14.077                       CLOCKS_AND_RESETS_0/CCC_FIC_x_CLK/PF_CCC_C0_0/clkint_0:Y (r)
               +     0.374          net: CLOCKS_AND_RESETS_0/CCC_FIC_x_CLK/PF_CCC_C0_0/clkint_0/U0_Y
  14.451                       CLOCKS_AND_RESETS_0/CCC_FIC_x_CLK/PF_CCC_C0_0/clkint_0/U0_RGB1_RGB5:A (r)
               +     0.052          cell: ADLIB:RGB
  14.503                       CLOCKS_AND_RESETS_0/CCC_FIC_x_CLK/PF_CCC_C0_0/clkint_0/U0_RGB1_RGB5:Y (f)
               +     0.403          net: CLOCKS_AND_RESETS_0/CCC_FIC_x_CLK/PF_CCC_C0_0/clkint_0/U0_RGB1_RGB5_rgb_net_1
  14.906                       MIPI_CAMERA_0/VDMA_C0_0/VDMA_C0_0/dma_top_0/interrupt_controller_vdma_0/synchronizer_circuit_2stage_frame_size/s_data_in:CLK (r)
               +     0.405          
  15.311                       clock reconvergence pessimism
               -     0.135          
  15.176                       clock jitter
               -     0.000          Library setup time: ADLIB:SLE
  15.176                       MIPI_CAMERA_0/VDMA_C0_0/VDMA_C0_0/dma_top_0/interrupt_controller_vdma_0/synchronizer_circuit_2stage_frame_size/s_data_in:D
                                    
  15.176                       data required time


Operating Conditions : slow_lv_ht

END SET CLOCKS_AND_RESETS_0/CCC_FIC_x_CLK/PF_CCC_C0_0/pll_inst_0/OUT1 to CLOCKS_AND_RESETS_0/CCC_FIC_x_CLK/PF_CCC_C0_0/pll_inst_0/OUT0

----------------------------------------------------

SET MIPI_CAMERA_0/PF_CCC_C1_0/PF_CCC_C1_0/pll_inst_0/OUT0 to CLOCKS_AND_RESETS_0/CCC_FIC_x_CLK/PF_CCC_C0_0/pll_inst_0/OUT0

Path 1
  From: MIPI_CAMERA_0/mipicsi2rxdecoderPF_C0_0/MSC_i_0/r_int_dly3:CLK
  To:   MIPI_CAMERA_0/mipicsi2rxdecoderPF_C0_0/MSC_i_0/MSC_i_1/interrupt_event_dly[0][0]:D
  Delay (ns):              0.765
  Slack (ns):              2.533
  Arrival (ns):            8.227
  Required (ns):          10.760
  Setup (ns):              0.000
  Operating Conditions: slow_lv_ht

Path 2
  From: MIPI_CAMERA_0/VDMA_C0_0/VDMA_C0_0/dma_top_0/vdma_write_0/buff_addr_fifo/rempty:CLK
  To:   MIPI_CAMERA_0/VDMA_C0_0/VDMA_C0_0/dma_top_0/interrupt_controller_vdma_0/synchronizer_circuit_2stage_buff_addr/s_data_in:D
  Delay (ns):              0.717
  Slack (ns):              2.568
  Arrival (ns):            8.219
  Required (ns):          10.787
  Setup (ns):              0.000
  Operating Conditions: slow_lv_ht

Path 3
  From: MIPI_CAMERA_0/mipicsi2rxdecoderPF_C0_0/MSC_i_0/r_int_dly2:CLK
  To:   MIPI_CAMERA_0/mipicsi2rxdecoderPF_C0_0/MSC_i_0/MSC_i_1/interrupt_event_dly[0][0]:D
  Delay (ns):              0.702
  Slack (ns):              2.597
  Arrival (ns):            8.163
  Required (ns):          10.760
  Setup (ns):              0.000
  Operating Conditions: slow_lv_ht

Path 4
  From: MIPI_CAMERA_0/mipicsi2rxdecoderPF_C0_0/MSC_i_0/r_int_dly4:CLK
  To:   MIPI_CAMERA_0/mipicsi2rxdecoderPF_C0_0/MSC_i_0/MSC_i_1/interrupt_event_dly[0][0]:D
  Delay (ns):              0.682
  Slack (ns):              2.617
  Arrival (ns):            8.143
  Required (ns):          10.760
  Setup (ns):              0.000
  Operating Conditions: slow_lv_ht

Path 5
  From: MIPI_CAMERA_0/mipicsi2rxdecoderPF_C0_0/MSC_i_0/r_int_dly1:CLK
  To:   MIPI_CAMERA_0/mipicsi2rxdecoderPF_C0_0/MSC_i_0/MSC_i_1/interrupt_event_dly[0][0]:D
  Delay (ns):              0.669
  Slack (ns):              2.630
  Arrival (ns):            8.130
  Required (ns):          10.760
  Setup (ns):              0.000
  Operating Conditions: slow_lv_ht


Expanded Path 1
  From: MIPI_CAMERA_0/mipicsi2rxdecoderPF_C0_0/MSC_i_0/r_int_dly3:CLK
  To: MIPI_CAMERA_0/mipicsi2rxdecoderPF_C0_0/MSC_i_0/MSC_i_1/interrupt_event_dly[0][0]:D
  data required time                                 10.760
  data arrival time                          -        8.227
  slack                                               2.533
  ________________________________________________________
  Data arrival time calculation
  0.000                        MIPI_CAMERA_0/PF_CCC_C1_0/PF_CCC_C1_0/pll_inst_0/OUT0
               +     0.000          Clock source
  0.000                        MIPI_CAMERA_0/PF_CCC_C1_0/PF_CCC_C1_0/pll_inst_0:OUT0 (r)
               +     5.699          Clock generation
  5.699                        
               +     0.281          net: MIPI_CAMERA_0/PF_CCC_C1_0/PF_CCC_C1_0/pll_inst_0_clkint_0
  5.980                        MIPI_CAMERA_0/PF_CCC_C1_0/PF_CCC_C1_0/clkint_0_1:A (r)
               +     0.243          cell: ADLIB:ICB_CLKINT
  6.223                        MIPI_CAMERA_0/PF_CCC_C1_0/PF_CCC_C1_0/clkint_0_1:Y (r)
               +     0.150          net: MIPI_CAMERA_0/PF_CCC_C1_0/PF_CCC_C1_0/clkint_0_NET
  6.373                        MIPI_CAMERA_0/PF_CCC_C1_0/PF_CCC_C1_0/clkint_0:A (r)
               +     0.164          cell: ADLIB:GB
  6.537                        MIPI_CAMERA_0/PF_CCC_C1_0/PF_CCC_C1_0/clkint_0:Y (r)
               +     0.414          net: MIPI_CAMERA_0/PF_CCC_C1_0/PF_CCC_C1_0/clkint_0/U0_Y
  6.951                        MIPI_CAMERA_0/PF_CCC_C1_0/PF_CCC_C1_0/clkint_0/U0_RGB1_RGB1:A (r)
               +     0.058          cell: ADLIB:RGB
  7.009                        MIPI_CAMERA_0/PF_CCC_C1_0/PF_CCC_C1_0/clkint_0/U0_RGB1_RGB1:Y (f)
               +     0.453          net: MIPI_CAMERA_0/PF_CCC_C1_0/PF_CCC_C1_0/clkint_0/U0_RGB1_RGB1_rgb_net_1
  7.462                        MIPI_CAMERA_0/mipicsi2rxdecoderPF_C0_0/MSC_i_0/r_int_dly3:CLK (r)
               +     0.209          cell: ADLIB:SLE
  7.671                        MIPI_CAMERA_0/mipicsi2rxdecoderPF_C0_0/MSC_i_0/r_int_dly3:Q (r)
               +     0.178          net: MIPI_CAMERA_0/mipicsi2rxdecoderPF_C0_0/MSC_i_0/MSC_net_378
  7.849                        MIPI_CAMERA_0/mipicsi2rxdecoderPF_C0_0/MSC_i_0/ISR_w_1[0]:B (r)
               +     0.135          cell: ADLIB:CFG2
  7.984                        MIPI_CAMERA_0/mipicsi2rxdecoderPF_C0_0/MSC_i_0/ISR_w_1[0]:Y (r)
               +     0.075          net: MIPI_CAMERA_0/mipicsi2rxdecoderPF_C0_0/MSC_i_0/MSC_net_337
  8.059                        MIPI_CAMERA_0/mipicsi2rxdecoderPF_C0_0/MSC_i_0/ISR_w[0]:C (r)
               +     0.135          cell: ADLIB:CFG4
  8.194                        MIPI_CAMERA_0/mipicsi2rxdecoderPF_C0_0/MSC_i_0/ISR_w[0]:Y (r)
               +     0.033          net: MIPI_CAMERA_0/mipicsi2rxdecoderPF_C0_0/MSC_i_0/MSC_net_299
  8.227                        MIPI_CAMERA_0/mipicsi2rxdecoderPF_C0_0/MSC_i_0/MSC_i_1/interrupt_event_dly[0][0]:D (r)
                                    
  8.227                        data arrival time
  ________________________________________________________
  Data required time calculation
  4.000                        CLOCKS_AND_RESETS_0/CCC_FIC_x_CLK/PF_CCC_C0_0/pll_inst_0/OUT0
               +     0.000          Clock source
  4.000                        CLOCKS_AND_RESETS_0/CCC_FIC_x_CLK/PF_CCC_C0_0/pll_inst_0:OUT0 (r)
               +     3.893          Clock generation
  7.893                        
               +     1.555          net: CLOCKS_AND_RESETS_0/CCC_FIC_x_CLK/PF_CCC_C0_0/pll_inst_0_clkint_0
  9.448                        CLOCKS_AND_RESETS_0/CCC_FIC_x_CLK/PF_CCC_C0_0/clkint_0_1:A (r)
               +     0.130          cell: ADLIB:ICB_CLKINT
  9.578                        CLOCKS_AND_RESETS_0/CCC_FIC_x_CLK/PF_CCC_C0_0/clkint_0_1:Y (r)
               +     0.352          net: CLOCKS_AND_RESETS_0/CCC_FIC_x_CLK/PF_CCC_C0_0/clkint_0_NET
  9.930                        CLOCKS_AND_RESETS_0/CCC_FIC_x_CLK/PF_CCC_C0_0/clkint_0:A (r)
               +     0.147          cell: ADLIB:GB
  10.077                       CLOCKS_AND_RESETS_0/CCC_FIC_x_CLK/PF_CCC_C0_0/clkint_0:Y (r)
               +     0.371          net: CLOCKS_AND_RESETS_0/CCC_FIC_x_CLK/PF_CCC_C0_0/clkint_0/U0_Y
  10.448                       CLOCKS_AND_RESETS_0/CCC_FIC_x_CLK/PF_CCC_C0_0/clkint_0/U0_RGB1_RGB11:A (r)
               +     0.052          cell: ADLIB:RGB
  10.500                       CLOCKS_AND_RESETS_0/CCC_FIC_x_CLK/PF_CCC_C0_0/clkint_0/U0_RGB1_RGB11:Y (f)
               +     0.395          net: CLOCKS_AND_RESETS_0/CCC_FIC_x_CLK/PF_CCC_C0_0/clkint_0/U0_RGB1_RGB11_rgb_net_1
  10.895                       MIPI_CAMERA_0/mipicsi2rxdecoderPF_C0_0/MSC_i_0/MSC_i_1/interrupt_event_dly[0][0]:CLK (r)
               -     0.135          
  10.760                       clock jitter
               -     0.000          Library setup time: ADLIB:SLE
  10.760                       MIPI_CAMERA_0/mipicsi2rxdecoderPF_C0_0/MSC_i_0/MSC_i_1/interrupt_event_dly[0][0]:D
                                    
  10.760                       data required time


Operating Conditions : slow_lv_ht

END SET MIPI_CAMERA_0/PF_CCC_C1_0/PF_CCC_C1_0/pll_inst_0/OUT0 to CLOCKS_AND_RESETS_0/CCC_FIC_x_CLK/PF_CCC_C0_0/pll_inst_0/OUT0

----------------------------------------------------

SET MIPI_CAMERA_0/PF_IOD_GENERIC_RX_C0_0/PF_CLK_DIV_FIFO/I_CDD/Y_DIV to CLOCKS_AND_RESETS_0/CCC_FIC_x_CLK/PF_CCC_C0_0/pll_inst_0/OUT0

Path 1
  From: MIPI_CAMERA_0/PF_IOD_GENERIC_RX_C0_0/COREBCLKSCLKALIGN_0/PF_IOD_GENERIC_RX_C0_TR_0/genblk1.U_ICB_BCLKSCLKALIGN/RX_CLK_ALIGN_DONE:CLK
  To:   MIPI_CAMERA_0/mipicsi2rxdecoderPF_C0_0/MSC_i_0/MSC_i_1/interrupt_event_dly[0][3]:D
  Delay (ns):              2.756
  Slack (ns):              7.822
  Arrival (ns):            6.950
  Required (ns):          14.772
  Setup (ns):              0.000
  Operating Conditions: slow_lv_ht


Expanded Path 1
  From: MIPI_CAMERA_0/PF_IOD_GENERIC_RX_C0_0/COREBCLKSCLKALIGN_0/PF_IOD_GENERIC_RX_C0_TR_0/genblk1.U_ICB_BCLKSCLKALIGN/RX_CLK_ALIGN_DONE:CLK
  To: MIPI_CAMERA_0/mipicsi2rxdecoderPF_C0_0/MSC_i_0/MSC_i_1/interrupt_event_dly[0][3]:D
  data required time                                 14.772
  data arrival time                          -        6.950
  slack                                               7.822
  ________________________________________________________
  Data arrival time calculation
  0.000                        MIPI_CAMERA_0/PF_IOD_GENERIC_RX_C0_0/PF_CLK_DIV_FIFO/I_CDD/Y_DIV
               +     0.000          Clock source
  0.000                        MIPI_CAMERA_0/PF_IOD_GENERIC_RX_C0_0/PF_CLK_DIV_FIFO/I_CDD:Y_DIV (r)
               +     2.247          Clock generation
  2.247                        
               +     0.561          net: MIPI_CAMERA_0/PF_IOD_GENERIC_RX_C0_0/PF_CLK_DIV_FIFO_CLK_DIV_OUT
  2.808                        MIPI_CAMERA_0/PF_IOD_GENERIC_RX_C0_0/CLKINT_0_1:A (r)
               +     0.174          cell: ADLIB:ICB_CLKINT
  2.982                        MIPI_CAMERA_0/PF_IOD_GENERIC_RX_C0_0/CLKINT_0_1:Y (r)
               +     0.125          net: MIPI_CAMERA_0/PF_IOD_GENERIC_RX_C0_0/CLKINT_0_NET
  3.107                        MIPI_CAMERA_0/PF_IOD_GENERIC_RX_C0_0/CLKINT_0:A (r)
               +     0.158          cell: ADLIB:GB
  3.265                        MIPI_CAMERA_0/PF_IOD_GENERIC_RX_C0_0/CLKINT_0:Y (r)
               +     0.391          net: MIPI_CAMERA_0/PF_IOD_GENERIC_RX_C0_0/CLKINT_0/U0_Y
  3.656                        MIPI_CAMERA_0/PF_IOD_GENERIC_RX_C0_0/CLKINT_0/U0_RGB1_RGB1:A (r)
               +     0.058          cell: ADLIB:RGB
  3.714                        MIPI_CAMERA_0/PF_IOD_GENERIC_RX_C0_0/CLKINT_0/U0_RGB1_RGB1:Y (f)
               +     0.480          net: MIPI_CAMERA_0/PF_IOD_GENERIC_RX_C0_0/CLKINT_0/U0_RGB1_RGB1_rgb_net_1
  4.194                        MIPI_CAMERA_0/PF_IOD_GENERIC_RX_C0_0/COREBCLKSCLKALIGN_0/PF_IOD_GENERIC_RX_C0_TR_0/genblk1.U_ICB_BCLKSCLKALIGN/RX_CLK_ALIGN_DONE:CLK (r)
               +     0.201          cell: ADLIB:SLE
  4.395                        MIPI_CAMERA_0/PF_IOD_GENERIC_RX_C0_0/COREBCLKSCLKALIGN_0/PF_IOD_GENERIC_RX_C0_TR_0/genblk1.U_ICB_BCLKSCLKALIGN/RX_CLK_ALIGN_DONE:Q (r)
               +     2.437          net: MIPI_CAMERA_0/PF_IOD_GENERIC_RX_C0_0_CLK_TRAIN_DONE
  6.832                        MIPI_CAMERA_0/mipicsi2rxdecoderPF_C0_0/MSC_i_0/MSC_i_1/un1_diff_cnt[3]_1.un8_ISR_w:A (r)
               +     0.094          cell: ADLIB:CFG2
  6.926                        MIPI_CAMERA_0/mipicsi2rxdecoderPF_C0_0/MSC_i_0/MSC_i_1/un1_diff_cnt[3]_1.un8_ISR_w:Y (f)
               +     0.024          net: MIPI_CAMERA_0/mipicsi2rxdecoderPF_C0_0/MSC_i_0/MSC_i_1/un8_ISR_w
  6.950                        MIPI_CAMERA_0/mipicsi2rxdecoderPF_C0_0/MSC_i_0/MSC_i_1/interrupt_event_dly[0][3]:D (f)
                                    
  6.950                        data arrival time
  ________________________________________________________
  Data required time calculation
  8.000                        CLOCKS_AND_RESETS_0/CCC_FIC_x_CLK/PF_CCC_C0_0/pll_inst_0/OUT0
               +     0.000          Clock source
  8.000                        CLOCKS_AND_RESETS_0/CCC_FIC_x_CLK/PF_CCC_C0_0/pll_inst_0:OUT0 (r)
               +     3.893          Clock generation
  11.893                       
               +     1.555          net: CLOCKS_AND_RESETS_0/CCC_FIC_x_CLK/PF_CCC_C0_0/pll_inst_0_clkint_0
  13.448                       CLOCKS_AND_RESETS_0/CCC_FIC_x_CLK/PF_CCC_C0_0/clkint_0_1:A (r)
               +     0.130          cell: ADLIB:ICB_CLKINT
  13.578                       CLOCKS_AND_RESETS_0/CCC_FIC_x_CLK/PF_CCC_C0_0/clkint_0_1:Y (r)
               +     0.352          net: CLOCKS_AND_RESETS_0/CCC_FIC_x_CLK/PF_CCC_C0_0/clkint_0_NET
  13.930                       CLOCKS_AND_RESETS_0/CCC_FIC_x_CLK/PF_CCC_C0_0/clkint_0:A (r)
               +     0.147          cell: ADLIB:GB
  14.077                       CLOCKS_AND_RESETS_0/CCC_FIC_x_CLK/PF_CCC_C0_0/clkint_0:Y (r)
               +     0.371          net: CLOCKS_AND_RESETS_0/CCC_FIC_x_CLK/PF_CCC_C0_0/clkint_0/U0_Y
  14.448                       CLOCKS_AND_RESETS_0/CCC_FIC_x_CLK/PF_CCC_C0_0/clkint_0/U0_RGB1_RGB11:A (r)
               +     0.052          cell: ADLIB:RGB
  14.500                       CLOCKS_AND_RESETS_0/CCC_FIC_x_CLK/PF_CCC_C0_0/clkint_0/U0_RGB1_RGB11:Y (f)
               +     0.407          net: CLOCKS_AND_RESETS_0/CCC_FIC_x_CLK/PF_CCC_C0_0/clkint_0/U0_RGB1_RGB11_rgb_net_1
  14.907                       MIPI_CAMERA_0/mipicsi2rxdecoderPF_C0_0/MSC_i_0/MSC_i_1/interrupt_event_dly[0][3]:CLK (r)
               -     0.135          
  14.772                       clock jitter
               -     0.000          Library setup time: ADLIB:SLE
  14.772                       MIPI_CAMERA_0/mipicsi2rxdecoderPF_C0_0/MSC_i_0/MSC_i_1/interrupt_event_dly[0][3]:D
                                    
  14.772                       data required time


Operating Conditions : slow_lv_ht

END SET MIPI_CAMERA_0/PF_IOD_GENERIC_RX_C0_0/PF_CLK_DIV_FIFO/I_CDD/Y_DIV to CLOCKS_AND_RESETS_0/CCC_FIC_x_CLK/PF_CCC_C0_0/pll_inst_0/OUT0

----------------------------------------------------

Clock Domain CLOCKS_AND_RESETS_0/CCC_FIC_x_CLK/PF_CCC_C0_0/pll_inst_0/OUT1

SET Register to Register

Path 1
  From: MSS_WRAPPER_0/MPFS_DISCOVERY_KIT_MSS_0/I_MSS:FIC_1_ACLK
  To:   MIPI_CAMERA_0/VDMA_C0_0/VDMA_C0_0/ddr_axi4_arbiter_vdma_0/genblk1.ddr_axi4_arbiter_native_vdma_0/ddr_rw_arbiter_vdma_0/v_wr_data_fifo/genblk19.u_corefifo_fwft/middle_dout[55]:EN
  Delay (ns):              3.402
  Slack (ns):              3.955
  Arrival (ns):            9.460
  Required (ns):          13.415
  Setup (ns):              0.127
  Minimum Period (ns):     3.910
  Operating Conditions: slow_lv_lt

Path 2
  From: MSS_WRAPPER_0/MPFS_DISCOVERY_KIT_MSS_0/I_MSS:FIC_1_ACLK
  To:   MIPI_CAMERA_0/VDMA_C0_0/VDMA_C0_0/ddr_axi4_arbiter_vdma_0/genblk1.ddr_axi4_arbiter_native_vdma_0/ddr_rw_arbiter_vdma_0/v_wr_data_fifo/genblk19.u_corefifo_fwft/middle_dout[40]:EN
  Delay (ns):              3.402
  Slack (ns):              3.955
  Arrival (ns):            9.460
  Required (ns):          13.415
  Setup (ns):              0.127
  Minimum Period (ns):     3.910
  Operating Conditions: slow_lv_lt

Path 3
  From: MSS_WRAPPER_0/MPFS_DISCOVERY_KIT_MSS_0/I_MSS:FIC_1_ACLK
  To:   MIPI_CAMERA_0/VDMA_C0_0/VDMA_C0_0/ddr_axi4_arbiter_vdma_0/genblk1.ddr_axi4_arbiter_native_vdma_0/ddr_rw_arbiter_vdma_0/v_wr_data_fifo/genblk19.u_corefifo_fwft/middle_dout[33]:EN
  Delay (ns):              3.402
  Slack (ns):              3.955
  Arrival (ns):            9.460
  Required (ns):          13.415
  Setup (ns):              0.127
  Minimum Period (ns):     3.910
  Operating Conditions: slow_lv_lt

Path 4
  From: MSS_WRAPPER_0/MPFS_DISCOVERY_KIT_MSS_0/I_MSS:FIC_1_ACLK
  To:   MIPI_CAMERA_0/VDMA_C0_0/VDMA_C0_0/ddr_axi4_arbiter_vdma_0/genblk1.ddr_axi4_arbiter_native_vdma_0/ddr_rw_arbiter_vdma_0/v_wr_data_fifo/genblk19.u_corefifo_fwft/middle_dout[25]:EN
  Delay (ns):              3.402
  Slack (ns):              3.956
  Arrival (ns):            9.460
  Required (ns):          13.416
  Setup (ns):              0.127
  Minimum Period (ns):     3.909
  Operating Conditions: slow_lv_lt

Path 5
  From: MSS_WRAPPER_0/MPFS_DISCOVERY_KIT_MSS_0/I_MSS:FIC_1_ACLK
  To:   MIPI_CAMERA_0/VDMA_C0_0/VDMA_C0_0/ddr_axi4_arbiter_vdma_0/genblk1.ddr_axi4_arbiter_native_vdma_0/ddr_rw_arbiter_vdma_0/v_wr_data_fifo/genblk19.u_corefifo_fwft/middle_dout[20]:EN
  Delay (ns):              3.401
  Slack (ns):              3.956
  Arrival (ns):            9.459
  Required (ns):          13.415
  Setup (ns):              0.127
  Minimum Period (ns):     3.909
  Operating Conditions: slow_lv_lt


Expanded Path 1
  From: MSS_WRAPPER_0/MPFS_DISCOVERY_KIT_MSS_0/I_MSS:FIC_1_ACLK
  To: MIPI_CAMERA_0/VDMA_C0_0/VDMA_C0_0/ddr_axi4_arbiter_vdma_0/genblk1.ddr_axi4_arbiter_native_vdma_0/ddr_rw_arbiter_vdma_0/v_wr_data_fifo/genblk19.u_corefifo_fwft/middle_dout[55]:EN
  data required time                                 13.415
  data arrival time                          -        9.460
  slack                                               3.955
  ________________________________________________________
  Data arrival time calculation
  0.000                        CLOCKS_AND_RESETS_0/CCC_FIC_x_CLK/PF_CCC_C0_0/pll_inst_0/OUT1
               +     0.000          Clock source
  0.000                        CLOCKS_AND_RESETS_0/CCC_FIC_x_CLK/PF_CCC_C0_0/pll_inst_0:OUT1 (r)
               +     4.146          Clock generation
  4.146                        
               +     0.253          net: CLOCKS_AND_RESETS_0/CCC_FIC_x_CLK/PF_CCC_C0_0/pll_inst_0_clkint_4
  4.399                        CLOCKS_AND_RESETS_0/CCC_FIC_x_CLK/PF_CCC_C0_0/clkint_4_1:A (r)
               +     0.234          cell: ADLIB:ICB_CLKINT
  4.633                        CLOCKS_AND_RESETS_0/CCC_FIC_x_CLK/PF_CCC_C0_0/clkint_4_1:Y (r)
               +     0.120          net: CLOCKS_AND_RESETS_0/CCC_FIC_x_CLK/PF_CCC_C0_0/clkint_4_NET
  4.753                        CLOCKS_AND_RESETS_0/CCC_FIC_x_CLK/PF_CCC_C0_0/clkint_4:A (r)
               +     0.164          cell: ADLIB:GB
  4.917                        CLOCKS_AND_RESETS_0/CCC_FIC_x_CLK/PF_CCC_C0_0/clkint_4:Y (r)
               +     0.391          net: CLOCKS_AND_RESETS_0/CCC_FIC_x_CLK/PF_CCC_C0_0/clkint_4/U0_Y
  5.308                        CLOCKS_AND_RESETS_0/CCC_FIC_x_CLK/PF_CCC_C0_0/clkint_4/U0_RGB1:A (r)
               +     0.060          cell: ADLIB:RGB
  5.368                        CLOCKS_AND_RESETS_0/CCC_FIC_x_CLK/PF_CCC_C0_0/clkint_4/U0_RGB1:Y (f)
               +     0.690          net: CLOCKS_AND_RESETS_0_FIC_1_CLK
  6.058                        MSS_WRAPPER_0/MPFS_DISCOVERY_KIT_MSS_0/I_MSS:FIC_1_ACLK (r)
               +     0.844          cell: ADLIB:MSS
  6.902                        MSS_WRAPPER_0/MPFS_DISCOVERY_KIT_MSS_0/I_MSS:FIC_1_AXI4_S_WREADY (f)
               +     0.965          net: MIPI_CAMERA_0_mAXI4_SLAVE_WREADY
  7.867                        MIPI_CAMERA_0/VDMA_C0_0/VDMA_C0_0/ddr_axi4_arbiter_vdma_0/genblk1.ddr_axi4_arbiter_native_vdma_0/ddr_rw_arbiter_vdma_0/wr_fifo_ren:B (f)
               +     0.077          cell: ADLIB:CFG2
  7.944                        MIPI_CAMERA_0/VDMA_C0_0/VDMA_C0_0/ddr_axi4_arbiter_vdma_0/genblk1.ddr_axi4_arbiter_native_vdma_0/ddr_rw_arbiter_vdma_0/wr_fifo_ren:Y (f)
               +     0.473          net: MIPI_CAMERA_0/VDMA_C0_0/VDMA_C0_0/ddr_axi4_arbiter_vdma_0/genblk1.ddr_axi4_arbiter_native_vdma_0/ddr_rw_arbiter_vdma_0/wr_fifo_ren_Z
  8.417                        MIPI_CAMERA_0/VDMA_C0_0/VDMA_C0_0/ddr_axi4_arbiter_vdma_0/genblk1.ddr_axi4_arbiter_native_vdma_0/ddr_rw_arbiter_vdma_0/v_wr_data_fifo/genblk19.u_corefifo_fwft/dout_valid_RNIC32MF:C (f)
               +     0.232          cell: ADLIB:CFG4
  8.649                        MIPI_CAMERA_0/VDMA_C0_0/VDMA_C0_0/ddr_axi4_arbiter_vdma_0/genblk1.ddr_axi4_arbiter_native_vdma_0/ddr_rw_arbiter_vdma_0/v_wr_data_fifo/genblk19.u_corefifo_fwft/dout_valid_RNIC32MF:Y (r)
               +     0.811          net: MIPI_CAMERA_0/VDMA_C0_0/VDMA_C0_0/ddr_axi4_arbiter_vdma_0/genblk1.ddr_axi4_arbiter_native_vdma_0/ddr_rw_arbiter_vdma_0/v_wr_data_fifo/genblk19.u_corefifo_fwft/N_41_i
  9.460                        MIPI_CAMERA_0/VDMA_C0_0/VDMA_C0_0/ddr_axi4_arbiter_vdma_0/genblk1.ddr_axi4_arbiter_native_vdma_0/ddr_rw_arbiter_vdma_0/v_wr_data_fifo/genblk19.u_corefifo_fwft/middle_dout[55]:EN (r)
                                    
  9.460                        data arrival time
  ________________________________________________________
  Data required time calculation
  8.000                        CLOCKS_AND_RESETS_0/CCC_FIC_x_CLK/PF_CCC_C0_0/pll_inst_0/OUT1
               +     0.000          Clock source
  8.000                        CLOCKS_AND_RESETS_0/CCC_FIC_x_CLK/PF_CCC_C0_0/pll_inst_0:OUT1 (r)
               +     3.745          Clock generation
  11.745                       
               +     0.231          net: CLOCKS_AND_RESETS_0/CCC_FIC_x_CLK/PF_CCC_C0_0/pll_inst_0_clkint_4
  11.976                       CLOCKS_AND_RESETS_0/CCC_FIC_x_CLK/PF_CCC_C0_0/clkint_4_1:A (r)
               +     0.202          cell: ADLIB:ICB_CLKINT
  12.178                       CLOCKS_AND_RESETS_0/CCC_FIC_x_CLK/PF_CCC_C0_0/clkint_4_1:Y (r)
               +     0.110          net: CLOCKS_AND_RESETS_0/CCC_FIC_x_CLK/PF_CCC_C0_0/clkint_4_NET
  12.288                       CLOCKS_AND_RESETS_0/CCC_FIC_x_CLK/PF_CCC_C0_0/clkint_4:A (r)
               +     0.149          cell: ADLIB:GB
  12.437                       CLOCKS_AND_RESETS_0/CCC_FIC_x_CLK/PF_CCC_C0_0/clkint_4:Y (r)
               +     0.352          net: CLOCKS_AND_RESETS_0/CCC_FIC_x_CLK/PF_CCC_C0_0/clkint_4/U0_Y
  12.789                       CLOCKS_AND_RESETS_0/CCC_FIC_x_CLK/PF_CCC_C0_0/clkint_4/U0_RGB1_RGB0:A (r)
               +     0.052          cell: ADLIB:RGB
  12.841                       CLOCKS_AND_RESETS_0/CCC_FIC_x_CLK/PF_CCC_C0_0/clkint_4/U0_RGB1_RGB0:Y (f)
               +     0.354          net: CLOCKS_AND_RESETS_0/CCC_FIC_x_CLK/PF_CCC_C0_0/clkint_4/U0_RGB1_RGB0_rgb_net_1
  13.195                       MIPI_CAMERA_0/VDMA_C0_0/VDMA_C0_0/ddr_axi4_arbiter_vdma_0/genblk1.ddr_axi4_arbiter_native_vdma_0/ddr_rw_arbiter_vdma_0/v_wr_data_fifo/genblk19.u_corefifo_fwft/middle_dout[55]:CLK (r)
               +     0.482          
  13.677                       clock reconvergence pessimism
               -     0.135          
  13.542                       clock jitter
               -     0.127          Library setup time: ADLIB:SLE
  13.415                       MIPI_CAMERA_0/VDMA_C0_0/VDMA_C0_0/ddr_axi4_arbiter_vdma_0/genblk1.ddr_axi4_arbiter_native_vdma_0/ddr_rw_arbiter_vdma_0/v_wr_data_fifo/genblk19.u_corefifo_fwft/middle_dout[55]:EN
                                    
  13.415                       data required time


Operating Conditions : slow_lv_lt

END SET Register to Register

----------------------------------------------------

SET External Setup

No Path 

END SET External Setup

----------------------------------------------------

SET Clock to Output

No Path 

END SET Clock to Output

----------------------------------------------------

SET Register to Asynchronous

Path 1
  From: MIPI_CAMERA_0/VDMA_C0_0/VDMA_C0_0/dma_top_0/vdma_ip_reset_0/synchronizer_circuit_2stage_ddr_clk/sync_out_o:CLK
  To:   MIPI_CAMERA_0/VDMA_C0_0/VDMA_C0_0/dma_top_0/vdma_write_0/ddr_write_vdma/ddr_write_controller_vdma_0/write_start_addr_o_1[37]:ALn
  Delay (ns):              1.315
  Slack (ns):              6.255
  Arrival (ns):            7.342
  Required (ns):          13.597
  Recovery (ns):           0.196
  Minimum Period (ns):     1.610
  Skew (ns):               0.099
  Operating Conditions: slow_lv_ht

Path 2
  From: MIPI_CAMERA_0/VDMA_C0_0/VDMA_C0_0/dma_top_0/vdma_ip_reset_0/synchronizer_circuit_2stage_ddr_clk/sync_out_o:CLK
  To:   MIPI_CAMERA_0/VDMA_C0_0/VDMA_C0_0/dma_top_0/vdma_write_0/ddr_write_vdma/ddr_write_controller_vdma_0/write_start_addr_o_1[33]:ALn
  Delay (ns):              1.314
  Slack (ns):              6.255
  Arrival (ns):            7.341
  Required (ns):          13.596
  Recovery (ns):           0.196
  Minimum Period (ns):     1.610
  Skew (ns):               0.100
  Operating Conditions: slow_lv_ht

Path 3
  From: MIPI_CAMERA_0/VDMA_C0_0/VDMA_C0_0/dma_top_0/vdma_ip_reset_0/synchronizer_circuit_2stage_ddr_clk/sync_out_o:CLK
  To:   MIPI_CAMERA_0/VDMA_C0_0/VDMA_C0_0/dma_top_0/vdma_write_0/ddr_write_vdma/ddr_write_controller_vdma_0/write_start_addr_o_1[30]:ALn
  Delay (ns):              1.314
  Slack (ns):              6.256
  Arrival (ns):            7.341
  Required (ns):          13.597
  Recovery (ns):           0.196
  Minimum Period (ns):     1.609
  Skew (ns):               0.099
  Operating Conditions: slow_lv_ht

Path 4
  From: MIPI_CAMERA_0/VDMA_C0_0/VDMA_C0_0/dma_top_0/vdma_ip_reset_0/synchronizer_circuit_2stage_ddr_clk/sync_out_o:CLK
  To:   MIPI_CAMERA_0/VDMA_C0_0/VDMA_C0_0/dma_top_0/vdma_write_0/ddr_write_vdma/ddr_write_controller_vdma_0/write_start_addr_o_1[29]:ALn
  Delay (ns):              1.314
  Slack (ns):              6.256
  Arrival (ns):            7.341
  Required (ns):          13.597
  Recovery (ns):           0.196
  Minimum Period (ns):     1.609
  Skew (ns):               0.099
  Operating Conditions: slow_lv_ht

Path 5
  From: MIPI_CAMERA_0/VDMA_C0_0/VDMA_C0_0/dma_top_0/vdma_ip_reset_0/synchronizer_circuit_2stage_ddr_clk/sync_out_o:CLK
  To:   MIPI_CAMERA_0/VDMA_C0_0/VDMA_C0_0/dma_top_0/vdma_write_0/ddr_write_vdma/ddr_write_controller_vdma_0/write_start_addr_o_1[27]:ALn
  Delay (ns):              1.314
  Slack (ns):              6.256
  Arrival (ns):            7.341
  Required (ns):          13.597
  Recovery (ns):           0.196
  Minimum Period (ns):     1.609
  Skew (ns):               0.099
  Operating Conditions: slow_lv_ht


Expanded Path 1
  From: MIPI_CAMERA_0/VDMA_C0_0/VDMA_C0_0/dma_top_0/vdma_ip_reset_0/synchronizer_circuit_2stage_ddr_clk/sync_out_o:CLK
  To: MIPI_CAMERA_0/VDMA_C0_0/VDMA_C0_0/dma_top_0/vdma_write_0/ddr_write_vdma/ddr_write_controller_vdma_0/write_start_addr_o_1[37]:ALn
  data required time                                 13.597
  data arrival time                          -        7.342
  slack                                               6.255
  ________________________________________________________
  Data arrival time calculation
  0.000                        CLOCKS_AND_RESETS_0/CCC_FIC_x_CLK/PF_CCC_C0_0/pll_inst_0/OUT1
               +     0.000          Clock source
  0.000                        CLOCKS_AND_RESETS_0/CCC_FIC_x_CLK/PF_CCC_C0_0/pll_inst_0:OUT1 (r)
               +     4.311          Clock generation
  4.311                        
               +     0.256          net: CLOCKS_AND_RESETS_0/CCC_FIC_x_CLK/PF_CCC_C0_0/pll_inst_0_clkint_4
  4.567                        CLOCKS_AND_RESETS_0/CCC_FIC_x_CLK/PF_CCC_C0_0/clkint_4_1:A (r)
               +     0.234          cell: ADLIB:ICB_CLKINT
  4.801                        CLOCKS_AND_RESETS_0/CCC_FIC_x_CLK/PF_CCC_C0_0/clkint_4_1:Y (r)
               +     0.144          net: CLOCKS_AND_RESETS_0/CCC_FIC_x_CLK/PF_CCC_C0_0/clkint_4_NET
  4.945                        CLOCKS_AND_RESETS_0/CCC_FIC_x_CLK/PF_CCC_C0_0/clkint_4:A (r)
               +     0.162          cell: ADLIB:GB
  5.107                        CLOCKS_AND_RESETS_0/CCC_FIC_x_CLK/PF_CCC_C0_0/clkint_4:Y (r)
               +     0.413          net: CLOCKS_AND_RESETS_0/CCC_FIC_x_CLK/PF_CCC_C0_0/clkint_4/U0_Y
  5.520                        CLOCKS_AND_RESETS_0/CCC_FIC_x_CLK/PF_CCC_C0_0/clkint_4/U0_RGB1_RGB0:A (r)
               +     0.058          cell: ADLIB:RGB
  5.578                        CLOCKS_AND_RESETS_0/CCC_FIC_x_CLK/PF_CCC_C0_0/clkint_4/U0_RGB1_RGB0:Y (f)
               +     0.449          net: CLOCKS_AND_RESETS_0/CCC_FIC_x_CLK/PF_CCC_C0_0/clkint_4/U0_RGB1_RGB0_rgb_net_1
  6.027                        MIPI_CAMERA_0/VDMA_C0_0/VDMA_C0_0/dma_top_0/vdma_ip_reset_0/synchronizer_circuit_2stage_ddr_clk/sync_out_o:CLK (r)
               +     0.201          cell: ADLIB:SLE
  6.228                        MIPI_CAMERA_0/VDMA_C0_0/VDMA_C0_0/dma_top_0/vdma_ip_reset_0/synchronizer_circuit_2stage_ddr_clk/sync_out_o:Q (r)
               +     1.114          net: MIPI_CAMERA_0/VDMA_C0_0/VDMA_C0_0/dma_top_0/sync_out_o_1
  7.342                        MIPI_CAMERA_0/VDMA_C0_0/VDMA_C0_0/dma_top_0/vdma_write_0/ddr_write_vdma/ddr_write_controller_vdma_0/write_start_addr_o_1[37]:ALn (r)
                                    
  7.342                        data arrival time
  ________________________________________________________
  Data required time calculation
  8.000                        CLOCKS_AND_RESETS_0/CCC_FIC_x_CLK/PF_CCC_C0_0/pll_inst_0/OUT1
               +     0.000          Clock source
  8.000                        CLOCKS_AND_RESETS_0/CCC_FIC_x_CLK/PF_CCC_C0_0/pll_inst_0:OUT1 (r)
               +     3.892          Clock generation
  11.892                       
               +     0.233          net: CLOCKS_AND_RESETS_0/CCC_FIC_x_CLK/PF_CCC_C0_0/pll_inst_0_clkint_4
  12.125                       CLOCKS_AND_RESETS_0/CCC_FIC_x_CLK/PF_CCC_C0_0/clkint_4_1:A (r)
               +     0.203          cell: ADLIB:ICB_CLKINT
  12.328                       CLOCKS_AND_RESETS_0/CCC_FIC_x_CLK/PF_CCC_C0_0/clkint_4_1:Y (r)
               +     0.132          net: CLOCKS_AND_RESETS_0/CCC_FIC_x_CLK/PF_CCC_C0_0/clkint_4_NET
  12.460                       CLOCKS_AND_RESETS_0/CCC_FIC_x_CLK/PF_CCC_C0_0/clkint_4:A (r)
               +     0.147          cell: ADLIB:GB
  12.607                       CLOCKS_AND_RESETS_0/CCC_FIC_x_CLK/PF_CCC_C0_0/clkint_4:Y (r)
               +     0.376          net: CLOCKS_AND_RESETS_0/CCC_FIC_x_CLK/PF_CCC_C0_0/clkint_4/U0_Y
  12.983                       CLOCKS_AND_RESETS_0/CCC_FIC_x_CLK/PF_CCC_C0_0/clkint_4/U0_RGB1:A (r)
               +     0.052          cell: ADLIB:RGB
  13.035                       CLOCKS_AND_RESETS_0/CCC_FIC_x_CLK/PF_CCC_C0_0/clkint_4/U0_RGB1:Y (f)
               +     0.390          net: CLOCKS_AND_RESETS_0_FIC_1_CLK
  13.425                       MIPI_CAMERA_0/VDMA_C0_0/VDMA_C0_0/dma_top_0/vdma_write_0/ddr_write_vdma/ddr_write_controller_vdma_0/write_start_addr_o_1[37]:CLK (r)
               +     0.503          
  13.928                       clock reconvergence pessimism
               -     0.135          
  13.793                       clock jitter
               -     0.196          Library recovery time: ADLIB:SLE
  13.597                       MIPI_CAMERA_0/VDMA_C0_0/VDMA_C0_0/dma_top_0/vdma_write_0/ddr_write_vdma/ddr_write_controller_vdma_0/write_start_addr_o_1[37]:ALn
                                    
  13.597                       data required time


Operating Conditions : slow_lv_ht

END SET Register to Asynchronous

----------------------------------------------------

SET External Recovery

No Path 

END SET External Recovery

----------------------------------------------------

SET Asynchronous to Register

No Path 

END SET Asynchronous to Register

----------------------------------------------------

SET CLOCKS_AND_RESETS_0/CCC_FIC_x_CLK/PF_CCC_C0_0/pll_inst_0/OUT0 to CLOCKS_AND_RESETS_0/CCC_FIC_x_CLK/PF_CCC_C0_0/pll_inst_0/OUT1

Path 1
  From: CLOCKS_AND_RESETS_0/RESET_FIC_0_CLK/CORERESET_0/dff_15[0]:CLK
  To:   MIPI_CAMERA_0/VDMA_C0_0/VDMA_C0_0/dma_top_0/vdma_write_0/ddr_write_vdma/ddr_write_controller_vdma_0/write_start_addr_o_1[36]:EN
  Delay (ns):              3.470
  Slack (ns):              2.479
  Arrival (ns):           11.088
  Required (ns):          13.567
  Setup (ns):              0.128
  Operating Conditions: slow_lv_ht

Path 2
  From: CLOCKS_AND_RESETS_0/RESET_FIC_0_CLK/CORERESET_0/dff_15[0]:CLK
  To:   MIPI_CAMERA_0/VDMA_C0_0/VDMA_C0_0/dma_top_0/vdma_write_0/ddr_write_vdma/ddr_write_controller_vdma_0/write_start_addr_o_1[34]:EN
  Delay (ns):              3.470
  Slack (ns):              2.479
  Arrival (ns):           11.088
  Required (ns):          13.567
  Setup (ns):              0.128
  Operating Conditions: slow_lv_ht

Path 3
  From: CLOCKS_AND_RESETS_0/RESET_FIC_0_CLK/CORERESET_0/dff_15[0]:CLK
  To:   MIPI_CAMERA_0/VDMA_C0_0/VDMA_C0_0/dma_top_0/vdma_write_0/ddr_write_vdma/ddr_write_controller_vdma_0/write_start_addr_o_1[33]:EN
  Delay (ns):              3.469
  Slack (ns):              2.479
  Arrival (ns):           11.087
  Required (ns):          13.566
  Setup (ns):              0.128
  Operating Conditions: slow_lv_ht

Path 4
  From: CLOCKS_AND_RESETS_0/RESET_FIC_0_CLK/CORERESET_0/dff_15[0]:CLK
  To:   MIPI_CAMERA_0/VDMA_C0_0/VDMA_C0_0/dma_top_0/vdma_write_0/ddr_write_vdma/ddr_write_controller_vdma_0/write_start_addr_o_1[32]:EN
  Delay (ns):              3.470
  Slack (ns):              2.479
  Arrival (ns):           11.088
  Required (ns):          13.567
  Setup (ns):              0.128
  Operating Conditions: slow_lv_ht

Path 5
  From: CLOCKS_AND_RESETS_0/RESET_FIC_0_CLK/CORERESET_0/dff_15[0]:CLK
  To:   MIPI_CAMERA_0/VDMA_C0_0/VDMA_C0_0/dma_top_0/vdma_write_0/ddr_write_vdma/ddr_write_controller_vdma_0/write_start_addr_o_1[30]:EN
  Delay (ns):              3.470
  Slack (ns):              2.479
  Arrival (ns):           11.088
  Required (ns):          13.567
  Setup (ns):              0.128
  Operating Conditions: slow_lv_ht


Expanded Path 1
  From: CLOCKS_AND_RESETS_0/RESET_FIC_0_CLK/CORERESET_0/dff_15[0]:CLK
  To: MIPI_CAMERA_0/VDMA_C0_0/VDMA_C0_0/dma_top_0/vdma_write_0/ddr_write_vdma/ddr_write_controller_vdma_0/write_start_addr_o_1[36]:EN
  data required time                                 13.567
  data arrival time                          -       11.088
  slack                                               2.479
  ________________________________________________________
  Data arrival time calculation
  0.000                        CLOCKS_AND_RESETS_0/CCC_FIC_x_CLK/PF_CCC_C0_0/pll_inst_0/OUT0
               +     0.000          Clock source
  0.000                        CLOCKS_AND_RESETS_0/CCC_FIC_x_CLK/PF_CCC_C0_0/pll_inst_0:OUT0 (r)
               +     4.312          Clock generation
  4.312                        
               +     1.709          net: CLOCKS_AND_RESETS_0/CCC_FIC_x_CLK/PF_CCC_C0_0/pll_inst_0_clkint_0
  6.021                        CLOCKS_AND_RESETS_0/CCC_FIC_x_CLK/PF_CCC_C0_0/clkint_0_1:A (r)
               +     0.150          cell: ADLIB:ICB_CLKINT
  6.171                        CLOCKS_AND_RESETS_0/CCC_FIC_x_CLK/PF_CCC_C0_0/clkint_0_1:Y (r)
               +     0.386          net: CLOCKS_AND_RESETS_0/CCC_FIC_x_CLK/PF_CCC_C0_0/clkint_0_NET
  6.557                        CLOCKS_AND_RESETS_0/CCC_FIC_x_CLK/PF_CCC_C0_0/clkint_0:A (r)
               +     0.161          cell: ADLIB:GB
  6.718                        CLOCKS_AND_RESETS_0/CCC_FIC_x_CLK/PF_CCC_C0_0/clkint_0:Y (r)
               +     0.401          net: CLOCKS_AND_RESETS_0/CCC_FIC_x_CLK/PF_CCC_C0_0/clkint_0/U0_Y
  7.119                        CLOCKS_AND_RESETS_0/CCC_FIC_x_CLK/PF_CCC_C0_0/clkint_0/U0_RGB1_RGB17:A (r)
               +     0.058          cell: ADLIB:RGB
  7.177                        CLOCKS_AND_RESETS_0/CCC_FIC_x_CLK/PF_CCC_C0_0/clkint_0/U0_RGB1_RGB17:Y (f)
               +     0.441          net: CLOCKS_AND_RESETS_0/CCC_FIC_x_CLK/PF_CCC_C0_0/clkint_0/U0_RGB1_RGB17_rgb_net_1
  7.618                        CLOCKS_AND_RESETS_0/RESET_FIC_0_CLK/CORERESET_0/dff_15[0]:CLK (r)
               +     0.201          cell: ADLIB:SLE
  7.819                        CLOCKS_AND_RESETS_0/RESET_FIC_0_CLK/CORERESET_0/dff_15[0]:Q (r)
               +     1.975          net: CLOCKS_AND_RESETS_0_RESET_FIC_0_CLK_CORERESET_0_dff
  9.794                        MIPI_CAMERA_0/VDMA_C0_0/VDMA_C0_0/ddr_axi4_arbiter_vdma_0/genblk1.ddr_axi4_arbiter_native_vdma_0/write_top_vdma_0/write_demux_vdma_0/w0_done_o:D (r)
               +     0.053          cell: ADLIB:CFG4
  9.847                        MIPI_CAMERA_0/VDMA_C0_0/VDMA_C0_0/ddr_axi4_arbiter_vdma_0/genblk1.ddr_axi4_arbiter_native_vdma_0/write_top_vdma_0/write_demux_vdma_0/w0_done_o:Y (r)
               +     0.516          net: MIPI_CAMERA_0/VDMA_C0_0/VDMA_C0_0/DDR_AXI4_ARBITER_PF_0_w0_done_o
  10.363                       MIPI_CAMERA_0/VDMA_C0_0/VDMA_C0_0/dma_top_0/vdma_write_0/ddr_write_vdma/ddr_write_controller_vdma_0/un1_s_clr_eof_reg_0_sqmuxa:C (r)
               +     0.053          cell: ADLIB:CFG4
  10.416                       MIPI_CAMERA_0/VDMA_C0_0/VDMA_C0_0/dma_top_0/vdma_write_0/ddr_write_vdma/ddr_write_controller_vdma_0/un1_s_clr_eof_reg_0_sqmuxa:Y (r)
               +     0.672          net: MIPI_CAMERA_0/VDMA_C0_0/VDMA_C0_0/dma_top_0/vdma_write_0/ddr_write_vdma/ddr_write_controller_vdma_0/un1_s_clr_eof_reg_0_sqmuxa_Z
  11.088                       MIPI_CAMERA_0/VDMA_C0_0/VDMA_C0_0/dma_top_0/vdma_write_0/ddr_write_vdma/ddr_write_controller_vdma_0/write_start_addr_o_1[36]:EN (r)
                                    
  11.088                       data arrival time
  ________________________________________________________
  Data required time calculation
  8.000                        CLOCKS_AND_RESETS_0/CCC_FIC_x_CLK/PF_CCC_C0_0/pll_inst_0/OUT1
               +     0.000          Clock source
  8.000                        CLOCKS_AND_RESETS_0/CCC_FIC_x_CLK/PF_CCC_C0_0/pll_inst_0:OUT1 (r)
               +     3.892          Clock generation
  11.892                       
               +     0.233          net: CLOCKS_AND_RESETS_0/CCC_FIC_x_CLK/PF_CCC_C0_0/pll_inst_0_clkint_4
  12.125                       CLOCKS_AND_RESETS_0/CCC_FIC_x_CLK/PF_CCC_C0_0/clkint_4_1:A (r)
               +     0.203          cell: ADLIB:ICB_CLKINT
  12.328                       CLOCKS_AND_RESETS_0/CCC_FIC_x_CLK/PF_CCC_C0_0/clkint_4_1:Y (r)
               +     0.132          net: CLOCKS_AND_RESETS_0/CCC_FIC_x_CLK/PF_CCC_C0_0/clkint_4_NET
  12.460                       CLOCKS_AND_RESETS_0/CCC_FIC_x_CLK/PF_CCC_C0_0/clkint_4:A (r)
               +     0.147          cell: ADLIB:GB
  12.607                       CLOCKS_AND_RESETS_0/CCC_FIC_x_CLK/PF_CCC_C0_0/clkint_4:Y (r)
               +     0.376          net: CLOCKS_AND_RESETS_0/CCC_FIC_x_CLK/PF_CCC_C0_0/clkint_4/U0_Y
  12.983                       CLOCKS_AND_RESETS_0/CCC_FIC_x_CLK/PF_CCC_C0_0/clkint_4/U0_RGB1:A (r)
               +     0.052          cell: ADLIB:RGB
  13.035                       CLOCKS_AND_RESETS_0/CCC_FIC_x_CLK/PF_CCC_C0_0/clkint_4/U0_RGB1:Y (f)
               +     0.390          net: CLOCKS_AND_RESETS_0_FIC_1_CLK
  13.425                       MIPI_CAMERA_0/VDMA_C0_0/VDMA_C0_0/dma_top_0/vdma_write_0/ddr_write_vdma/ddr_write_controller_vdma_0/write_start_addr_o_1[36]:CLK (r)
               +     0.405          
  13.830                       clock reconvergence pessimism
               -     0.135          
  13.695                       clock jitter
               -     0.128          Library setup time: ADLIB:SLE
  13.567                       MIPI_CAMERA_0/VDMA_C0_0/VDMA_C0_0/dma_top_0/vdma_write_0/ddr_write_vdma/ddr_write_controller_vdma_0/write_start_addr_o_1[36]:EN
                                    
  13.567                       data required time


Operating Conditions : slow_lv_ht

END SET CLOCKS_AND_RESETS_0/CCC_FIC_x_CLK/PF_CCC_C0_0/pll_inst_0/OUT0 to CLOCKS_AND_RESETS_0/CCC_FIC_x_CLK/PF_CCC_C0_0/pll_inst_0/OUT1

----------------------------------------------------

SET MIPI_CAMERA_0/PF_CCC_C1_0/PF_CCC_C1_0/pll_inst_0/OUT0 to CLOCKS_AND_RESETS_0/CCC_FIC_x_CLK/PF_CCC_C0_0/pll_inst_0/OUT1

Path 1
  From: MIPI_CAMERA_0/VDMA_C0_0/VDMA_C0_0/dma_top_0/vdma_write_0/buff_addr_fifo/RAM2PORT_ASYNC_FIFO_INST/ram_ram_0_0/INST_RAM1K20_IP:A_CLK
  To:   MIPI_CAMERA_0/VDMA_C0_0/VDMA_C0_0/dma_top_0/vdma_write_0/ddr_write_vdma/ddr_write_controller_vdma_0/write_start_addr_o_1[35]:D
  Delay (ns):              1.757
  Slack (ns):             -0.118
  Arrival (ns):            9.408
  Required (ns):           9.290
  Setup (ns):              0.000
  Operating Conditions: slow_lv_ht

Path 2
  From: MIPI_CAMERA_0/VDMA_C0_0/VDMA_C0_0/dma_top_0/vdma_write_0/buff_addr_fifo/RAM2PORT_ASYNC_FIFO_INST/ram_ram_0_0/INST_RAM1K20_IP:A_CLK
  To:   MIPI_CAMERA_0/VDMA_C0_0/VDMA_C0_0/dma_top_0/vdma_write_0/ddr_write_vdma/ddr_write_controller_vdma_0/write_start_addr_o_1[37]:D
  Delay (ns):              1.754
  Slack (ns):             -0.115
  Arrival (ns):            9.405
  Required (ns):           9.290
  Setup (ns):              0.000
  Operating Conditions: slow_lv_ht

Path 3
  From: MIPI_CAMERA_0/VDMA_C0_0/VDMA_C0_0/dma_top_0/vdma_write_0/buff_addr_fifo/RAM2PORT_ASYNC_FIFO_INST/ram_ram_0_0/INST_RAM1K20_IP:A_CLK
  To:   MIPI_CAMERA_0/VDMA_C0_0/VDMA_C0_0/dma_top_0/vdma_write_0/ddr_write_vdma/ddr_write_controller_vdma_0/write_start_addr_o_1[32]:D
  Delay (ns):              1.737
  Slack (ns):             -0.098
  Arrival (ns):            9.388
  Required (ns):           9.290
  Setup (ns):              0.000
  Operating Conditions: slow_lv_ht

Path 4
  From: MIPI_CAMERA_0/VDMA_C0_0/VDMA_C0_0/dma_top_0/vdma_write_0/buff_addr_fifo/RAM2PORT_ASYNC_FIFO_INST/ram_ram_0_0/INST_RAM1K20_IP:A_CLK
  To:   MIPI_CAMERA_0/VDMA_C0_0/VDMA_C0_0/dma_top_0/vdma_write_0/ddr_write_vdma/ddr_write_controller_vdma_0/write_start_addr_o_1[34]:D
  Delay (ns):              1.727
  Slack (ns):             -0.088
  Arrival (ns):            9.378
  Required (ns):           9.290
  Setup (ns):              0.000
  Operating Conditions: slow_lv_ht

Path 5
  From: MIPI_CAMERA_0/VDMA_C0_0/VDMA_C0_0/dma_top_0/vdma_write_0/buff_addr_fifo/RAM2PORT_ASYNC_FIFO_INST/ram_ram_0_0/INST_RAM1K20_IP:A_CLK
  To:   MIPI_CAMERA_0/VDMA_C0_0/VDMA_C0_0/dma_top_0/vdma_write_0/ddr_write_vdma/ddr_write_controller_vdma_0/write_start_addr_o_1[29]:D
  Delay (ns):              1.708
  Slack (ns):             -0.069
  Arrival (ns):            9.359
  Required (ns):           9.290
  Setup (ns):              0.000
  Operating Conditions: slow_lv_ht


Expanded Path 1
  From: MIPI_CAMERA_0/VDMA_C0_0/VDMA_C0_0/dma_top_0/vdma_write_0/buff_addr_fifo/RAM2PORT_ASYNC_FIFO_INST/ram_ram_0_0/INST_RAM1K20_IP:A_CLK
  To: MIPI_CAMERA_0/VDMA_C0_0/VDMA_C0_0/dma_top_0/vdma_write_0/ddr_write_vdma/ddr_write_controller_vdma_0/write_start_addr_o_1[35]:D
  data required time                                  9.290
  data arrival time                          -        9.408
  slack                                              -0.118
  ________________________________________________________
  Data arrival time calculation
  0.000                        MIPI_CAMERA_0/PF_CCC_C1_0/PF_CCC_C1_0/pll_inst_0/OUT0
               +     0.000          Clock source
  0.000                        MIPI_CAMERA_0/PF_CCC_C1_0/PF_CCC_C1_0/pll_inst_0:OUT0 (r)
               +     5.699          Clock generation
  5.699                        
               +     0.281          net: MIPI_CAMERA_0/PF_CCC_C1_0/PF_CCC_C1_0/pll_inst_0_clkint_0
  5.980                        MIPI_CAMERA_0/PF_CCC_C1_0/PF_CCC_C1_0/clkint_0_1:A (r)
               +     0.243          cell: ADLIB:ICB_CLKINT
  6.223                        MIPI_CAMERA_0/PF_CCC_C1_0/PF_CCC_C1_0/clkint_0_1:Y (r)
               +     0.150          net: MIPI_CAMERA_0/PF_CCC_C1_0/PF_CCC_C1_0/clkint_0_NET
  6.373                        MIPI_CAMERA_0/PF_CCC_C1_0/PF_CCC_C1_0/clkint_0:A (r)
               +     0.164          cell: ADLIB:GB
  6.537                        MIPI_CAMERA_0/PF_CCC_C1_0/PF_CCC_C1_0/clkint_0:Y (r)
               +     0.419          net: MIPI_CAMERA_0/PF_CCC_C1_0/PF_CCC_C1_0/clkint_0/U0_Y
  6.956                        MIPI_CAMERA_0/PF_CCC_C1_0/PF_CCC_C1_0/clkint_0/U0_RGB1:A (r)
               +     0.058          cell: ADLIB:RGB
  7.014                        MIPI_CAMERA_0/PF_CCC_C1_0/PF_CCC_C1_0/clkint_0/U0_RGB1:Y (f)
               +     0.637          net: MIPI_CAMERA_0/PF_CCC_C1_0_OUT0_FABCLK_0
  7.651                        MIPI_CAMERA_0/VDMA_C0_0/VDMA_C0_0/dma_top_0/vdma_write_0/buff_addr_fifo/RAM2PORT_ASYNC_FIFO_INST/ram_ram_0_0/INST_RAM1K20_IP:A_CLK (r)
               +     0.542          cell: ADLIB:RAM1K20_IP
  8.193                        MIPI_CAMERA_0/VDMA_C0_0/VDMA_C0_0/dma_top_0/vdma_write_0/buff_addr_fifo/RAM2PORT_ASYNC_FIFO_INST/ram_ram_0_0/INST_RAM1K20_IP:B_DOUT[1] (f)
               +     0.349          net: MIPI_CAMERA_0/VDMA_C0_0/VDMA_C0_0/dma_top_0/vdma_write_0/w_ddr_wr_addr[1]
  8.542                        MIPI_CAMERA_0/VDMA_C0_0/VDMA_C0_0/dma_top_0/vdma_write_0/ddr_write_vdma/ddr_write_controller_vdma_0/write_start_addr_o_6_cry_4_0:D (f)
               +     0.151          cell: ADLIB:ARI1_CC
  8.693                        MIPI_CAMERA_0/VDMA_C0_0/VDMA_C0_0/dma_top_0/vdma_write_0/ddr_write_vdma/ddr_write_controller_vdma_0/write_start_addr_o_6_cry_4_0:P (f)
               +     0.015          net: NET_CC_CONFIG13351
  8.708                        MIPI_CAMERA_0/VDMA_C0_0/VDMA_C0_0/dma_top_0/vdma_write_0/ddr_write_vdma/ddr_write_controller_vdma_0/write_start_addr_o_6_cry_0_0_CC_0:P[4] (f)
               +     0.296          cell: ADLIB:CC_CONFIG
  9.004                        MIPI_CAMERA_0/VDMA_C0_0/VDMA_C0_0/dma_top_0/vdma_write_0/ddr_write_vdma/ddr_write_controller_vdma_0/write_start_addr_o_6_cry_0_0_CC_0:CO (f)
               +     0.008          net: CI_TO_CO13333
  9.012                        MIPI_CAMERA_0/VDMA_C0_0/VDMA_C0_0/dma_top_0/vdma_write_0/ddr_write_vdma/ddr_write_controller_vdma_0/write_start_addr_o_6_cry_0_0_CC_1:CI (f)
               +     0.104          cell: ADLIB:CC_CONFIG
  9.116                        MIPI_CAMERA_0/VDMA_C0_0/VDMA_C0_0/dma_top_0/vdma_write_0/ddr_write_vdma/ddr_write_controller_vdma_0/write_start_addr_o_6_cry_0_0_CC_1:CO (f)
               +     0.008          net: CI_TO_CO13334
  9.124                        MIPI_CAMERA_0/VDMA_C0_0/VDMA_C0_0/dma_top_0/vdma_write_0/ddr_write_vdma/ddr_write_controller_vdma_0/write_start_addr_o_6_cry_0_0_CC_2:CI (f)
               +     0.196          cell: ADLIB:CC_CONFIG
  9.320                        MIPI_CAMERA_0/VDMA_C0_0/VDMA_C0_0/dma_top_0/vdma_write_0/ddr_write_vdma/ddr_write_controller_vdma_0/write_start_addr_o_6_cry_0_0_CC_2:CC[8] (r)
               +     0.000          net: NET_CC_CONFIG13466
  9.320                        MIPI_CAMERA_0/VDMA_C0_0/VDMA_C0_0/dma_top_0/vdma_write_0/ddr_write_vdma/ddr_write_controller_vdma_0/write_start_addr_o_6_cry_32_0:CC (r)
               +     0.063          cell: ADLIB:ARI1_CC
  9.383                        MIPI_CAMERA_0/VDMA_C0_0/VDMA_C0_0/dma_top_0/vdma_write_0/ddr_write_vdma/ddr_write_controller_vdma_0/write_start_addr_o_6_cry_32_0:S (r)
               +     0.025          net: MIPI_CAMERA_0/VDMA_C0_0/VDMA_C0_0/dma_top_0/vdma_write_0/ddr_write_vdma/ddr_write_controller_vdma_0/write_start_addr_o_6[35]
  9.408                        MIPI_CAMERA_0/VDMA_C0_0/VDMA_C0_0/dma_top_0/vdma_write_0/ddr_write_vdma/ddr_write_controller_vdma_0/write_start_addr_o_1[35]:D (r)
                                    
  9.408                        data arrival time
  ________________________________________________________
  Data required time calculation
  4.000                        CLOCKS_AND_RESETS_0/CCC_FIC_x_CLK/PF_CCC_C0_0/pll_inst_0/OUT1
               +     0.000          Clock source
  4.000                        CLOCKS_AND_RESETS_0/CCC_FIC_x_CLK/PF_CCC_C0_0/pll_inst_0:OUT1 (r)
               +     3.892          Clock generation
  7.892                        
               +     0.233          net: CLOCKS_AND_RESETS_0/CCC_FIC_x_CLK/PF_CCC_C0_0/pll_inst_0_clkint_4
  8.125                        CLOCKS_AND_RESETS_0/CCC_FIC_x_CLK/PF_CCC_C0_0/clkint_4_1:A (r)
               +     0.203          cell: ADLIB:ICB_CLKINT
  8.328                        CLOCKS_AND_RESETS_0/CCC_FIC_x_CLK/PF_CCC_C0_0/clkint_4_1:Y (r)
               +     0.132          net: CLOCKS_AND_RESETS_0/CCC_FIC_x_CLK/PF_CCC_C0_0/clkint_4_NET
  8.460                        CLOCKS_AND_RESETS_0/CCC_FIC_x_CLK/PF_CCC_C0_0/clkint_4:A (r)
               +     0.147          cell: ADLIB:GB
  8.607                        CLOCKS_AND_RESETS_0/CCC_FIC_x_CLK/PF_CCC_C0_0/clkint_4:Y (r)
               +     0.376          net: CLOCKS_AND_RESETS_0/CCC_FIC_x_CLK/PF_CCC_C0_0/clkint_4/U0_Y
  8.983                        CLOCKS_AND_RESETS_0/CCC_FIC_x_CLK/PF_CCC_C0_0/clkint_4/U0_RGB1:A (r)
               +     0.052          cell: ADLIB:RGB
  9.035                        CLOCKS_AND_RESETS_0/CCC_FIC_x_CLK/PF_CCC_C0_0/clkint_4/U0_RGB1:Y (f)
               +     0.390          net: CLOCKS_AND_RESETS_0_FIC_1_CLK
  9.425                        MIPI_CAMERA_0/VDMA_C0_0/VDMA_C0_0/dma_top_0/vdma_write_0/ddr_write_vdma/ddr_write_controller_vdma_0/write_start_addr_o_1[35]:CLK (r)
               -     0.135          
  9.290                        clock jitter
               -     0.000          Library setup time: ADLIB:SLE
  9.290                        MIPI_CAMERA_0/VDMA_C0_0/VDMA_C0_0/dma_top_0/vdma_write_0/ddr_write_vdma/ddr_write_controller_vdma_0/write_start_addr_o_1[35]:D
                                    
  9.290                        data required time


Operating Conditions : slow_lv_ht

END SET MIPI_CAMERA_0/PF_CCC_C1_0/PF_CCC_C1_0/pll_inst_0/OUT0 to CLOCKS_AND_RESETS_0/CCC_FIC_x_CLK/PF_CCC_C0_0/pll_inst_0/OUT1

----------------------------------------------------

Clock Domain CLOCKS_AND_RESETS_0/CCC_FIC_x_CLK/PF_CCC_C0_0/pll_inst_0/OUT3

SET Register to Register

Path 1
  From: MSS_WRAPPER_0/MPFS_DISCOVERY_KIT_MSS_0/I_MSS:FIC_3_PCLK
  To:   MSS_WRAPPER_0/MPFS_DISCOVERY_KIT_MSS_0/I_MSS:FIC_3_APB_M_PRDATA[0]
  Delay (ns):              7.470
  Slack (ns):              2.530
  Arrival (ns):           14.508
  Required (ns):          17.038
  Setup (ns):             -0.173
  Minimum Period (ns):    14.670
  Operating Conditions: slow_lv_ht

Path 2
  From: MSS_WRAPPER_0/MPFS_DISCOVERY_KIT_MSS_0/I_MSS:FIC_3_PCLK
  To:   MSS_WRAPPER_0/MPFS_DISCOVERY_KIT_MSS_0/I_MSS:FIC_3_APB_M_PRDATA[2]
  Delay (ns):              7.300
  Slack (ns):              2.632
  Arrival (ns):           14.338
  Required (ns):          16.970
  Setup (ns):             -0.105
  Minimum Period (ns):    14.466
  Operating Conditions: slow_lv_ht

Path 3
  From: MSS_WRAPPER_0/MPFS_DISCOVERY_KIT_MSS_0/I_MSS:FIC_3_PCLK
  To:   MSS_WRAPPER_0/MPFS_DISCOVERY_KIT_MSS_0/I_MSS:FIC_3_APB_M_PRDATA[4]
  Delay (ns):              7.331
  Slack (ns):              2.640
  Arrival (ns):           14.369
  Required (ns):          17.009
  Setup (ns):             -0.144
  Minimum Period (ns):    14.450
  Operating Conditions: slow_lv_ht

Path 4
  From: MSS_WRAPPER_0/MPFS_DISCOVERY_KIT_MSS_0/I_MSS:FIC_3_PCLK
  To:   MSS_WRAPPER_0/MPFS_DISCOVERY_KIT_MSS_0/I_MSS:FIC_3_APB_M_PRDATA[3]
  Delay (ns):              7.256
  Slack (ns):              2.720
  Arrival (ns):           14.294
  Required (ns):          17.014
  Setup (ns):             -0.149
  Minimum Period (ns):    14.290
  Operating Conditions: slow_lv_ht

Path 5
  From: MSS_WRAPPER_0/MPFS_DISCOVERY_KIT_MSS_0/I_MSS:FIC_3_PCLK
  To:   MSS_WRAPPER_0/MPFS_DISCOVERY_KIT_MSS_0/I_MSS:FIC_3_APB_M_PRDATA[5]
  Delay (ns):              7.318
  Slack (ns):              2.726
  Arrival (ns):           14.356
  Required (ns):          17.082
  Setup (ns):             -0.217
  Minimum Period (ns):    14.278
  Operating Conditions: slow_lv_ht


Expanded Path 1
  From: MSS_WRAPPER_0/MPFS_DISCOVERY_KIT_MSS_0/I_MSS:FIC_3_PCLK
  To: MSS_WRAPPER_0/MPFS_DISCOVERY_KIT_MSS_0/I_MSS:FIC_3_APB_M_PRDATA[0]
  data required time                                 17.038
  data arrival time                          -       14.508
  slack                                               2.530
  ________________________________________________________
  Data arrival time calculation
  0.000                        CLOCKS_AND_RESETS_0/CCC_FIC_x_CLK/PF_CCC_C0_0/pll_inst_0/OUT3
               +     0.000          Clock source
  0.000                        CLOCKS_AND_RESETS_0/CCC_FIC_x_CLK/PF_CCC_C0_0/pll_inst_0:OUT3 (r)
               +     4.322          Clock generation
  4.322                        
               +     0.980          net: CLOCKS_AND_RESETS_0/CCC_FIC_x_CLK/PF_CCC_C0_0/pll_inst_0_clkint_12
  5.302                        CLOCKS_AND_RESETS_0/CCC_FIC_x_CLK/PF_CCC_C0_0/clkint_12_1:A (r)
               +     0.243          cell: ADLIB:ICB_CLKINT
  5.545                        CLOCKS_AND_RESETS_0/CCC_FIC_x_CLK/PF_CCC_C0_0/clkint_12_1:Y (r)
               +     0.145          net: CLOCKS_AND_RESETS_0/CCC_FIC_x_CLK/PF_CCC_C0_0/clkint_12_NET
  5.690                        CLOCKS_AND_RESETS_0/CCC_FIC_x_CLK/PF_CCC_C0_0/clkint_12:A (r)
               +     0.163          cell: ADLIB:GB
  5.853                        CLOCKS_AND_RESETS_0/CCC_FIC_x_CLK/PF_CCC_C0_0/clkint_12:Y (r)
               +     0.410          net: CLOCKS_AND_RESETS_0/CCC_FIC_x_CLK/PF_CCC_C0_0/clkint_12/U0_Y
  6.263                        CLOCKS_AND_RESETS_0/CCC_FIC_x_CLK/PF_CCC_C0_0/clkint_12/U0_RGB1:A (r)
               +     0.058          cell: ADLIB:RGB
  6.321                        CLOCKS_AND_RESETS_0/CCC_FIC_x_CLK/PF_CCC_C0_0/clkint_12/U0_RGB1:Y (f)
               +     0.717          net: CLOCKS_AND_RESETS_0_FIC_3_CLK
  7.038                        MSS_WRAPPER_0/MPFS_DISCOVERY_KIT_MSS_0/I_MSS:FIC_3_PCLK (r)
               +     1.723          cell: ADLIB:MSS
  8.761                        MSS_WRAPPER_0/MPFS_DISCOVERY_KIT_MSS_0/I_MSS:FIC_3_APB_M_PADDR[8] (r)
               +     2.521          net: MSS_WRAPPER_0_FIC_3_APB_INITIATOR_PADDR[8]
  11.282                       FIC_3_PERIPHERALS_0/FIC_3_ADDRESS_GENERATION_1/FIC_3_0x4000_0xxx_0/FIC_3_0x4000_0xxx_0/iPSELS_0[0]:B (r)
               +     0.094          cell: ADLIB:CFG2
  11.376                       FIC_3_PERIPHERALS_0/FIC_3_ADDRESS_GENERATION_1/FIC_3_0x4000_0xxx_0/FIC_3_0x4000_0xxx_0/iPSELS_0[0]:Y (f)
               +     0.130          net: FIC_3_PERIPHERALS_0/FIC_3_ADDRESS_GENERATION_1/FIC_3_0x4000_0xxx_0/FIC_3_0x4000_0xxx_0/iPSELS_0_Z[0]
  11.506                       FIC_3_PERIPHERALS_0/FIC_3_ADDRESS_GENERATION_1/FIC_3_0x4000_0xxx_0/FIC_3_0x4000_0xxx_0/iPSELS[4]:D (f)
               +     0.151          cell: ADLIB:CFG4
  11.657                       FIC_3_PERIPHERALS_0/FIC_3_ADDRESS_GENERATION_1/FIC_3_0x4000_0xxx_0/FIC_3_0x4000_0xxx_0/iPSELS[4]:Y (f)
               +     0.166          net: FIC_3_PERIPHERALS_0/FIC_3_ADDRESS_GENERATION_1_FIC_3_0x4000_04xx_PSELx
  11.823                       FIC_3_PERIPHERALS_0/FIC_3_ADDRESS_GENERATION_1/FIC_3_0x4000_0xxx_0/FIC_3_0x4000_0xxx_0/u_mux_p_to_b3/iPRDATA27:A (f)
               +     0.136          cell: ADLIB:CFG3
  11.959                       FIC_3_PERIPHERALS_0/FIC_3_ADDRESS_GENERATION_1/FIC_3_0x4000_0xxx_0/FIC_3_0x4000_0xxx_0/u_mux_p_to_b3/iPRDATA27:Y (r)
               +     0.376          net: FIC_3_PERIPHERALS_0/FIC_3_ADDRESS_GENERATION_1/FIC_3_0x4000_0xxx_0/FIC_3_0x4000_0xxx_0/u_mux_p_to_b3/iPRDATA27_Z
  12.335                       FIC_3_PERIPHERALS_0/FIC_3_ADDRESS_GENERATION_1/FIC_3_0x4000_0xxx_0/FIC_3_0x4000_0xxx_0/u_mux_p_to_b3/PRDATA_0_iv_0_RNO_0[0]:C (r)
               +     0.078          cell: ADLIB:CFG4
  12.413                       FIC_3_PERIPHERALS_0/FIC_3_ADDRESS_GENERATION_1/FIC_3_0x4000_0xxx_0/FIC_3_0x4000_0xxx_0/u_mux_p_to_b3/PRDATA_0_iv_0_RNO_0[0]:Y (r)
               +     0.070          net: FIC_3_PERIPHERALS_0/FIC_3_ADDRESS_GENERATION_1/FIC_3_0x4000_0xxx_0/FIC_3_0x4000_0xxx_0/u_mux_p_to_b3/APBmslave1_PRDATAS1_m[0]
  12.483                       FIC_3_PERIPHERALS_0/FIC_3_ADDRESS_GENERATION_1/FIC_3_0x4000_0xxx_0/FIC_3_0x4000_0xxx_0/u_mux_p_to_b3/PRDATA_0_iv_0[0]:C (r)
               +     0.135          cell: ADLIB:CFG4
  12.618                       FIC_3_PERIPHERALS_0/FIC_3_ADDRESS_GENERATION_1/FIC_3_0x4000_0xxx_0/FIC_3_0x4000_0xxx_0/u_mux_p_to_b3/PRDATA_0_iv_0[0]:Y (r)
               +     0.322          net: FIC_3_PERIPHERALS_0/FIC_3_ADDRESS_GENERATION_1/FIC_3_0x4000_0xxx_0/FIC_3_0x4000_0xxx_0/u_mux_p_to_b3/PRDATA_0_iv_0_Z[0]
  12.940                       FIC_3_PERIPHERALS_0/FIC_3_ADDRESS_GENERATION_1/FIC_3_0x4000_0xxx_0/FIC_3_0x4000_0xxx_0/u_mux_p_to_b3/PRDATA_0_iv[0]:B (r)
               +     0.053          cell: ADLIB:CFG4
  12.993                       FIC_3_PERIPHERALS_0/FIC_3_ADDRESS_GENERATION_1/FIC_3_0x4000_0xxx_0/FIC_3_0x4000_0xxx_0/u_mux_p_to_b3/PRDATA_0_iv[0]:Y (r)
               +     0.336          net: FIC_3_PERIPHERALS_0/FIC_3_ADDRESS_GENERATION_1/FIC_3_0x4xxx_xxxx_0_APBmslave0_PRDATA[0]
  13.329                       FIC_3_PERIPHERALS_0/FIC_3_ADDRESS_GENERATION_1/FIC_3_0x4xxx_xxxx_0/FIC_3_0x4xxx_xxxx_0/u_mux_p_to_b3/PRDATA_0[0]:B (r)
               +     0.053          cell: ADLIB:CFG3
  13.382                       FIC_3_PERIPHERALS_0/FIC_3_ADDRESS_GENERATION_1/FIC_3_0x4xxx_xxxx_0/FIC_3_0x4xxx_xxxx_0/u_mux_p_to_b3/PRDATA_0[0]:Y (r)
               +     0.068          net: FIC_3_PERIPHERALS_0/FIC_3_ADDRESS_GENERATION_1/N_224
  13.450                       FIC_3_PERIPHERALS_0/FIC_3_ADDRESS_GENERATION_1/APB_ARBITER_0/in_prdata[0]:A (r)
               +     0.090          cell: ADLIB:CFG3
  13.540                       FIC_3_PERIPHERALS_0/FIC_3_ADDRESS_GENERATION_1/APB_ARBITER_0/in_prdata[0]:Y (r)
               +     0.968          net: MSS_WRAPPER_0_FIC_3_APB_INITIATOR_PRDATA[0]
  14.508                       MSS_WRAPPER_0/MPFS_DISCOVERY_KIT_MSS_0/I_MSS:FIC_3_APB_M_PRDATA[0] (r)
                                    
  14.508                       data arrival time
  ________________________________________________________
  Data required time calculation
  10.000                       CLOCKS_AND_RESETS_0/CCC_FIC_x_CLK/PF_CCC_C0_0/pll_inst_0/OUT3
               +     0.000          Clock source
  10.000                       CLOCKS_AND_RESETS_0/CCC_FIC_x_CLK/PF_CCC_C0_0/pll_inst_0:OUT3 (f)
               +     3.894          Clock generation
  13.894                       
               +     0.881          net: CLOCKS_AND_RESETS_0/CCC_FIC_x_CLK/PF_CCC_C0_0/pll_inst_0_clkint_12
  14.775                       CLOCKS_AND_RESETS_0/CCC_FIC_x_CLK/PF_CCC_C0_0/clkint_12_1:A (f)
               +     0.224          cell: ADLIB:ICB_CLKINT
  14.999                       CLOCKS_AND_RESETS_0/CCC_FIC_x_CLK/PF_CCC_C0_0/clkint_12_1:Y (f)
               +     0.125          net: CLOCKS_AND_RESETS_0/CCC_FIC_x_CLK/PF_CCC_C0_0/clkint_12_NET
  15.124                       CLOCKS_AND_RESETS_0/CCC_FIC_x_CLK/PF_CCC_C0_0/clkint_12:A (f)
               +     0.141          cell: ADLIB:GB
  15.265                       CLOCKS_AND_RESETS_0/CCC_FIC_x_CLK/PF_CCC_C0_0/clkint_12:Y (f)
               +     0.372          net: CLOCKS_AND_RESETS_0/CCC_FIC_x_CLK/PF_CCC_C0_0/clkint_12/U0_Y
  15.637                       CLOCKS_AND_RESETS_0/CCC_FIC_x_CLK/PF_CCC_C0_0/clkint_12/U0_RGB1:A (f)
               +     0.054          cell: ADLIB:RGB
  15.691                       CLOCKS_AND_RESETS_0/CCC_FIC_x_CLK/PF_CCC_C0_0/clkint_12/U0_RGB1:Y (r)
               +     0.517          net: CLOCKS_AND_RESETS_0_FIC_3_CLK
  16.208                       MSS_WRAPPER_0/MPFS_DISCOVERY_KIT_MSS_0/I_MSS:FIC_3_PCLK (f)
               +     0.792          
  17.000                       clock reconvergence pessimism
               -     0.135          
  16.865                       clock jitter
               -    -0.173          Library setup time: ADLIB:MSS
  17.038                       MSS_WRAPPER_0/MPFS_DISCOVERY_KIT_MSS_0/I_MSS:FIC_3_APB_M_PRDATA[0]
                                    
  17.038                       data required time


Operating Conditions : slow_lv_ht

END SET Register to Register

----------------------------------------------------

SET External Setup

Path 1
  From: RPI_I2C_SCL
  To:   FIC_3_PERIPHERALS_0/CORE_I2C_C0_0_WRAPPER_1/COREI2C_C0_0/COREI2C_C0_0/I2C_NUM_GENERATION[0].ui2c/SCLI_ff_reg_0[4]:D
  Delay (ns):              2.975
  Arrival (ns):            2.975
  Setup (ns):              0.000
  External Setup (ns):    -0.973
  Operating Conditions: fast_hv_lt

Path 2
  From: RPI_I2C_SCL
  To:   FIC_3_PERIPHERALS_0/CORE_I2C_C0_0_WRAPPER_1/COREI2C_C0_0/COREI2C_C0_0/I2C_NUM_GENERATION[0].ui2c/SCLI_ff_reg_0[3]:D
  Delay (ns):              2.966
  Arrival (ns):            2.966
  Setup (ns):              0.000
  External Setup (ns):    -0.998
  Operating Conditions: fast_hv_lt

Path 3
  From: RPI_I2C_SCL
  To:   FIC_3_PERIPHERALS_0/CORE_I2C_C0_0_WRAPPER_1/COREI2C_C0_0/COREI2C_C0_0/I2C_NUM_GENERATION[0].ui2c/SCLI_ff_reg_0[11]:D
  Delay (ns):              2.965
  Arrival (ns):            2.965
  Setup (ns):              0.000
  External Setup (ns):    -1.000
  Operating Conditions: fast_hv_lt

Path 4
  From: RPI_I2C_SCL
  To:   FIC_3_PERIPHERALS_0/CORE_I2C_C0_0_WRAPPER_1/COREI2C_C0_0/COREI2C_C0_0/I2C_NUM_GENERATION[0].ui2c/SCLI_ff_reg_0[10]:D
  Delay (ns):              2.960
  Arrival (ns):            2.960
  Setup (ns):              0.000
  External Setup (ns):    -1.005
  Operating Conditions: fast_hv_lt

Path 5
  From: RPI_I2C_SCL
  To:   FIC_3_PERIPHERALS_0/CORE_I2C_C0_0_WRAPPER_1/COREI2C_C0_0/COREI2C_C0_0/I2C_NUM_GENERATION[0].ui2c/SCLI_ff_reg_0[2]:D
  Delay (ns):              2.929
  Arrival (ns):            2.929
  Setup (ns):              0.000
  External Setup (ns):    -1.036
  Operating Conditions: fast_hv_lt


Expanded Path 1
  From: RPI_I2C_SCL
  To: FIC_3_PERIPHERALS_0/CORE_I2C_C0_0_WRAPPER_1/COREI2C_C0_0/COREI2C_C0_0/I2C_NUM_GENERATION[0].ui2c/SCLI_ff_reg_0[4]:D
  data required time                                    N/C
  data arrival time                          -        2.975
  slack                                                 N/C
  ________________________________________________________
  Data arrival time calculation
  0.000                        RPI_I2C_SCL (f)
               +     0.987          cell: ADLIB:IOPAD_BI
  0.987                        FIC_3_PERIPHERALS_0/CORE_I2C_C0_0_WRAPPER_1/COREI2C_C0_0_SCL_BIBUF/U_IOPAD:Y (f)
               +     0.000          net: FIC_3_PERIPHERALS_0/CORE_I2C_C0_0_WRAPPER_1/COREI2C_C0_0_SCL_BIBUF/YIN
  0.987                        FIC_3_PERIPHERALS_0/CORE_I2C_C0_0_WRAPPER_1/COREI2C_C0_0_SCL_BIBUF/U_IOBI:YIN (f)
               +     0.131          cell: ADLIB:IOBI_IB_OB_EB
  1.118                        FIC_3_PERIPHERALS_0/CORE_I2C_C0_0_WRAPPER_1/COREI2C_C0_0_SCL_BIBUF/U_IOBI:Y (f)
               +     1.256          net: FIC_3_PERIPHERALS_0/CORE_I2C_C0_0_WRAPPER_1/COREI2C_C0_0_SCL_BIBUF_Y
  2.374                        FIC_3_PERIPHERALS_0/CORE_I2C_C0_0_WRAPPER_1/COREI2C_C0_0/COREI2C_C0_0/I2C_NUM_GENERATION[0].ui2c/SCLI_ff_reg_0_4[0]:B (f)
               +     0.099          cell: ADLIB:CFG2
  2.473                        FIC_3_PERIPHERALS_0/CORE_I2C_C0_0_WRAPPER_1/COREI2C_C0_0/COREI2C_C0_0/I2C_NUM_GENERATION[0].ui2c/SCLI_ff_reg_0_4[0]:Y (f)
               +     0.044          net: FIC_3_PERIPHERALS_0/CORE_I2C_C0_0_WRAPPER_1/COREI2C_C0_0/COREI2C_C0_0/I2C_NUM_GENERATION[0].ui2c/SCLI_ff_reg_0_4_Z[0]
  2.517                        FIC_3_PERIPHERALS_0/CORE_I2C_C0_0_WRAPPER_1/COREI2C_C0_0/COREI2C_C0_0/I2C_NUM_GENERATION[0].ui2c/SCLI_ff_reg_0_ns_i_0_o3[12]:B (f)
               +     0.059          cell: ADLIB:CFG2
  2.576                        FIC_3_PERIPHERALS_0/CORE_I2C_C0_0_WRAPPER_1/COREI2C_C0_0/COREI2C_C0_0/I2C_NUM_GENERATION[0].ui2c/SCLI_ff_reg_0_ns_i_0_o3[12]:Y (f)
               +     0.236          net: FIC_3_PERIPHERALS_0/CORE_I2C_C0_0_WRAPPER_1/COREI2C_C0_0/COREI2C_C0_0/I2C_NUM_GENERATION[0].ui2c/N_254
  2.812                        FIC_3_PERIPHERALS_0/CORE_I2C_C0_0_WRAPPER_1/COREI2C_C0_0/COREI2C_C0_0/I2C_NUM_GENERATION[0].ui2c/SCLI_ff_reg_0_RNO[4]:D (f)
               +     0.148          cell: ADLIB:CFG4
  2.960                        FIC_3_PERIPHERALS_0/CORE_I2C_C0_0_WRAPPER_1/COREI2C_C0_0/COREI2C_C0_0/I2C_NUM_GENERATION[0].ui2c/SCLI_ff_reg_0_RNO[4]:Y (r)
               +     0.015          net: FIC_3_PERIPHERALS_0/CORE_I2C_C0_0_WRAPPER_1/COREI2C_C0_0/COREI2C_C0_0/I2C_NUM_GENERATION[0].ui2c/N_855_i
  2.975                        FIC_3_PERIPHERALS_0/CORE_I2C_C0_0_WRAPPER_1/COREI2C_C0_0/COREI2C_C0_0/I2C_NUM_GENERATION[0].ui2c/SCLI_ff_reg_0[4]:D (r)
                                    
  2.975                        data arrival time
  ________________________________________________________
  Data required time calculation
  N/C                          CLOCKS_AND_RESETS_0/CCC_FIC_x_CLK/PF_CCC_C0_0/pll_inst_0/OUT3
               +     0.000          Clock source
  N/C                          CLOCKS_AND_RESETS_0/CCC_FIC_x_CLK/PF_CCC_C0_0/pll_inst_0:OUT3 (r)
               +     2.583          Clock generation
  N/C                          
               +     0.601          net: CLOCKS_AND_RESETS_0/CCC_FIC_x_CLK/PF_CCC_C0_0/pll_inst_0_clkint_12
  N/C                          CLOCKS_AND_RESETS_0/CCC_FIC_x_CLK/PF_CCC_C0_0/clkint_12_1:A (r)
               +     0.141          cell: ADLIB:ICB_CLKINT
  N/C                          CLOCKS_AND_RESETS_0/CCC_FIC_x_CLK/PF_CCC_C0_0/clkint_12_1:Y (r)
               +     0.093          net: CLOCKS_AND_RESETS_0/CCC_FIC_x_CLK/PF_CCC_C0_0/clkint_12_NET
  N/C                          CLOCKS_AND_RESETS_0/CCC_FIC_x_CLK/PF_CCC_C0_0/clkint_12:A (r)
               +     0.108          cell: ADLIB:GB
  N/C                          CLOCKS_AND_RESETS_0/CCC_FIC_x_CLK/PF_CCC_C0_0/clkint_12:Y (r)
               +     0.254          net: CLOCKS_AND_RESETS_0/CCC_FIC_x_CLK/PF_CCC_C0_0/clkint_12/U0_Y
  N/C                          CLOCKS_AND_RESETS_0/CCC_FIC_x_CLK/PF_CCC_C0_0/clkint_12/U0_RGB1_RGB0:A (r)
               +     0.038          cell: ADLIB:RGB
  N/C                          CLOCKS_AND_RESETS_0/CCC_FIC_x_CLK/PF_CCC_C0_0/clkint_12/U0_RGB1_RGB0:Y (f)
               +     0.265          net: CLOCKS_AND_RESETS_0/CCC_FIC_x_CLK/PF_CCC_C0_0/clkint_12/U0_RGB1_RGB0_rgb_net_1
  N/C                          FIC_3_PERIPHERALS_0/CORE_I2C_C0_0_WRAPPER_1/COREI2C_C0_0/COREI2C_C0_0/I2C_NUM_GENERATION[0].ui2c/SCLI_ff_reg_0[4]:CLK (r)
               -     0.135          
  N/C                          clock jitter
               -     0.000          Library setup time: ADLIB:SLE
  N/C                          FIC_3_PERIPHERALS_0/CORE_I2C_C0_0_WRAPPER_1/COREI2C_C0_0/COREI2C_C0_0/I2C_NUM_GENERATION[0].ui2c/SCLI_ff_reg_0[4]:D


Operating Conditions : fast_hv_lt

END SET External Setup

----------------------------------------------------

SET Clock to Output

Path 1
  From: FIC_3_PERIPHERALS_0/SPI_FOR_7_SEG_0/SPI_FOR_7_SEG_0/USPI/URF/control1[1]:CLK
  To:   SPISDO
  Delay (ns):              9.969
  Arrival (ns):           16.732
  Clock to Out (ns):      16.732
  Operating Conditions: slow_lv_ht

Path 2
  From: FIC_3_PERIPHERALS_0/SPI_FOR_7_SEG_0/SPI_FOR_7_SEG_0/USPI/UCC/stxs_txzeros:CLK
  To:   SPISDO
  Delay (ns):              9.267
  Arrival (ns):           16.030
  Clock to Out (ns):      16.030
  Operating Conditions: slow_lv_ht

Path 3
  From: FIC_3_PERIPHERALS_0/SPI_FOR_7_SEG_0/SPI_FOR_7_SEG_0/USPI/UCC/stxs_direct:CLK
  To:   SPISDO
  Delay (ns):              9.146
  Arrival (ns):           15.909
  Clock to Out (ns):      15.909
  Operating Conditions: slow_lv_ht

Path 4
  From: FIC_3_PERIPHERALS_0/SPI_FOR_7_SEG_0/SPI_FOR_7_SEG_0/USPI/UCC/stxs_datareg[15]:CLK
  To:   SPISDO
  Delay (ns):              8.989
  Arrival (ns):           15.762
  Clock to Out (ns):      15.762
  Operating Conditions: slow_lv_ht

Path 5
  From: FIC_3_PERIPHERALS_0/COREGPIO_C0/GPIO_0/xhdl1.GEN_BITS[4].APB_32.GPOUT_reg[4]:CLK
  To:   LED5
  Delay (ns):              8.944
  Arrival (ns):           15.730
  Clock to Out (ns):      15.730
  Operating Conditions: slow_lv_ht


Expanded Path 1
  From: FIC_3_PERIPHERALS_0/SPI_FOR_7_SEG_0/SPI_FOR_7_SEG_0/USPI/URF/control1[1]:CLK
  To: SPISDO
  data required time                                    N/C
  data arrival time                          -       16.732
  slack                                                 N/C
  ________________________________________________________
  Data arrival time calculation
  0.000                        CLOCKS_AND_RESETS_0/CCC_FIC_x_CLK/PF_CCC_C0_0/pll_inst_0/OUT3
               +     0.000          Clock source
  0.000                        CLOCKS_AND_RESETS_0/CCC_FIC_x_CLK/PF_CCC_C0_0/pll_inst_0:OUT3 (r)
               +     4.322          Clock generation
  4.322                        
               +     0.980          net: CLOCKS_AND_RESETS_0/CCC_FIC_x_CLK/PF_CCC_C0_0/pll_inst_0_clkint_12
  5.302                        CLOCKS_AND_RESETS_0/CCC_FIC_x_CLK/PF_CCC_C0_0/clkint_12_1:A (r)
               +     0.243          cell: ADLIB:ICB_CLKINT
  5.545                        CLOCKS_AND_RESETS_0/CCC_FIC_x_CLK/PF_CCC_C0_0/clkint_12_1:Y (r)
               +     0.145          net: CLOCKS_AND_RESETS_0/CCC_FIC_x_CLK/PF_CCC_C0_0/clkint_12_NET
  5.690                        CLOCKS_AND_RESETS_0/CCC_FIC_x_CLK/PF_CCC_C0_0/clkint_12:A (r)
               +     0.163          cell: ADLIB:GB
  5.853                        CLOCKS_AND_RESETS_0/CCC_FIC_x_CLK/PF_CCC_C0_0/clkint_12:Y (r)
               +     0.406          net: CLOCKS_AND_RESETS_0/CCC_FIC_x_CLK/PF_CCC_C0_0/clkint_12/U0_Y
  6.259                        CLOCKS_AND_RESETS_0/CCC_FIC_x_CLK/PF_CCC_C0_0/clkint_12/U0_RGB1_RGB0:A (r)
               +     0.058          cell: ADLIB:RGB
  6.317                        CLOCKS_AND_RESETS_0/CCC_FIC_x_CLK/PF_CCC_C0_0/clkint_12/U0_RGB1_RGB0:Y (f)
               +     0.446          net: CLOCKS_AND_RESETS_0/CCC_FIC_x_CLK/PF_CCC_C0_0/clkint_12/U0_RGB1_RGB0_rgb_net_1
  6.763                        FIC_3_PERIPHERALS_0/SPI_FOR_7_SEG_0/SPI_FOR_7_SEG_0/USPI/URF/control1[1]:CLK (r)
               +     0.209          cell: ADLIB:SLE
  6.972                        FIC_3_PERIPHERALS_0/SPI_FOR_7_SEG_0/SPI_FOR_7_SEG_0/USPI/URF/control1[1]:Q (r)
               +     0.934          net: FIC_3_PERIPHERALS_0/SPI_FOR_7_SEG_0/SPI_FOR_7_SEG_0/USPI/SPIMODE
  7.906                        FIC_3_PERIPHERALS_0/SPI_FOR_7_SEG_0/SPI_FOR_7_SEG_0/USPI/UCC/spi_data_out_u_2_0_RNO:A (r)
               +     0.142          cell: ADLIB:CFG2
  8.048                        FIC_3_PERIPHERALS_0/SPI_FOR_7_SEG_0/SPI_FOR_7_SEG_0/USPI/UCC/spi_data_out_u_2_0_RNO:Y (f)
               +     0.128          net: FIC_3_PERIPHERALS_0/SPI_FOR_7_SEG_0/SPI_FOR_7_SEG_0/USPI/UCC/spi_data_out_sn_N_3
  8.176                        FIC_3_PERIPHERALS_0/SPI_FOR_7_SEG_0/SPI_FOR_7_SEG_0/USPI/UCC/spi_data_out_u_2_0:D (f)
               +     0.085          cell: ADLIB:CFG4
  8.261                        FIC_3_PERIPHERALS_0/SPI_FOR_7_SEG_0/SPI_FOR_7_SEG_0/USPI/UCC/spi_data_out_u_2_0:Y (f)
               +     0.117          net: FIC_3_PERIPHERALS_0/SPI_FOR_7_SEG_0/SPI_FOR_7_SEG_0/USPI/UCC/SPISDO_c_2
  8.378                        FIC_3_PERIPHERALS_0/SPI_FOR_7_SEG_0/SPI_FOR_7_SEG_0/USPI/UCC/spi_data_out_u:A (f)
               +     0.085          cell: ADLIB:CFG3
  8.463                        FIC_3_PERIPHERALS_0/SPI_FOR_7_SEG_0/SPI_FOR_7_SEG_0/USPI/UCC/spi_data_out_u:Y (f)
               +     5.283          net: SPISDO_c
  13.746                       SPISDO_obuf/U_IOTRI:D (f)
               +     0.918          cell: ADLIB:IOTRI_OB_EB
  14.664                       SPISDO_obuf/U_IOTRI:DOUT (f)
               +     0.000          net: SPISDO_obuf/DOUT
  14.664                       SPISDO_obuf/U_IOPAD:D (f)
               +     2.068          cell: ADLIB:IOPAD_TRI
  16.732                       SPISDO_obuf/U_IOPAD:PAD (f)
               +     0.000          net: SPISDO
  16.732                       SPISDO (f)
                                    
  16.732                       data arrival time
  ________________________________________________________
  Data required time calculation
  N/C                          CLOCKS_AND_RESETS_0/CCC_FIC_x_CLK/PF_CCC_C0_0/pll_inst_0/OUT3
                                    
  N/C                          SPISDO (f)


Operating Conditions : slow_lv_ht

END SET Clock to Output

----------------------------------------------------

SET Register to Asynchronous

Path 1
  From: CLOCKS_AND_RESETS_0/RESET_FIC_3_CLK/CORERESET_0/dff_15_rep[0]:CLK
  To:   FIC_3_PERIPHERALS_0/COREGPIO_C0/GPIO_0/xhdl1.GEN_BITS[6].REG_GEN.CONFIG_reg[6][3]:ALn
  Delay (ns):              3.023
  Slack (ns):             16.561
  Arrival (ns):            9.789
  Required (ns):          26.350
  Recovery (ns):           0.209
  Minimum Period (ns):     3.304
  Skew (ns):               0.072
  Operating Conditions: slow_lv_ht

Path 2
  From: CLOCKS_AND_RESETS_0/RESET_FIC_3_CLK/CORERESET_0/dff_15_rep[0]:CLK
  To:   FIC_3_PERIPHERALS_0/COREGPIO_C0/GPIO_0/xhdl1.GEN_BITS[6].APB_32.INTR_reg[6]:ALn
  Delay (ns):              3.023
  Slack (ns):             16.561
  Arrival (ns):            9.789
  Required (ns):          26.350
  Recovery (ns):           0.209
  Minimum Period (ns):     3.304
  Skew (ns):               0.072
  Operating Conditions: slow_lv_ht

Path 3
  From: CLOCKS_AND_RESETS_0/RESET_FIC_3_CLK/CORERESET_0/dff_15_rep[0]:CLK
  To:   FIC_3_PERIPHERALS_0/COREGPIO_C0/GPIO_0/xhdl1.GEN_BITS[5].REG_GEN.CONFIG_reg[5][5]:ALn
  Delay (ns):              3.023
  Slack (ns):             16.561
  Arrival (ns):            9.789
  Required (ns):          26.350
  Recovery (ns):           0.209
  Minimum Period (ns):     3.304
  Skew (ns):               0.072
  Operating Conditions: slow_lv_ht

Path 4
  From: CLOCKS_AND_RESETS_0/RESET_FIC_3_CLK/CORERESET_0/dff_15_rep[0]:CLK
  To:   FIC_3_PERIPHERALS_0/COREGPIO_C0/GPIO_0/xhdl1.GEN_BITS[6].REG_GEN.CONFIG_reg[6][5]:ALn
  Delay (ns):              3.022
  Slack (ns):             16.562
  Arrival (ns):            9.788
  Required (ns):          26.350
  Recovery (ns):           0.209
  Minimum Period (ns):     3.303
  Skew (ns):               0.072
  Operating Conditions: slow_lv_ht

Path 5
  From: CLOCKS_AND_RESETS_0/RESET_FIC_3_CLK/CORERESET_0/dff_15_rep[0]:CLK
  To:   FIC_3_PERIPHERALS_0/COREGPIO_C0/GPIO_0/xhdl1.GEN_BITS[4].REG_GEN.CONFIG_reg[4][6]:ALn
  Delay (ns):              3.022
  Slack (ns):             16.562
  Arrival (ns):            9.788
  Required (ns):          26.350
  Recovery (ns):           0.209
  Minimum Period (ns):     3.303
  Skew (ns):               0.072
  Operating Conditions: slow_lv_ht


Expanded Path 1
  From: CLOCKS_AND_RESETS_0/RESET_FIC_3_CLK/CORERESET_0/dff_15_rep[0]:CLK
  To: FIC_3_PERIPHERALS_0/COREGPIO_C0/GPIO_0/xhdl1.GEN_BITS[6].REG_GEN.CONFIG_reg[6][3]:ALn
  data required time                                 26.350
  data arrival time                          -        9.789
  slack                                              16.561
  ________________________________________________________
  Data arrival time calculation
  0.000                        CLOCKS_AND_RESETS_0/CCC_FIC_x_CLK/PF_CCC_C0_0/pll_inst_0/OUT3
               +     0.000          Clock source
  0.000                        CLOCKS_AND_RESETS_0/CCC_FIC_x_CLK/PF_CCC_C0_0/pll_inst_0:OUT3 (r)
               +     4.322          Clock generation
  4.322                        
               +     0.980          net: CLOCKS_AND_RESETS_0/CCC_FIC_x_CLK/PF_CCC_C0_0/pll_inst_0_clkint_12
  5.302                        CLOCKS_AND_RESETS_0/CCC_FIC_x_CLK/PF_CCC_C0_0/clkint_12_1:A (r)
               +     0.243          cell: ADLIB:ICB_CLKINT
  5.545                        CLOCKS_AND_RESETS_0/CCC_FIC_x_CLK/PF_CCC_C0_0/clkint_12_1:Y (r)
               +     0.145          net: CLOCKS_AND_RESETS_0/CCC_FIC_x_CLK/PF_CCC_C0_0/clkint_12_NET
  5.690                        CLOCKS_AND_RESETS_0/CCC_FIC_x_CLK/PF_CCC_C0_0/clkint_12:A (r)
               +     0.163          cell: ADLIB:GB
  5.853                        CLOCKS_AND_RESETS_0/CCC_FIC_x_CLK/PF_CCC_C0_0/clkint_12:Y (r)
               +     0.406          net: CLOCKS_AND_RESETS_0/CCC_FIC_x_CLK/PF_CCC_C0_0/clkint_12/U0_Y
  6.259                        CLOCKS_AND_RESETS_0/CCC_FIC_x_CLK/PF_CCC_C0_0/clkint_12/U0_RGB1_RGB0:A (r)
               +     0.058          cell: ADLIB:RGB
  6.317                        CLOCKS_AND_RESETS_0/CCC_FIC_x_CLK/PF_CCC_C0_0/clkint_12/U0_RGB1_RGB0:Y (f)
               +     0.449          net: CLOCKS_AND_RESETS_0/CCC_FIC_x_CLK/PF_CCC_C0_0/clkint_12/U0_RGB1_RGB0_rgb_net_1
  6.766                        CLOCKS_AND_RESETS_0/RESET_FIC_3_CLK/CORERESET_0/dff_15_rep[0]:CLK (r)
               +     0.209          cell: ADLIB:SLE
  6.975                        CLOCKS_AND_RESETS_0/RESET_FIC_3_CLK/CORERESET_0/dff_15_rep[0]:Q (r)
               +     1.727          net: CLOCKS_AND_RESETS_0/RESET_FIC_3_CLK/CORERESET_0/dff_15_rep_Z[0]
  8.702                        CLOCKS_AND_RESETS_0/RESET_FIC_3_CLK/CORERESET_0/dff_15_rep_RNIS9V04[0]:A (r)
               +     0.140          cell: ADLIB:GB
  8.842                        CLOCKS_AND_RESETS_0/RESET_FIC_3_CLK/CORERESET_0/dff_15_rep_RNIS9V04[0]:Y (r)
               +     0.405          net: CLOCKS_AND_RESETS_0/RESET_FIC_3_CLK/CORERESET_0/dff_15_rep_RNIS9V04[0]/U0_Y
  9.247                        CLOCKS_AND_RESETS_0/RESET_FIC_3_CLK/CORERESET_0/dff_15_rep_RNIS9V04[0]/U0_RGB1:A (r)
               +     0.058          cell: ADLIB:RGB
  9.305                        CLOCKS_AND_RESETS_0/RESET_FIC_3_CLK/CORERESET_0/dff_15_rep_RNIS9V04[0]/U0_RGB1:Y (f)
               +     0.484          net: dff_arst_0
  9.789                        FIC_3_PERIPHERALS_0/COREGPIO_C0/GPIO_0/xhdl1.GEN_BITS[6].REG_GEN.CONFIG_reg[6][3]:ALn (r)
                                    
  9.789                        data arrival time
  ________________________________________________________
  Data required time calculation
  20.000                       CLOCKS_AND_RESETS_0/CCC_FIC_x_CLK/PF_CCC_C0_0/pll_inst_0/OUT3
               +     0.000          Clock source
  20.000                       CLOCKS_AND_RESETS_0/CCC_FIC_x_CLK/PF_CCC_C0_0/pll_inst_0:OUT3 (r)
               +     3.902          Clock generation
  23.902                       
               +     0.891          net: CLOCKS_AND_RESETS_0/CCC_FIC_x_CLK/PF_CCC_C0_0/pll_inst_0_clkint_12
  24.793                       CLOCKS_AND_RESETS_0/CCC_FIC_x_CLK/PF_CCC_C0_0/clkint_12_1:A (r)
               +     0.211          cell: ADLIB:ICB_CLKINT
  25.004                       CLOCKS_AND_RESETS_0/CCC_FIC_x_CLK/PF_CCC_C0_0/clkint_12_1:Y (r)
               +     0.132          net: CLOCKS_AND_RESETS_0/CCC_FIC_x_CLK/PF_CCC_C0_0/clkint_12_NET
  25.136                       CLOCKS_AND_RESETS_0/CCC_FIC_x_CLK/PF_CCC_C0_0/clkint_12:A (r)
               +     0.148          cell: ADLIB:GB
  25.284                       CLOCKS_AND_RESETS_0/CCC_FIC_x_CLK/PF_CCC_C0_0/clkint_12:Y (r)
               +     0.372          net: CLOCKS_AND_RESETS_0/CCC_FIC_x_CLK/PF_CCC_C0_0/clkint_12/U0_Y
  25.656                       CLOCKS_AND_RESETS_0/CCC_FIC_x_CLK/PF_CCC_C0_0/clkint_12/U0_RGB1:A (r)
               +     0.052          cell: ADLIB:RGB
  25.708                       CLOCKS_AND_RESETS_0/CCC_FIC_x_CLK/PF_CCC_C0_0/clkint_12/U0_RGB1:Y (f)
               +     0.413          net: CLOCKS_AND_RESETS_0_FIC_3_CLK
  26.121                       FIC_3_PERIPHERALS_0/COREGPIO_C0/GPIO_0/xhdl1.GEN_BITS[6].REG_GEN.CONFIG_reg[6][3]:CLK (r)
               +     0.573          
  26.694                       clock reconvergence pessimism
               -     0.135          
  26.559                       clock jitter
               -     0.209          Library recovery time: ADLIB:SLE
  26.350                       FIC_3_PERIPHERALS_0/COREGPIO_C0/GPIO_0/xhdl1.GEN_BITS[6].REG_GEN.CONFIG_reg[6][3]:ALn
                                    
  26.350                       data required time


Operating Conditions : slow_lv_ht

END SET Register to Asynchronous

----------------------------------------------------

SET External Recovery

Path 1
  From: SWITCH2
  To:   CLOCKS_AND_RESETS_0/RESET_FIC_3_CLK/CORERESET_0/dff_15_rep[0]:ALn
  Delay (ns):              9.304
  Arrival (ns):            9.304
  Recovery (ns):           0.209
  External Recovery (ns):   3.547
  Operating Conditions: slow_lv_ht

Path 2
  From: SWITCH2
  To:   CLOCKS_AND_RESETS_0/RESET_FIC_3_CLK/CORERESET_0/dff_14[0]:ALn
  Delay (ns):              8.987
  Arrival (ns):            8.987
  Recovery (ns):           0.196
  External Recovery (ns):   3.199
  Operating Conditions: slow_lv_ht

Path 3
  From: SWITCH2
  To:   CLOCKS_AND_RESETS_0/RESET_FIC_3_CLK/CORERESET_0/dff_13[0]:ALn
  Delay (ns):              8.986
  Arrival (ns):            8.986
  Recovery (ns):           0.196
  External Recovery (ns):   3.199
  Operating Conditions: slow_lv_ht

Path 4
  From: SWITCH2
  To:   CLOCKS_AND_RESETS_0/RESET_FIC_3_CLK/CORERESET_0/dff_12[0]:ALn
  Delay (ns):              8.986
  Arrival (ns):            8.986
  Recovery (ns):           0.196
  External Recovery (ns):   3.199
  Operating Conditions: slow_lv_ht

Path 5
  From: SWITCH2
  To:   CLOCKS_AND_RESETS_0/RESET_FIC_3_CLK/CORERESET_0/dff_15[0]:ALn
  Delay (ns):              8.708
  Arrival (ns):            8.708
  Recovery (ns):           0.196
  External Recovery (ns):   2.935
  Operating Conditions: slow_lv_ht


Expanded Path 1
  From: SWITCH2
  To: CLOCKS_AND_RESETS_0/RESET_FIC_3_CLK/CORERESET_0/dff_15_rep[0]:ALn
  data required time                                    N/C
  data arrival time                          -        9.304
  slack                                                 N/C
  ________________________________________________________
  Data arrival time calculation
  0.000                        SWITCH2 (r)
               +     0.000          net: SWITCH2
  0.000                        SWITCH2_ibuf/U_IOPAD:PAD (r)
               +     0.610          cell: ADLIB:IOPAD_IN
  0.610                        SWITCH2_ibuf/U_IOPAD:Y (r)
               +     0.000          net: SWITCH2_ibuf/YIN
  0.610                        SWITCH2_ibuf/U_IOIN:YIN (r)
               +     0.336          cell: ADLIB:IOIN_IB_E
  0.946                        SWITCH2_ibuf/U_IOIN:Y (r)
               +     4.309          net: SWITCH2_c
  5.255                        CLOCKS_AND_RESETS_0/AND3_0:A (r)
               +     0.078          cell: ADLIB:CFG3
  5.333                        CLOCKS_AND_RESETS_0/AND3_0:Y (r)
               +     1.749          net: CLOCKS_AND_RESETS_0/AND3_0_Y
  7.082                        CLOCKS_AND_RESETS_0/RESET_FIC_0_CLK/CORERESET_0/un1_EXT_RST_N_2:C (r)
               +     0.053          cell: ADLIB:CFG3
  7.135                        CLOCKS_AND_RESETS_0/RESET_FIC_0_CLK/CORERESET_0/un1_EXT_RST_N_2:Y (r)
               +     2.169          net: CLOCKS_AND_RESETS_0/un1_EXT_RST_N_2
  9.304                        CLOCKS_AND_RESETS_0/RESET_FIC_3_CLK/CORERESET_0/dff_15_rep[0]:ALn (r)
                                    
  9.304                        data arrival time
  ________________________________________________________
  Data required time calculation
  N/C                          CLOCKS_AND_RESETS_0/CCC_FIC_x_CLK/PF_CCC_C0_0/pll_inst_0/OUT3
               +     0.000          Clock source
  N/C                          CLOCKS_AND_RESETS_0/CCC_FIC_x_CLK/PF_CCC_C0_0/pll_inst_0:OUT3 (r)
               +     3.902          Clock generation
  N/C                          
               +     0.891          net: CLOCKS_AND_RESETS_0/CCC_FIC_x_CLK/PF_CCC_C0_0/pll_inst_0_clkint_12
  N/C                          CLOCKS_AND_RESETS_0/CCC_FIC_x_CLK/PF_CCC_C0_0/clkint_12_1:A (r)
               +     0.211          cell: ADLIB:ICB_CLKINT
  N/C                          CLOCKS_AND_RESETS_0/CCC_FIC_x_CLK/PF_CCC_C0_0/clkint_12_1:Y (r)
               +     0.132          net: CLOCKS_AND_RESETS_0/CCC_FIC_x_CLK/PF_CCC_C0_0/clkint_12_NET
  N/C                          CLOCKS_AND_RESETS_0/CCC_FIC_x_CLK/PF_CCC_C0_0/clkint_12:A (r)
               +     0.148          cell: ADLIB:GB
  N/C                          CLOCKS_AND_RESETS_0/CCC_FIC_x_CLK/PF_CCC_C0_0/clkint_12:Y (r)
               +     0.369          net: CLOCKS_AND_RESETS_0/CCC_FIC_x_CLK/PF_CCC_C0_0/clkint_12/U0_Y
  N/C                          CLOCKS_AND_RESETS_0/CCC_FIC_x_CLK/PF_CCC_C0_0/clkint_12/U0_RGB1_RGB0:A (r)
               +     0.052          cell: ADLIB:RGB
  N/C                          CLOCKS_AND_RESETS_0/CCC_FIC_x_CLK/PF_CCC_C0_0/clkint_12/U0_RGB1_RGB0:Y (f)
               +     0.396          net: CLOCKS_AND_RESETS_0/CCC_FIC_x_CLK/PF_CCC_C0_0/clkint_12/U0_RGB1_RGB0_rgb_net_1
  N/C                          CLOCKS_AND_RESETS_0/RESET_FIC_3_CLK/CORERESET_0/dff_15_rep[0]:CLK (r)
               -     0.135          
  N/C                          clock jitter
               -     0.209          Library recovery time: ADLIB:SLE
  N/C                          CLOCKS_AND_RESETS_0/RESET_FIC_3_CLK/CORERESET_0/dff_15_rep[0]:ALn


Operating Conditions : slow_lv_ht

END SET External Recovery

----------------------------------------------------

SET Asynchronous to Register

No Path 

END SET Asynchronous to Register

----------------------------------------------------

Clock Domain FIC_0_PERIPHERALS_0/security_core_0/rng/neoTRNG_0/entropy_cell_gen.0.neoTRNG_cell_inst/sreg_0[0]:Q

Info: The maximum frequency of this clock domain is limited by the minimum pulse widths of pin FIC_0_PERIPHERALS_0/security_core_0/rng/neoTRNG_0/entropy_cell_gen.0.neoTRNG_cell_inst/ring_osc_gen.0.latch[0]:CLK

SET Register to Register

No Path 

END SET Register to Register

----------------------------------------------------

SET External Setup

No Path 

END SET External Setup

----------------------------------------------------

SET Clock to Output

No Path 

END SET Clock to Output

----------------------------------------------------

SET FIC_0_PERIPHERALS_0/security_core_0/rng/neoTRNG_0/entropy_cell_gen.0.neoTRNG_cell_inst/sreg_4[0]:Q to FIC_0_PERIPHERALS_0/security_core_0/rng/neoTRNG_0/entropy_cell_gen.0.neoTRNG_cell_inst/sreg_0[0]:Q

No Path 

END SET FIC_0_PERIPHERALS_0/security_core_0/rng/neoTRNG_0/entropy_cell_gen.0.neoTRNG_cell_inst/sreg_4[0]:Q to FIC_0_PERIPHERALS_0/security_core_0/rng/neoTRNG_0/entropy_cell_gen.0.neoTRNG_cell_inst/sreg_0[0]:Q

----------------------------------------------------

SET Register to Asynchronous

No Path 

END SET Register to Asynchronous

----------------------------------------------------

SET External Recovery

No Path 

END SET External Recovery

----------------------------------------------------

SET Asynchronous to Register

No Path 

END SET Asynchronous to Register

----------------------------------------------------

SET CLOCKS_AND_RESETS_0/CCC_FIC_x_CLK/PF_CCC_C0_0/pll_inst_0/OUT0 to FIC_0_PERIPHERALS_0/security_core_0/rng/neoTRNG_0/entropy_cell_gen.0.neoTRNG_cell_inst/sreg_0[0]:Q

No Path 

END SET CLOCKS_AND_RESETS_0/CCC_FIC_x_CLK/PF_CCC_C0_0/pll_inst_0/OUT0 to FIC_0_PERIPHERALS_0/security_core_0/rng/neoTRNG_0/entropy_cell_gen.0.neoTRNG_cell_inst/sreg_0[0]:Q

----------------------------------------------------

Clock Domain FIC_0_PERIPHERALS_0/security_core_0/rng/neoTRNG_0/entropy_cell_gen.0.neoTRNG_cell_inst/sreg_1[0]:Q

Info: The maximum frequency of this clock domain is limited by the minimum pulse widths of pin FIC_0_PERIPHERALS_0/security_core_0/rng/neoTRNG_0/entropy_cell_gen.0.neoTRNG_cell_inst/ring_osc_gen.1.latch[1]:CLK

SET Register to Register

No Path 

END SET Register to Register

----------------------------------------------------

SET External Setup

No Path 

END SET External Setup

----------------------------------------------------

SET Clock to Output

No Path 

END SET Clock to Output

----------------------------------------------------

SET FIC_0_PERIPHERALS_0/security_core_0/rng/neoTRNG_0/entropy_cell_gen.0.neoTRNG_cell_inst/sreg_0[0]:Q to FIC_0_PERIPHERALS_0/security_core_0/rng/neoTRNG_0/entropy_cell_gen.0.neoTRNG_cell_inst/sreg_1[0]:Q

No Path 

END SET FIC_0_PERIPHERALS_0/security_core_0/rng/neoTRNG_0/entropy_cell_gen.0.neoTRNG_cell_inst/sreg_0[0]:Q to FIC_0_PERIPHERALS_0/security_core_0/rng/neoTRNG_0/entropy_cell_gen.0.neoTRNG_cell_inst/sreg_1[0]:Q

----------------------------------------------------

SET Register to Asynchronous

No Path 

END SET Register to Asynchronous

----------------------------------------------------

SET External Recovery

No Path 

END SET External Recovery

----------------------------------------------------

SET Asynchronous to Register

No Path 

END SET Asynchronous to Register

----------------------------------------------------

SET CLOCKS_AND_RESETS_0/CCC_FIC_x_CLK/PF_CCC_C0_0/pll_inst_0/OUT0 to FIC_0_PERIPHERALS_0/security_core_0/rng/neoTRNG_0/entropy_cell_gen.0.neoTRNG_cell_inst/sreg_1[0]:Q

No Path 

END SET CLOCKS_AND_RESETS_0/CCC_FIC_x_CLK/PF_CCC_C0_0/pll_inst_0/OUT0 to FIC_0_PERIPHERALS_0/security_core_0/rng/neoTRNG_0/entropy_cell_gen.0.neoTRNG_cell_inst/sreg_1[0]:Q

----------------------------------------------------

Clock Domain FIC_0_PERIPHERALS_0/security_core_0/rng/neoTRNG_0/entropy_cell_gen.0.neoTRNG_cell_inst/sreg_2[0]:Q

Info: The maximum frequency of this clock domain is limited by the minimum pulse widths of pin FIC_0_PERIPHERALS_0/security_core_0/rng/neoTRNG_0/entropy_cell_gen.0.neoTRNG_cell_inst/ring_osc_gen.2.latch[2]:CLK

SET Register to Register

No Path 

END SET Register to Register

----------------------------------------------------

SET External Setup

No Path 

END SET External Setup

----------------------------------------------------

SET Clock to Output

No Path 

END SET Clock to Output

----------------------------------------------------

SET FIC_0_PERIPHERALS_0/security_core_0/rng/neoTRNG_0/entropy_cell_gen.0.neoTRNG_cell_inst/sreg_1[0]:Q to FIC_0_PERIPHERALS_0/security_core_0/rng/neoTRNG_0/entropy_cell_gen.0.neoTRNG_cell_inst/sreg_2[0]:Q

No Path 

END SET FIC_0_PERIPHERALS_0/security_core_0/rng/neoTRNG_0/entropy_cell_gen.0.neoTRNG_cell_inst/sreg_1[0]:Q to FIC_0_PERIPHERALS_0/security_core_0/rng/neoTRNG_0/entropy_cell_gen.0.neoTRNG_cell_inst/sreg_2[0]:Q

----------------------------------------------------

SET Register to Asynchronous

No Path 

END SET Register to Asynchronous

----------------------------------------------------

SET External Recovery

No Path 

END SET External Recovery

----------------------------------------------------

SET Asynchronous to Register

No Path 

END SET Asynchronous to Register

----------------------------------------------------

SET CLOCKS_AND_RESETS_0/CCC_FIC_x_CLK/PF_CCC_C0_0/pll_inst_0/OUT0 to FIC_0_PERIPHERALS_0/security_core_0/rng/neoTRNG_0/entropy_cell_gen.0.neoTRNG_cell_inst/sreg_2[0]:Q

No Path 

END SET CLOCKS_AND_RESETS_0/CCC_FIC_x_CLK/PF_CCC_C0_0/pll_inst_0/OUT0 to FIC_0_PERIPHERALS_0/security_core_0/rng/neoTRNG_0/entropy_cell_gen.0.neoTRNG_cell_inst/sreg_2[0]:Q

----------------------------------------------------

Clock Domain FIC_0_PERIPHERALS_0/security_core_0/rng/neoTRNG_0/entropy_cell_gen.0.neoTRNG_cell_inst/sreg_3[0]:Q

Info: The maximum frequency of this clock domain is limited by the minimum pulse widths of pin FIC_0_PERIPHERALS_0/security_core_0/rng/neoTRNG_0/entropy_cell_gen.0.neoTRNG_cell_inst/ring_osc_gen.3.latch[3]:CLK

SET Register to Register

No Path 

END SET Register to Register

----------------------------------------------------

SET External Setup

No Path 

END SET External Setup

----------------------------------------------------

SET Clock to Output

No Path 

END SET Clock to Output

----------------------------------------------------

SET FIC_0_PERIPHERALS_0/security_core_0/rng/neoTRNG_0/entropy_cell_gen.0.neoTRNG_cell_inst/sreg_2[0]:Q to FIC_0_PERIPHERALS_0/security_core_0/rng/neoTRNG_0/entropy_cell_gen.0.neoTRNG_cell_inst/sreg_3[0]:Q

No Path 

END SET FIC_0_PERIPHERALS_0/security_core_0/rng/neoTRNG_0/entropy_cell_gen.0.neoTRNG_cell_inst/sreg_2[0]:Q to FIC_0_PERIPHERALS_0/security_core_0/rng/neoTRNG_0/entropy_cell_gen.0.neoTRNG_cell_inst/sreg_3[0]:Q

----------------------------------------------------

SET Register to Asynchronous

No Path 

END SET Register to Asynchronous

----------------------------------------------------

SET External Recovery

No Path 

END SET External Recovery

----------------------------------------------------

SET Asynchronous to Register

No Path 

END SET Asynchronous to Register

----------------------------------------------------

SET CLOCKS_AND_RESETS_0/CCC_FIC_x_CLK/PF_CCC_C0_0/pll_inst_0/OUT0 to FIC_0_PERIPHERALS_0/security_core_0/rng/neoTRNG_0/entropy_cell_gen.0.neoTRNG_cell_inst/sreg_3[0]:Q

No Path 

END SET CLOCKS_AND_RESETS_0/CCC_FIC_x_CLK/PF_CCC_C0_0/pll_inst_0/OUT0 to FIC_0_PERIPHERALS_0/security_core_0/rng/neoTRNG_0/entropy_cell_gen.0.neoTRNG_cell_inst/sreg_3[0]:Q

----------------------------------------------------

Clock Domain FIC_0_PERIPHERALS_0/security_core_0/rng/neoTRNG_0/entropy_cell_gen.0.neoTRNG_cell_inst/sreg_4[0]:Q

Info: The maximum frequency of this clock domain is limited by the minimum pulse widths of pin FIC_0_PERIPHERALS_0/security_core_0/rng/neoTRNG_0/entropy_cell_gen.0.neoTRNG_cell_inst/ring_osc_gen.4.latch[4]:CLK

SET Register to Register

No Path 

END SET Register to Register

----------------------------------------------------

SET External Setup

No Path 

END SET External Setup

----------------------------------------------------

SET Clock to Output

No Path 

END SET Clock to Output

----------------------------------------------------

SET FIC_0_PERIPHERALS_0/security_core_0/rng/neoTRNG_0/entropy_cell_gen.0.neoTRNG_cell_inst/sreg_3[0]:Q to FIC_0_PERIPHERALS_0/security_core_0/rng/neoTRNG_0/entropy_cell_gen.0.neoTRNG_cell_inst/sreg_4[0]:Q

No Path 

END SET FIC_0_PERIPHERALS_0/security_core_0/rng/neoTRNG_0/entropy_cell_gen.0.neoTRNG_cell_inst/sreg_3[0]:Q to FIC_0_PERIPHERALS_0/security_core_0/rng/neoTRNG_0/entropy_cell_gen.0.neoTRNG_cell_inst/sreg_4[0]:Q

----------------------------------------------------

SET Register to Asynchronous

No Path 

END SET Register to Asynchronous

----------------------------------------------------

SET External Recovery

No Path 

END SET External Recovery

----------------------------------------------------

SET Asynchronous to Register

No Path 

END SET Asynchronous to Register

----------------------------------------------------

SET CLOCKS_AND_RESETS_0/CCC_FIC_x_CLK/PF_CCC_C0_0/pll_inst_0/OUT0 to FIC_0_PERIPHERALS_0/security_core_0/rng/neoTRNG_0/entropy_cell_gen.0.neoTRNG_cell_inst/sreg_4[0]:Q

No Path 

END SET CLOCKS_AND_RESETS_0/CCC_FIC_x_CLK/PF_CCC_C0_0/pll_inst_0/OUT0 to FIC_0_PERIPHERALS_0/security_core_0/rng/neoTRNG_0/entropy_cell_gen.0.neoTRNG_cell_inst/sreg_4[0]:Q

----------------------------------------------------

Clock Domain FIC_0_PERIPHERALS_0/security_core_0/rng/neoTRNG_0/entropy_cell_gen.1.neoTRNG_cell_inst/sreg_0[0]:Q

Info: The maximum frequency of this clock domain is limited by the minimum pulse widths of pin FIC_0_PERIPHERALS_0/security_core_0/rng/neoTRNG_0/entropy_cell_gen.1.neoTRNG_cell_inst/ring_osc_gen.0.latch[0]:CLK

SET Register to Register

No Path 

END SET Register to Register

----------------------------------------------------

SET External Setup

No Path 

END SET External Setup

----------------------------------------------------

SET Clock to Output

No Path 

END SET Clock to Output

----------------------------------------------------

SET FIC_0_PERIPHERALS_0/security_core_0/rng/neoTRNG_0/entropy_cell_gen.0.neoTRNG_cell_inst/sreg_4[0]:Q to FIC_0_PERIPHERALS_0/security_core_0/rng/neoTRNG_0/entropy_cell_gen.1.neoTRNG_cell_inst/sreg_0[0]:Q

No Path 

END SET FIC_0_PERIPHERALS_0/security_core_0/rng/neoTRNG_0/entropy_cell_gen.0.neoTRNG_cell_inst/sreg_4[0]:Q to FIC_0_PERIPHERALS_0/security_core_0/rng/neoTRNG_0/entropy_cell_gen.1.neoTRNG_cell_inst/sreg_0[0]:Q

----------------------------------------------------

SET FIC_0_PERIPHERALS_0/security_core_0/rng/neoTRNG_0/entropy_cell_gen.1.neoTRNG_cell_inst/sreg_6[0]:Q to FIC_0_PERIPHERALS_0/security_core_0/rng/neoTRNG_0/entropy_cell_gen.1.neoTRNG_cell_inst/sreg_0[0]:Q

No Path 

END SET FIC_0_PERIPHERALS_0/security_core_0/rng/neoTRNG_0/entropy_cell_gen.1.neoTRNG_cell_inst/sreg_6[0]:Q to FIC_0_PERIPHERALS_0/security_core_0/rng/neoTRNG_0/entropy_cell_gen.1.neoTRNG_cell_inst/sreg_0[0]:Q

----------------------------------------------------

SET Register to Asynchronous

No Path 

END SET Register to Asynchronous

----------------------------------------------------

SET External Recovery

No Path 

END SET External Recovery

----------------------------------------------------

SET Asynchronous to Register

No Path 

END SET Asynchronous to Register

----------------------------------------------------

SET CLOCKS_AND_RESETS_0/CCC_FIC_x_CLK/PF_CCC_C0_0/pll_inst_0/OUT0 to FIC_0_PERIPHERALS_0/security_core_0/rng/neoTRNG_0/entropy_cell_gen.1.neoTRNG_cell_inst/sreg_0[0]:Q

No Path 

END SET CLOCKS_AND_RESETS_0/CCC_FIC_x_CLK/PF_CCC_C0_0/pll_inst_0/OUT0 to FIC_0_PERIPHERALS_0/security_core_0/rng/neoTRNG_0/entropy_cell_gen.1.neoTRNG_cell_inst/sreg_0[0]:Q

----------------------------------------------------

Clock Domain FIC_0_PERIPHERALS_0/security_core_0/rng/neoTRNG_0/entropy_cell_gen.1.neoTRNG_cell_inst/sreg_1[0]:Q

Info: The maximum frequency of this clock domain is limited by the minimum pulse widths of pin FIC_0_PERIPHERALS_0/security_core_0/rng/neoTRNG_0/entropy_cell_gen.1.neoTRNG_cell_inst/ring_osc_gen.1.latch[1]:CLK

SET Register to Register

No Path 

END SET Register to Register

----------------------------------------------------

SET External Setup

No Path 

END SET External Setup

----------------------------------------------------

SET Clock to Output

No Path 

END SET Clock to Output

----------------------------------------------------

SET FIC_0_PERIPHERALS_0/security_core_0/rng/neoTRNG_0/entropy_cell_gen.0.neoTRNG_cell_inst/sreg_4[0]:Q to FIC_0_PERIPHERALS_0/security_core_0/rng/neoTRNG_0/entropy_cell_gen.1.neoTRNG_cell_inst/sreg_1[0]:Q

No Path 

END SET FIC_0_PERIPHERALS_0/security_core_0/rng/neoTRNG_0/entropy_cell_gen.0.neoTRNG_cell_inst/sreg_4[0]:Q to FIC_0_PERIPHERALS_0/security_core_0/rng/neoTRNG_0/entropy_cell_gen.1.neoTRNG_cell_inst/sreg_1[0]:Q

----------------------------------------------------

SET FIC_0_PERIPHERALS_0/security_core_0/rng/neoTRNG_0/entropy_cell_gen.1.neoTRNG_cell_inst/sreg_0[0]:Q to FIC_0_PERIPHERALS_0/security_core_0/rng/neoTRNG_0/entropy_cell_gen.1.neoTRNG_cell_inst/sreg_1[0]:Q

No Path 

END SET FIC_0_PERIPHERALS_0/security_core_0/rng/neoTRNG_0/entropy_cell_gen.1.neoTRNG_cell_inst/sreg_0[0]:Q to FIC_0_PERIPHERALS_0/security_core_0/rng/neoTRNG_0/entropy_cell_gen.1.neoTRNG_cell_inst/sreg_1[0]:Q

----------------------------------------------------

SET Register to Asynchronous

No Path 

END SET Register to Asynchronous

----------------------------------------------------

SET External Recovery

No Path 

END SET External Recovery

----------------------------------------------------

SET Asynchronous to Register

No Path 

END SET Asynchronous to Register

----------------------------------------------------

SET CLOCKS_AND_RESETS_0/CCC_FIC_x_CLK/PF_CCC_C0_0/pll_inst_0/OUT0 to FIC_0_PERIPHERALS_0/security_core_0/rng/neoTRNG_0/entropy_cell_gen.1.neoTRNG_cell_inst/sreg_1[0]:Q

No Path 

END SET CLOCKS_AND_RESETS_0/CCC_FIC_x_CLK/PF_CCC_C0_0/pll_inst_0/OUT0 to FIC_0_PERIPHERALS_0/security_core_0/rng/neoTRNG_0/entropy_cell_gen.1.neoTRNG_cell_inst/sreg_1[0]:Q

----------------------------------------------------

Clock Domain FIC_0_PERIPHERALS_0/security_core_0/rng/neoTRNG_0/entropy_cell_gen.1.neoTRNG_cell_inst/sreg_2[0]:Q

Info: The maximum frequency of this clock domain is limited by the minimum pulse widths of pin FIC_0_PERIPHERALS_0/security_core_0/rng/neoTRNG_0/entropy_cell_gen.1.neoTRNG_cell_inst/ring_osc_gen.2.latch[2]:CLK

SET Register to Register

No Path 

END SET Register to Register

----------------------------------------------------

SET External Setup

No Path 

END SET External Setup

----------------------------------------------------

SET Clock to Output

No Path 

END SET Clock to Output

----------------------------------------------------

SET FIC_0_PERIPHERALS_0/security_core_0/rng/neoTRNG_0/entropy_cell_gen.0.neoTRNG_cell_inst/sreg_4[0]:Q to FIC_0_PERIPHERALS_0/security_core_0/rng/neoTRNG_0/entropy_cell_gen.1.neoTRNG_cell_inst/sreg_2[0]:Q

No Path 

END SET FIC_0_PERIPHERALS_0/security_core_0/rng/neoTRNG_0/entropy_cell_gen.0.neoTRNG_cell_inst/sreg_4[0]:Q to FIC_0_PERIPHERALS_0/security_core_0/rng/neoTRNG_0/entropy_cell_gen.1.neoTRNG_cell_inst/sreg_2[0]:Q

----------------------------------------------------

SET FIC_0_PERIPHERALS_0/security_core_0/rng/neoTRNG_0/entropy_cell_gen.1.neoTRNG_cell_inst/sreg_1[0]:Q to FIC_0_PERIPHERALS_0/security_core_0/rng/neoTRNG_0/entropy_cell_gen.1.neoTRNG_cell_inst/sreg_2[0]:Q

No Path 

END SET FIC_0_PERIPHERALS_0/security_core_0/rng/neoTRNG_0/entropy_cell_gen.1.neoTRNG_cell_inst/sreg_1[0]:Q to FIC_0_PERIPHERALS_0/security_core_0/rng/neoTRNG_0/entropy_cell_gen.1.neoTRNG_cell_inst/sreg_2[0]:Q

----------------------------------------------------

SET Register to Asynchronous

No Path 

END SET Register to Asynchronous

----------------------------------------------------

SET External Recovery

No Path 

END SET External Recovery

----------------------------------------------------

SET Asynchronous to Register

No Path 

END SET Asynchronous to Register

----------------------------------------------------

SET CLOCKS_AND_RESETS_0/CCC_FIC_x_CLK/PF_CCC_C0_0/pll_inst_0/OUT0 to FIC_0_PERIPHERALS_0/security_core_0/rng/neoTRNG_0/entropy_cell_gen.1.neoTRNG_cell_inst/sreg_2[0]:Q

No Path 

END SET CLOCKS_AND_RESETS_0/CCC_FIC_x_CLK/PF_CCC_C0_0/pll_inst_0/OUT0 to FIC_0_PERIPHERALS_0/security_core_0/rng/neoTRNG_0/entropy_cell_gen.1.neoTRNG_cell_inst/sreg_2[0]:Q

----------------------------------------------------

Clock Domain FIC_0_PERIPHERALS_0/security_core_0/rng/neoTRNG_0/entropy_cell_gen.1.neoTRNG_cell_inst/sreg_3[0]:Q

Info: The maximum frequency of this clock domain is limited by the minimum pulse widths of pin FIC_0_PERIPHERALS_0/security_core_0/rng/neoTRNG_0/entropy_cell_gen.1.neoTRNG_cell_inst/ring_osc_gen.3.latch[3]:CLK

SET Register to Register

No Path 

END SET Register to Register

----------------------------------------------------

SET External Setup

No Path 

END SET External Setup

----------------------------------------------------

SET Clock to Output

No Path 

END SET Clock to Output

----------------------------------------------------

SET FIC_0_PERIPHERALS_0/security_core_0/rng/neoTRNG_0/entropy_cell_gen.0.neoTRNG_cell_inst/sreg_4[0]:Q to FIC_0_PERIPHERALS_0/security_core_0/rng/neoTRNG_0/entropy_cell_gen.1.neoTRNG_cell_inst/sreg_3[0]:Q

No Path 

END SET FIC_0_PERIPHERALS_0/security_core_0/rng/neoTRNG_0/entropy_cell_gen.0.neoTRNG_cell_inst/sreg_4[0]:Q to FIC_0_PERIPHERALS_0/security_core_0/rng/neoTRNG_0/entropy_cell_gen.1.neoTRNG_cell_inst/sreg_3[0]:Q

----------------------------------------------------

SET FIC_0_PERIPHERALS_0/security_core_0/rng/neoTRNG_0/entropy_cell_gen.1.neoTRNG_cell_inst/sreg_2[0]:Q to FIC_0_PERIPHERALS_0/security_core_0/rng/neoTRNG_0/entropy_cell_gen.1.neoTRNG_cell_inst/sreg_3[0]:Q

No Path 

END SET FIC_0_PERIPHERALS_0/security_core_0/rng/neoTRNG_0/entropy_cell_gen.1.neoTRNG_cell_inst/sreg_2[0]:Q to FIC_0_PERIPHERALS_0/security_core_0/rng/neoTRNG_0/entropy_cell_gen.1.neoTRNG_cell_inst/sreg_3[0]:Q

----------------------------------------------------

SET Register to Asynchronous

No Path 

END SET Register to Asynchronous

----------------------------------------------------

SET External Recovery

No Path 

END SET External Recovery

----------------------------------------------------

SET Asynchronous to Register

No Path 

END SET Asynchronous to Register

----------------------------------------------------

SET CLOCKS_AND_RESETS_0/CCC_FIC_x_CLK/PF_CCC_C0_0/pll_inst_0/OUT0 to FIC_0_PERIPHERALS_0/security_core_0/rng/neoTRNG_0/entropy_cell_gen.1.neoTRNG_cell_inst/sreg_3[0]:Q

No Path 

END SET CLOCKS_AND_RESETS_0/CCC_FIC_x_CLK/PF_CCC_C0_0/pll_inst_0/OUT0 to FIC_0_PERIPHERALS_0/security_core_0/rng/neoTRNG_0/entropy_cell_gen.1.neoTRNG_cell_inst/sreg_3[0]:Q

----------------------------------------------------

Clock Domain FIC_0_PERIPHERALS_0/security_core_0/rng/neoTRNG_0/entropy_cell_gen.1.neoTRNG_cell_inst/sreg_4[0]:Q

Info: The maximum frequency of this clock domain is limited by the minimum pulse widths of pin FIC_0_PERIPHERALS_0/security_core_0/rng/neoTRNG_0/entropy_cell_gen.1.neoTRNG_cell_inst/ring_osc_gen.4.latch[4]:CLK

SET Register to Register

No Path 

END SET Register to Register

----------------------------------------------------

SET External Setup

No Path 

END SET External Setup

----------------------------------------------------

SET Clock to Output

No Path 

END SET Clock to Output

----------------------------------------------------

SET FIC_0_PERIPHERALS_0/security_core_0/rng/neoTRNG_0/entropy_cell_gen.0.neoTRNG_cell_inst/sreg_4[0]:Q to FIC_0_PERIPHERALS_0/security_core_0/rng/neoTRNG_0/entropy_cell_gen.1.neoTRNG_cell_inst/sreg_4[0]:Q

No Path 

END SET FIC_0_PERIPHERALS_0/security_core_0/rng/neoTRNG_0/entropy_cell_gen.0.neoTRNG_cell_inst/sreg_4[0]:Q to FIC_0_PERIPHERALS_0/security_core_0/rng/neoTRNG_0/entropy_cell_gen.1.neoTRNG_cell_inst/sreg_4[0]:Q

----------------------------------------------------

SET FIC_0_PERIPHERALS_0/security_core_0/rng/neoTRNG_0/entropy_cell_gen.1.neoTRNG_cell_inst/sreg_3[0]:Q to FIC_0_PERIPHERALS_0/security_core_0/rng/neoTRNG_0/entropy_cell_gen.1.neoTRNG_cell_inst/sreg_4[0]:Q

No Path 

END SET FIC_0_PERIPHERALS_0/security_core_0/rng/neoTRNG_0/entropy_cell_gen.1.neoTRNG_cell_inst/sreg_3[0]:Q to FIC_0_PERIPHERALS_0/security_core_0/rng/neoTRNG_0/entropy_cell_gen.1.neoTRNG_cell_inst/sreg_4[0]:Q

----------------------------------------------------

SET Register to Asynchronous

No Path 

END SET Register to Asynchronous

----------------------------------------------------

SET External Recovery

No Path 

END SET External Recovery

----------------------------------------------------

SET Asynchronous to Register

No Path 

END SET Asynchronous to Register

----------------------------------------------------

SET CLOCKS_AND_RESETS_0/CCC_FIC_x_CLK/PF_CCC_C0_0/pll_inst_0/OUT0 to FIC_0_PERIPHERALS_0/security_core_0/rng/neoTRNG_0/entropy_cell_gen.1.neoTRNG_cell_inst/sreg_4[0]:Q

No Path 

END SET CLOCKS_AND_RESETS_0/CCC_FIC_x_CLK/PF_CCC_C0_0/pll_inst_0/OUT0 to FIC_0_PERIPHERALS_0/security_core_0/rng/neoTRNG_0/entropy_cell_gen.1.neoTRNG_cell_inst/sreg_4[0]:Q

----------------------------------------------------

Clock Domain FIC_0_PERIPHERALS_0/security_core_0/rng/neoTRNG_0/entropy_cell_gen.1.neoTRNG_cell_inst/sreg_5[0]:Q

Info: The maximum frequency of this clock domain is limited by the minimum pulse widths of pin FIC_0_PERIPHERALS_0/security_core_0/rng/neoTRNG_0/entropy_cell_gen.1.neoTRNG_cell_inst/ring_osc_gen.5.latch[5]:CLK

SET Register to Register

No Path 

END SET Register to Register

----------------------------------------------------

SET External Setup

No Path 

END SET External Setup

----------------------------------------------------

SET Clock to Output

No Path 

END SET Clock to Output

----------------------------------------------------

SET FIC_0_PERIPHERALS_0/security_core_0/rng/neoTRNG_0/entropy_cell_gen.0.neoTRNG_cell_inst/sreg_4[0]:Q to FIC_0_PERIPHERALS_0/security_core_0/rng/neoTRNG_0/entropy_cell_gen.1.neoTRNG_cell_inst/sreg_5[0]:Q

No Path 

END SET FIC_0_PERIPHERALS_0/security_core_0/rng/neoTRNG_0/entropy_cell_gen.0.neoTRNG_cell_inst/sreg_4[0]:Q to FIC_0_PERIPHERALS_0/security_core_0/rng/neoTRNG_0/entropy_cell_gen.1.neoTRNG_cell_inst/sreg_5[0]:Q

----------------------------------------------------

SET FIC_0_PERIPHERALS_0/security_core_0/rng/neoTRNG_0/entropy_cell_gen.1.neoTRNG_cell_inst/sreg_4[0]:Q to FIC_0_PERIPHERALS_0/security_core_0/rng/neoTRNG_0/entropy_cell_gen.1.neoTRNG_cell_inst/sreg_5[0]:Q

No Path 

END SET FIC_0_PERIPHERALS_0/security_core_0/rng/neoTRNG_0/entropy_cell_gen.1.neoTRNG_cell_inst/sreg_4[0]:Q to FIC_0_PERIPHERALS_0/security_core_0/rng/neoTRNG_0/entropy_cell_gen.1.neoTRNG_cell_inst/sreg_5[0]:Q

----------------------------------------------------

SET Register to Asynchronous

No Path 

END SET Register to Asynchronous

----------------------------------------------------

SET External Recovery

No Path 

END SET External Recovery

----------------------------------------------------

SET Asynchronous to Register

No Path 

END SET Asynchronous to Register

----------------------------------------------------

SET CLOCKS_AND_RESETS_0/CCC_FIC_x_CLK/PF_CCC_C0_0/pll_inst_0/OUT0 to FIC_0_PERIPHERALS_0/security_core_0/rng/neoTRNG_0/entropy_cell_gen.1.neoTRNG_cell_inst/sreg_5[0]:Q

No Path 

END SET CLOCKS_AND_RESETS_0/CCC_FIC_x_CLK/PF_CCC_C0_0/pll_inst_0/OUT0 to FIC_0_PERIPHERALS_0/security_core_0/rng/neoTRNG_0/entropy_cell_gen.1.neoTRNG_cell_inst/sreg_5[0]:Q

----------------------------------------------------

Clock Domain FIC_0_PERIPHERALS_0/security_core_0/rng/neoTRNG_0/entropy_cell_gen.1.neoTRNG_cell_inst/sreg_6[0]:Q

Info: The maximum frequency of this clock domain is limited by the minimum pulse widths of pin FIC_0_PERIPHERALS_0/security_core_0/rng/neoTRNG_0/entropy_cell_gen.1.neoTRNG_cell_inst/ring_osc_gen.6.latch[6]:CLK

SET Register to Register

No Path 

END SET Register to Register

----------------------------------------------------

SET External Setup

No Path 

END SET External Setup

----------------------------------------------------

SET Clock to Output

No Path 

END SET Clock to Output

----------------------------------------------------

SET FIC_0_PERIPHERALS_0/security_core_0/rng/neoTRNG_0/entropy_cell_gen.0.neoTRNG_cell_inst/sreg_4[0]:Q to FIC_0_PERIPHERALS_0/security_core_0/rng/neoTRNG_0/entropy_cell_gen.1.neoTRNG_cell_inst/sreg_6[0]:Q

No Path 

END SET FIC_0_PERIPHERALS_0/security_core_0/rng/neoTRNG_0/entropy_cell_gen.0.neoTRNG_cell_inst/sreg_4[0]:Q to FIC_0_PERIPHERALS_0/security_core_0/rng/neoTRNG_0/entropy_cell_gen.1.neoTRNG_cell_inst/sreg_6[0]:Q

----------------------------------------------------

SET FIC_0_PERIPHERALS_0/security_core_0/rng/neoTRNG_0/entropy_cell_gen.1.neoTRNG_cell_inst/sreg_5[0]:Q to FIC_0_PERIPHERALS_0/security_core_0/rng/neoTRNG_0/entropy_cell_gen.1.neoTRNG_cell_inst/sreg_6[0]:Q

No Path 

END SET FIC_0_PERIPHERALS_0/security_core_0/rng/neoTRNG_0/entropy_cell_gen.1.neoTRNG_cell_inst/sreg_5[0]:Q to FIC_0_PERIPHERALS_0/security_core_0/rng/neoTRNG_0/entropy_cell_gen.1.neoTRNG_cell_inst/sreg_6[0]:Q

----------------------------------------------------

SET Register to Asynchronous

No Path 

END SET Register to Asynchronous

----------------------------------------------------

SET External Recovery

No Path 

END SET External Recovery

----------------------------------------------------

SET Asynchronous to Register

No Path 

END SET Asynchronous to Register

----------------------------------------------------

SET CLOCKS_AND_RESETS_0/CCC_FIC_x_CLK/PF_CCC_C0_0/pll_inst_0/OUT0 to FIC_0_PERIPHERALS_0/security_core_0/rng/neoTRNG_0/entropy_cell_gen.1.neoTRNG_cell_inst/sreg_6[0]:Q

No Path 

END SET CLOCKS_AND_RESETS_0/CCC_FIC_x_CLK/PF_CCC_C0_0/pll_inst_0/OUT0 to FIC_0_PERIPHERALS_0/security_core_0/rng/neoTRNG_0/entropy_cell_gen.1.neoTRNG_cell_inst/sreg_6[0]:Q

----------------------------------------------------

Clock Domain FIC_0_PERIPHERALS_0/security_core_0/rng/neoTRNG_0/entropy_cell_gen.2.neoTRNG_cell_inst/sreg_0[0]:Q

Info: The maximum frequency of this clock domain is limited by the minimum pulse widths of pin FIC_0_PERIPHERALS_0/security_core_0/rng/neoTRNG_0/entropy_cell_gen.2.neoTRNG_cell_inst/ring_osc_gen.0.latch[0]:CLK

SET Register to Register

No Path 

END SET Register to Register

----------------------------------------------------

SET External Setup

No Path 

END SET External Setup

----------------------------------------------------

SET Clock to Output

No Path 

END SET Clock to Output

----------------------------------------------------

SET FIC_0_PERIPHERALS_0/security_core_0/rng/neoTRNG_0/entropy_cell_gen.1.neoTRNG_cell_inst/sreg_6[0]:Q to FIC_0_PERIPHERALS_0/security_core_0/rng/neoTRNG_0/entropy_cell_gen.2.neoTRNG_cell_inst/sreg_0[0]:Q

No Path 

END SET FIC_0_PERIPHERALS_0/security_core_0/rng/neoTRNG_0/entropy_cell_gen.1.neoTRNG_cell_inst/sreg_6[0]:Q to FIC_0_PERIPHERALS_0/security_core_0/rng/neoTRNG_0/entropy_cell_gen.2.neoTRNG_cell_inst/sreg_0[0]:Q

----------------------------------------------------

SET FIC_0_PERIPHERALS_0/security_core_0/rng/neoTRNG_0/entropy_cell_gen.2.neoTRNG_cell_inst/sreg_8[0]:Q to FIC_0_PERIPHERALS_0/security_core_0/rng/neoTRNG_0/entropy_cell_gen.2.neoTRNG_cell_inst/sreg_0[0]:Q

No Path 

END SET FIC_0_PERIPHERALS_0/security_core_0/rng/neoTRNG_0/entropy_cell_gen.2.neoTRNG_cell_inst/sreg_8[0]:Q to FIC_0_PERIPHERALS_0/security_core_0/rng/neoTRNG_0/entropy_cell_gen.2.neoTRNG_cell_inst/sreg_0[0]:Q

----------------------------------------------------

SET Register to Asynchronous

No Path 

END SET Register to Asynchronous

----------------------------------------------------

SET External Recovery

No Path 

END SET External Recovery

----------------------------------------------------

SET Asynchronous to Register

No Path 

END SET Asynchronous to Register

----------------------------------------------------

SET CLOCKS_AND_RESETS_0/CCC_FIC_x_CLK/PF_CCC_C0_0/pll_inst_0/OUT0 to FIC_0_PERIPHERALS_0/security_core_0/rng/neoTRNG_0/entropy_cell_gen.2.neoTRNG_cell_inst/sreg_0[0]:Q

No Path 

END SET CLOCKS_AND_RESETS_0/CCC_FIC_x_CLK/PF_CCC_C0_0/pll_inst_0/OUT0 to FIC_0_PERIPHERALS_0/security_core_0/rng/neoTRNG_0/entropy_cell_gen.2.neoTRNG_cell_inst/sreg_0[0]:Q

----------------------------------------------------

Clock Domain FIC_0_PERIPHERALS_0/security_core_0/rng/neoTRNG_0/entropy_cell_gen.2.neoTRNG_cell_inst/sreg_1[0]:Q

Info: The maximum frequency of this clock domain is limited by the minimum pulse widths of pin FIC_0_PERIPHERALS_0/security_core_0/rng/neoTRNG_0/entropy_cell_gen.2.neoTRNG_cell_inst/ring_osc_gen.1.latch[1]:CLK

SET Register to Register

No Path 

END SET Register to Register

----------------------------------------------------

SET External Setup

No Path 

END SET External Setup

----------------------------------------------------

SET Clock to Output

No Path 

END SET Clock to Output

----------------------------------------------------

SET FIC_0_PERIPHERALS_0/security_core_0/rng/neoTRNG_0/entropy_cell_gen.1.neoTRNG_cell_inst/sreg_6[0]:Q to FIC_0_PERIPHERALS_0/security_core_0/rng/neoTRNG_0/entropy_cell_gen.2.neoTRNG_cell_inst/sreg_1[0]:Q

No Path 

END SET FIC_0_PERIPHERALS_0/security_core_0/rng/neoTRNG_0/entropy_cell_gen.1.neoTRNG_cell_inst/sreg_6[0]:Q to FIC_0_PERIPHERALS_0/security_core_0/rng/neoTRNG_0/entropy_cell_gen.2.neoTRNG_cell_inst/sreg_1[0]:Q

----------------------------------------------------

SET FIC_0_PERIPHERALS_0/security_core_0/rng/neoTRNG_0/entropy_cell_gen.2.neoTRNG_cell_inst/sreg_0[0]:Q to FIC_0_PERIPHERALS_0/security_core_0/rng/neoTRNG_0/entropy_cell_gen.2.neoTRNG_cell_inst/sreg_1[0]:Q

No Path 

END SET FIC_0_PERIPHERALS_0/security_core_0/rng/neoTRNG_0/entropy_cell_gen.2.neoTRNG_cell_inst/sreg_0[0]:Q to FIC_0_PERIPHERALS_0/security_core_0/rng/neoTRNG_0/entropy_cell_gen.2.neoTRNG_cell_inst/sreg_1[0]:Q

----------------------------------------------------

SET Register to Asynchronous

No Path 

END SET Register to Asynchronous

----------------------------------------------------

SET External Recovery

No Path 

END SET External Recovery

----------------------------------------------------

SET Asynchronous to Register

No Path 

END SET Asynchronous to Register

----------------------------------------------------

SET CLOCKS_AND_RESETS_0/CCC_FIC_x_CLK/PF_CCC_C0_0/pll_inst_0/OUT0 to FIC_0_PERIPHERALS_0/security_core_0/rng/neoTRNG_0/entropy_cell_gen.2.neoTRNG_cell_inst/sreg_1[0]:Q

No Path 

END SET CLOCKS_AND_RESETS_0/CCC_FIC_x_CLK/PF_CCC_C0_0/pll_inst_0/OUT0 to FIC_0_PERIPHERALS_0/security_core_0/rng/neoTRNG_0/entropy_cell_gen.2.neoTRNG_cell_inst/sreg_1[0]:Q

----------------------------------------------------

Clock Domain FIC_0_PERIPHERALS_0/security_core_0/rng/neoTRNG_0/entropy_cell_gen.2.neoTRNG_cell_inst/sreg_2[0]:Q

Info: The maximum frequency of this clock domain is limited by the minimum pulse widths of pin FIC_0_PERIPHERALS_0/security_core_0/rng/neoTRNG_0/entropy_cell_gen.2.neoTRNG_cell_inst/ring_osc_gen.2.latch[2]:CLK

SET Register to Register

No Path 

END SET Register to Register

----------------------------------------------------

SET External Setup

No Path 

END SET External Setup

----------------------------------------------------

SET Clock to Output

No Path 

END SET Clock to Output

----------------------------------------------------

SET FIC_0_PERIPHERALS_0/security_core_0/rng/neoTRNG_0/entropy_cell_gen.1.neoTRNG_cell_inst/sreg_6[0]:Q to FIC_0_PERIPHERALS_0/security_core_0/rng/neoTRNG_0/entropy_cell_gen.2.neoTRNG_cell_inst/sreg_2[0]:Q

No Path 

END SET FIC_0_PERIPHERALS_0/security_core_0/rng/neoTRNG_0/entropy_cell_gen.1.neoTRNG_cell_inst/sreg_6[0]:Q to FIC_0_PERIPHERALS_0/security_core_0/rng/neoTRNG_0/entropy_cell_gen.2.neoTRNG_cell_inst/sreg_2[0]:Q

----------------------------------------------------

SET FIC_0_PERIPHERALS_0/security_core_0/rng/neoTRNG_0/entropy_cell_gen.2.neoTRNG_cell_inst/sreg_1[0]:Q to FIC_0_PERIPHERALS_0/security_core_0/rng/neoTRNG_0/entropy_cell_gen.2.neoTRNG_cell_inst/sreg_2[0]:Q

No Path 

END SET FIC_0_PERIPHERALS_0/security_core_0/rng/neoTRNG_0/entropy_cell_gen.2.neoTRNG_cell_inst/sreg_1[0]:Q to FIC_0_PERIPHERALS_0/security_core_0/rng/neoTRNG_0/entropy_cell_gen.2.neoTRNG_cell_inst/sreg_2[0]:Q

----------------------------------------------------

SET Register to Asynchronous

No Path 

END SET Register to Asynchronous

----------------------------------------------------

SET External Recovery

No Path 

END SET External Recovery

----------------------------------------------------

SET Asynchronous to Register

No Path 

END SET Asynchronous to Register

----------------------------------------------------

SET CLOCKS_AND_RESETS_0/CCC_FIC_x_CLK/PF_CCC_C0_0/pll_inst_0/OUT0 to FIC_0_PERIPHERALS_0/security_core_0/rng/neoTRNG_0/entropy_cell_gen.2.neoTRNG_cell_inst/sreg_2[0]:Q

No Path 

END SET CLOCKS_AND_RESETS_0/CCC_FIC_x_CLK/PF_CCC_C0_0/pll_inst_0/OUT0 to FIC_0_PERIPHERALS_0/security_core_0/rng/neoTRNG_0/entropy_cell_gen.2.neoTRNG_cell_inst/sreg_2[0]:Q

----------------------------------------------------

Clock Domain FIC_0_PERIPHERALS_0/security_core_0/rng/neoTRNG_0/entropy_cell_gen.2.neoTRNG_cell_inst/sreg_3[0]:Q

Info: The maximum frequency of this clock domain is limited by the minimum pulse widths of pin FIC_0_PERIPHERALS_0/security_core_0/rng/neoTRNG_0/entropy_cell_gen.2.neoTRNG_cell_inst/ring_osc_gen.3.latch[3]:CLK

SET Register to Register

No Path 

END SET Register to Register

----------------------------------------------------

SET External Setup

No Path 

END SET External Setup

----------------------------------------------------

SET Clock to Output

No Path 

END SET Clock to Output

----------------------------------------------------

SET FIC_0_PERIPHERALS_0/security_core_0/rng/neoTRNG_0/entropy_cell_gen.1.neoTRNG_cell_inst/sreg_6[0]:Q to FIC_0_PERIPHERALS_0/security_core_0/rng/neoTRNG_0/entropy_cell_gen.2.neoTRNG_cell_inst/sreg_3[0]:Q

No Path 

END SET FIC_0_PERIPHERALS_0/security_core_0/rng/neoTRNG_0/entropy_cell_gen.1.neoTRNG_cell_inst/sreg_6[0]:Q to FIC_0_PERIPHERALS_0/security_core_0/rng/neoTRNG_0/entropy_cell_gen.2.neoTRNG_cell_inst/sreg_3[0]:Q

----------------------------------------------------

SET FIC_0_PERIPHERALS_0/security_core_0/rng/neoTRNG_0/entropy_cell_gen.2.neoTRNG_cell_inst/sreg_2[0]:Q to FIC_0_PERIPHERALS_0/security_core_0/rng/neoTRNG_0/entropy_cell_gen.2.neoTRNG_cell_inst/sreg_3[0]:Q

No Path 

END SET FIC_0_PERIPHERALS_0/security_core_0/rng/neoTRNG_0/entropy_cell_gen.2.neoTRNG_cell_inst/sreg_2[0]:Q to FIC_0_PERIPHERALS_0/security_core_0/rng/neoTRNG_0/entropy_cell_gen.2.neoTRNG_cell_inst/sreg_3[0]:Q

----------------------------------------------------

SET Register to Asynchronous

No Path 

END SET Register to Asynchronous

----------------------------------------------------

SET External Recovery

No Path 

END SET External Recovery

----------------------------------------------------

SET Asynchronous to Register

No Path 

END SET Asynchronous to Register

----------------------------------------------------

SET CLOCKS_AND_RESETS_0/CCC_FIC_x_CLK/PF_CCC_C0_0/pll_inst_0/OUT0 to FIC_0_PERIPHERALS_0/security_core_0/rng/neoTRNG_0/entropy_cell_gen.2.neoTRNG_cell_inst/sreg_3[0]:Q

No Path 

END SET CLOCKS_AND_RESETS_0/CCC_FIC_x_CLK/PF_CCC_C0_0/pll_inst_0/OUT0 to FIC_0_PERIPHERALS_0/security_core_0/rng/neoTRNG_0/entropy_cell_gen.2.neoTRNG_cell_inst/sreg_3[0]:Q

----------------------------------------------------

Clock Domain FIC_0_PERIPHERALS_0/security_core_0/rng/neoTRNG_0/entropy_cell_gen.2.neoTRNG_cell_inst/sreg_4[0]:Q

Info: The maximum frequency of this clock domain is limited by the minimum pulse widths of pin FIC_0_PERIPHERALS_0/security_core_0/rng/neoTRNG_0/entropy_cell_gen.2.neoTRNG_cell_inst/ring_osc_gen.4.latch[4]:CLK

SET Register to Register

No Path 

END SET Register to Register

----------------------------------------------------

SET External Setup

No Path 

END SET External Setup

----------------------------------------------------

SET Clock to Output

No Path 

END SET Clock to Output

----------------------------------------------------

SET FIC_0_PERIPHERALS_0/security_core_0/rng/neoTRNG_0/entropy_cell_gen.1.neoTRNG_cell_inst/sreg_6[0]:Q to FIC_0_PERIPHERALS_0/security_core_0/rng/neoTRNG_0/entropy_cell_gen.2.neoTRNG_cell_inst/sreg_4[0]:Q

No Path 

END SET FIC_0_PERIPHERALS_0/security_core_0/rng/neoTRNG_0/entropy_cell_gen.1.neoTRNG_cell_inst/sreg_6[0]:Q to FIC_0_PERIPHERALS_0/security_core_0/rng/neoTRNG_0/entropy_cell_gen.2.neoTRNG_cell_inst/sreg_4[0]:Q

----------------------------------------------------

SET FIC_0_PERIPHERALS_0/security_core_0/rng/neoTRNG_0/entropy_cell_gen.2.neoTRNG_cell_inst/sreg_3[0]:Q to FIC_0_PERIPHERALS_0/security_core_0/rng/neoTRNG_0/entropy_cell_gen.2.neoTRNG_cell_inst/sreg_4[0]:Q

No Path 

END SET FIC_0_PERIPHERALS_0/security_core_0/rng/neoTRNG_0/entropy_cell_gen.2.neoTRNG_cell_inst/sreg_3[0]:Q to FIC_0_PERIPHERALS_0/security_core_0/rng/neoTRNG_0/entropy_cell_gen.2.neoTRNG_cell_inst/sreg_4[0]:Q

----------------------------------------------------

SET Register to Asynchronous

No Path 

END SET Register to Asynchronous

----------------------------------------------------

SET External Recovery

No Path 

END SET External Recovery

----------------------------------------------------

SET Asynchronous to Register

No Path 

END SET Asynchronous to Register

----------------------------------------------------

SET CLOCKS_AND_RESETS_0/CCC_FIC_x_CLK/PF_CCC_C0_0/pll_inst_0/OUT0 to FIC_0_PERIPHERALS_0/security_core_0/rng/neoTRNG_0/entropy_cell_gen.2.neoTRNG_cell_inst/sreg_4[0]:Q

No Path 

END SET CLOCKS_AND_RESETS_0/CCC_FIC_x_CLK/PF_CCC_C0_0/pll_inst_0/OUT0 to FIC_0_PERIPHERALS_0/security_core_0/rng/neoTRNG_0/entropy_cell_gen.2.neoTRNG_cell_inst/sreg_4[0]:Q

----------------------------------------------------

Clock Domain FIC_0_PERIPHERALS_0/security_core_0/rng/neoTRNG_0/entropy_cell_gen.2.neoTRNG_cell_inst/sreg_5[0]:Q

Info: The maximum frequency of this clock domain is limited by the minimum pulse widths of pin FIC_0_PERIPHERALS_0/security_core_0/rng/neoTRNG_0/entropy_cell_gen.2.neoTRNG_cell_inst/ring_osc_gen.5.latch[5]:CLK

SET Register to Register

No Path 

END SET Register to Register

----------------------------------------------------

SET External Setup

No Path 

END SET External Setup

----------------------------------------------------

SET Clock to Output

No Path 

END SET Clock to Output

----------------------------------------------------

SET FIC_0_PERIPHERALS_0/security_core_0/rng/neoTRNG_0/entropy_cell_gen.1.neoTRNG_cell_inst/sreg_6[0]:Q to FIC_0_PERIPHERALS_0/security_core_0/rng/neoTRNG_0/entropy_cell_gen.2.neoTRNG_cell_inst/sreg_5[0]:Q

No Path 

END SET FIC_0_PERIPHERALS_0/security_core_0/rng/neoTRNG_0/entropy_cell_gen.1.neoTRNG_cell_inst/sreg_6[0]:Q to FIC_0_PERIPHERALS_0/security_core_0/rng/neoTRNG_0/entropy_cell_gen.2.neoTRNG_cell_inst/sreg_5[0]:Q

----------------------------------------------------

SET FIC_0_PERIPHERALS_0/security_core_0/rng/neoTRNG_0/entropy_cell_gen.2.neoTRNG_cell_inst/sreg_4[0]:Q to FIC_0_PERIPHERALS_0/security_core_0/rng/neoTRNG_0/entropy_cell_gen.2.neoTRNG_cell_inst/sreg_5[0]:Q

No Path 

END SET FIC_0_PERIPHERALS_0/security_core_0/rng/neoTRNG_0/entropy_cell_gen.2.neoTRNG_cell_inst/sreg_4[0]:Q to FIC_0_PERIPHERALS_0/security_core_0/rng/neoTRNG_0/entropy_cell_gen.2.neoTRNG_cell_inst/sreg_5[0]:Q

----------------------------------------------------

SET Register to Asynchronous

No Path 

END SET Register to Asynchronous

----------------------------------------------------

SET External Recovery

No Path 

END SET External Recovery

----------------------------------------------------

SET Asynchronous to Register

No Path 

END SET Asynchronous to Register

----------------------------------------------------

SET CLOCKS_AND_RESETS_0/CCC_FIC_x_CLK/PF_CCC_C0_0/pll_inst_0/OUT0 to FIC_0_PERIPHERALS_0/security_core_0/rng/neoTRNG_0/entropy_cell_gen.2.neoTRNG_cell_inst/sreg_5[0]:Q

No Path 

END SET CLOCKS_AND_RESETS_0/CCC_FIC_x_CLK/PF_CCC_C0_0/pll_inst_0/OUT0 to FIC_0_PERIPHERALS_0/security_core_0/rng/neoTRNG_0/entropy_cell_gen.2.neoTRNG_cell_inst/sreg_5[0]:Q

----------------------------------------------------

Clock Domain FIC_0_PERIPHERALS_0/security_core_0/rng/neoTRNG_0/entropy_cell_gen.2.neoTRNG_cell_inst/sreg_6[0]:Q

Info: The maximum frequency of this clock domain is limited by the minimum pulse widths of pin FIC_0_PERIPHERALS_0/security_core_0/rng/neoTRNG_0/entropy_cell_gen.2.neoTRNG_cell_inst/ring_osc_gen.6.latch[6]:CLK

SET Register to Register

No Path 

END SET Register to Register

----------------------------------------------------

SET External Setup

No Path 

END SET External Setup

----------------------------------------------------

SET Clock to Output

No Path 

END SET Clock to Output

----------------------------------------------------

SET FIC_0_PERIPHERALS_0/security_core_0/rng/neoTRNG_0/entropy_cell_gen.1.neoTRNG_cell_inst/sreg_6[0]:Q to FIC_0_PERIPHERALS_0/security_core_0/rng/neoTRNG_0/entropy_cell_gen.2.neoTRNG_cell_inst/sreg_6[0]:Q

No Path 

END SET FIC_0_PERIPHERALS_0/security_core_0/rng/neoTRNG_0/entropy_cell_gen.1.neoTRNG_cell_inst/sreg_6[0]:Q to FIC_0_PERIPHERALS_0/security_core_0/rng/neoTRNG_0/entropy_cell_gen.2.neoTRNG_cell_inst/sreg_6[0]:Q

----------------------------------------------------

SET FIC_0_PERIPHERALS_0/security_core_0/rng/neoTRNG_0/entropy_cell_gen.2.neoTRNG_cell_inst/sreg_5[0]:Q to FIC_0_PERIPHERALS_0/security_core_0/rng/neoTRNG_0/entropy_cell_gen.2.neoTRNG_cell_inst/sreg_6[0]:Q

No Path 

END SET FIC_0_PERIPHERALS_0/security_core_0/rng/neoTRNG_0/entropy_cell_gen.2.neoTRNG_cell_inst/sreg_5[0]:Q to FIC_0_PERIPHERALS_0/security_core_0/rng/neoTRNG_0/entropy_cell_gen.2.neoTRNG_cell_inst/sreg_6[0]:Q

----------------------------------------------------

SET Register to Asynchronous

No Path 

END SET Register to Asynchronous

----------------------------------------------------

SET External Recovery

No Path 

END SET External Recovery

----------------------------------------------------

SET Asynchronous to Register

No Path 

END SET Asynchronous to Register

----------------------------------------------------

SET CLOCKS_AND_RESETS_0/CCC_FIC_x_CLK/PF_CCC_C0_0/pll_inst_0/OUT0 to FIC_0_PERIPHERALS_0/security_core_0/rng/neoTRNG_0/entropy_cell_gen.2.neoTRNG_cell_inst/sreg_6[0]:Q

No Path 

END SET CLOCKS_AND_RESETS_0/CCC_FIC_x_CLK/PF_CCC_C0_0/pll_inst_0/OUT0 to FIC_0_PERIPHERALS_0/security_core_0/rng/neoTRNG_0/entropy_cell_gen.2.neoTRNG_cell_inst/sreg_6[0]:Q

----------------------------------------------------

Clock Domain FIC_0_PERIPHERALS_0/security_core_0/rng/neoTRNG_0/entropy_cell_gen.2.neoTRNG_cell_inst/sreg_7[0]:Q

Info: The maximum frequency of this clock domain is limited by the minimum pulse widths of pin FIC_0_PERIPHERALS_0/security_core_0/rng/neoTRNG_0/entropy_cell_gen.2.neoTRNG_cell_inst/ring_osc_gen.7.latch[7]:CLK

SET Register to Register

No Path 

END SET Register to Register

----------------------------------------------------

SET External Setup

No Path 

END SET External Setup

----------------------------------------------------

SET Clock to Output

No Path 

END SET Clock to Output

----------------------------------------------------

SET FIC_0_PERIPHERALS_0/security_core_0/rng/neoTRNG_0/entropy_cell_gen.1.neoTRNG_cell_inst/sreg_6[0]:Q to FIC_0_PERIPHERALS_0/security_core_0/rng/neoTRNG_0/entropy_cell_gen.2.neoTRNG_cell_inst/sreg_7[0]:Q

No Path 

END SET FIC_0_PERIPHERALS_0/security_core_0/rng/neoTRNG_0/entropy_cell_gen.1.neoTRNG_cell_inst/sreg_6[0]:Q to FIC_0_PERIPHERALS_0/security_core_0/rng/neoTRNG_0/entropy_cell_gen.2.neoTRNG_cell_inst/sreg_7[0]:Q

----------------------------------------------------

SET FIC_0_PERIPHERALS_0/security_core_0/rng/neoTRNG_0/entropy_cell_gen.2.neoTRNG_cell_inst/sreg_6[0]:Q to FIC_0_PERIPHERALS_0/security_core_0/rng/neoTRNG_0/entropy_cell_gen.2.neoTRNG_cell_inst/sreg_7[0]:Q

No Path 

END SET FIC_0_PERIPHERALS_0/security_core_0/rng/neoTRNG_0/entropy_cell_gen.2.neoTRNG_cell_inst/sreg_6[0]:Q to FIC_0_PERIPHERALS_0/security_core_0/rng/neoTRNG_0/entropy_cell_gen.2.neoTRNG_cell_inst/sreg_7[0]:Q

----------------------------------------------------

SET Register to Asynchronous

No Path 

END SET Register to Asynchronous

----------------------------------------------------

SET External Recovery

No Path 

END SET External Recovery

----------------------------------------------------

SET Asynchronous to Register

No Path 

END SET Asynchronous to Register

----------------------------------------------------

SET CLOCKS_AND_RESETS_0/CCC_FIC_x_CLK/PF_CCC_C0_0/pll_inst_0/OUT0 to FIC_0_PERIPHERALS_0/security_core_0/rng/neoTRNG_0/entropy_cell_gen.2.neoTRNG_cell_inst/sreg_7[0]:Q

No Path 

END SET CLOCKS_AND_RESETS_0/CCC_FIC_x_CLK/PF_CCC_C0_0/pll_inst_0/OUT0 to FIC_0_PERIPHERALS_0/security_core_0/rng/neoTRNG_0/entropy_cell_gen.2.neoTRNG_cell_inst/sreg_7[0]:Q

----------------------------------------------------

Clock Domain FIC_0_PERIPHERALS_0/security_core_0/rng/neoTRNG_0/entropy_cell_gen.2.neoTRNG_cell_inst/sreg_8[0]:Q

Info: The maximum frequency of this clock domain is limited by the minimum pulse widths of pin FIC_0_PERIPHERALS_0/security_core_0/rng/neoTRNG_0/entropy_cell_gen.2.neoTRNG_cell_inst/ring_osc_gen.8.latch[8]:CLK

SET Register to Register

No Path 

END SET Register to Register

----------------------------------------------------

SET External Setup

No Path 

END SET External Setup

----------------------------------------------------

SET Clock to Output

No Path 

END SET Clock to Output

----------------------------------------------------

SET FIC_0_PERIPHERALS_0/security_core_0/rng/neoTRNG_0/entropy_cell_gen.1.neoTRNG_cell_inst/sreg_6[0]:Q to FIC_0_PERIPHERALS_0/security_core_0/rng/neoTRNG_0/entropy_cell_gen.2.neoTRNG_cell_inst/sreg_8[0]:Q

No Path 

END SET FIC_0_PERIPHERALS_0/security_core_0/rng/neoTRNG_0/entropy_cell_gen.1.neoTRNG_cell_inst/sreg_6[0]:Q to FIC_0_PERIPHERALS_0/security_core_0/rng/neoTRNG_0/entropy_cell_gen.2.neoTRNG_cell_inst/sreg_8[0]:Q

----------------------------------------------------

SET FIC_0_PERIPHERALS_0/security_core_0/rng/neoTRNG_0/entropy_cell_gen.2.neoTRNG_cell_inst/sreg_7[0]:Q to FIC_0_PERIPHERALS_0/security_core_0/rng/neoTRNG_0/entropy_cell_gen.2.neoTRNG_cell_inst/sreg_8[0]:Q

No Path 

END SET FIC_0_PERIPHERALS_0/security_core_0/rng/neoTRNG_0/entropy_cell_gen.2.neoTRNG_cell_inst/sreg_7[0]:Q to FIC_0_PERIPHERALS_0/security_core_0/rng/neoTRNG_0/entropy_cell_gen.2.neoTRNG_cell_inst/sreg_8[0]:Q

----------------------------------------------------

SET Register to Asynchronous

No Path 

END SET Register to Asynchronous

----------------------------------------------------

SET External Recovery

No Path 

END SET External Recovery

----------------------------------------------------

SET Asynchronous to Register

No Path 

END SET Asynchronous to Register

----------------------------------------------------

SET CLOCKS_AND_RESETS_0/CCC_FIC_x_CLK/PF_CCC_C0_0/pll_inst_0/OUT0 to FIC_0_PERIPHERALS_0/security_core_0/rng/neoTRNG_0/entropy_cell_gen.2.neoTRNG_cell_inst/sreg_8[0]:Q

No Path 

END SET CLOCKS_AND_RESETS_0/CCC_FIC_x_CLK/PF_CCC_C0_0/pll_inst_0/OUT0 to FIC_0_PERIPHERALS_0/security_core_0/rng/neoTRNG_0/entropy_cell_gen.2.neoTRNG_cell_inst/sreg_8[0]:Q

----------------------------------------------------

Clock Domain MBUS_SPI_CLK

Info: The maximum frequency of this clock domain is limited by the period of pin MSS_WRAPPER_0/MPFS_DISCOVERY_KIT_MSS_0/I_MSS:SPI_0_CLK_F2M

SET Register to Register

No Path 

END SET Register to Register

----------------------------------------------------

SET External Setup

Path 1
  From: MBUS_SPI_MISO
  To:   MSS_WRAPPER_0/MPFS_DISCOVERY_KIT_MSS_0/I_MSS:SPI_0_DI_F2M
  Delay (ns):              3.847
  Arrival (ns):            3.847
  Setup (ns):              0.909
  External Setup (ns):     1.872
  Operating Conditions: slow_lv_lt


Expanded Path 1
  From: MBUS_SPI_MISO
  To: MSS_WRAPPER_0/MPFS_DISCOVERY_KIT_MSS_0/I_MSS:SPI_0_DI_F2M
  data required time                                    N/C
  data arrival time                          -        3.847
  slack                                                 N/C
  ________________________________________________________
  Data arrival time calculation
  0.000                        MBUS_SPI_MISO (r)
               +     0.000          net: MBUS_SPI_MISO
  0.000                        MBUS_SPI_MISO_ibuf/U_IOPAD:PAD (r)
               +     1.145          cell: ADLIB:IOPAD_IN
  1.145                        MBUS_SPI_MISO_ibuf/U_IOPAD:Y (r)
               +     0.000          net: MBUS_SPI_MISO_ibuf/YIN
  1.145                        MBUS_SPI_MISO_ibuf/U_IOIN:YIN (r)
               +     0.274          cell: ADLIB:IOIN_IB_E
  1.419                        MBUS_SPI_MISO_ibuf/U_IOIN:Y (r)
               +     2.428          net: MBUS_SPI_MISO_c
  3.847                        MSS_WRAPPER_0/MPFS_DISCOVERY_KIT_MSS_0/I_MSS:SPI_0_DI_F2M (r)
                                    
  3.847                        data arrival time
  ________________________________________________________
  Data required time calculation
  N/C                          MBUS_SPI_CLK
               +     0.000          Clock source
  N/C                          MBUS_SPI_CLK (r)
               +     0.992          cell: ADLIB:IOPAD_BI
  N/C                          MSS_WRAPPER_0/SPI_0_CLK_BIBUF/U_IOPAD:Y (r)
               +     0.000          net: MSS_WRAPPER_0/SPI_0_CLK_BIBUF/YIN
  N/C                          MSS_WRAPPER_0/SPI_0_CLK_BIBUF/U_IOBI:YIN (r)
               +     0.262          cell: ADLIB:IOBI_IB_OB_EB
  N/C                          MSS_WRAPPER_0/SPI_0_CLK_BIBUF/U_IOBI:Y (r)
               +     1.630          net: MSS_WRAPPER_0/SPI_0_CLK_BIBUF_Y
  N/C                          MSS_WRAPPER_0/MPFS_DISCOVERY_KIT_MSS_0/I_MSS:SPI_0_CLK_F2M (r)
               -     0.909          Library setup time: ADLIB:MSS
  N/C                          MSS_WRAPPER_0/MPFS_DISCOVERY_KIT_MSS_0/I_MSS:SPI_0_DI_F2M


Operating Conditions : slow_lv_lt

END SET External Setup

----------------------------------------------------

SET Clock to Output

Path 1
  From: MSS_WRAPPER_0/MPFS_DISCOVERY_KIT_MSS_0/I_MSS:SPI_0_CLK_F2M
  To:   MBUS_SPI_MOSI
  Delay (ns):             10.195
  Arrival (ns):           14.183
  Clock to Out (ns):      14.183
  Operating Conditions: slow_lv_ht


Expanded Path 1
  From: MSS_WRAPPER_0/MPFS_DISCOVERY_KIT_MSS_0/I_MSS:SPI_0_CLK_F2M
  To: MBUS_SPI_MOSI
  data required time                                    N/C
  data arrival time                          -       14.183
  slack                                                 N/C
  ________________________________________________________
  Data arrival time calculation
  0.000                        MBUS_SPI_CLK
               +     0.000          Clock source
  0.000                        MBUS_SPI_CLK (f)
               +     1.302          cell: ADLIB:IOPAD_BI
  1.302                        MSS_WRAPPER_0/SPI_0_CLK_BIBUF/U_IOPAD:Y (f)
               +     0.000          net: MSS_WRAPPER_0/SPI_0_CLK_BIBUF/YIN
  1.302                        MSS_WRAPPER_0/SPI_0_CLK_BIBUF/U_IOBI:YIN (f)
               +     0.338          cell: ADLIB:IOBI_IB_OB_EB
  1.640                        MSS_WRAPPER_0/SPI_0_CLK_BIBUF/U_IOBI:Y (f)
               +     2.348          net: MSS_WRAPPER_0/SPI_0_CLK_BIBUF_Y
  3.988                        MSS_WRAPPER_0/MPFS_DISCOVERY_KIT_MSS_0/I_MSS:SPI_0_CLK_F2M (f)
               +     3.145          cell: ADLIB:MSS
  7.133                        MSS_WRAPPER_0/MPFS_DISCOVERY_KIT_MSS_0/I_MSS:SPI_0_DO_M2F (f)
               +     3.016          net: MBUS_SPI_MOSI_c
  10.149                       MBUS_SPI_MOSI_obuf/U_IOTRI:D (f)
               +     0.918          cell: ADLIB:IOTRI_OB_EB
  11.067                       MBUS_SPI_MOSI_obuf/U_IOTRI:DOUT (f)
               +     0.000          net: MBUS_SPI_MOSI_obuf/DOUT
  11.067                       MBUS_SPI_MOSI_obuf/U_IOPAD:D (f)
               +     3.116          cell: ADLIB:IOPAD_TRI
  14.183                       MBUS_SPI_MOSI_obuf/U_IOPAD:PAD (f)
               +     0.000          net: MBUS_SPI_MOSI
  14.183                       MBUS_SPI_MOSI (f)
                                    
  14.183                       data arrival time
  ________________________________________________________
  Data required time calculation
  N/C                          MBUS_SPI_CLK
                                    
  N/C                          MBUS_SPI_MOSI (f)


Operating Conditions : slow_lv_ht

END SET Clock to Output

----------------------------------------------------

SET Register to Asynchronous

No Path 

END SET Register to Asynchronous

----------------------------------------------------

SET External Recovery

Path 1
  From: MBUS_SPI_CS
  To:   MSS_WRAPPER_0/MPFS_DISCOVERY_KIT_MSS_0/I_MSS:SPI_0_SS_F2M
  Delay (ns):              3.424
  Arrival (ns):            3.424
  Recovery (ns):           1.686
  External Recovery (ns):   2.235
  Operating Conditions: slow_lv_lt


Expanded Path 1
  From: MBUS_SPI_CS
  To: MSS_WRAPPER_0/MPFS_DISCOVERY_KIT_MSS_0/I_MSS:SPI_0_SS_F2M
  data required time                                    N/C
  data arrival time                          -        3.424
  slack                                                 N/C
  ________________________________________________________
  Data arrival time calculation
  0.000                        MBUS_SPI_CS (f)
               +     1.157          cell: ADLIB:IOPAD_BI
  1.157                        MSS_WRAPPER_0/SPI_0_SS_BIBUF/U_IOPAD:Y (f)
               +     0.000          net: MSS_WRAPPER_0/SPI_0_SS_BIBUF/YIN
  1.157                        MSS_WRAPPER_0/SPI_0_SS_BIBUF/U_IOBI:YIN (f)
               +     0.267          cell: ADLIB:IOBI_IB_OB_EB
  1.424                        MSS_WRAPPER_0/SPI_0_SS_BIBUF/U_IOBI:Y (f)
               +     2.000          net: MSS_WRAPPER_0/SPI_0_SS_BIBUF_Y
  3.424                        MSS_WRAPPER_0/MPFS_DISCOVERY_KIT_MSS_0/I_MSS:SPI_0_SS_F2M (f)
                                    
  3.424                        data arrival time
  ________________________________________________________
  Data required time calculation
  N/C                          MBUS_SPI_CLK
               +     0.000          Clock source
  N/C                          MBUS_SPI_CLK (f)
               +     1.003          cell: ADLIB:IOPAD_BI
  N/C                          MSS_WRAPPER_0/SPI_0_CLK_BIBUF/U_IOPAD:Y (f)
               +     0.000          net: MSS_WRAPPER_0/SPI_0_CLK_BIBUF/YIN
  N/C                          MSS_WRAPPER_0/SPI_0_CLK_BIBUF/U_IOBI:YIN (f)
               +     0.255          cell: ADLIB:IOBI_IB_OB_EB
  N/C                          MSS_WRAPPER_0/SPI_0_CLK_BIBUF/U_IOBI:Y (f)
               +     1.617          net: MSS_WRAPPER_0/SPI_0_CLK_BIBUF_Y
  N/C                          MSS_WRAPPER_0/MPFS_DISCOVERY_KIT_MSS_0/I_MSS:SPI_0_CLK_F2M (f)
               -     1.686          Library recovery time: ADLIB:MSS
  N/C                          MSS_WRAPPER_0/MPFS_DISCOVERY_KIT_MSS_0/I_MSS:SPI_0_SS_F2M


Operating Conditions : slow_lv_lt

END SET External Recovery

----------------------------------------------------

SET Asynchronous to Register

No Path 

END SET Asynchronous to Register

----------------------------------------------------

Clock Domain MIPI_CAMERA_0/PF_CCC_C1_0/PF_CCC_C1_0/pll_inst_0/OUT0

SET Register to Register

Path 1
  From: MIPI_CAMERA_0/mipicsi2rxdecoderPF_C0_0/MSC_i_0/MSC_i_4/MSC_i_10/MSC_i_12/MSC_i_13/rdaddr_r[0]:CLK
  To:   MIPI_CAMERA_0/mipicsi2rxdecoderPF_C0_0/MSC_i_0/MSC_i_4/MSC_i_10/MSC_i_12/MSC_i_13/rdaddr_r[8]:D
  Delay (ns):              3.292
  Slack (ns):             16.553
  Arrival (ns):           10.741
  Required (ns):          27.294
  Setup (ns):              0.000
  Minimum Period (ns):     3.312
  Operating Conditions: slow_lv_ht

Path 2
  From: MIPI_CAMERA_0/mipicsi2rxdecoderPF_C0_0/MSC_i_0/MSC_i_4/MSC_i_10/MSC_i_12/MSC_i_13/wraddr_sync_rr[7]:CLK
  To:   MIPI_CAMERA_0/mipicsi2rxdecoderPF_C0_0/MSC_i_0/MSC_i_4/MSC_i_10/MSC_i_12/MSC_i_13/rdaddr_r[8]:D
  Delay (ns):              3.222
  Slack (ns):             16.633
  Arrival (ns):           10.684
  Required (ns):          27.317
  Setup (ns):              0.000
  Minimum Period (ns):     3.232
  Operating Conditions: slow_lv_ht

Path 3
  From: MIPI_CAMERA_0/mipicsi2rxdecoderPF_C0_0/MSC_i_0/MSC_i_4/MSC_i_10/MSC_i_12/MSC_i_13/rdaddr_r[6]:CLK
  To:   MIPI_CAMERA_0/mipicsi2rxdecoderPF_C0_0/MSC_i_0/MSC_i_4/MSC_i_10/MSC_i_12/MSC_i_13/rdaddr_r[8]:D
  Delay (ns):              3.181
  Slack (ns):             16.642
  Arrival (ns):           10.633
  Required (ns):          27.275
  Setup (ns):              0.000
  Minimum Period (ns):     3.223
  Operating Conditions: slow_lv_ht

Path 4
  From: MIPI_CAMERA_0/VDMA_C0_0/VDMA_C0_0/dma_top_0/vdma_write_0/ddr_write_vdma/data_packer_vdma_0/s_data_valid_out:CLK
  To:   MIPI_CAMERA_0/VDMA_C0_0/VDMA_C0_0/dma_top_0/vdma_write_0/ddr_write_vdma/async_fifo_vdma_0/wfull:D
  Delay (ns):              3.152
  Slack (ns):             16.680
  Arrival (ns):           10.642
  Required (ns):          27.322
  Setup (ns):              0.000
  Minimum Period (ns):     3.185
  Operating Conditions: slow_lv_ht

Path 5
  From: MIPI_CAMERA_0/mipicsi2rxdecoderPF_C0_0/MSC_i_0/MSC_i_4/MSC_i_10/MSC_i_12/MSC_i_13/rdaddr_r[7]:CLK
  To:   MIPI_CAMERA_0/mipicsi2rxdecoderPF_C0_0/MSC_i_0/MSC_i_4/MSC_i_10/MSC_i_12/MSC_i_13/rdaddr_r[8]:D
  Delay (ns):              3.158
  Slack (ns):             16.698
  Arrival (ns):           10.619
  Required (ns):          27.317
  Setup (ns):              0.000
  Minimum Period (ns):     3.167
  Operating Conditions: slow_lv_ht


Expanded Path 1
  From: MIPI_CAMERA_0/mipicsi2rxdecoderPF_C0_0/MSC_i_0/MSC_i_4/MSC_i_10/MSC_i_12/MSC_i_13/rdaddr_r[0]:CLK
  To: MIPI_CAMERA_0/mipicsi2rxdecoderPF_C0_0/MSC_i_0/MSC_i_4/MSC_i_10/MSC_i_12/MSC_i_13/rdaddr_r[8]:D
  data required time                                 27.294
  data arrival time                          -       10.741
  slack                                              16.553
  ________________________________________________________
  Data arrival time calculation
  0.000                        MIPI_CAMERA_0/PF_CCC_C1_0/PF_CCC_C1_0/pll_inst_0/OUT0
               +     0.000          Clock source
  0.000                        MIPI_CAMERA_0/PF_CCC_C1_0/PF_CCC_C1_0/pll_inst_0:OUT0 (r)
               +     5.699          Clock generation
  5.699                        
               +     0.281          net: MIPI_CAMERA_0/PF_CCC_C1_0/PF_CCC_C1_0/pll_inst_0_clkint_0
  5.980                        MIPI_CAMERA_0/PF_CCC_C1_0/PF_CCC_C1_0/clkint_0_1:A (r)
               +     0.243          cell: ADLIB:ICB_CLKINT
  6.223                        MIPI_CAMERA_0/PF_CCC_C1_0/PF_CCC_C1_0/clkint_0_1:Y (r)
               +     0.150          net: MIPI_CAMERA_0/PF_CCC_C1_0/PF_CCC_C1_0/clkint_0_NET
  6.373                        MIPI_CAMERA_0/PF_CCC_C1_0/PF_CCC_C1_0/clkint_0:A (r)
               +     0.164          cell: ADLIB:GB
  6.537                        MIPI_CAMERA_0/PF_CCC_C1_0/PF_CCC_C1_0/clkint_0:Y (r)
               +     0.414          net: MIPI_CAMERA_0/PF_CCC_C1_0/PF_CCC_C1_0/clkint_0/U0_Y
  6.951                        MIPI_CAMERA_0/PF_CCC_C1_0/PF_CCC_C1_0/clkint_0/U0_RGB1_RGB1:A (r)
               +     0.058          cell: ADLIB:RGB
  7.009                        MIPI_CAMERA_0/PF_CCC_C1_0/PF_CCC_C1_0/clkint_0/U0_RGB1_RGB1:Y (f)
               +     0.440          net: MIPI_CAMERA_0/PF_CCC_C1_0/PF_CCC_C1_0/clkint_0/U0_RGB1_RGB1_rgb_net_1
  7.449                        MIPI_CAMERA_0/mipicsi2rxdecoderPF_C0_0/MSC_i_0/MSC_i_4/MSC_i_10/MSC_i_12/MSC_i_13/rdaddr_r[0]:CLK (r)
               +     0.201          cell: ADLIB:SLE
  7.650                        MIPI_CAMERA_0/mipicsi2rxdecoderPF_C0_0/MSC_i_0/MSC_i_4/MSC_i_10/MSC_i_12/MSC_i_13/rdaddr_r[0]:Q (r)
               +     0.242          net: MIPI_CAMERA_0/mipicsi2rxdecoderPF_C0_0/MSC_i_0/MSC_i_4/MSC_i_10/MSC_i_12/MSC_i_13/MSC_net_100
  7.892                        MIPI_CAMERA_0/mipicsi2rxdecoderPF_C0_0/MSC_i_0/MSC_i_4/MSC_i_10/MSC_i_12/MSC_i_13/rdempty_NE_0:D (r)
               +     0.247          cell: ADLIB:CFG4
  8.139                        MIPI_CAMERA_0/mipicsi2rxdecoderPF_C0_0/MSC_i_0/MSC_i_4/MSC_i_10/MSC_i_12/MSC_i_13/rdempty_NE_0:Y (f)
               +     0.130          net: MIPI_CAMERA_0/mipicsi2rxdecoderPF_C0_0/MSC_i_0/MSC_i_4/MSC_i_10/MSC_i_12/MSC_i_13/MSC_net_165
  8.269                        MIPI_CAMERA_0/mipicsi2rxdecoderPF_C0_0/MSC_i_0/MSC_i_4/MSC_i_10/MSC_i_12/MSC_i_13/rdempty_NE_5:A (f)
               +     0.085          cell: ADLIB:CFG3
  8.354                        MIPI_CAMERA_0/mipicsi2rxdecoderPF_C0_0/MSC_i_0/MSC_i_4/MSC_i_10/MSC_i_12/MSC_i_13/rdempty_NE_5:Y (f)
               +     0.265          net: MIPI_CAMERA_0/mipicsi2rxdecoderPF_C0_0/MSC_i_0/MSC_i_4/MSC_i_10/MSC_i_12/MSC_i_13/MSC_net_159
  8.619                        MIPI_CAMERA_0/mipicsi2rxdecoderPF_C0_0/MSC_i_0/MSC_i_4/MSC_i_10/MSC_i_12/MSC_i_13/rdempty_NE_1_RNI7BODU:D (f)
               +     0.151          cell: ADLIB:ARI1_CC
  8.770                        MIPI_CAMERA_0/mipicsi2rxdecoderPF_C0_0/MSC_i_0/MSC_i_4/MSC_i_10/MSC_i_12/MSC_i_13/rdempty_NE_1_RNI7BODU:Y (f)
               +     0.252          net: MIPI_CAMERA_0/mipicsi2rxdecoderPF_C0_0/MSC_i_0/MSC_i_4/MSC_i_10/MSC_i_12/MSC_net_252
  9.022                        MIPI_CAMERA_0/mipicsi2rxdecoderPF_C0_0/MSC_i_0/MSC_i_4/MSC_i_10/MSC_i_12/MSC_i_13/READ_ADDR_PROC.rdaddr_n_15_i_o3_0[4]:D (f)
               +     0.050          cell: ADLIB:CFG4
  9.072                        MIPI_CAMERA_0/mipicsi2rxdecoderPF_C0_0/MSC_i_0/MSC_i_4/MSC_i_10/MSC_i_12/MSC_i_13/READ_ADDR_PROC.rdaddr_n_15_i_o3_0[4]:Y (r)
               +     0.348          net: MIPI_CAMERA_0/mipicsi2rxdecoderPF_C0_0/MSC_i_0/MSC_i_4/MSC_i_10/MSC_i_12/MSC_i_13/MSC_net_169
  9.420                        MIPI_CAMERA_0/mipicsi2rxdecoderPF_C0_0/MSC_i_0/MSC_i_4/MSC_i_10/MSC_i_12/MSC_i_13/READ_ADDR_PROC.rdaddr_n_16_i_o3[5]:C (r)
               +     0.090          cell: ADLIB:CFG3
  9.510                        MIPI_CAMERA_0/mipicsi2rxdecoderPF_C0_0/MSC_i_0/MSC_i_4/MSC_i_10/MSC_i_12/MSC_i_13/READ_ADDR_PROC.rdaddr_n_16_i_o3[5]:Y (r)
               +     0.136          net: MIPI_CAMERA_0/mipicsi2rxdecoderPF_C0_0/MSC_i_0/MSC_i_4/MSC_i_10/MSC_i_12/MSC_i_13/MSC_net_171
  9.646                        MIPI_CAMERA_0/mipicsi2rxdecoderPF_C0_0/MSC_i_0/MSC_i_4/MSC_i_10/MSC_i_12/MSC_i_13/READ_ADDR_PROC.rdaddr_n_18_i_o3[7]:C (r)
               +     0.053          cell: ADLIB:CFG3
  9.699                        MIPI_CAMERA_0/mipicsi2rxdecoderPF_C0_0/MSC_i_0/MSC_i_4/MSC_i_10/MSC_i_12/MSC_i_13/READ_ADDR_PROC.rdaddr_n_18_i_o3[7]:Y (r)
               +     0.435          net: MIPI_CAMERA_0/mipicsi2rxdecoderPF_C0_0/MSC_i_0/MSC_i_4/MSC_i_10/MSC_i_12/MSC_i_13/MSC_net_174
  10.134                       MIPI_CAMERA_0/mipicsi2rxdecoderPF_C0_0/MSC_i_0/MSC_i_4/MSC_i_10/MSC_i_12/MSC_i_13/READ_ADDR_PROC.rdaddr_n_19_i_o4[8]:C (r)
               +     0.135          cell: ADLIB:CFG3
  10.269                       MIPI_CAMERA_0/mipicsi2rxdecoderPF_C0_0/MSC_i_0/MSC_i_4/MSC_i_10/MSC_i_12/MSC_i_13/READ_ADDR_PROC.rdaddr_n_19_i_o4[8]:Y (r)
               +     0.153          net: MIPI_CAMERA_0/mipicsi2rxdecoderPF_C0_0/MSC_i_0/MSC_i_4/MSC_i_10/MSC_i_12/MSC_i_13/MSC_net_177
  10.422                       MIPI_CAMERA_0/mipicsi2rxdecoderPF_C0_0/MSC_i_0/MSC_i_4/MSC_i_10/MSC_i_12/MSC_i_13/rdaddr_r_RNO[8]:D (r)
               +     0.286          cell: ADLIB:CFG4
  10.708                       MIPI_CAMERA_0/mipicsi2rxdecoderPF_C0_0/MSC_i_0/MSC_i_4/MSC_i_10/MSC_i_12/MSC_i_13/rdaddr_r_RNO[8]:Y (f)
               +     0.033          net: MIPI_CAMERA_0/mipicsi2rxdecoderPF_C0_0/MSC_i_0/MSC_i_4/MSC_i_10/MSC_i_12/MSC_i_13/MSC_net_141
  10.741                       MIPI_CAMERA_0/mipicsi2rxdecoderPF_C0_0/MSC_i_0/MSC_i_4/MSC_i_10/MSC_i_12/MSC_i_13/rdaddr_r[8]:D (f)
                                    
  10.741                       data arrival time
  ________________________________________________________
  Data required time calculation
  20.000                       MIPI_CAMERA_0/PF_CCC_C1_0/PF_CCC_C1_0/pll_inst_0/OUT0
               +     0.000          Clock source
  20.000                       MIPI_CAMERA_0/PF_CCC_C1_0/PF_CCC_C1_0/pll_inst_0:OUT0 (r)
               +     5.124          Clock generation
  25.124                       
               +     0.256          net: MIPI_CAMERA_0/PF_CCC_C1_0/PF_CCC_C1_0/pll_inst_0_clkint_0
  25.380                       MIPI_CAMERA_0/PF_CCC_C1_0/PF_CCC_C1_0/clkint_0_1:A (r)
               +     0.211          cell: ADLIB:ICB_CLKINT
  25.591                       MIPI_CAMERA_0/PF_CCC_C1_0/PF_CCC_C1_0/clkint_0_1:Y (r)
               +     0.136          net: MIPI_CAMERA_0/PF_CCC_C1_0/PF_CCC_C1_0/clkint_0_NET
  25.727                       MIPI_CAMERA_0/PF_CCC_C1_0/PF_CCC_C1_0/clkint_0:A (r)
               +     0.149          cell: ADLIB:GB
  25.876                       MIPI_CAMERA_0/PF_CCC_C1_0/PF_CCC_C1_0/clkint_0:Y (r)
               +     0.375          net: MIPI_CAMERA_0/PF_CCC_C1_0/PF_CCC_C1_0/clkint_0/U0_Y
  26.251                       MIPI_CAMERA_0/PF_CCC_C1_0/PF_CCC_C1_0/clkint_0/U0_RGB1_RGB1:A (r)
               +     0.052          cell: ADLIB:RGB
  26.303                       MIPI_CAMERA_0/PF_CCC_C1_0/PF_CCC_C1_0/clkint_0/U0_RGB1_RGB1:Y (f)
               +     0.401          net: MIPI_CAMERA_0/PF_CCC_C1_0/PF_CCC_C1_0/clkint_0/U0_RGB1_RGB1_rgb_net_1
  26.704                       MIPI_CAMERA_0/mipicsi2rxdecoderPF_C0_0/MSC_i_0/MSC_i_4/MSC_i_10/MSC_i_12/MSC_i_13/rdaddr_r[8]:CLK (r)
               +     0.725          
  27.429                       clock reconvergence pessimism
               -     0.135          
  27.294                       clock jitter
               -     0.000          Library setup time: ADLIB:SLE
  27.294                       MIPI_CAMERA_0/mipicsi2rxdecoderPF_C0_0/MSC_i_0/MSC_i_4/MSC_i_10/MSC_i_12/MSC_i_13/rdaddr_r[8]:D
                                    
  27.294                       data required time


Operating Conditions : slow_lv_ht

END SET Register to Register

----------------------------------------------------

SET External Setup

Path 1
  From: RXD_N[0]
  To:   MIPI_CAMERA_0/mipicsi2rxdecoderPF_C0_0/MSC_i_0/MIPI_CAM_LANES_CONFIG_r[1]:EN
  Delay (ns):              3.824
  Arrival (ns):            3.824
  Setup (ns):              0.067
  External Setup (ns):    -0.437
  Operating Conditions: fast_hv_lt

Path 2
  From: RXD_N[0]
  To:   MIPI_CAMERA_0/mipicsi2rxdecoderPF_C0_0/MSC_i_0/MIPI_CAM_LANES_CONFIG_r[0]:EN
  Delay (ns):              3.824
  Arrival (ns):            3.824
  Setup (ns):              0.067
  External Setup (ns):    -0.437
  Operating Conditions: fast_hv_lt

Path 3
  From: RXD_N[0]
  To:   MIPI_CAMERA_0/mipicsi2rxdecoderPF_C0_0/MSC_i_0/wait_cnt[2]:D
  Delay (ns):              3.687
  Arrival (ns):            3.687
  Setup (ns):              0.000
  External Setup (ns):    -0.649
  Operating Conditions: fast_hv_lt

Path 4
  From: RXD_N[0]
  To:   MIPI_CAMERA_0/mipicsi2rxdecoderPF_C0_0/MSC_i_0/wait_cnt[0]:D
  Delay (ns):              3.664
  Arrival (ns):            3.664
  Setup (ns):              0.000
  External Setup (ns):    -0.672
  Operating Conditions: fast_hv_lt

Path 5
  From: RXD_N[0]
  To:   MIPI_CAMERA_0/mipicsi2rxdecoderPF_C0_0/MSC_i_0/wait_cnt[1]:D
  Delay (ns):              3.528
  Arrival (ns):            3.528
  Setup (ns):              0.000
  External Setup (ns):    -0.808
  Operating Conditions: fast_hv_lt


Expanded Path 1
  From: RXD_N[0]
  To: MIPI_CAMERA_0/mipicsi2rxdecoderPF_C0_0/MSC_i_0/MIPI_CAM_LANES_CONFIG_r[1]:EN
  data required time                                    N/C
  data arrival time                          -        3.824
  slack                                                 N/C
  ________________________________________________________
  Data arrival time calculation
  0.000                        RXD_N[0] (f)
               +     0.000          net: RXD_N[0]
  0.000                        MIPI_CAMERA_0/PF_IOD_GENERIC_RX_C0_0/PF_IOD_RX/I_INBUF_DIFF_MIPI_0/U_IOPADN:PAD (f)
               +     0.549          cell: ADLIB:IOPADN_IN
  0.549                        MIPI_CAMERA_0/PF_IOD_GENERIC_RX_C0_0/PF_IOD_RX/I_INBUF_DIFF_MIPI_0/U_IOPADN:Y (f)
               +     0.000          net: MIPI_CAMERA_0/PF_IOD_GENERIC_RX_C0_0/PF_IOD_RX/I_INBUF_DIFF_MIPI_0/U2_N2P
  0.549                        MIPI_CAMERA_0/PF_IOD_GENERIC_RX_C0_0/PF_IOD_RX/I_INBUF_DIFF_MIPI_0/U_ION:YIN (f)
               +     0.131          cell: ADLIB:IOIN_IB_E
  0.680                        MIPI_CAMERA_0/PF_IOD_GENERIC_RX_C0_0/PF_IOD_RX/I_INBUF_DIFF_MIPI_0/U_ION:Y (f)
               +     2.478          net: MIPI_CAMERA_0/PF_IOD_GENERIC_RX_C0_0_L0_LP_DATA_N
  3.158                        MIPI_CAMERA_0/mipicsi2rxdecoderPF_C0_0/MSC_i_0/wait_cnt_RNI6T57C[0]:B (f)
               +     0.064          cell: ADLIB:CFG2
  3.222                        MIPI_CAMERA_0/mipicsi2rxdecoderPF_C0_0/MSC_i_0/wait_cnt_RNI6T57C[0]:Y (r)
               +     0.043          net: MIPI_CAMERA_0/mipicsi2rxdecoderPF_C0_0/MSC_i_0/MSC_net_400
  3.265                        MIPI_CAMERA_0/mipicsi2rxdecoderPF_C0_0/MSC_i_0/wait_cnt_RNIFR39Q[3]:D (r)
               +     0.037          cell: ADLIB:CFG4
  3.302                        MIPI_CAMERA_0/mipicsi2rxdecoderPF_C0_0/MSC_i_0/wait_cnt_RNIFR39Q[3]:Y (r)
               +     0.522          net: MIPI_CAMERA_0/mipicsi2rxdecoderPF_C0_0/MSC_i_0/MSC_net_328
  3.824                        MIPI_CAMERA_0/mipicsi2rxdecoderPF_C0_0/MSC_i_0/MIPI_CAM_LANES_CONFIG_r[1]:EN (r)
                                    
  3.824                        data arrival time
  ________________________________________________________
  Data required time calculation
  N/C                          MIPI_CAMERA_0/PF_CCC_C1_0/PF_CCC_C1_0/pll_inst_0/OUT0
               +     0.000          Clock source
  N/C                          MIPI_CAMERA_0/PF_CCC_C1_0/PF_CCC_C1_0/pll_inst_0:OUT0 (r)
               +     3.408          Clock generation
  N/C                          
               +     0.161          net: MIPI_CAMERA_0/PF_CCC_C1_0/PF_CCC_C1_0/pll_inst_0_clkint_0
  N/C                          MIPI_CAMERA_0/PF_CCC_C1_0/PF_CCC_C1_0/clkint_0_1:A (r)
               +     0.141          cell: ADLIB:ICB_CLKINT
  N/C                          MIPI_CAMERA_0/PF_CCC_C1_0/PF_CCC_C1_0/clkint_0_1:Y (r)
               +     0.096          net: MIPI_CAMERA_0/PF_CCC_C1_0/PF_CCC_C1_0/clkint_0_NET
  N/C                          MIPI_CAMERA_0/PF_CCC_C1_0/PF_CCC_C1_0/clkint_0:A (r)
               +     0.109          cell: ADLIB:GB
  N/C                          MIPI_CAMERA_0/PF_CCC_C1_0/PF_CCC_C1_0/clkint_0:Y (r)
               +     0.257          net: MIPI_CAMERA_0/PF_CCC_C1_0/PF_CCC_C1_0/clkint_0/U0_Y
  N/C                          MIPI_CAMERA_0/PF_CCC_C1_0/PF_CCC_C1_0/clkint_0/U0_RGB1_RGB1:A (r)
               +     0.038          cell: ADLIB:RGB
  N/C                          MIPI_CAMERA_0/PF_CCC_C1_0/PF_CCC_C1_0/clkint_0/U0_RGB1_RGB1:Y (f)
               +     0.253          net: MIPI_CAMERA_0/PF_CCC_C1_0/PF_CCC_C1_0/clkint_0/U0_RGB1_RGB1_rgb_net_1
  N/C                          MIPI_CAMERA_0/mipicsi2rxdecoderPF_C0_0/MSC_i_0/MIPI_CAM_LANES_CONFIG_r[1]:CLK (r)
               -     0.135          
  N/C                          clock jitter
               -     0.067          Library setup time: ADLIB:SLE
  N/C                          MIPI_CAMERA_0/mipicsi2rxdecoderPF_C0_0/MSC_i_0/MIPI_CAM_LANES_CONFIG_r[1]:EN


Operating Conditions : fast_hv_lt

END SET External Setup

----------------------------------------------------

SET Clock to Output

No Path 

END SET Clock to Output

----------------------------------------------------

SET Register to Asynchronous

Path 1
  From: MIPI_CAMERA_0/VDMA_C0_0/VDMA_C0_0/dma_top_0/vdma_ip_reset_0/synchronizer_circuit_2stage_video_clk/sync_out_o:CLK
  To:   MIPI_CAMERA_0/VDMA_C0_0/VDMA_C0_0/dma_top_0/vdma_write_0/synchronizer_circuit_2stage_vdma/s_data_in:ALn
  Delay (ns):              1.485
  Slack (ns):             18.103
  Arrival (ns):            8.967
  Required (ns):          27.070
  Recovery (ns):           0.196
  Minimum Period (ns):     1.762
  Skew (ns):               0.081
  Operating Conditions: slow_lv_ht

Path 2
  From: MIPI_CAMERA_0/VDMA_C0_0/VDMA_C0_0/dma_top_0/vdma_ip_reset_0/synchronizer_circuit_2stage_video_clk/sync_out_o:CLK
  To:   MIPI_CAMERA_0/VDMA_C0_0/VDMA_C0_0/dma_top_0/vdma_write_0/ddr_write_vdma/data_packer_vdma_0/GENERATE_DATA_PACK.0.DATA_PACK_PROC.s_data_arr_2[9]:ALn
  Delay (ns):              1.485
  Slack (ns):             18.103
  Arrival (ns):            8.967
  Required (ns):          27.070
  Recovery (ns):           0.196
  Minimum Period (ns):     1.762
  Skew (ns):               0.081
  Operating Conditions: slow_lv_ht

Path 3
  From: MIPI_CAMERA_0/VDMA_C0_0/VDMA_C0_0/dma_top_0/vdma_ip_reset_0/synchronizer_circuit_2stage_video_clk/sync_out_o:CLK
  To:   MIPI_CAMERA_0/VDMA_C0_0/VDMA_C0_0/dma_top_0/vdma_write_0/ddr_write_vdma/data_packer_vdma_0/GENERATE_DATA_PACK.0.DATA_PACK_PROC.s_data_arr_2[8]:ALn
  Delay (ns):              1.485
  Slack (ns):             18.104
  Arrival (ns):            8.967
  Required (ns):          27.071
  Recovery (ns):           0.196
  Minimum Period (ns):     1.761
  Skew (ns):               0.080
  Operating Conditions: slow_lv_ht

Path 4
  From: MIPI_CAMERA_0/VDMA_C0_0/VDMA_C0_0/dma_top_0/vdma_ip_reset_0/synchronizer_circuit_2stage_video_clk/sync_out_o:CLK
  To:   MIPI_CAMERA_0/VDMA_C0_0/VDMA_C0_0/dma_top_0/vdma_write_0/ddr_write_vdma/data_packer_vdma_0/GENERATE_DATA_PACK.0.DATA_PACK_PROC.s_data_arr_2[7]:ALn
  Delay (ns):              1.485
  Slack (ns):             18.104
  Arrival (ns):            8.967
  Required (ns):          27.071
  Recovery (ns):           0.196
  Minimum Period (ns):     1.761
  Skew (ns):               0.080
  Operating Conditions: slow_lv_ht

Path 5
  From: MIPI_CAMERA_0/VDMA_C0_0/VDMA_C0_0/dma_top_0/vdma_ip_reset_0/synchronizer_circuit_2stage_video_clk/sync_out_o:CLK
  To:   MIPI_CAMERA_0/VDMA_C0_0/VDMA_C0_0/dma_top_0/vdma_write_0/ddr_write_vdma/data_packer_vdma_0/GENERATE_DATA_PACK.0.DATA_PACK_PROC.s_data_arr_2[5]:ALn
  Delay (ns):              1.485
  Slack (ns):             18.104
  Arrival (ns):            8.967
  Required (ns):          27.071
  Recovery (ns):           0.196
  Minimum Period (ns):     1.761
  Skew (ns):               0.080
  Operating Conditions: slow_lv_ht


Expanded Path 1
  From: MIPI_CAMERA_0/VDMA_C0_0/VDMA_C0_0/dma_top_0/vdma_ip_reset_0/synchronizer_circuit_2stage_video_clk/sync_out_o:CLK
  To: MIPI_CAMERA_0/VDMA_C0_0/VDMA_C0_0/dma_top_0/vdma_write_0/synchronizer_circuit_2stage_vdma/s_data_in:ALn
  data required time                                 27.070
  data arrival time                          -        8.967
  slack                                              18.103
  ________________________________________________________
  Data arrival time calculation
  0.000                        MIPI_CAMERA_0/PF_CCC_C1_0/PF_CCC_C1_0/pll_inst_0/OUT0
               +     0.000          Clock source
  0.000                        MIPI_CAMERA_0/PF_CCC_C1_0/PF_CCC_C1_0/pll_inst_0:OUT0 (r)
               +     5.699          Clock generation
  5.699                        
               +     0.281          net: MIPI_CAMERA_0/PF_CCC_C1_0/PF_CCC_C1_0/pll_inst_0_clkint_0
  5.980                        MIPI_CAMERA_0/PF_CCC_C1_0/PF_CCC_C1_0/clkint_0_1:A (r)
               +     0.243          cell: ADLIB:ICB_CLKINT
  6.223                        MIPI_CAMERA_0/PF_CCC_C1_0/PF_CCC_C1_0/clkint_0_1:Y (r)
               +     0.150          net: MIPI_CAMERA_0/PF_CCC_C1_0/PF_CCC_C1_0/clkint_0_NET
  6.373                        MIPI_CAMERA_0/PF_CCC_C1_0/PF_CCC_C1_0/clkint_0:A (r)
               +     0.164          cell: ADLIB:GB
  6.537                        MIPI_CAMERA_0/PF_CCC_C1_0/PF_CCC_C1_0/clkint_0:Y (r)
               +     0.417          net: MIPI_CAMERA_0/PF_CCC_C1_0/PF_CCC_C1_0/clkint_0/U0_Y
  6.954                        MIPI_CAMERA_0/PF_CCC_C1_0/PF_CCC_C1_0/clkint_0/U0_RGB1_RGB0:A (r)
               +     0.058          cell: ADLIB:RGB
  7.012                        MIPI_CAMERA_0/PF_CCC_C1_0/PF_CCC_C1_0/clkint_0/U0_RGB1_RGB0:Y (f)
               +     0.470          net: MIPI_CAMERA_0/PF_CCC_C1_0/PF_CCC_C1_0/clkint_0/U0_RGB1_RGB0_rgb_net_1
  7.482                        MIPI_CAMERA_0/VDMA_C0_0/VDMA_C0_0/dma_top_0/vdma_ip_reset_0/synchronizer_circuit_2stage_video_clk/sync_out_o:CLK (r)
               +     0.201          cell: ADLIB:SLE
  7.683                        MIPI_CAMERA_0/VDMA_C0_0/VDMA_C0_0/dma_top_0/vdma_ip_reset_0/synchronizer_circuit_2stage_video_clk/sync_out_o:Q (r)
               +     1.284          net: MIPI_CAMERA_0/VDMA_C0_0/VDMA_C0_0/dma_top_0/sync_out_o_0
  8.967                        MIPI_CAMERA_0/VDMA_C0_0/VDMA_C0_0/dma_top_0/vdma_write_0/synchronizer_circuit_2stage_vdma/s_data_in:ALn (r)
                                    
  8.967                        data arrival time
  ________________________________________________________
  Data required time calculation
  20.000                       MIPI_CAMERA_0/PF_CCC_C1_0/PF_CCC_C1_0/pll_inst_0/OUT0
               +     0.000          Clock source
  20.000                       MIPI_CAMERA_0/PF_CCC_C1_0/PF_CCC_C1_0/pll_inst_0:OUT0 (r)
               +     5.124          Clock generation
  25.124                       
               +     0.256          net: MIPI_CAMERA_0/PF_CCC_C1_0/PF_CCC_C1_0/pll_inst_0_clkint_0
  25.380                       MIPI_CAMERA_0/PF_CCC_C1_0/PF_CCC_C1_0/clkint_0_1:A (r)
               +     0.211          cell: ADLIB:ICB_CLKINT
  25.591                       MIPI_CAMERA_0/PF_CCC_C1_0/PF_CCC_C1_0/clkint_0_1:Y (r)
               +     0.136          net: MIPI_CAMERA_0/PF_CCC_C1_0/PF_CCC_C1_0/clkint_0_NET
  25.727                       MIPI_CAMERA_0/PF_CCC_C1_0/PF_CCC_C1_0/clkint_0:A (r)
               +     0.149          cell: ADLIB:GB
  25.876                       MIPI_CAMERA_0/PF_CCC_C1_0/PF_CCC_C1_0/clkint_0:Y (r)
               +     0.377          net: MIPI_CAMERA_0/PF_CCC_C1_0/PF_CCC_C1_0/clkint_0/U0_Y
  26.253                       MIPI_CAMERA_0/PF_CCC_C1_0/PF_CCC_C1_0/clkint_0/U0_RGB1_RGB0:A (r)
               +     0.052          cell: ADLIB:RGB
  26.305                       MIPI_CAMERA_0/PF_CCC_C1_0/PF_CCC_C1_0/clkint_0/U0_RGB1_RGB0:Y (f)
               +     0.389          net: MIPI_CAMERA_0/PF_CCC_C1_0/PF_CCC_C1_0/clkint_0/U0_RGB1_RGB0_rgb_net_1
  26.694                       MIPI_CAMERA_0/VDMA_C0_0/VDMA_C0_0/dma_top_0/vdma_write_0/synchronizer_circuit_2stage_vdma/s_data_in:CLK (r)
               +     0.707          
  27.401                       clock reconvergence pessimism
               -     0.135          
  27.266                       clock jitter
               -     0.196          Library recovery time: ADLIB:SLE
  27.070                       MIPI_CAMERA_0/VDMA_C0_0/VDMA_C0_0/dma_top_0/vdma_write_0/synchronizer_circuit_2stage_vdma/s_data_in:ALn
                                    
  27.070                       data required time


Operating Conditions : slow_lv_ht

END SET Register to Asynchronous

----------------------------------------------------

SET External Recovery

No Path 

END SET External Recovery

----------------------------------------------------

SET Asynchronous to Register

No Path 

END SET Asynchronous to Register

----------------------------------------------------

SET CLOCKS_AND_RESETS_0/CCC_FIC_x_CLK/PF_CCC_C0_0/pll_inst_0/OUT0 to MIPI_CAMERA_0/PF_CCC_C1_0/PF_CCC_C1_0/pll_inst_0/OUT0

Path 1
  From: CLOCKS_AND_RESETS_0/RESET_FIC_0_CLK/CORERESET_0/dff_15[0]:CLK
  To:   MIPI_CAMERA_0/mipicsi2rxdecoderPF_C0_0/MSC_i_0/MSC_i_4/MSC_i_10/word_count_reg1_0[15]:ALn
  Delay (ns):              2.320
  Slack (ns):              0.455
  Arrival (ns):            9.938
  Required (ns):          10.393
  Operating Conditions: slow_lv_ht

Path 2
  From: CLOCKS_AND_RESETS_0/RESET_FIC_0_CLK/CORERESET_0/dff_15[0]:CLK
  To:   MIPI_CAMERA_0/mipicsi2rxdecoderPF_C0_0/MSC_i_0/MSC_i_4/MSC_i_10/word_count_o_2[13]:ALn
  Delay (ns):              2.320
  Slack (ns):              0.455
  Arrival (ns):            9.938
  Required (ns):          10.393
  Operating Conditions: slow_lv_ht

Path 3
  From: CLOCKS_AND_RESETS_0/RESET_FIC_0_CLK/CORERESET_0/dff_15[0]:CLK
  To:   MIPI_CAMERA_0/mipicsi2rxdecoderPF_C0_0/MSC_i_0/MSC_i_4/MSC_i_10/word_count_reg1_0[12]:ALn
  Delay (ns):              2.318
  Slack (ns):              0.456
  Arrival (ns):            9.936
  Required (ns):          10.392
  Operating Conditions: slow_lv_ht

Path 4
  From: CLOCKS_AND_RESETS_0/RESET_FIC_0_CLK/CORERESET_0/dff_15[0]:CLK
  To:   MIPI_CAMERA_0/mipicsi2rxdecoderPF_C0_0/MSC_i_0/MSC_i_4/MSC_i_10/word_count_o_2[11]:ALn
  Delay (ns):              2.319
  Slack (ns):              0.456
  Arrival (ns):            9.937
  Required (ns):          10.393
  Operating Conditions: slow_lv_ht

Path 5
  From: CLOCKS_AND_RESETS_0/RESET_FIC_0_CLK/CORERESET_0/dff_15[0]:CLK
  To:   MIPI_CAMERA_0/mipicsi2rxdecoderPF_C0_0/MSC_i_0/MSC_i_4/MSC_i_10/word_count_o_2[10]:ALn
  Delay (ns):              2.318
  Slack (ns):              0.456
  Arrival (ns):            9.936
  Required (ns):          10.392
  Operating Conditions: slow_lv_ht


Expanded Path 1
  From: CLOCKS_AND_RESETS_0/RESET_FIC_0_CLK/CORERESET_0/dff_15[0]:CLK
  To: MIPI_CAMERA_0/mipicsi2rxdecoderPF_C0_0/MSC_i_0/MSC_i_4/MSC_i_10/word_count_reg1_0[15]:ALn
  data required time                                 10.393
  data arrival time                          -        9.938
  slack                                               0.455
  ________________________________________________________
  Data arrival time calculation
  0.000                        CLOCKS_AND_RESETS_0/CCC_FIC_x_CLK/PF_CCC_C0_0/pll_inst_0/OUT0
               +     0.000          Clock source
  0.000                        CLOCKS_AND_RESETS_0/CCC_FIC_x_CLK/PF_CCC_C0_0/pll_inst_0:OUT0 (r)
               +     4.312          Clock generation
  4.312                        
               +     1.709          net: CLOCKS_AND_RESETS_0/CCC_FIC_x_CLK/PF_CCC_C0_0/pll_inst_0_clkint_0
  6.021                        CLOCKS_AND_RESETS_0/CCC_FIC_x_CLK/PF_CCC_C0_0/clkint_0_1:A (r)
               +     0.150          cell: ADLIB:ICB_CLKINT
  6.171                        CLOCKS_AND_RESETS_0/CCC_FIC_x_CLK/PF_CCC_C0_0/clkint_0_1:Y (r)
               +     0.386          net: CLOCKS_AND_RESETS_0/CCC_FIC_x_CLK/PF_CCC_C0_0/clkint_0_NET
  6.557                        CLOCKS_AND_RESETS_0/CCC_FIC_x_CLK/PF_CCC_C0_0/clkint_0:A (r)
               +     0.161          cell: ADLIB:GB
  6.718                        CLOCKS_AND_RESETS_0/CCC_FIC_x_CLK/PF_CCC_C0_0/clkint_0:Y (r)
               +     0.401          net: CLOCKS_AND_RESETS_0/CCC_FIC_x_CLK/PF_CCC_C0_0/clkint_0/U0_Y
  7.119                        CLOCKS_AND_RESETS_0/CCC_FIC_x_CLK/PF_CCC_C0_0/clkint_0/U0_RGB1_RGB17:A (r)
               +     0.058          cell: ADLIB:RGB
  7.177                        CLOCKS_AND_RESETS_0/CCC_FIC_x_CLK/PF_CCC_C0_0/clkint_0/U0_RGB1_RGB17:Y (f)
               +     0.441          net: CLOCKS_AND_RESETS_0/CCC_FIC_x_CLK/PF_CCC_C0_0/clkint_0/U0_RGB1_RGB17_rgb_net_1
  7.618                        CLOCKS_AND_RESETS_0/RESET_FIC_0_CLK/CORERESET_0/dff_15[0]:CLK (r)
               +     0.201          cell: ADLIB:SLE
  7.819                        CLOCKS_AND_RESETS_0/RESET_FIC_0_CLK/CORERESET_0/dff_15[0]:Q (r)
               +     1.160          net: CLOCKS_AND_RESETS_0_RESET_FIC_0_CLK_CORERESET_0_dff
  8.979                        MIPI_CAMERA_0/mipicsi2rxdecoderPF_C0_0/MSC_i_0/reset_w:A (r)
               +     0.053          cell: ADLIB:CFG2
  9.032                        MIPI_CAMERA_0/mipicsi2rxdecoderPF_C0_0/MSC_i_0/reset_w:Y (r)
               +     0.906          net: MIPI_CAMERA_0/mipicsi2rxdecoderPF_C0_0/MSC_i_0/MSC_net_387
  9.938                        MIPI_CAMERA_0/mipicsi2rxdecoderPF_C0_0/MSC_i_0/MSC_i_4/MSC_i_10/word_count_reg1_0[15]:ALn (r)
                                    
  9.938                        data arrival time
  ________________________________________________________
  Data required time calculation
  4.000                        MIPI_CAMERA_0/PF_CCC_C1_0/PF_CCC_C1_0/pll_inst_0/OUT0
               +     0.000          Clock source
  4.000                        MIPI_CAMERA_0/PF_CCC_C1_0/PF_CCC_C1_0/pll_inst_0:OUT0 (r)
               +     5.124          Clock generation
  9.124                        
               +     0.256          net: MIPI_CAMERA_0/PF_CCC_C1_0/PF_CCC_C1_0/pll_inst_0_clkint_0
  9.380                        MIPI_CAMERA_0/PF_CCC_C1_0/PF_CCC_C1_0/clkint_0_1:A (r)
               +     0.211          cell: ADLIB:ICB_CLKINT
  9.591                        MIPI_CAMERA_0/PF_CCC_C1_0/PF_CCC_C1_0/clkint_0_1:Y (r)
               +     0.136          net: MIPI_CAMERA_0/PF_CCC_C1_0/PF_CCC_C1_0/clkint_0_NET
  9.727                        MIPI_CAMERA_0/PF_CCC_C1_0/PF_CCC_C1_0/clkint_0:A (r)
               +     0.149          cell: ADLIB:GB
  9.876                        MIPI_CAMERA_0/PF_CCC_C1_0/PF_CCC_C1_0/clkint_0:Y (r)
               +     0.375          net: MIPI_CAMERA_0/PF_CCC_C1_0/PF_CCC_C1_0/clkint_0/U0_Y
  10.251                       MIPI_CAMERA_0/PF_CCC_C1_0/PF_CCC_C1_0/clkint_0/U0_RGB1_RGB1:A (r)
               +     0.052          cell: ADLIB:RGB
  10.303                       MIPI_CAMERA_0/PF_CCC_C1_0/PF_CCC_C1_0/clkint_0/U0_RGB1_RGB1:Y (f)
               +     0.421          net: MIPI_CAMERA_0/PF_CCC_C1_0/PF_CCC_C1_0/clkint_0/U0_RGB1_RGB1_rgb_net_1
  10.724                       MIPI_CAMERA_0/mipicsi2rxdecoderPF_C0_0/MSC_i_0/MSC_i_4/MSC_i_10/word_count_reg1_0[15]:CLK (r)
               -     0.135          
  10.589                       clock jitter
               -     0.196          Library recovery time: ADLIB:SLE
  10.393                       MIPI_CAMERA_0/mipicsi2rxdecoderPF_C0_0/MSC_i_0/MSC_i_4/MSC_i_10/word_count_reg1_0[15]:ALn
                                    
  10.393                       data required time


Operating Conditions : slow_lv_ht

END SET CLOCKS_AND_RESETS_0/CCC_FIC_x_CLK/PF_CCC_C0_0/pll_inst_0/OUT0 to MIPI_CAMERA_0/PF_CCC_C1_0/PF_CCC_C1_0/pll_inst_0/OUT0

----------------------------------------------------

SET CLOCKS_AND_RESETS_0/CCC_FIC_x_CLK/PF_CCC_C0_0/pll_inst_0/OUT1 to MIPI_CAMERA_0/PF_CCC_C1_0/PF_CCC_C1_0/pll_inst_0/OUT0

Path 1
  From: MIPI_CAMERA_0/VDMA_C0_0/VDMA_C0_0/dma_top_0/vdma_write_0/ddr_write_vdma/ddr_write_controller_vdma_0/int_dma:CLK
  To:   MIPI_CAMERA_0/VDMA_C0_0/VDMA_C0_0/dma_top_0/vdma_write_0/synchronizer_circuit_2stage_vdma/s_data_in:D
  Delay (ns):              0.381
  Slack (ns):              3.926
  Arrival (ns):            4.400
  Required (ns):           8.326
  Setup (ns):              0.000
  Operating Conditions: fast_hv_lt

Path 2
  From: MIPI_CAMERA_0/VDMA_C0_0/VDMA_C0_0/dma_top_0/vdma_write_0/ddr_write_vdma/async_fifo_vdma_0/rptr[0]:CLK
  To:   MIPI_CAMERA_0/VDMA_C0_0/VDMA_C0_0/dma_top_0/vdma_write_0/ddr_write_vdma/async_fifo_vdma_0/wrptr1[0]:D
  Delay (ns):              0.389
  Slack (ns):              3.933
  Arrival (ns):            4.426
  Required (ns):           8.359
  Setup (ns):              0.000
  Operating Conditions: fast_hv_lt

Path 3
  From: MIPI_CAMERA_0/VDMA_C0_0/VDMA_C0_0/dma_top_0/vdma_write_0/ddr_write_vdma/async_fifo_vdma_0/rptr[2]:CLK
  To:   MIPI_CAMERA_0/VDMA_C0_0/VDMA_C0_0/dma_top_0/vdma_write_0/ddr_write_vdma/async_fifo_vdma_0/wrptr1[2]:D
  Delay (ns):              0.344
  Slack (ns):              3.970
  Arrival (ns):            4.382
  Required (ns):           8.352
  Setup (ns):              0.000
  Operating Conditions: fast_hv_lt

Path 4
  From: MIPI_CAMERA_0/VDMA_C0_0/VDMA_C0_0/dma_top_0/vdma_write_0/ddr_write_vdma/async_fifo_vdma_0/rptr[1]:CLK
  To:   MIPI_CAMERA_0/VDMA_C0_0/VDMA_C0_0/dma_top_0/vdma_write_0/ddr_write_vdma/async_fifo_vdma_0/wrptr1[1]:D
  Delay (ns):              0.336
  Slack (ns):              3.979
  Arrival (ns):            4.373
  Required (ns):           8.352
  Setup (ns):              0.000
  Operating Conditions: fast_hv_lt

Path 5
  From: MIPI_CAMERA_0/VDMA_C0_0/VDMA_C0_0/dma_top_0/vdma_write_0/ddr_write_vdma/async_fifo_vdma_0/rptr[7]:CLK
  To:   MIPI_CAMERA_0/VDMA_C0_0/VDMA_C0_0/dma_top_0/vdma_write_0/ddr_write_vdma/async_fifo_vdma_0/wrptr1[7]:D
  Delay (ns):              0.347
  Slack (ns):              3.981
  Arrival (ns):            4.378
  Required (ns):           8.359
  Setup (ns):              0.000
  Operating Conditions: fast_hv_lt


Expanded Path 1
  From: MIPI_CAMERA_0/VDMA_C0_0/VDMA_C0_0/dma_top_0/vdma_write_0/ddr_write_vdma/ddr_write_controller_vdma_0/int_dma:CLK
  To: MIPI_CAMERA_0/VDMA_C0_0/VDMA_C0_0/dma_top_0/vdma_write_0/synchronizer_circuit_2stage_vdma/s_data_in:D
  data required time                                  8.326
  data arrival time                          -        4.400
  slack                                               3.926
  ________________________________________________________
  Data arrival time calculation
  0.000                        CLOCKS_AND_RESETS_0/CCC_FIC_x_CLK/PF_CCC_C0_0/pll_inst_0/OUT1
               +     0.000          Clock source
  0.000                        CLOCKS_AND_RESETS_0/CCC_FIC_x_CLK/PF_CCC_C0_0/pll_inst_0:OUT1 (r)
               +     2.865          Clock generation
  2.865                        
               +     0.162          net: CLOCKS_AND_RESETS_0/CCC_FIC_x_CLK/PF_CCC_C0_0/pll_inst_0_clkint_4
  3.027                        CLOCKS_AND_RESETS_0/CCC_FIC_x_CLK/PF_CCC_C0_0/clkint_4_1:A (r)
               +     0.156          cell: ADLIB:ICB_CLKINT
  3.183                        CLOCKS_AND_RESETS_0/CCC_FIC_x_CLK/PF_CCC_C0_0/clkint_4_1:Y (r)
               +     0.103          net: CLOCKS_AND_RESETS_0/CCC_FIC_x_CLK/PF_CCC_C0_0/clkint_4_NET
  3.286                        CLOCKS_AND_RESETS_0/CCC_FIC_x_CLK/PF_CCC_C0_0/clkint_4:A (r)
               +     0.119          cell: ADLIB:GB
  3.405                        CLOCKS_AND_RESETS_0/CCC_FIC_x_CLK/PF_CCC_C0_0/clkint_4:Y (r)
               +     0.285          net: CLOCKS_AND_RESETS_0/CCC_FIC_x_CLK/PF_CCC_C0_0/clkint_4/U0_Y
  3.690                        CLOCKS_AND_RESETS_0/CCC_FIC_x_CLK/PF_CCC_C0_0/clkint_4/U0_RGB1_RGB0:A (r)
               +     0.042          cell: ADLIB:RGB
  3.732                        CLOCKS_AND_RESETS_0/CCC_FIC_x_CLK/PF_CCC_C0_0/clkint_4/U0_RGB1_RGB0:Y (f)
               +     0.287          net: CLOCKS_AND_RESETS_0/CCC_FIC_x_CLK/PF_CCC_C0_0/clkint_4/U0_RGB1_RGB0_rgb_net_1
  4.019                        MIPI_CAMERA_0/VDMA_C0_0/VDMA_C0_0/dma_top_0/vdma_write_0/ddr_write_vdma/ddr_write_controller_vdma_0/int_dma:CLK (r)
               +     0.118          cell: ADLIB:SLE
  4.137                        MIPI_CAMERA_0/VDMA_C0_0/VDMA_C0_0/dma_top_0/vdma_write_0/ddr_write_vdma/ddr_write_controller_vdma_0/int_dma:Q (r)
               +     0.263          net: MIPI_CAMERA_0/VDMA_C0_0/VDMA_C0_0/dma_top_0/vdma_write_0_int_dma_o
  4.400                        MIPI_CAMERA_0/VDMA_C0_0/VDMA_C0_0/dma_top_0/vdma_write_0/synchronizer_circuit_2stage_vdma/s_data_in:D (r)
                                    
  4.400                        data arrival time
  ________________________________________________________
  Data required time calculation
  4.000                        MIPI_CAMERA_0/PF_CCC_C1_0/PF_CCC_C1_0/pll_inst_0/OUT0
               +     0.000          Clock source
  4.000                        MIPI_CAMERA_0/PF_CCC_C1_0/PF_CCC_C1_0/pll_inst_0:OUT0 (r)
               +     3.408          Clock generation
  7.408                        
               +     0.161          net: MIPI_CAMERA_0/PF_CCC_C1_0/PF_CCC_C1_0/pll_inst_0_clkint_0
  7.569                        MIPI_CAMERA_0/PF_CCC_C1_0/PF_CCC_C1_0/clkint_0_1:A (r)
               +     0.141          cell: ADLIB:ICB_CLKINT
  7.710                        MIPI_CAMERA_0/PF_CCC_C1_0/PF_CCC_C1_0/clkint_0_1:Y (r)
               +     0.096          net: MIPI_CAMERA_0/PF_CCC_C1_0/PF_CCC_C1_0/clkint_0_NET
  7.806                        MIPI_CAMERA_0/PF_CCC_C1_0/PF_CCC_C1_0/clkint_0:A (r)
               +     0.109          cell: ADLIB:GB
  7.915                        MIPI_CAMERA_0/PF_CCC_C1_0/PF_CCC_C1_0/clkint_0:Y (r)
               +     0.259          net: MIPI_CAMERA_0/PF_CCC_C1_0/PF_CCC_C1_0/clkint_0/U0_Y
  8.174                        MIPI_CAMERA_0/PF_CCC_C1_0/PF_CCC_C1_0/clkint_0/U0_RGB1_RGB0:A (r)
               +     0.038          cell: ADLIB:RGB
  8.212                        MIPI_CAMERA_0/PF_CCC_C1_0/PF_CCC_C1_0/clkint_0/U0_RGB1_RGB0:Y (f)
               +     0.249          net: MIPI_CAMERA_0/PF_CCC_C1_0/PF_CCC_C1_0/clkint_0/U0_RGB1_RGB0_rgb_net_1
  8.461                        MIPI_CAMERA_0/VDMA_C0_0/VDMA_C0_0/dma_top_0/vdma_write_0/synchronizer_circuit_2stage_vdma/s_data_in:CLK (r)
               -     0.135          
  8.326                        clock jitter
               -     0.000          Library setup time: ADLIB:SLE
  8.326                        MIPI_CAMERA_0/VDMA_C0_0/VDMA_C0_0/dma_top_0/vdma_write_0/synchronizer_circuit_2stage_vdma/s_data_in:D
                                    
  8.326                        data required time


Operating Conditions : fast_hv_lt

END SET CLOCKS_AND_RESETS_0/CCC_FIC_x_CLK/PF_CCC_C0_0/pll_inst_0/OUT1 to MIPI_CAMERA_0/PF_CCC_C1_0/PF_CCC_C1_0/pll_inst_0/OUT0

----------------------------------------------------

SET MIPI_CAMERA_0/PF_IOD_GENERIC_RX_C0_0/PF_CLK_DIV_FIFO/I_CDD/Y_DIV to MIPI_CAMERA_0/PF_CCC_C1_0/PF_CCC_C1_0/pll_inst_0/OUT0

Path 1
  From: MIPI_CAMERA_0/mipicsi2rxdecoderPF_C0_0/MSC_i_0/MSC_i_4/MSC_i_10/genblk2.virtual_channel[1]:CLK
  To:   MIPI_CAMERA_0/mipicsi2rxdecoderPF_C0_0/MSC_i_0/MSC_i_4/MSC_i_10/virtual_channel_reg1_0[1]:D
  Delay (ns):              0.653
  Slack (ns):              5.078
  Arrival (ns):            3.498
  Required (ns):           8.576
  Setup (ns):              0.000
  Operating Conditions: fast_hv_lt

Path 2
  From: MIPI_CAMERA_0/mipicsi2rxdecoderPF_C0_0/MSC_i_0/MSC_i_4/MSC_i_10/genblk2.frame_valid_out_VC0:CLK
  To:   MIPI_CAMERA_0/mipicsi2rxdecoderPF_C0_0/MSC_i_0/MSC_i_4/MSC_i_10/fv_reg:D
  Delay (ns):              0.553
  Slack (ns):              5.183
  Arrival (ns):            3.394
  Required (ns):           8.577
  Setup (ns):              0.000
  Operating Conditions: fast_hv_lt

Path 3
  From: MIPI_CAMERA_0/mipicsi2rxdecoderPF_C0_0/MSC_i_0/MSC_i_4/MSC_i_10/genblk2.word_count_out[8]:CLK
  To:   MIPI_CAMERA_0/mipicsi2rxdecoderPF_C0_0/MSC_i_0/MSC_i_4/MSC_i_10/word_count_reg1_0[8]:D
  Delay (ns):              0.490
  Slack (ns):              5.242
  Arrival (ns):            3.333
  Required (ns):           8.575
  Setup (ns):              0.000
  Operating Conditions: fast_hv_lt

Path 4
  From: MIPI_CAMERA_0/mipicsi2rxdecoderPF_C0_0/MSC_i_0/MSC_i_4/MSC_i_10/genblk2.word_count_out[1]:CLK
  To:   MIPI_CAMERA_0/mipicsi2rxdecoderPF_C0_0/MSC_i_0/MSC_i_4/MSC_i_10/word_count_reg1_0[1]:D
  Delay (ns):              0.483
  Slack (ns):              5.245
  Arrival (ns):            3.326
  Required (ns):           8.571
  Setup (ns):              0.000
  Operating Conditions: fast_hv_lt

Path 5
  From: MIPI_CAMERA_0/mipicsi2rxdecoderPF_C0_0/MSC_i_0/MSC_i_4/MSC_i_10/genblk2.virtual_channel[0]:CLK
  To:   MIPI_CAMERA_0/mipicsi2rxdecoderPF_C0_0/MSC_i_0/MSC_i_4/MSC_i_10/virtual_channel_reg1_0[0]:D
  Delay (ns):              0.454
  Slack (ns):              5.287
  Arrival (ns):            3.304
  Required (ns):           8.591
  Setup (ns):              0.000
  Operating Conditions: fast_hv_lt


Expanded Path 1
  From: MIPI_CAMERA_0/mipicsi2rxdecoderPF_C0_0/MSC_i_0/MSC_i_4/MSC_i_10/genblk2.virtual_channel[1]:CLK
  To: MIPI_CAMERA_0/mipicsi2rxdecoderPF_C0_0/MSC_i_0/MSC_i_4/MSC_i_10/virtual_channel_reg1_0[1]:D
  data required time                                  8.576
  data arrival time                          -        3.498
  slack                                               5.078
  ________________________________________________________
  Data arrival time calculation
  0.000                        MIPI_CAMERA_0/PF_IOD_GENERIC_RX_C0_0/PF_CLK_DIV_FIFO/I_CDD/Y_DIV
               +     0.000          Clock source
  0.000                        MIPI_CAMERA_0/PF_IOD_GENERIC_RX_C0_0/PF_CLK_DIV_FIFO/I_CDD:Y_DIV (r)
               +     1.543          Clock generation
  1.543                        
               +     0.354          net: MIPI_CAMERA_0/PF_IOD_GENERIC_RX_C0_0/PF_CLK_DIV_FIFO_CLK_DIV_OUT
  1.897                        MIPI_CAMERA_0/PF_IOD_GENERIC_RX_C0_0/CLKINT_0_1:A (r)
               +     0.114          cell: ADLIB:ICB_CLKINT
  2.011                        MIPI_CAMERA_0/PF_IOD_GENERIC_RX_C0_0/CLKINT_0_1:Y (r)
               +     0.088          net: MIPI_CAMERA_0/PF_IOD_GENERIC_RX_C0_0/CLKINT_0_NET
  2.099                        MIPI_CAMERA_0/PF_IOD_GENERIC_RX_C0_0/CLKINT_0:A (r)
               +     0.116          cell: ADLIB:GB
  2.215                        MIPI_CAMERA_0/PF_IOD_GENERIC_RX_C0_0/CLKINT_0:Y (r)
               +     0.283          net: MIPI_CAMERA_0/PF_IOD_GENERIC_RX_C0_0/CLKINT_0/U0_Y
  2.498                        MIPI_CAMERA_0/PF_IOD_GENERIC_RX_C0_0/CLKINT_0/U0_RGB1:A (r)
               +     0.042          cell: ADLIB:RGB
  2.540                        MIPI_CAMERA_0/PF_IOD_GENERIC_RX_C0_0/CLKINT_0/U0_RGB1:Y (f)
               +     0.305          net: MIPI_CAMERA_0/PF_IOD_GENERIC_RX_C0_0_RX_CLK_G
  2.845                        MIPI_CAMERA_0/mipicsi2rxdecoderPF_C0_0/MSC_i_0/MSC_i_4/MSC_i_10/genblk2.virtual_channel[1]:CLK (r)
               +     0.117          cell: ADLIB:SLE
  2.962                        MIPI_CAMERA_0/mipicsi2rxdecoderPF_C0_0/MSC_i_0/MSC_i_4/MSC_i_10/genblk2.virtual_channel[1]:Q (f)
               +     0.536          net: MIPI_CAMERA_0/mipicsi2rxdecoderPF_C0_0/MSC_i_0/MSC_i_4/MSC_i_10/MSC_net_94
  3.498                        MIPI_CAMERA_0/mipicsi2rxdecoderPF_C0_0/MSC_i_0/MSC_i_4/MSC_i_10/virtual_channel_reg1_0[1]:D (f)
                                    
  3.498                        data arrival time
  ________________________________________________________
  Data required time calculation
  4.000                        MIPI_CAMERA_0/PF_CCC_C1_0/PF_CCC_C1_0/pll_inst_0/OUT0
               +     0.000          Clock source
  4.000                        MIPI_CAMERA_0/PF_CCC_C1_0/PF_CCC_C1_0/pll_inst_0:OUT0 (r)
               +     3.408          Clock generation
  7.408                        
               +     0.161          net: MIPI_CAMERA_0/PF_CCC_C1_0/PF_CCC_C1_0/pll_inst_0_clkint_0
  7.569                        MIPI_CAMERA_0/PF_CCC_C1_0/PF_CCC_C1_0/clkint_0_1:A (r)
               +     0.141          cell: ADLIB:ICB_CLKINT
  7.710                        MIPI_CAMERA_0/PF_CCC_C1_0/PF_CCC_C1_0/clkint_0_1:Y (r)
               +     0.096          net: MIPI_CAMERA_0/PF_CCC_C1_0/PF_CCC_C1_0/clkint_0_NET
  7.806                        MIPI_CAMERA_0/PF_CCC_C1_0/PF_CCC_C1_0/clkint_0:A (r)
               +     0.109          cell: ADLIB:GB
  7.915                        MIPI_CAMERA_0/PF_CCC_C1_0/PF_CCC_C1_0/clkint_0:Y (r)
               +     0.257          net: MIPI_CAMERA_0/PF_CCC_C1_0/PF_CCC_C1_0/clkint_0/U0_Y
  8.172                        MIPI_CAMERA_0/PF_CCC_C1_0/PF_CCC_C1_0/clkint_0/U0_RGB1_RGB1:A (r)
               +     0.038          cell: ADLIB:RGB
  8.210                        MIPI_CAMERA_0/PF_CCC_C1_0/PF_CCC_C1_0/clkint_0/U0_RGB1_RGB1:Y (f)
               +     0.258          net: MIPI_CAMERA_0/PF_CCC_C1_0/PF_CCC_C1_0/clkint_0/U0_RGB1_RGB1_rgb_net_1
  8.468                        MIPI_CAMERA_0/mipicsi2rxdecoderPF_C0_0/MSC_i_0/MSC_i_4/MSC_i_10/virtual_channel_reg1_0[1]:CLK (r)
               +     0.243          
  8.711                        clock reconvergence pessimism
               -     0.135          
  8.576                        clock jitter
               -     0.000          Library setup time: ADLIB:SLE
  8.576                        MIPI_CAMERA_0/mipicsi2rxdecoderPF_C0_0/MSC_i_0/MSC_i_4/MSC_i_10/virtual_channel_reg1_0[1]:D
                                    
  8.576                        data required time


Operating Conditions : fast_hv_lt

END SET MIPI_CAMERA_0/PF_IOD_GENERIC_RX_C0_0/PF_CLK_DIV_FIFO/I_CDD/Y_DIV to MIPI_CAMERA_0/PF_CCC_C1_0/PF_CCC_C1_0/pll_inst_0/OUT0

----------------------------------------------------

Clock Domain MIPI_CAMERA_0/PF_IOD_GENERIC_RX_C0_0/COREBCLKSCLKALIGN_0/PF_IOD_GENERIC_RX_C0_TR_0/genblk1.U_ICB_BCLKSCLKALIGN/RX_CLK_ALIGN_MOVE:Q

Info: The maximum frequency of this clock domain is limited by the period of pin MIPI_CAMERA_0/PF_IOD_GENERIC_RX_C0_0/PF_CLK_DIV_FIFO/I_CDD:DELAY_LINE_MOVE

SET Register to Register

No Path 

END SET Register to Register

----------------------------------------------------

SET External Setup

No Path 

END SET External Setup

----------------------------------------------------

SET Clock to Output

No Path 

END SET Clock to Output

----------------------------------------------------

SET Register to Asynchronous

No Path 

END SET Register to Asynchronous

----------------------------------------------------

SET External Recovery

No Path 

END SET External Recovery

----------------------------------------------------

SET Asynchronous to Register

No Path 

END SET Asynchronous to Register

----------------------------------------------------

SET MIPI_CAMERA_0/PF_IOD_GENERIC_RX_C0_0/PF_CLK_DIV_FIFO/I_CDD/Y_DIV to MIPI_CAMERA_0/PF_IOD_GENERIC_RX_C0_0/COREBCLKSCLKALIGN_0/PF_IOD_GENERIC_RX_C0_TR_0/genblk1.U_ICB_BCLKSCLKALIGN/RX_CLK_ALIGN_MOVE:Q

No Path 

END SET MIPI_CAMERA_0/PF_IOD_GENERIC_RX_C0_0/PF_CLK_DIV_FIFO/I_CDD/Y_DIV to MIPI_CAMERA_0/PF_IOD_GENERIC_RX_C0_0/COREBCLKSCLKALIGN_0/PF_IOD_GENERIC_RX_C0_TR_0/genblk1.U_ICB_BCLKSCLKALIGN/RX_CLK_ALIGN_MOVE:Q

----------------------------------------------------

Clock Domain MIPI_CAMERA_0/PF_IOD_GENERIC_RX_C0_0/PF_CLK_DIV_FIFO/I_CDD/Y_DIV

SET Register to Register

Path 1
  From: MIPI_CAMERA_0/PF_IOD_GENERIC_RX_C0_0/PF_LANECTRL_0/I_LANECTRL_PAUSE_SYNC/pipe_fall.pause_sync_0:CLK
  To:   MIPI_CAMERA_0/PF_IOD_GENERIC_RX_C0_0/PF_LANECTRL_0/I_LANECTRL_PAUSE_SYNC/pipe_fall.pause_sync:D
  Delay (ns):              1.273
  Slack (ns):              6.634
  Arrival (ns):            5.486
  Required (ns):          12.120
  Setup (ns):              0.000
  Minimum Period (ns):     2.576
  Operating Conditions: slow_lv_ht

Path 2
  From: MIPI_CAMERA_0/mipicsi2rxdecoderPF_C0_0/MSC_i_0/MSC_i_4/MSC_i_5/MSC_i_8/MSC_i_9/ram_block_ram_block_0_0/INST_RAM1K20_IP:A_CLK
  To:   MIPI_CAMERA_0/mipicsi2rxdecoderPF_C0_0/MSC_i_0/MSC_i_4/MSC_i_5/word_cnt_detect[6]:D
  Delay (ns):              4.375
  Slack (ns):             11.290
  Arrival (ns):            8.742
  Required (ns):          20.032
  Setup (ns):              0.000
  Minimum Period (ns):     4.632
  Operating Conditions: slow_lv_ht

Path 3
  From: MIPI_CAMERA_0/mipicsi2rxdecoderPF_C0_0/MSC_i_0/MSC_i_4/MSC_i_5/MSC_i_8/MSC_i_9/ram_block_ram_block_0_0/INST_RAM1K20_IP:A_CLK
  To:   MIPI_CAMERA_0/mipicsi2rxdecoderPF_C0_0/MSC_i_0/MSC_i_4/MSC_i_5/word_cnt_detect[1]:D
  Delay (ns):              4.249
  Slack (ns):             11.415
  Arrival (ns):            8.616
  Required (ns):          20.031
  Setup (ns):              0.000
  Minimum Period (ns):     4.507
  Operating Conditions: slow_lv_ht

Path 4
  From: MIPI_CAMERA_0/mipicsi2rxdecoderPF_C0_0/MSC_i_0/MSC_i_4/MSC_i_5/MSC_i_8/MSC_i_9/ram_block_ram_block_0_0/INST_RAM1K20_IP:A_CLK
  To:   MIPI_CAMERA_0/mipicsi2rxdecoderPF_C0_0/MSC_i_0/MSC_i_4/MSC_i_5/word_cnt_detect[2]:D
  Delay (ns):              4.186
  Slack (ns):             11.503
  Arrival (ns):            8.553
  Required (ns):          20.056
  Setup (ns):              0.000
  Minimum Period (ns):     4.419
  Operating Conditions: slow_lv_ht

Path 5
  From: MIPI_CAMERA_0/mipicsi2rxdecoderPF_C0_0/MSC_i_0/MSC_i_4/MSC_i_5/MSC_i_8/MSC_i_9/ram_block_ram_block_0_0/INST_RAM1K20_IP:A_CLK
  To:   MIPI_CAMERA_0/mipicsi2rxdecoderPF_C0_0/MSC_i_0/MSC_i_4/MSC_i_5/word_cnt_detect[4]:D
  Delay (ns):              4.185
  Slack (ns):             11.504
  Arrival (ns):            8.552
  Required (ns):          20.056
  Setup (ns):              0.000
  Minimum Period (ns):     4.418
  Operating Conditions: slow_lv_ht


Expanded Path 1
  From: MIPI_CAMERA_0/PF_IOD_GENERIC_RX_C0_0/PF_LANECTRL_0/I_LANECTRL_PAUSE_SYNC/pipe_fall.pause_sync_0:CLK
  To: MIPI_CAMERA_0/PF_IOD_GENERIC_RX_C0_0/PF_LANECTRL_0/I_LANECTRL_PAUSE_SYNC/pipe_fall.pause_sync:D
  data required time                                 12.120
  data arrival time                          -        5.486
  slack                                               6.634
  ________________________________________________________
  Data arrival time calculation
  0.000                        MIPI_CAMERA_0/PF_IOD_GENERIC_RX_C0_0/PF_CLK_DIV_FIFO/I_CDD/Y_DIV
               +     0.000          Clock source
  0.000                        MIPI_CAMERA_0/PF_IOD_GENERIC_RX_C0_0/PF_CLK_DIV_FIFO/I_CDD:Y_DIV (r)
               +     2.247          Clock generation
  2.247                        
               +     0.561          net: MIPI_CAMERA_0/PF_IOD_GENERIC_RX_C0_0/PF_CLK_DIV_FIFO_CLK_DIV_OUT
  2.808                        MIPI_CAMERA_0/PF_IOD_GENERIC_RX_C0_0/CLKINT_0_1:A (r)
               +     0.174          cell: ADLIB:ICB_CLKINT
  2.982                        MIPI_CAMERA_0/PF_IOD_GENERIC_RX_C0_0/CLKINT_0_1:Y (r)
               +     0.125          net: MIPI_CAMERA_0/PF_IOD_GENERIC_RX_C0_0/CLKINT_0_NET
  3.107                        MIPI_CAMERA_0/PF_IOD_GENERIC_RX_C0_0/CLKINT_0:A (r)
               +     0.158          cell: ADLIB:GB
  3.265                        MIPI_CAMERA_0/PF_IOD_GENERIC_RX_C0_0/CLKINT_0:Y (r)
               +     0.391          net: MIPI_CAMERA_0/PF_IOD_GENERIC_RX_C0_0/CLKINT_0/U0_Y
  3.656                        MIPI_CAMERA_0/PF_IOD_GENERIC_RX_C0_0/CLKINT_0/U0_RGB1_RGB1:A (r)
               +     0.058          cell: ADLIB:RGB
  3.714                        MIPI_CAMERA_0/PF_IOD_GENERIC_RX_C0_0/CLKINT_0/U0_RGB1_RGB1:Y (f)
               +     0.499          net: MIPI_CAMERA_0/PF_IOD_GENERIC_RX_C0_0/CLKINT_0/U0_RGB1_RGB1_rgb_net_1
  4.213                        MIPI_CAMERA_0/PF_IOD_GENERIC_RX_C0_0/PF_LANECTRL_0/I_LANECTRL_PAUSE_SYNC/pipe_fall.pause_sync_0:CLK (r)
               +     0.201          cell: ADLIB:SLE
  4.414                        MIPI_CAMERA_0/PF_IOD_GENERIC_RX_C0_0/PF_LANECTRL_0/I_LANECTRL_PAUSE_SYNC/pipe_fall.pause_sync_0:Q (r)
               +     1.072          net: MIPI_CAMERA_0/PF_IOD_GENERIC_RX_C0_0/PF_LANECTRL_0/I_LANECTRL_PAUSE_SYNC/pause_sync_0_i
  5.486                        MIPI_CAMERA_0/PF_IOD_GENERIC_RX_C0_0/PF_LANECTRL_0/I_LANECTRL_PAUSE_SYNC/pipe_fall.pause_sync:D (r)
                                    
  5.486                        data arrival time
  ________________________________________________________
  Data required time calculation
  8.000                        MIPI_CAMERA_0/PF_IOD_GENERIC_RX_C0_0/PF_CLK_DIV_FIFO/I_CDD/Y_DIV
               +     0.000          Clock source
  8.000                        MIPI_CAMERA_0/PF_IOD_GENERIC_RX_C0_0/PF_CLK_DIV_FIFO/I_CDD:Y_DIV (f)
               +     1.972          Clock generation
  9.972                        
               +     0.526          net: MIPI_CAMERA_0/PF_IOD_GENERIC_RX_C0_0/PF_CLK_DIV_FIFO_CLK_DIV_OUT
  10.498                       MIPI_CAMERA_0/PF_IOD_GENERIC_RX_C0_0/CLKINT_0_1:A (f)
               +     0.160          cell: ADLIB:ICB_CLKINT
  10.658                       MIPI_CAMERA_0/PF_IOD_GENERIC_RX_C0_0/CLKINT_0_1:Y (f)
               +     0.108          net: MIPI_CAMERA_0/PF_IOD_GENERIC_RX_C0_0/CLKINT_0_NET
  10.766                       MIPI_CAMERA_0/PF_IOD_GENERIC_RX_C0_0/CLKINT_0:A (f)
               +     0.134          cell: ADLIB:GB
  10.900                       MIPI_CAMERA_0/PF_IOD_GENERIC_RX_C0_0/CLKINT_0:Y (f)
               +     0.357          net: MIPI_CAMERA_0/PF_IOD_GENERIC_RX_C0_0/CLKINT_0/U0_Y
  11.257                       MIPI_CAMERA_0/PF_IOD_GENERIC_RX_C0_0/CLKINT_0/U0_RGB1_RGB1:A (f)
               +     0.054          cell: ADLIB:RGB
  11.311                       MIPI_CAMERA_0/PF_IOD_GENERIC_RX_C0_0/CLKINT_0/U0_RGB1_RGB1:Y (r)
               +     0.485          net: MIPI_CAMERA_0/PF_IOD_GENERIC_RX_C0_0/CLKINT_0/U0_RGB1_RGB1_rgb_net_1
  11.796                       MIPI_CAMERA_0/PF_IOD_GENERIC_RX_C0_0/PF_LANECTRL_0/I_LANECTRL_PAUSE_SYNC/pipe_fall.pause_sync:CLK (r)
               +     0.402          
  12.198                       clock reconvergence pessimism
               -     0.078          
  12.120                       clock jitter
               -     0.000          Library setup time: ADLIB:SLE
  12.120                       MIPI_CAMERA_0/PF_IOD_GENERIC_RX_C0_0/PF_LANECTRL_0/I_LANECTRL_PAUSE_SYNC/pipe_fall.pause_sync:D
                                    
  12.120                       data required time


Operating Conditions : slow_lv_ht

END SET Register to Register

----------------------------------------------------

SET External Setup

Path 1
  From: RXD_N[1]
  To:   MIPI_CAMERA_0/mipicsi2rxdecoderPF_C0_0/MSC_i_0/MSC_i_4/MSC_i_5/genblk2.L1_data_out[1]:D
  Delay (ns):              7.433
  Arrival (ns):            7.433
  Setup (ns):              0.000
  External Setup (ns):     3.789
  Operating Conditions: slow_lv_ht

Path 2
  From: RXD_N[1]
  To:   MIPI_CAMERA_0/mipicsi2rxdecoderPF_C0_0/MSC_i_0/MSC_i_4/MSC_i_5/genblk2.L1_data_out[0]:D
  Delay (ns):              7.150
  Arrival (ns):            7.150
  Setup (ns):              0.000
  External Setup (ns):     3.481
  Operating Conditions: slow_lv_ht

Path 3
  From: RXD_N[1]
  To:   MIPI_CAMERA_0/mipicsi2rxdecoderPF_C0_0/MSC_i_0/MSC_i_4/MSC_i_5/genblk2.L1_data_out[5]:D
  Delay (ns):              7.110
  Arrival (ns):            7.110
  Setup (ns):              0.000
  External Setup (ns):     3.466
  Operating Conditions: slow_lv_ht

Path 4
  From: RXD_N[1]
  To:   MIPI_CAMERA_0/mipicsi2rxdecoderPF_C0_0/MSC_i_0/MSC_i_4/MSC_i_5/genblk2.L1_data_out[2]:D
  Delay (ns):              7.088
  Arrival (ns):            7.088
  Setup (ns):              0.000
  External Setup (ns):     3.444
  Operating Conditions: slow_lv_ht

Path 5
  From: RXD_N[1]
  To:   MIPI_CAMERA_0/mipicsi2rxdecoderPF_C0_0/MSC_i_0/MSC_i_4/MSC_i_5/genblk2.L1_data_out[3]:D
  Delay (ns):              7.086
  Arrival (ns):            7.086
  Setup (ns):              0.000
  External Setup (ns):     3.442
  Operating Conditions: slow_lv_ht


Expanded Path 1
  From: RXD_N[1]
  To: MIPI_CAMERA_0/mipicsi2rxdecoderPF_C0_0/MSC_i_0/MSC_i_4/MSC_i_5/genblk2.L1_data_out[1]:D
  data required time                                    N/C
  data arrival time                          -        7.433
  slack                                                 N/C
  ________________________________________________________
  Data arrival time calculation
  0.000                        RXD_N[1] (r)
               +     0.000          net: RXD_N[1]
  0.000                        MIPI_CAMERA_0/PF_IOD_GENERIC_RX_C0_0/PF_IOD_RX/I_INBUF_DIFF_MIPI_1/U_IOPADN:PAD (r)
               +     0.650          cell: ADLIB:IOPADN_IN
  0.650                        MIPI_CAMERA_0/PF_IOD_GENERIC_RX_C0_0/PF_IOD_RX/I_INBUF_DIFF_MIPI_1/U_IOPADN:Y (r)
               +     0.000          net: MIPI_CAMERA_0/PF_IOD_GENERIC_RX_C0_0/PF_IOD_RX/I_INBUF_DIFF_MIPI_1/U2_N2P
  0.650                        MIPI_CAMERA_0/PF_IOD_GENERIC_RX_C0_0/PF_IOD_RX/I_INBUF_DIFF_MIPI_1/U_ION:YIN (r)
               +     0.336          cell: ADLIB:IOIN_IB_E
  0.986                        MIPI_CAMERA_0/PF_IOD_GENERIC_RX_C0_0/PF_IOD_RX/I_INBUF_DIFF_MIPI_1/U_ION:Y (r)
               +     4.238          net: MIPI_CAMERA_0/PF_IOD_GENERIC_RX_C0_0_L1_LP_DATA_N_0
  5.224                        MIPI_CAMERA_0/mipicsi2rxdecoderPF_C0_0/MSC_i_0/MSC_i_4/MSC_i_5/un1_rstn_IN_POST_INV1_0:A (r)
               +     0.090          cell: ADLIB:CFG2
  5.314                        MIPI_CAMERA_0/mipicsi2rxdecoderPF_C0_0/MSC_i_0/MSC_i_4/MSC_i_5/un1_rstn_IN_POST_INV1_0:Y (r)
               +     0.268          net: MIPI_CAMERA_0/mipicsi2rxdecoderPF_C0_0/MSC_i_0/MSC_i_4/MSC_i_5/MSC_net_409
  5.582                        MIPI_CAMERA_0/mipicsi2rxdecoderPF_C0_0/MSC_i_0/MSC_i_4/MSC_i_5/MSC_i_8/MSC_i_9/m67:A (r)
               +     0.094          cell: ADLIB:CFG2
  5.676                        MIPI_CAMERA_0/mipicsi2rxdecoderPF_C0_0/MSC_i_0/MSC_i_4/MSC_i_5/MSC_i_8/MSC_i_9/m67:Y (f)
               +     0.254          net: MIPI_CAMERA_0/mipicsi2rxdecoderPF_C0_0/MSC_i_0/MSC_i_4/MSC_i_5/MSC_i_8/MSC_i_9/MSC_net_435
  5.930                        MIPI_CAMERA_0/mipicsi2rxdecoderPF_C0_0/MSC_i_0/MSC_i_4/MSC_i_5/MSC_i_8/MSC_i_9/N_621_i:A (f)
               +     0.050          cell: ADLIB:CFG2
  5.980                        MIPI_CAMERA_0/mipicsi2rxdecoderPF_C0_0/MSC_i_0/MSC_i_4/MSC_i_5/MSC_i_8/MSC_i_9/N_621_i:Y (r)
               +     0.259          net: MIPI_CAMERA_0/mipicsi2rxdecoderPF_C0_0/MSC_i_0/MSC_i_4/MSC_i_5/MSC_i_8/MSC_i_9/MSC_net_410
  6.239                        MIPI_CAMERA_0/mipicsi2rxdecoderPF_C0_0/MSC_i_0/MSC_i_4/MSC_i_5/MSC_i_8/MSC_i_9/m51_1:C (r)
               +     0.053          cell: ADLIB:CFG4
  6.292                        MIPI_CAMERA_0/mipicsi2rxdecoderPF_C0_0/MSC_i_0/MSC_i_4/MSC_i_5/MSC_i_8/MSC_i_9/m51_1:Y (r)
               +     0.275          net: MIPI_CAMERA_0/mipicsi2rxdecoderPF_C0_0/MSC_i_0/MSC_i_4/MSC_i_5/MSC_i_8/MSC_i_9/MSC_net_440
  6.567                        MIPI_CAMERA_0/mipicsi2rxdecoderPF_C0_0/MSC_i_0/MSC_i_4/MSC_i_5/MSC_i_8/MSC_i_9/m51_2_1_1_0:D (r)
               +     0.247          cell: ADLIB:CFG4
  6.814                        MIPI_CAMERA_0/mipicsi2rxdecoderPF_C0_0/MSC_i_0/MSC_i_4/MSC_i_5/MSC_i_8/MSC_i_9/m51_2_1_1_0:Y (f)
               +     0.362          net: MIPI_CAMERA_0/mipicsi2rxdecoderPF_C0_0/MSC_i_0/MSC_i_4/MSC_i_5/MSC_i_8/MSC_i_9/MSC_net_434
  7.176                        MIPI_CAMERA_0/mipicsi2rxdecoderPF_C0_0/MSC_i_0/MSC_i_4/MSC_i_5/MSC_i_8/MSC_i_9/N_643_i:B (f)
               +     0.234          cell: ADLIB:CFG4
  7.410                        MIPI_CAMERA_0/mipicsi2rxdecoderPF_C0_0/MSC_i_0/MSC_i_4/MSC_i_5/MSC_i_8/MSC_i_9/N_643_i:Y (r)
               +     0.023          net: MIPI_CAMERA_0/mipicsi2rxdecoderPF_C0_0/MSC_i_0/MSC_i_4/MSC_i_5/MSC_net_490
  7.433                        MIPI_CAMERA_0/mipicsi2rxdecoderPF_C0_0/MSC_i_0/MSC_i_4/MSC_i_5/genblk2.L1_data_out[1]:D (r)
                                    
  7.433                        data arrival time
  ________________________________________________________
  Data required time calculation
  N/C                          MIPI_CAMERA_0/PF_IOD_GENERIC_RX_C0_0/PF_CLK_DIV_FIFO/I_CDD/Y_DIV
               +     0.000          Clock source
  N/C                          MIPI_CAMERA_0/PF_IOD_GENERIC_RX_C0_0/PF_CLK_DIV_FIFO/I_CDD:Y_DIV (r)
               +     1.987          Clock generation
  N/C                          
               +     0.511          net: MIPI_CAMERA_0/PF_IOD_GENERIC_RX_C0_0/PF_CLK_DIV_FIFO_CLK_DIV_OUT
  N/C                          MIPI_CAMERA_0/PF_IOD_GENERIC_RX_C0_0/CLKINT_0_1:A (r)
               +     0.151          cell: ADLIB:ICB_CLKINT
  N/C                          MIPI_CAMERA_0/PF_IOD_GENERIC_RX_C0_0/CLKINT_0_1:Y (r)
               +     0.114          net: MIPI_CAMERA_0/PF_IOD_GENERIC_RX_C0_0/CLKINT_0_NET
  N/C                          MIPI_CAMERA_0/PF_IOD_GENERIC_RX_C0_0/CLKINT_0:A (r)
               +     0.143          cell: ADLIB:GB
  N/C                          MIPI_CAMERA_0/PF_IOD_GENERIC_RX_C0_0/CLKINT_0:Y (r)
               +     0.370          net: MIPI_CAMERA_0/PF_IOD_GENERIC_RX_C0_0/CLKINT_0/U0_Y
  N/C                          MIPI_CAMERA_0/PF_IOD_GENERIC_RX_C0_0/CLKINT_0/U0_RGB1_RGB0:A (r)
               +     0.052          cell: ADLIB:RGB
  N/C                          MIPI_CAMERA_0/PF_IOD_GENERIC_RX_C0_0/CLKINT_0/U0_RGB1_RGB0:Y (f)
               +     0.394          net: MIPI_CAMERA_0/PF_IOD_GENERIC_RX_C0_0/CLKINT_0/U0_RGB1_RGB0_rgb_net_1
  N/C                          MIPI_CAMERA_0/mipicsi2rxdecoderPF_C0_0/MSC_i_0/MSC_i_4/MSC_i_5/genblk2.L1_data_out[1]:CLK (r)
               -     0.078          
  N/C                          clock jitter
               -     0.000          Library setup time: ADLIB:SLE
  N/C                          MIPI_CAMERA_0/mipicsi2rxdecoderPF_C0_0/MSC_i_0/MSC_i_4/MSC_i_5/genblk2.L1_data_out[1]:D


Operating Conditions : slow_lv_ht

END SET External Setup

----------------------------------------------------

SET Clock to Output

No Path 

END SET Clock to Output

----------------------------------------------------

SET Register to Asynchronous

Path 1
  From: MIPI_CAMERA_0/mipicsi2rxdecoderPF_C0_0/MSC_i_0/MSC_i_4/MSC_i_5/genblk9.sync0_reg:CLK
  To:   MIPI_CAMERA_0/mipicsi2rxdecoderPF_C0_0/MSC_i_0/MSC_i_4/MSC_i_5/MSC_i_8/wraddr_plus1_r[5]:ALn
  Delay (ns):              1.630
  Slack (ns):             14.087
  Arrival (ns):            5.810
  Required (ns):          19.897
  Recovery (ns):           0.196
  Minimum Period (ns):     1.835
  Skew (ns):               0.009
  Operating Conditions: slow_lv_ht

Path 2
  From: MIPI_CAMERA_0/mipicsi2rxdecoderPF_C0_0/MSC_i_0/MSC_i_4/MSC_i_5/genblk9.sync0_reg:CLK
  To:   MIPI_CAMERA_0/mipicsi2rxdecoderPF_C0_0/MSC_i_0/MSC_i_4/MSC_i_5/MSC_i_8/wraddr_r[4]:ALn
  Delay (ns):              1.542
  Slack (ns):             14.155
  Arrival (ns):            5.722
  Required (ns):          19.877
  Recovery (ns):           0.196
  Minimum Period (ns):     1.767
  Skew (ns):               0.029
  Operating Conditions: slow_lv_ht

Path 3
  From: MIPI_CAMERA_0/mipicsi2rxdecoderPF_C0_0/MSC_i_0/MSC_i_4/MSC_i_5/genblk9.sync0_reg:CLK
  To:   MIPI_CAMERA_0/mipicsi2rxdecoderPF_C0_0/MSC_i_0/MSC_i_4/MSC_i_5/MSC_i_8/wraddr_plus2_r[3]:ALn
  Delay (ns):              1.542
  Slack (ns):             14.155
  Arrival (ns):            5.722
  Required (ns):          19.877
  Recovery (ns):           0.196
  Minimum Period (ns):     1.767
  Skew (ns):               0.029
  Operating Conditions: slow_lv_ht

Path 4
  From: MIPI_CAMERA_0/mipicsi2rxdecoderPF_C0_0/MSC_i_0/MSC_i_4/MSC_i_5/genblk9.sync0_reg:CLK
  To:   MIPI_CAMERA_0/mipicsi2rxdecoderPF_C0_0/MSC_i_0/MSC_i_4/MSC_i_5/MSC_i_8/wraddr_plus2_r[0]:ALn
  Delay (ns):              1.542
  Slack (ns):             14.155
  Arrival (ns):            5.722
  Required (ns):          19.877
  Recovery (ns):           0.196
  Minimum Period (ns):     1.767
  Skew (ns):               0.029
  Operating Conditions: slow_lv_ht

Path 5
  From: MIPI_CAMERA_0/mipicsi2rxdecoderPF_C0_0/MSC_i_0/MSC_i_4/MSC_i_5/genblk9.sync0_reg:CLK
  To:   MIPI_CAMERA_0/mipicsi2rxdecoderPF_C0_0/MSC_i_0/MSC_i_4/MSC_i_5/MSC_i_8/wraddr_plus2_r[1]:ALn
  Delay (ns):              1.541
  Slack (ns):             14.156
  Arrival (ns):            5.721
  Required (ns):          19.877
  Recovery (ns):           0.196
  Minimum Period (ns):     1.766
  Skew (ns):               0.029
  Operating Conditions: slow_lv_ht


Expanded Path 1
  From: MIPI_CAMERA_0/mipicsi2rxdecoderPF_C0_0/MSC_i_0/MSC_i_4/MSC_i_5/genblk9.sync0_reg:CLK
  To: MIPI_CAMERA_0/mipicsi2rxdecoderPF_C0_0/MSC_i_0/MSC_i_4/MSC_i_5/MSC_i_8/wraddr_plus1_r[5]:ALn
  data required time                                 19.897
  data arrival time                          -        5.810
  slack                                              14.087
  ________________________________________________________
  Data arrival time calculation
  0.000                        MIPI_CAMERA_0/PF_IOD_GENERIC_RX_C0_0/PF_CLK_DIV_FIFO/I_CDD/Y_DIV
               +     0.000          Clock source
  0.000                        MIPI_CAMERA_0/PF_IOD_GENERIC_RX_C0_0/PF_CLK_DIV_FIFO/I_CDD:Y_DIV (r)
               +     2.247          Clock generation
  2.247                        
               +     0.561          net: MIPI_CAMERA_0/PF_IOD_GENERIC_RX_C0_0/PF_CLK_DIV_FIFO_CLK_DIV_OUT
  2.808                        MIPI_CAMERA_0/PF_IOD_GENERIC_RX_C0_0/CLKINT_0_1:A (r)
               +     0.174          cell: ADLIB:ICB_CLKINT
  2.982                        MIPI_CAMERA_0/PF_IOD_GENERIC_RX_C0_0/CLKINT_0_1:Y (r)
               +     0.125          net: MIPI_CAMERA_0/PF_IOD_GENERIC_RX_C0_0/CLKINT_0_NET
  3.107                        MIPI_CAMERA_0/PF_IOD_GENERIC_RX_C0_0/CLKINT_0:A (r)
               +     0.158          cell: ADLIB:GB
  3.265                        MIPI_CAMERA_0/PF_IOD_GENERIC_RX_C0_0/CLKINT_0:Y (r)
               +     0.408          net: MIPI_CAMERA_0/PF_IOD_GENERIC_RX_C0_0/CLKINT_0/U0_Y
  3.673                        MIPI_CAMERA_0/PF_IOD_GENERIC_RX_C0_0/CLKINT_0/U0_RGB1_RGB0:A (r)
               +     0.058          cell: ADLIB:RGB
  3.731                        MIPI_CAMERA_0/PF_IOD_GENERIC_RX_C0_0/CLKINT_0/U0_RGB1_RGB0:Y (f)
               +     0.449          net: MIPI_CAMERA_0/PF_IOD_GENERIC_RX_C0_0/CLKINT_0/U0_RGB1_RGB0_rgb_net_1
  4.180                        MIPI_CAMERA_0/mipicsi2rxdecoderPF_C0_0/MSC_i_0/MSC_i_4/MSC_i_5/genblk9.sync0_reg:CLK (r)
               +     0.201          cell: ADLIB:SLE
  4.381                        MIPI_CAMERA_0/mipicsi2rxdecoderPF_C0_0/MSC_i_0/MSC_i_4/MSC_i_5/genblk9.sync0_reg:Q (r)
               +     1.429          net: MIPI_CAMERA_0/mipicsi2rxdecoderPF_C0_0/MSC_i_0/MSC_i_4/MSC_i_5/MSC_net_419
  5.810                        MIPI_CAMERA_0/mipicsi2rxdecoderPF_C0_0/MSC_i_0/MSC_i_4/MSC_i_5/MSC_i_8/wraddr_plus1_r[5]:ALn (r)
                                    
  5.810                        data arrival time
  ________________________________________________________
  Data required time calculation
  16.000                       MIPI_CAMERA_0/PF_IOD_GENERIC_RX_C0_0/PF_CLK_DIV_FIFO/I_CDD/Y_DIV
               +     0.000          Clock source
  16.000                       MIPI_CAMERA_0/PF_IOD_GENERIC_RX_C0_0/PF_CLK_DIV_FIFO/I_CDD:Y_DIV (r)
               +     1.987          Clock generation
  17.987                       
               +     0.511          net: MIPI_CAMERA_0/PF_IOD_GENERIC_RX_C0_0/PF_CLK_DIV_FIFO_CLK_DIV_OUT
  18.498                       MIPI_CAMERA_0/PF_IOD_GENERIC_RX_C0_0/CLKINT_0_1:A (r)
               +     0.151          cell: ADLIB:ICB_CLKINT
  18.649                       MIPI_CAMERA_0/PF_IOD_GENERIC_RX_C0_0/CLKINT_0_1:Y (r)
               +     0.114          net: MIPI_CAMERA_0/PF_IOD_GENERIC_RX_C0_0/CLKINT_0_NET
  18.763                       MIPI_CAMERA_0/PF_IOD_GENERIC_RX_C0_0/CLKINT_0:A (r)
               +     0.143          cell: ADLIB:GB
  18.906                       MIPI_CAMERA_0/PF_IOD_GENERIC_RX_C0_0/CLKINT_0:Y (r)
               +     0.370          net: MIPI_CAMERA_0/PF_IOD_GENERIC_RX_C0_0/CLKINT_0/U0_Y
  19.276                       MIPI_CAMERA_0/PF_IOD_GENERIC_RX_C0_0/CLKINT_0/U0_RGB1_RGB0:A (r)
               +     0.052          cell: ADLIB:RGB
  19.328                       MIPI_CAMERA_0/PF_IOD_GENERIC_RX_C0_0/CLKINT_0/U0_RGB1_RGB0:Y (f)
               +     0.396          net: MIPI_CAMERA_0/PF_IOD_GENERIC_RX_C0_0/CLKINT_0/U0_RGB1_RGB0_rgb_net_1
  19.724                       MIPI_CAMERA_0/mipicsi2rxdecoderPF_C0_0/MSC_i_0/MSC_i_4/MSC_i_5/MSC_i_8/wraddr_plus1_r[5]:CLK (r)
               +     0.447          
  20.171                       clock reconvergence pessimism
               -     0.078          
  20.093                       clock jitter
               -     0.196          Library recovery time: ADLIB:SLE
  19.897                       MIPI_CAMERA_0/mipicsi2rxdecoderPF_C0_0/MSC_i_0/MSC_i_4/MSC_i_5/MSC_i_8/wraddr_plus1_r[5]:ALn
                                    
  19.897                       data required time


Operating Conditions : slow_lv_ht

END SET Register to Asynchronous

----------------------------------------------------

SET External Recovery

No Path 

END SET External Recovery

----------------------------------------------------

SET Asynchronous to Register

No Path 

END SET Asynchronous to Register

----------------------------------------------------

SET CLOCKS_AND_RESETS_0/CCC_FIC_x_CLK/PF_CCC_C0_0/pll_inst_0/OUT0 to MIPI_CAMERA_0/PF_IOD_GENERIC_RX_C0_0/PF_CLK_DIV_FIFO/I_CDD/Y_DIV

Path 1
  From: CLOCKS_AND_RESETS_0/RESET_FIC_0_CLK/CORERESET_0/dff_15[0]:CLK
  To:   MIPI_CAMERA_0/PF_IOD_GENERIC_RX_C0_0/PF_LANECTRL_0/I_LANECTRL_PAUSE_SYNC/pipe_fall.pause_sync:ALn
  Delay (ns):              2.948
  Slack (ns):              0.956
  Arrival (ns):           10.566
  Required (ns):          11.522
  Operating Conditions: slow_lv_ht

Path 2
  From: CLOCKS_AND_RESETS_0/RESET_FIC_0_CLK/CORERESET_0/dff_15[0]:CLK
  To:   MIPI_CAMERA_0/PF_IOD_GENERIC_RX_C0_0/COREBCLKSCLKALIGN_0/PF_IOD_GENERIC_RX_C0_TR_0/genblk1.U_ICB_BCLKSCLKALIGN/rst_cnt[0]:ALn
  Delay (ns):              2.617
  Slack (ns):              1.246
  Arrival (ns):           10.235
  Required (ns):          11.481
  Operating Conditions: slow_lv_ht

Path 3
  From: CLOCKS_AND_RESETS_0/RESET_FIC_0_CLK/CORERESET_0/dff_15[0]:CLK
  To:   MIPI_CAMERA_0/PF_IOD_GENERIC_RX_C0_0/COREBCLKSCLKALIGN_0/PF_IOD_GENERIC_RX_C0_TR_0/genblk1.U_ICB_BCLKSCLKALIGN/rst_cnt[2]:ALn
  Delay (ns):              2.515
  Slack (ns):              1.349
  Arrival (ns):           10.133
  Required (ns):          11.482
  Operating Conditions: slow_lv_ht

Path 4
  From: CLOCKS_AND_RESETS_0/RESET_FIC_0_CLK/CORERESET_0/dff_15[0]:CLK
  To:   MIPI_CAMERA_0/PF_IOD_GENERIC_RX_C0_0/COREBCLKSCLKALIGN_0/PF_IOD_GENERIC_RX_C0_TR_0/genblk1.U_ICB_BCLKSCLKALIGN/rst_cnt[1]:ALn
  Delay (ns):              2.515
  Slack (ns):              1.349
  Arrival (ns):           10.133
  Required (ns):          11.482
  Operating Conditions: slow_lv_ht

Path 5
  From: CLOCKS_AND_RESETS_0/RESET_FIC_0_CLK/CORERESET_0/dff_15[0]:CLK
  To:   MIPI_CAMERA_0/PF_IOD_GENERIC_RX_C0_0/COREBCLKSCLKALIGN_0/PF_IOD_GENERIC_RX_C0_TR_0/genblk1.U_ICB_BCLKSCLKALIGN/rst_cnt[3]:ALn
  Delay (ns):              2.453
  Slack (ns):              1.417
  Arrival (ns):           10.071
  Required (ns):          11.488
  Operating Conditions: slow_lv_ht


Expanded Path 1
  From: CLOCKS_AND_RESETS_0/RESET_FIC_0_CLK/CORERESET_0/dff_15[0]:CLK
  To: MIPI_CAMERA_0/PF_IOD_GENERIC_RX_C0_0/PF_LANECTRL_0/I_LANECTRL_PAUSE_SYNC/pipe_fall.pause_sync:ALn
  data required time                                 11.522
  data arrival time                          -       10.566
  slack                                               0.956
  ________________________________________________________
  Data arrival time calculation
  0.000                        CLOCKS_AND_RESETS_0/CCC_FIC_x_CLK/PF_CCC_C0_0/pll_inst_0/OUT0
               +     0.000          Clock source
  0.000                        CLOCKS_AND_RESETS_0/CCC_FIC_x_CLK/PF_CCC_C0_0/pll_inst_0:OUT0 (r)
               +     4.312          Clock generation
  4.312                        
               +     1.709          net: CLOCKS_AND_RESETS_0/CCC_FIC_x_CLK/PF_CCC_C0_0/pll_inst_0_clkint_0
  6.021                        CLOCKS_AND_RESETS_0/CCC_FIC_x_CLK/PF_CCC_C0_0/clkint_0_1:A (r)
               +     0.150          cell: ADLIB:ICB_CLKINT
  6.171                        CLOCKS_AND_RESETS_0/CCC_FIC_x_CLK/PF_CCC_C0_0/clkint_0_1:Y (r)
               +     0.386          net: CLOCKS_AND_RESETS_0/CCC_FIC_x_CLK/PF_CCC_C0_0/clkint_0_NET
  6.557                        CLOCKS_AND_RESETS_0/CCC_FIC_x_CLK/PF_CCC_C0_0/clkint_0:A (r)
               +     0.161          cell: ADLIB:GB
  6.718                        CLOCKS_AND_RESETS_0/CCC_FIC_x_CLK/PF_CCC_C0_0/clkint_0:Y (r)
               +     0.401          net: CLOCKS_AND_RESETS_0/CCC_FIC_x_CLK/PF_CCC_C0_0/clkint_0/U0_Y
  7.119                        CLOCKS_AND_RESETS_0/CCC_FIC_x_CLK/PF_CCC_C0_0/clkint_0/U0_RGB1_RGB17:A (r)
               +     0.058          cell: ADLIB:RGB
  7.177                        CLOCKS_AND_RESETS_0/CCC_FIC_x_CLK/PF_CCC_C0_0/clkint_0/U0_RGB1_RGB17:Y (f)
               +     0.441          net: CLOCKS_AND_RESETS_0/CCC_FIC_x_CLK/PF_CCC_C0_0/clkint_0/U0_RGB1_RGB17_rgb_net_1
  7.618                        CLOCKS_AND_RESETS_0/RESET_FIC_0_CLK/CORERESET_0/dff_15[0]:CLK (r)
               +     0.201          cell: ADLIB:SLE
  7.819                        CLOCKS_AND_RESETS_0/RESET_FIC_0_CLK/CORERESET_0/dff_15[0]:Q (r)
               +     2.747          net: CLOCKS_AND_RESETS_0_RESET_FIC_0_CLK_CORERESET_0_dff
  10.566                       MIPI_CAMERA_0/PF_IOD_GENERIC_RX_C0_0/PF_LANECTRL_0/I_LANECTRL_PAUSE_SYNC/pipe_fall.pause_sync:ALn (r)
                                    
  10.566                       data arrival time
  ________________________________________________________
  Data required time calculation
  8.000                        MIPI_CAMERA_0/PF_IOD_GENERIC_RX_C0_0/PF_CLK_DIV_FIFO/I_CDD/Y_DIV
               +     0.000          Clock source
  8.000                        MIPI_CAMERA_0/PF_IOD_GENERIC_RX_C0_0/PF_CLK_DIV_FIFO/I_CDD:Y_DIV (f)
               +     1.972          Clock generation
  9.972                        
               +     0.526          net: MIPI_CAMERA_0/PF_IOD_GENERIC_RX_C0_0/PF_CLK_DIV_FIFO_CLK_DIV_OUT
  10.498                       MIPI_CAMERA_0/PF_IOD_GENERIC_RX_C0_0/CLKINT_0_1:A (f)
               +     0.160          cell: ADLIB:ICB_CLKINT
  10.658                       MIPI_CAMERA_0/PF_IOD_GENERIC_RX_C0_0/CLKINT_0_1:Y (f)
               +     0.108          net: MIPI_CAMERA_0/PF_IOD_GENERIC_RX_C0_0/CLKINT_0_NET
  10.766                       MIPI_CAMERA_0/PF_IOD_GENERIC_RX_C0_0/CLKINT_0:A (f)
               +     0.134          cell: ADLIB:GB
  10.900                       MIPI_CAMERA_0/PF_IOD_GENERIC_RX_C0_0/CLKINT_0:Y (f)
               +     0.357          net: MIPI_CAMERA_0/PF_IOD_GENERIC_RX_C0_0/CLKINT_0/U0_Y
  11.257                       MIPI_CAMERA_0/PF_IOD_GENERIC_RX_C0_0/CLKINT_0/U0_RGB1_RGB1:A (f)
               +     0.054          cell: ADLIB:RGB
  11.311                       MIPI_CAMERA_0/PF_IOD_GENERIC_RX_C0_0/CLKINT_0/U0_RGB1_RGB1:Y (r)
               +     0.485          net: MIPI_CAMERA_0/PF_IOD_GENERIC_RX_C0_0/CLKINT_0/U0_RGB1_RGB1_rgb_net_1
  11.796                       MIPI_CAMERA_0/PF_IOD_GENERIC_RX_C0_0/PF_LANECTRL_0/I_LANECTRL_PAUSE_SYNC/pipe_fall.pause_sync:CLK (r)
               -     0.078          
  11.718                       clock jitter
               -     0.196          Library recovery time: ADLIB:SLE
  11.522                       MIPI_CAMERA_0/PF_IOD_GENERIC_RX_C0_0/PF_LANECTRL_0/I_LANECTRL_PAUSE_SYNC/pipe_fall.pause_sync:ALn
                                    
  11.522                       data required time


Operating Conditions : slow_lv_ht

END SET CLOCKS_AND_RESETS_0/CCC_FIC_x_CLK/PF_CCC_C0_0/pll_inst_0/OUT0 to MIPI_CAMERA_0/PF_IOD_GENERIC_RX_C0_0/PF_CLK_DIV_FIFO/I_CDD/Y_DIV

----------------------------------------------------

SET MIPI_CAMERA_0/PF_CCC_C1_0/PF_CCC_C1_0/pll_inst_0/OUT0 to MIPI_CAMERA_0/PF_IOD_GENERIC_RX_C0_0/PF_CLK_DIV_FIFO/I_CDD/Y_DIV

Path 1
  From: MIPI_CAMERA_0/mipicsi2rxdecoderPF_C0_0/MSC_i_0/sot_r1_pclk:CLK
  To:   MIPI_CAMERA_0/mipicsi2rxdecoderPF_C0_0/MSC_i_0/sot_r0_cclk:EN
  Delay (ns):              0.626
  Slack (ns):             -0.213
  Arrival (ns):            8.083
  Required (ns):           7.870
  Setup (ns):              0.128
  Operating Conditions: slow_lv_ht

Path 2
  From: MIPI_CAMERA_0/mipicsi2rxdecoderPF_C0_0/MSC_i_0/sot_r1_pclk:CLK
  To:   MIPI_CAMERA_0/mipicsi2rxdecoderPF_C0_0/MSC_i_0/sot_r0_cclk:D
  Delay (ns):              0.444
  Slack (ns):              0.097
  Arrival (ns):            7.901
  Required (ns):           7.998
  Setup (ns):              0.000
  Operating Conditions: slow_lv_ht

Path 3
  From: MIPI_CAMERA_0/mipicsi2rxdecoderPF_C0_0/MSC_i_0/MSC_i_4/MSC_i_10/ecc_error_reg1:CLK
  To:   MIPI_CAMERA_0/mipicsi2rxdecoderPF_C0_0/MSC_i_0/MSC_i_4/MSC_i_10/error_done_cclk_reg0:D
  Delay (ns):              0.361
  Slack (ns):              0.183
  Arrival (ns):            7.845
  Required (ns):           8.028
  Setup (ns):              0.000
  Operating Conditions: slow_lv_ht

Path 4
  From: MIPI_CAMERA_0/mipicsi2rxdecoderPF_C0_0/MSC_i_0/MSC_i_4/MSC_i_10/crc_error_reg1:CLK
  To:   MIPI_CAMERA_0/mipicsi2rxdecoderPF_C0_0/MSC_i_0/MSC_i_4/MSC_i_10/crc_err_done_clk_reg0:D
  Delay (ns):              0.360
  Slack (ns):              0.190
  Arrival (ns):            7.809
  Required (ns):           7.999
  Setup (ns):              0.000
  Operating Conditions: slow_lv_ht


Expanded Path 1
  From: MIPI_CAMERA_0/mipicsi2rxdecoderPF_C0_0/MSC_i_0/sot_r1_pclk:CLK
  To: MIPI_CAMERA_0/mipicsi2rxdecoderPF_C0_0/MSC_i_0/sot_r0_cclk:EN
  data required time                                  7.870
  data arrival time                          -        8.083
  slack                                              -0.213
  ________________________________________________________
  Data arrival time calculation
  0.000                        MIPI_CAMERA_0/PF_CCC_C1_0/PF_CCC_C1_0/pll_inst_0/OUT0
               +     0.000          Clock source
  0.000                        MIPI_CAMERA_0/PF_CCC_C1_0/PF_CCC_C1_0/pll_inst_0:OUT0 (r)
               +     5.699          Clock generation
  5.699                        
               +     0.281          net: MIPI_CAMERA_0/PF_CCC_C1_0/PF_CCC_C1_0/pll_inst_0_clkint_0
  5.980                        MIPI_CAMERA_0/PF_CCC_C1_0/PF_CCC_C1_0/clkint_0_1:A (r)
               +     0.243          cell: ADLIB:ICB_CLKINT
  6.223                        MIPI_CAMERA_0/PF_CCC_C1_0/PF_CCC_C1_0/clkint_0_1:Y (r)
               +     0.150          net: MIPI_CAMERA_0/PF_CCC_C1_0/PF_CCC_C1_0/clkint_0_NET
  6.373                        MIPI_CAMERA_0/PF_CCC_C1_0/PF_CCC_C1_0/clkint_0:A (r)
               +     0.164          cell: ADLIB:GB
  6.537                        MIPI_CAMERA_0/PF_CCC_C1_0/PF_CCC_C1_0/clkint_0:Y (r)
               +     0.414          net: MIPI_CAMERA_0/PF_CCC_C1_0/PF_CCC_C1_0/clkint_0/U0_Y
  6.951                        MIPI_CAMERA_0/PF_CCC_C1_0/PF_CCC_C1_0/clkint_0/U0_RGB1_RGB1:A (r)
               +     0.058          cell: ADLIB:RGB
  7.009                        MIPI_CAMERA_0/PF_CCC_C1_0/PF_CCC_C1_0/clkint_0/U0_RGB1_RGB1:Y (f)
               +     0.448          net: MIPI_CAMERA_0/PF_CCC_C1_0/PF_CCC_C1_0/clkint_0/U0_RGB1_RGB1_rgb_net_1
  7.457                        MIPI_CAMERA_0/mipicsi2rxdecoderPF_C0_0/MSC_i_0/sot_r1_pclk:CLK (r)
               +     0.201          cell: ADLIB:SLE
  7.658                        MIPI_CAMERA_0/mipicsi2rxdecoderPF_C0_0/MSC_i_0/sot_r1_pclk:Q (r)
               +     0.168          net: MIPI_CAMERA_0/mipicsi2rxdecoderPF_C0_0/MSC_i_0/MSC_net_397
  7.826                        MIPI_CAMERA_0/mipicsi2rxdecoderPF_C0_0/MSC_i_0/sot_r0_cclk_RNO_0:A (r)
               +     0.053          cell: ADLIB:CFG2
  7.879                        MIPI_CAMERA_0/mipicsi2rxdecoderPF_C0_0/MSC_i_0/sot_r0_cclk_RNO_0:Y (r)
               +     0.204          net: MIPI_CAMERA_0/mipicsi2rxdecoderPF_C0_0/MSC_i_0/MSC_net_407
  8.083                        MIPI_CAMERA_0/mipicsi2rxdecoderPF_C0_0/MSC_i_0/sot_r0_cclk:EN (r)
                                    
  8.083                        data arrival time
  ________________________________________________________
  Data required time calculation
  4.000                        MIPI_CAMERA_0/PF_IOD_GENERIC_RX_C0_0/PF_CLK_DIV_FIFO/I_CDD/Y_DIV
               +     0.000          Clock source
  4.000                        MIPI_CAMERA_0/PF_IOD_GENERIC_RX_C0_0/PF_CLK_DIV_FIFO/I_CDD:Y_DIV (r)
               +     1.987          Clock generation
  5.987                        
               +     0.511          net: MIPI_CAMERA_0/PF_IOD_GENERIC_RX_C0_0/PF_CLK_DIV_FIFO_CLK_DIV_OUT
  6.498                        MIPI_CAMERA_0/PF_IOD_GENERIC_RX_C0_0/CLKINT_0_1:A (r)
               +     0.151          cell: ADLIB:ICB_CLKINT
  6.649                        MIPI_CAMERA_0/PF_IOD_GENERIC_RX_C0_0/CLKINT_0_1:Y (r)
               +     0.114          net: MIPI_CAMERA_0/PF_IOD_GENERIC_RX_C0_0/CLKINT_0_NET
  6.763                        MIPI_CAMERA_0/PF_IOD_GENERIC_RX_C0_0/CLKINT_0:A (r)
               +     0.143          cell: ADLIB:GB
  6.906                        MIPI_CAMERA_0/PF_IOD_GENERIC_RX_C0_0/CLKINT_0:Y (r)
               +     0.373          net: MIPI_CAMERA_0/PF_IOD_GENERIC_RX_C0_0/CLKINT_0/U0_Y
  7.279                        MIPI_CAMERA_0/PF_IOD_GENERIC_RX_C0_0/CLKINT_0/U0_RGB1:A (r)
               +     0.052          cell: ADLIB:RGB
  7.331                        MIPI_CAMERA_0/PF_IOD_GENERIC_RX_C0_0/CLKINT_0/U0_RGB1:Y (f)
               +     0.383          net: MIPI_CAMERA_0/PF_IOD_GENERIC_RX_C0_0_RX_CLK_G
  7.714                        MIPI_CAMERA_0/mipicsi2rxdecoderPF_C0_0/MSC_i_0/sot_r0_cclk:CLK (r)
               +     0.362          
  8.076                        clock reconvergence pessimism
               -     0.078          
  7.998                        clock jitter
               -     0.128          Library setup time: ADLIB:SLE
  7.870                        MIPI_CAMERA_0/mipicsi2rxdecoderPF_C0_0/MSC_i_0/sot_r0_cclk:EN
                                    
  7.870                        data required time


Operating Conditions : slow_lv_ht

END SET MIPI_CAMERA_0/PF_CCC_C1_0/PF_CCC_C1_0/pll_inst_0/OUT0 to MIPI_CAMERA_0/PF_IOD_GENERIC_RX_C0_0/PF_CLK_DIV_FIFO/I_CDD/Y_DIV

----------------------------------------------------

SET MIPI_CAMERA_0/PF_IOD_GENERIC_RX_C0_0/COREBCLKSCLKALIGN_0/PF_IOD_GENERIC_RX_C0_TR_0/genblk1.U_ICB_BCLKSCLKALIGN/RX_CLK_ALIGN_MOVE:Q to MIPI_CAMERA_0/PF_IOD_GENERIC_RX_C0_0/PF_CLK_DIV_FIFO/I_CDD/Y_DIV

No Path 

END SET MIPI_CAMERA_0/PF_IOD_GENERIC_RX_C0_0/COREBCLKSCLKALIGN_0/PF_IOD_GENERIC_RX_C0_TR_0/genblk1.U_ICB_BCLKSCLKALIGN/RX_CLK_ALIGN_MOVE:Q to MIPI_CAMERA_0/PF_IOD_GENERIC_RX_C0_0/PF_CLK_DIV_FIFO/I_CDD/Y_DIV

----------------------------------------------------

Clock Domain MSS_WRAPPER_0/MPFS_DISCOVERY_KIT_MSS_0/I_MSS:SPI_0_CLK_M2F

SET Register to Register

No Path 

END SET Register to Register

----------------------------------------------------

SET External Setup

No Path 

END SET External Setup

----------------------------------------------------

SET Clock to Output

No Path 

END SET Clock to Output

----------------------------------------------------

SET Register to Asynchronous

No Path 

END SET Register to Asynchronous

----------------------------------------------------

SET External Recovery

No Path 

END SET External Recovery

----------------------------------------------------

SET Asynchronous to Register

No Path 

END SET Asynchronous to Register

----------------------------------------------------

Clock Domain MSS_WRAPPER_0/MPFS_DISCOVERY_KIT_MSS_0/I_MSS:SPI_0_CLK_M2F

SET Register to Register

No Path 

END SET Register to Register

----------------------------------------------------

SET External Setup

No Path 

END SET External Setup

----------------------------------------------------

SET Clock to Output

No Path 

END SET Clock to Output

----------------------------------------------------

SET Register to Asynchronous

No Path 

END SET Register to Asynchronous

----------------------------------------------------

SET External Recovery

No Path 

END SET External Recovery

----------------------------------------------------

SET Asynchronous to Register

No Path 

END SET Asynchronous to Register

----------------------------------------------------

Clock Domain REF_CLK_50MHz

Info: The maximum frequency of this clock domain is limited by the minimum pulse widths of pin REF_CLK_50MHz_ibuf/U_IOPAD:PAD

SET Register to Register

No Path 

END SET Register to Register

----------------------------------------------------

SET External Setup

No Path 

END SET External Setup

----------------------------------------------------

SET Clock to Output

No Path 

END SET Clock to Output

----------------------------------------------------

SET Register to Asynchronous

No Path 

END SET Register to Asynchronous

----------------------------------------------------

SET External Recovery

No Path 

END SET External Recovery

----------------------------------------------------

SET Asynchronous to Register

No Path 

END SET Asynchronous to Register

----------------------------------------------------

Clock Domain RX_CLK_P

Info: The maximum frequency of this clock domain is limited by the minimum pulse widths of pin MIPI_CAMERA_0/PF_IOD_GENERIC_RX_C0_0/CLK_0/U_IOPADP:PAD

SET Register to Register

No Path 

END SET Register to Register

----------------------------------------------------

SET External Setup

Path 1
  From: RXD[1]
  To:   MIPI_CAMERA_0/PF_IOD_GENERIC_RX_C0_0/PF_IOD_RX/I_IOD_1:RX_P
  Delay (ns):              0.599
  Arrival (ns):            0.599
  Setup (ns):              1.611
  External Setup (ns):    -1.100
  Operating Conditions: slow_lv_lt

Path 2
  From: RXD[0]
  To:   MIPI_CAMERA_0/PF_IOD_GENERIC_RX_C0_0/PF_IOD_RX/I_IOD_0:RX_P
  Delay (ns):              0.599
  Arrival (ns):            0.599
  Setup (ns):              1.611
  External Setup (ns):    -1.100
  Operating Conditions: slow_lv_lt


Expanded Path 1
  From: RXD[1]
  To: MIPI_CAMERA_0/PF_IOD_GENERIC_RX_C0_0/PF_IOD_RX/I_IOD_1:RX_P
  data required time                                    N/C
  data arrival time                          -        0.599
  slack                                                 N/C
  ________________________________________________________
  Data arrival time calculation
  0.000                        RXD[1] (f)
               +     0.000          net: RXD[1]
  0.000                        MIPI_CAMERA_0/PF_IOD_GENERIC_RX_C0_0/PF_IOD_RX/I_INBUF_DIFF_MIPI_1/U_IOPADP:PAD (f)
               +     0.599          cell: ADLIB:IOPADP_IN_MIPI
  0.599                        MIPI_CAMERA_0/PF_IOD_GENERIC_RX_C0_0/PF_IOD_RX/I_INBUF_DIFF_MIPI_1/U_IOPADP:Y (f)
               +     0.000          net: MIPI_CAMERA_0/PF_IOD_GENERIC_RX_C0_0/PF_IOD_RX/Y_I_INBUF_DIFF_MIPI_1_net
  0.599                        MIPI_CAMERA_0/PF_IOD_GENERIC_RX_C0_0/PF_IOD_RX/I_IOD_1:RX_P (f)
                                    
  0.599                        data arrival time
  ________________________________________________________
  Data required time calculation
  N/C                          RX_CLK_P
               +     0.000          Clock source
  N/C                          RX_CLK_P (f)
               +     0.000          net: RX_CLK_P
  N/C                          MIPI_CAMERA_0/PF_IOD_GENERIC_RX_C0_0/CLK_0/U_IOPADP:PAD (f)
               +     0.519          cell: ADLIB:IOPADP_IN
  N/C                          MIPI_CAMERA_0/PF_IOD_GENERIC_RX_C0_0/CLK_0/U_IOPADP:Y (f)
               +     0.506          net: MIPI_CAMERA_0/PF_IOD_GENERIC_RX_C0_0/CLK_0_Y
  N/C                          MIPI_CAMERA_0/PF_IOD_GENERIC_RX_C0_0/HS_IO_CLK_CASCADED:A (f)
               +     0.187          cell: ADLIB:HS_IO_CLK
  N/C                          MIPI_CAMERA_0/PF_IOD_GENERIC_RX_C0_0/HS_IO_CLK_CASCADED:Y (f)
               +     0.333          net: MIPI_CAMERA_0/PF_IOD_GENERIC_RX_C0_0/Y_1
  N/C                          MIPI_CAMERA_0/PF_IOD_GENERIC_RX_C0_0/PF_CLK_DIV_RXCLK/I_CDD:A (f)
               +     0.539          cell: ADLIB:ICB_CLKDIVDELAY
  N/C                          MIPI_CAMERA_0/PF_IOD_GENERIC_RX_C0_0/PF_CLK_DIV_RXCLK/I_CDD:Y_FB (f)
               +     0.335          net: MIPI_CAMERA_0/PF_IOD_GENERIC_RX_C0_0/PF_CLK_DIV_RXCLK_CLK_OUT_HS_IO_CLK
  N/C                          MIPI_CAMERA_0/PF_IOD_GENERIC_RX_C0_0/HS_IO_CLK_RX:A (f)
               +     0.259          cell: ADLIB:HS_IO_CLK
  N/C                          MIPI_CAMERA_0/PF_IOD_GENERIC_RX_C0_0/HS_IO_CLK_RX:Y (f)
               +     0.056          net: MIPI_CAMERA_0/PF_IOD_GENERIC_RX_C0_0/HS_IO_CLK_RX_Y
  N/C                          MIPI_CAMERA_0/PF_IOD_GENERIC_RX_C0_0/PF_LANECTRL_0/I_LANECTRL:HS_IO_CLK[1] (f)
               +     0.654          cell: ADLIB:LANECTRL
  N/C                          MIPI_CAMERA_0/PF_IOD_GENERIC_RX_C0_0/PF_LANECTRL_0/I_LANECTRL:RX_DQS_90[0] (f)
               +     0.000          net: MIPI_CAMERA_0/PF_IOD_GENERIC_RX_C0_0/PF_LANECTRL_0/RX_DQS_90[0]
  N/C                          MIPI_CAMERA_0/PF_IOD_GENERIC_RX_C0_0/PF_IOD_RX/I_IOD_1:RX_DQS_90[0] (f)
               -     0.078          
  N/C                          clock jitter
               -     1.611          Library setup time: ADLIB:IOD
  N/C                          MIPI_CAMERA_0/PF_IOD_GENERIC_RX_C0_0/PF_IOD_RX/I_IOD_1:RX_P


Operating Conditions : slow_lv_lt

END SET External Setup

----------------------------------------------------

SET Clock to Output

No Path 

END SET Clock to Output

----------------------------------------------------

SET Register to Asynchronous

No Path 

END SET Register to Asynchronous

----------------------------------------------------

SET External Recovery

No Path 

END SET External Recovery

----------------------------------------------------

SET Asynchronous to Register

No Path 

END SET Asynchronous to Register

----------------------------------------------------

Clock Domain CLOCKS_AND_RESETS_0/CCC_FIC_x_CLK/PF_CCC_C0_0/pll_inst_0/OUT2

Info: The maximum frequency of this clock domain is limited by the period of pin MSS_WRAPPER_0/MPFS_DISCOVERY_KIT_MSS_0/I_MSS:FIC_2_ACLK

SET Register to Register

No Path 

END SET Register to Register

----------------------------------------------------

SET External Setup

No Path 

END SET External Setup

----------------------------------------------------

SET Clock to Output

No Path 

END SET Clock to Output

----------------------------------------------------

SET Register to Asynchronous

No Path 

END SET Register to Asynchronous

----------------------------------------------------

SET External Recovery

No Path 

END SET External Recovery

----------------------------------------------------

SET Asynchronous to Register

No Path 

END SET Asynchronous to Register

----------------------------------------------------

Path set Pin to Pin

SET Input to Output

No Path 

END SET Input to Output

----------------------------------------------------

