Timing Report Max Delay Analysis

SmartTime Version 2025.2
Microchip Technology Inc. - Microchip Libero Software Release 2025.2 (Version 2025.2.0.14)
Date: Sun Apr  5 03:10:52 2026


Design: MPFS_DISCOVERY_KIT
Family: PolarFireSoC
Die: MPFS095T
Package: FCSG325
Temperature Range: 0 - 100 C
Voltage Range: 0.97 - 1.03 V
Speed Grade: -1
Design State: Post-Layout
Data source: Production
Multi Corner Report Operating Conditions: slow_lv_lt,fast_hv_lt,slow_lv_ht


-----------------------------------------------------
SUMMARY

Clock Domain:               CLOCKS_AND_RESETS_0/CCC_FIC_x_CLK/PF_CCC_C0_0/pll_inst_0/OUT0
Required Period (ns):       8.000
Required Frequency (MHz):   125.000
Worst Slack (ns):           0.268
Operating Conditions:       slow_lv_ht

Clock Domain:               CLOCKS_AND_RESETS_0/CCC_FIC_x_CLK/PF_CCC_C0_0/pll_inst_0/OUT3
Required Period (ns):       20.000
Required Frequency (MHz):   50.000
Worst Slack (ns):           2.464
Operating Conditions:       slow_lv_ht

Clock Domain:               FIC_0_PERIPHERALS_0/security_core_0/rng/neoTRNG_0/entropy_cell_gen.0.neoTRNG_cell_inst/sreg_0[0]:Q
Required Period (ns):       N/A
Required Frequency (MHz):   N/A
Worst Slack (ns):           
Operating Conditions:       

Clock Domain:               FIC_0_PERIPHERALS_0/security_core_0/rng/neoTRNG_0/entropy_cell_gen.0.neoTRNG_cell_inst/sreg_1[0]:Q
Required Period (ns):       N/A
Required Frequency (MHz):   N/A
Worst Slack (ns):           
Operating Conditions:       

Clock Domain:               FIC_0_PERIPHERALS_0/security_core_0/rng/neoTRNG_0/entropy_cell_gen.0.neoTRNG_cell_inst/sreg_2[0]:Q
Required Period (ns):       N/A
Required Frequency (MHz):   N/A
Worst Slack (ns):           
Operating Conditions:       

Clock Domain:               FIC_0_PERIPHERALS_0/security_core_0/rng/neoTRNG_0/entropy_cell_gen.0.neoTRNG_cell_inst/sreg_3[0]:Q
Required Period (ns):       N/A
Required Frequency (MHz):   N/A
Worst Slack (ns):           
Operating Conditions:       

Clock Domain:               FIC_0_PERIPHERALS_0/security_core_0/rng/neoTRNG_0/entropy_cell_gen.0.neoTRNG_cell_inst/sreg_4[0]:Q
Required Period (ns):       N/A
Required Frequency (MHz):   N/A
Worst Slack (ns):           
Operating Conditions:       

Clock Domain:               FIC_0_PERIPHERALS_0/security_core_0/rng/neoTRNG_0/entropy_cell_gen.1.neoTRNG_cell_inst/sreg_0[0]:Q
Required Period (ns):       N/A
Required Frequency (MHz):   N/A
Worst Slack (ns):           
Operating Conditions:       

Clock Domain:               FIC_0_PERIPHERALS_0/security_core_0/rng/neoTRNG_0/entropy_cell_gen.1.neoTRNG_cell_inst/sreg_1[0]:Q
Required Period (ns):       N/A
Required Frequency (MHz):   N/A
Worst Slack (ns):           
Operating Conditions:       

Clock Domain:               FIC_0_PERIPHERALS_0/security_core_0/rng/neoTRNG_0/entropy_cell_gen.1.neoTRNG_cell_inst/sreg_2[0]:Q
Required Period (ns):       N/A
Required Frequency (MHz):   N/A
Worst Slack (ns):           
Operating Conditions:       

Clock Domain:               FIC_0_PERIPHERALS_0/security_core_0/rng/neoTRNG_0/entropy_cell_gen.1.neoTRNG_cell_inst/sreg_3[0]:Q
Required Period (ns):       N/A
Required Frequency (MHz):   N/A
Worst Slack (ns):           
Operating Conditions:       

Clock Domain:               FIC_0_PERIPHERALS_0/security_core_0/rng/neoTRNG_0/entropy_cell_gen.1.neoTRNG_cell_inst/sreg_4[0]:Q
Required Period (ns):       N/A
Required Frequency (MHz):   N/A
Worst Slack (ns):           
Operating Conditions:       

Clock Domain:               FIC_0_PERIPHERALS_0/security_core_0/rng/neoTRNG_0/entropy_cell_gen.1.neoTRNG_cell_inst/sreg_5[0]:Q
Required Period (ns):       N/A
Required Frequency (MHz):   N/A
Worst Slack (ns):           
Operating Conditions:       

Clock Domain:               FIC_0_PERIPHERALS_0/security_core_0/rng/neoTRNG_0/entropy_cell_gen.1.neoTRNG_cell_inst/sreg_6[0]:Q
Required Period (ns):       N/A
Required Frequency (MHz):   N/A
Worst Slack (ns):           
Operating Conditions:       

Clock Domain:               FIC_0_PERIPHERALS_0/security_core_0/rng/neoTRNG_0/entropy_cell_gen.2.neoTRNG_cell_inst/sreg_0[0]:Q
Required Period (ns):       N/A
Required Frequency (MHz):   N/A
Worst Slack (ns):           
Operating Conditions:       

Clock Domain:               FIC_0_PERIPHERALS_0/security_core_0/rng/neoTRNG_0/entropy_cell_gen.2.neoTRNG_cell_inst/sreg_1[0]:Q
Required Period (ns):       N/A
Required Frequency (MHz):   N/A
Worst Slack (ns):           
Operating Conditions:       

Clock Domain:               FIC_0_PERIPHERALS_0/security_core_0/rng/neoTRNG_0/entropy_cell_gen.2.neoTRNG_cell_inst/sreg_2[0]:Q
Required Period (ns):       N/A
Required Frequency (MHz):   N/A
Worst Slack (ns):           
Operating Conditions:       

Clock Domain:               FIC_0_PERIPHERALS_0/security_core_0/rng/neoTRNG_0/entropy_cell_gen.2.neoTRNG_cell_inst/sreg_3[0]:Q
Required Period (ns):       N/A
Required Frequency (MHz):   N/A
Worst Slack (ns):           
Operating Conditions:       

Clock Domain:               FIC_0_PERIPHERALS_0/security_core_0/rng/neoTRNG_0/entropy_cell_gen.2.neoTRNG_cell_inst/sreg_4[0]:Q
Required Period (ns):       N/A
Required Frequency (MHz):   N/A
Worst Slack (ns):           
Operating Conditions:       

Clock Domain:               FIC_0_PERIPHERALS_0/security_core_0/rng/neoTRNG_0/entropy_cell_gen.2.neoTRNG_cell_inst/sreg_5[0]:Q
Required Period (ns):       N/A
Required Frequency (MHz):   N/A
Worst Slack (ns):           
Operating Conditions:       

Clock Domain:               FIC_0_PERIPHERALS_0/security_core_0/rng/neoTRNG_0/entropy_cell_gen.2.neoTRNG_cell_inst/sreg_6[0]:Q
Required Period (ns):       N/A
Required Frequency (MHz):   N/A
Worst Slack (ns):           
Operating Conditions:       

Clock Domain:               FIC_0_PERIPHERALS_0/security_core_0/rng/neoTRNG_0/entropy_cell_gen.2.neoTRNG_cell_inst/sreg_7[0]:Q
Required Period (ns):       N/A
Required Frequency (MHz):   N/A
Worst Slack (ns):           
Operating Conditions:       

Clock Domain:               FIC_0_PERIPHERALS_0/security_core_0/rng/neoTRNG_0/entropy_cell_gen.2.neoTRNG_cell_inst/sreg_8[0]:Q
Required Period (ns):       N/A
Required Frequency (MHz):   N/A
Worst Slack (ns):           
Operating Conditions:       

Clock Domain:               MBUS_SPI_CLK
Required Period (ns):       N/A
Required Frequency (MHz):   N/A
Worst Slack (ns):           
Operating Conditions:       

Clock Domain:               MSS_WRAPPER_0/MPFS_DISCOVERY_KIT_MSS_0/I_MSS:SPI_0_CLK_M2F
Required Period (ns):       N/A
Required Frequency (MHz):   N/A
Worst Slack (ns):           
Operating Conditions:       

Clock Domain:               MSS_WRAPPER_0/MPFS_DISCOVERY_KIT_MSS_0/I_MSS:SPI_0_CLK_M2F
Required Period (ns):       N/A
Required Frequency (MHz):   N/A
Worst Slack (ns):           
Operating Conditions:       

Clock Domain:               REF_CLK_50MHz
Required Period (ns):       20.000
Required Frequency (MHz):   50.000
Worst Slack (ns):           
Operating Conditions:       

Clock Domain:               CLOCKS_AND_RESETS_0/CCC_FIC_x_CLK/PF_CCC_C0_0/pll_inst_0/OUT1
Required Period (ns):       8.000
Required Frequency (MHz):   125.000
Worst Slack (ns):           
Operating Conditions:       

Clock Domain:               CLOCKS_AND_RESETS_0/CCC_FIC_x_CLK/PF_CCC_C0_0/pll_inst_0/OUT2
Required Period (ns):       8.000
Required Frequency (MHz):   125.000
Worst Slack (ns):           
Operating Conditions:       

                            Input to Output
Max Delay (ns):             N/A

END SUMMARY
-----------------------------------------------------

Clock Domain CLOCKS_AND_RESETS_0/CCC_FIC_x_CLK/PF_CCC_C0_0/pll_inst_0/OUT0

SET Register to Register

Path 1
  From: FIC_0_PERIPHERALS_0/security_core_0/hash_core/t_Z[4]:CLK
  To:   FIC_0_PERIPHERALS_0/security_core_0/hash_core/a[29]:D
  Delay (ns):              7.550
  Slack (ns):              0.268
  Arrival (ns):           13.637
  Required (ns):          13.905
  Setup (ns):              0.000
  Minimum Period (ns):     7.597
  Operating Conditions: slow_lv_ht

Path 2
  From: FIC_0_PERIPHERALS_0/security_core_0/hash_core/t_Z[4]:CLK
  To:   FIC_0_PERIPHERALS_0/security_core_0/hash_core/a[30]:D
  Delay (ns):              7.530
  Slack (ns):              0.283
  Arrival (ns):           13.617
  Required (ns):          13.900
  Setup (ns):              0.000
  Minimum Period (ns):     7.582
  Operating Conditions: slow_lv_ht

Path 3
  From: FIC_0_PERIPHERALS_0/security_core_0/hash_core/t_fast[1]:CLK
  To:   FIC_0_PERIPHERALS_0/security_core_0/hash_core/a[29]:D
  Delay (ns):              7.525
  Slack (ns):              0.293
  Arrival (ns):           13.612
  Required (ns):          13.905
  Setup (ns):              0.000
  Minimum Period (ns):     7.572
  Operating Conditions: slow_lv_ht

Path 4
  From: FIC_0_PERIPHERALS_0/security_core_0/hash_core/t_Z[4]:CLK
  To:   FIC_0_PERIPHERALS_0/security_core_0/hash_core/a[31]:D
  Delay (ns):              7.520
  Slack (ns):              0.294
  Arrival (ns):           13.607
  Required (ns):          13.901
  Setup (ns):              0.000
  Minimum Period (ns):     7.571
  Operating Conditions: slow_lv_ht

Path 5
  From: FIC_0_PERIPHERALS_0/security_core_0/hash_core/t_fast[1]:CLK
  To:   FIC_0_PERIPHERALS_0/security_core_0/hash_core/a[30]:D
  Delay (ns):              7.502
  Slack (ns):              0.311
  Arrival (ns):           13.589
  Required (ns):          13.900
  Setup (ns):              0.000
  Minimum Period (ns):     7.554
  Operating Conditions: slow_lv_ht


Expanded Path 1
  From: FIC_0_PERIPHERALS_0/security_core_0/hash_core/t_Z[4]:CLK
  To: FIC_0_PERIPHERALS_0/security_core_0/hash_core/a[29]:D
  data required time                                 13.905
  data arrival time                          -       13.637
  slack                                               0.268
  ________________________________________________________
  Data arrival time calculation
  0.000                        CLOCKS_AND_RESETS_0/CCC_FIC_x_CLK/PF_CCC_C0_0/pll_inst_0/OUT0
               +     0.000          Clock source
  0.000                        CLOCKS_AND_RESETS_0/CCC_FIC_x_CLK/PF_CCC_C0_0/pll_inst_0:OUT0 (r)
               +     4.304          Clock generation
  4.304                        
               +     0.273          net: CLOCKS_AND_RESETS_0/CCC_FIC_x_CLK/PF_CCC_C0_0/pll_inst_0_clkint_0
  4.577                        CLOCKS_AND_RESETS_0/CCC_FIC_x_CLK/PF_CCC_C0_0/clkint_0_1:A (r)
               +     0.243          cell: ADLIB:ICB_CLKINT
  4.820                        CLOCKS_AND_RESETS_0/CCC_FIC_x_CLK/PF_CCC_C0_0/clkint_0_1:Y (r)
               +     0.148          net: CLOCKS_AND_RESETS_0/CCC_FIC_x_CLK/PF_CCC_C0_0/clkint_0_NET
  4.968                        CLOCKS_AND_RESETS_0/CCC_FIC_x_CLK/PF_CCC_C0_0/clkint_0/U0_GB0:A (r)
               +     0.164          cell: ADLIB:GB
  5.132                        CLOCKS_AND_RESETS_0/CCC_FIC_x_CLK/PF_CCC_C0_0/clkint_0/U0_GB0:Y (r)
               +     0.414          net: CLOCKS_AND_RESETS_0/CCC_FIC_x_CLK/PF_CCC_C0_0/clkint_0/U0_gbs_1
  5.546                        CLOCKS_AND_RESETS_0/CCC_FIC_x_CLK/PF_CCC_C0_0/clkint_0/U0_RGB1_RGB8:A (r)
               +     0.058          cell: ADLIB:RGB
  5.604                        CLOCKS_AND_RESETS_0/CCC_FIC_x_CLK/PF_CCC_C0_0/clkint_0/U0_RGB1_RGB8:Y (f)
               +     0.483          net: CLOCKS_AND_RESETS_0/CCC_FIC_x_CLK/PF_CCC_C0_0/clkint_0/U0_RGB1_RGB8_rgb_net_1
  6.087                        FIC_0_PERIPHERALS_0/security_core_0/hash_core/t_Z[4]:CLK (r)
               +     0.201          cell: ADLIB:SLE
  6.288                        FIC_0_PERIPHERALS_0/security_core_0/hash_core/t_Z[4]:Q (r)
               +     0.562          net: FIC_0_PERIPHERALS_0/security_core_0_hash_core_t[4]
  6.850                        FIC_0_PERIPHERALS_0/security_core_0/hash_core/_l0.ROUND_0.Ki_2_31_0_.m94:B (r)
               +     0.135          cell: ADLIB:CFG3
  6.985                        FIC_0_PERIPHERALS_0/security_core_0/hash_core/_l0.ROUND_0.Ki_2_31_0_.m94:Y (r)
               +     0.126          net: FIC_0_PERIPHERALS_0/security_core_0/hash_core/N_95
  7.111                        FIC_0_PERIPHERALS_0/security_core_0/hash_core/_l0.ROUND_0.Ki_2_31_0_.m43_1_0:B (r)
               +     0.078          cell: ADLIB:CFG3
  7.189                        FIC_0_PERIPHERALS_0/security_core_0/hash_core/_l0.ROUND_0.Ki_2_31_0_.m43_1_0:Y (r)
               +     0.091          net: FIC_0_PERIPHERALS_0/security_core_0/hash_core/N_44_1
  7.280                        FIC_0_PERIPHERALS_0/security_core_0/hash_core/_l0.ROUND_0.Ki_2_31_0_.N_45_i:C (r)
               +     0.148          cell: ADLIB:CFG4
  7.428                        FIC_0_PERIPHERALS_0/security_core_0/hash_core/_l0.ROUND_0.Ki_2_31_0_.N_45_i:Y (f)
               +     0.512          net: FIC_0_PERIPHERALS_0/security_core_0/hash_core/N_45_i
  7.940                        FIC_0_PERIPHERALS_0/security_core_0/hash_core/un1_ROUND_7_cry_5:B (f)
               +     0.151          cell: ADLIB:ARI1_CC
  8.091                        FIC_0_PERIPHERALS_0/security_core_0/hash_core/un1_ROUND_7_cry_5:P (f)
               +     0.015          net: NET_CC_CONFIG11200
  8.106                        FIC_0_PERIPHERALS_0/security_core_0/hash_core/un1_ROUND_7_cry_0_CC_1:P[4] (f)
               +     0.415          cell: ADLIB:CC_CONFIG
  8.521                        FIC_0_PERIPHERALS_0/security_core_0/hash_core/un1_ROUND_7_cry_0_CC_1:CC[11] (r)
               +     0.000          net: NET_CC_CONFIG11231
  8.521                        FIC_0_PERIPHERALS_0/security_core_0/hash_core/un1_ROUND_7_cry_12:CC (r)
               +     0.063          cell: ADLIB:ARI1_CC
  8.584                        FIC_0_PERIPHERALS_0/security_core_0/hash_core/un1_ROUND_7_cry_12:S (r)
               +     0.469          net: FIC_0_PERIPHERALS_0/security_core_0/hash_core/un1_ROUND_7_Z[12]
  9.053                        FIC_0_PERIPHERALS_0/security_core_0/hash_core/un1_ROUND_7_cry_12_RNI6EUSPR1:B (r)
               +     0.156          cell: ADLIB:ARI1_CC
  9.209                        FIC_0_PERIPHERALS_0/security_core_0/hash_core/un1_ROUND_7_cry_12_RNI6EUSPR1:Y (r)
               +     0.066          net: FIC_0_PERIPHERALS_0/security_core_0/hash_core/un1_ROUND_7_cry_12_RNI6EUSPR1_Y
  9.275                        FIC_0_PERIPHERALS_0/security_core_0/hash_core/un1_ROUND_7_cry_13_RNIO5R5SE3:A (r)
               +     0.053          cell: ADLIB:ARI1_CC
  9.328                        FIC_0_PERIPHERALS_0/security_core_0/hash_core/un1_ROUND_7_cry_13_RNIO5R5SE3:P (r)
               +     0.015          net: NET_CC_CONFIG2985
  9.343                        FIC_0_PERIPHERALS_0/security_core_0/hash_core/un1_ROUND_7_cry_0_RNIO6M8J_CC_2:P[5] (r)
               +     0.343          cell: ADLIB:CC_CONFIG
  9.686                        FIC_0_PERIPHERALS_0/security_core_0/hash_core/un1_ROUND_7_cry_0_RNIO6M8J_CC_2:CC[11] (r)
               +     0.000          net: NET_CC_CONFIG3012
  9.686                        FIC_0_PERIPHERALS_0/security_core_0/hash_core/un1_ROUND_7_cry_16_RNINDT46H3:CC (r)
               +     0.063          cell: ADLIB:ARI1_CC
  9.749                        FIC_0_PERIPHERALS_0/security_core_0/hash_core/un1_ROUND_7_cry_16_RNINDT46H3:S (r)
               +     0.362          net: FIC_0_PERIPHERALS_0/security_core_0/hash_core/un1_ROUND_7_cry_16_RNINDT46H3_S
  10.111                       FIC_0_PERIPHERALS_0/security_core_0/hash_core/un8_T1__v[16]:B (r)
               +     0.053          cell: ADLIB:CFG3
  10.164                       FIC_0_PERIPHERALS_0/security_core_0/hash_core/un8_T1__v[16]:Y (r)
               +     0.394          net: FIC_0_PERIPHERALS_0/security_core_0/hash_core/CH[16]
  10.558                       FIC_0_PERIPHERALS_0/security_core_0/hash_core/un8_T1__v_RNI1O8AH02[16]:C (r)
               +     0.094          cell: ADLIB:ARI1_CC
  10.652                       FIC_0_PERIPHERALS_0/security_core_0/hash_core/un8_T1__v_RNI1O8AH02[16]:P (f)
               +     0.016          net: NET_CC_CONFIG10098
  10.668                       FIC_0_PERIPHERALS_0/security_core_0/hash_core/un8_T1__v_RNIPDA354[0]_CC_3:P[1] (f)
               +     0.432          cell: ADLIB:CC_CONFIG
  11.100                       FIC_0_PERIPHERALS_0/security_core_0/hash_core/un8_T1__v_RNIPDA354[0]_CC_3:CC[7] (r)
               +     0.000          net: NET_CC_CONFIG10125
  11.100                       FIC_0_PERIPHERALS_0/security_core_0/hash_core/un8_T1__v_RNIICO9P03[19]:CC (r)
               +     0.063          cell: ADLIB:ARI1_CC
  11.163                       FIC_0_PERIPHERALS_0/security_core_0/hash_core/un8_T1__v_RNIICO9P03[19]:S (r)
               +     0.411          net: FIC_0_PERIPHERALS_0/security_core_0/hash_core/un9_ROUND_8[19]
  11.574                       FIC_0_PERIPHERALS_0/security_core_0/hash_core/EP1_RNIAB08IB2[19]:B (r)
               +     0.090          cell: ADLIB:ARI1_CC
  11.664                       FIC_0_PERIPHERALS_0/security_core_0/hash_core/EP1_RNIAB08IB2[19]:Y (r)
               +     0.067          net: FIC_0_PERIPHERALS_0/security_core_0/hash_core/EP1_RNIAB08IB2_Y[19]
  11.731                       FIC_0_PERIPHERALS_0/security_core_0/hash_core/EP1_RNIMFOO763[20]:A (r)
               +     0.051          cell: ADLIB:ARI1_CC
  11.782                       FIC_0_PERIPHERALS_0/security_core_0/hash_core/EP1_RNIMFOO763[20]:P (f)
               +     0.015          net: NET_CC_CONFIG9532
  11.797                       FIC_0_PERIPHERALS_0/security_core_0/hash_core/EP1_RNI4STHF4[0]_CC_3:P[7] (f)
               +     0.424          cell: ADLIB:CC_CONFIG
  12.221                       FIC_0_PERIPHERALS_0/security_core_0/hash_core/EP1_RNI4STHF4[0]_CC_3:CC[11] (r)
               +     0.000          net: NET_CC_CONFIG9551
  12.221                       FIC_0_PERIPHERALS_0/security_core_0/hash_core/EP1_RNI5F2CBI3[22]:CC (r)
               +     0.063          cell: ADLIB:ARI1_CC
  12.284                       FIC_0_PERIPHERALS_0/security_core_0/hash_core/EP1_RNI5F2CBI3[22]:S (r)
               +     0.342          net: FIC_0_PERIPHERALS_0/security_core_0/hash_core/un9_ROUND_6[22]
  12.626                       FIC_0_PERIPHERALS_0/security_core_0/hash_core/MAJ_RNICHOB9O[22]:C (r)
               +     0.090          cell: ADLIB:ARI1_CC
  12.716                       FIC_0_PERIPHERALS_0/security_core_0/hash_core/MAJ_RNICHOB9O[22]:Y (r)
               +     0.067          net: FIC_0_PERIPHERALS_0/security_core_0/hash_core/MAJ_RNICHOB9O_Y[22]
  12.783                       FIC_0_PERIPHERALS_0/security_core_0/hash_core/MAJ_RNIJB7J192[23]:A (r)
               +     0.051          cell: ADLIB:ARI1_CC
  12.834                       FIC_0_PERIPHERALS_0/security_core_0/hash_core/MAJ_RNIJB7J192[23]:P (f)
               +     0.014          net: NET_CC_CONFIG9041
  12.848                       FIC_0_PERIPHERALS_0/security_core_0/hash_core/EP0_RNIV63NP4[0]_CC_3:P[11] (f)
               +     0.164          cell: ADLIB:CC_CONFIG
  13.012                       FIC_0_PERIPHERALS_0/security_core_0/hash_core/EP0_RNIV63NP4[0]_CC_3:CO (f)
               +     0.008          net: CI_TO_CO8855
  13.020                       FIC_0_PERIPHERALS_0/security_core_0/hash_core/EP0_RNIV63NP4[0]_CC_4:CI (f)
               +     0.223          cell: ADLIB:CC_CONFIG
  13.243                       FIC_0_PERIPHERALS_0/security_core_0/hash_core/EP0_RNIV63NP4[0]_CC_4:CC[11] (r)
               +     0.000          net: NET_CC_CONFIG9092
  13.243                       FIC_0_PERIPHERALS_0/security_core_0/hash_core/MAJ_RNIF69VO43[29]:CC (r)
               +     0.063          cell: ADLIB:ARI1_CC
  13.306                       FIC_0_PERIPHERALS_0/security_core_0/hash_core/MAJ_RNIF69VO43[29]:S (r)
               +     0.225          net: FIC_0_PERIPHERALS_0/security_core_0/hash_core/MAJ_RNIF69VO43_S[29]
  13.531                       FIC_0_PERIPHERALS_0/security_core_0/hash_core/a_7_3[29]:C (r)
               +     0.078          cell: ADLIB:CFG4
  13.609                       FIC_0_PERIPHERALS_0/security_core_0/hash_core/a_7_3[29]:Y (r)
               +     0.028          net: FIC_0_PERIPHERALS_0/security_core_0/hash_core/a_7[29]
  13.637                       FIC_0_PERIPHERALS_0/security_core_0/hash_core/a[29]:D (r)
                                    
  13.637                       data arrival time
  ________________________________________________________
  Data required time calculation
  8.000                        CLOCKS_AND_RESETS_0/CCC_FIC_x_CLK/PF_CCC_C0_0/pll_inst_0/OUT0
               +     0.000          Clock source
  8.000                        CLOCKS_AND_RESETS_0/CCC_FIC_x_CLK/PF_CCC_C0_0/pll_inst_0:OUT0 (r)
               +     3.885          Clock generation
  11.885                       
               +     0.249          net: CLOCKS_AND_RESETS_0/CCC_FIC_x_CLK/PF_CCC_C0_0/pll_inst_0_clkint_0
  12.134                       CLOCKS_AND_RESETS_0/CCC_FIC_x_CLK/PF_CCC_C0_0/clkint_0_1:A (r)
               +     0.211          cell: ADLIB:ICB_CLKINT
  12.345                       CLOCKS_AND_RESETS_0/CCC_FIC_x_CLK/PF_CCC_C0_0/clkint_0_1:Y (r)
               +     0.134          net: CLOCKS_AND_RESETS_0/CCC_FIC_x_CLK/PF_CCC_C0_0/clkint_0_NET
  12.479                       CLOCKS_AND_RESETS_0/CCC_FIC_x_CLK/PF_CCC_C0_0/clkint_0/U0_GB0:A (r)
               +     0.149          cell: ADLIB:GB
  12.628                       CLOCKS_AND_RESETS_0/CCC_FIC_x_CLK/PF_CCC_C0_0/clkint_0/U0_GB0:Y (r)
               +     0.376          net: CLOCKS_AND_RESETS_0/CCC_FIC_x_CLK/PF_CCC_C0_0/clkint_0/U0_gbs_1
  13.004                       CLOCKS_AND_RESETS_0/CCC_FIC_x_CLK/PF_CCC_C0_0/clkint_0/U0_RGB1_RGB8:A (r)
               +     0.052          cell: ADLIB:RGB
  13.056                       CLOCKS_AND_RESETS_0/CCC_FIC_x_CLK/PF_CCC_C0_0/clkint_0/U0_RGB1_RGB8:Y (f)
               +     0.436          net: CLOCKS_AND_RESETS_0/CCC_FIC_x_CLK/PF_CCC_C0_0/clkint_0/U0_RGB1_RGB8_rgb_net_1
  13.492                       FIC_0_PERIPHERALS_0/security_core_0/hash_core/a[29]:CLK (r)
               +     0.548          
  14.040                       clock reconvergence pessimism
               -     0.135          
  13.905                       clock jitter
               -     0.000          Library setup time: ADLIB:SLE
  13.905                       FIC_0_PERIPHERALS_0/security_core_0/hash_core/a[29]:D
                                    
  13.905                       data required time


Operating Conditions : slow_lv_ht

END SET Register to Register

----------------------------------------------------

SET External Setup

No Path 

END SET External Setup

----------------------------------------------------

SET Clock to Output

No Path 

END SET Clock to Output

----------------------------------------------------

SET Register to Asynchronous

Path 1
  From: CLOCKS_AND_RESETS_0/RESET_FIC_0_CLK/CORERESET_0/dff_15[0]_GB_DEMOTE:CLK
  To:   FIC_0_PERIPHERALS_0/security_core_0/hash_core/buffer[430]:ALn
  Delay (ns):              3.417
  Slack (ns):              4.109
  Arrival (ns):            9.512
  Required (ns):          13.621
  Recovery (ns):           0.209
  Minimum Period (ns):     3.756
  Skew (ns):               0.130
  Operating Conditions: slow_lv_ht

Path 2
  From: CLOCKS_AND_RESETS_0/RESET_FIC_0_CLK/CORERESET_0/dff_15[0]_GB_DEMOTE:CLK
  To:   FIC_0_PERIPHERALS_0/security_core_0/hash_core/W[6][14]:ALn
  Delay (ns):              3.417
  Slack (ns):              4.109
  Arrival (ns):            9.512
  Required (ns):          13.621
  Recovery (ns):           0.209
  Minimum Period (ns):     3.756
  Skew (ns):               0.130
  Operating Conditions: slow_lv_ht

Path 3
  From: CLOCKS_AND_RESETS_0/RESET_FIC_0_CLK/CORERESET_0/dff_15[0]_GB_DEMOTE:CLK
  To:   FIC_0_PERIPHERALS_0/security_core_0/hash_core/W[2][14]:ALn
  Delay (ns):              3.416
  Slack (ns):              4.110
  Arrival (ns):            9.511
  Required (ns):          13.621
  Recovery (ns):           0.209
  Minimum Period (ns):     3.755
  Skew (ns):               0.130
  Operating Conditions: slow_lv_ht

Path 4
  From: CLOCKS_AND_RESETS_0/RESET_FIC_0_CLK/CORERESET_0/dff_15[0]_GB_DEMOTE:CLK
  To:   FIC_0_PERIPHERALS_0/security_core_0/hash_core/W[10][14]:ALn
  Delay (ns):              3.416
  Slack (ns):              4.110
  Arrival (ns):            9.511
  Required (ns):          13.621
  Recovery (ns):           0.209
  Minimum Period (ns):     3.755
  Skew (ns):               0.130
  Operating Conditions: slow_lv_ht

Path 5
  From: CLOCKS_AND_RESETS_0/RESET_FIC_0_CLK/CORERESET_0/dff_15[0]_GB_DEMOTE:CLK
  To:   FIC_0_PERIPHERALS_0/security_core_0/aes_key[0][242]:ALn
  Delay (ns):              3.409
  Slack (ns):              4.111
  Arrival (ns):            9.504
  Required (ns):          13.615
  Recovery (ns):           0.209
  Minimum Period (ns):     3.754
  Skew (ns):               0.136
  Operating Conditions: slow_lv_ht


Expanded Path 1
  From: CLOCKS_AND_RESETS_0/RESET_FIC_0_CLK/CORERESET_0/dff_15[0]_GB_DEMOTE:CLK
  To: FIC_0_PERIPHERALS_0/security_core_0/hash_core/buffer[430]:ALn
  data required time                                 13.621
  data arrival time                          -        9.512
  slack                                               4.109
  ________________________________________________________
  Data arrival time calculation
  0.000                        CLOCKS_AND_RESETS_0/CCC_FIC_x_CLK/PF_CCC_C0_0/pll_inst_0/OUT0
               +     0.000          Clock source
  0.000                        CLOCKS_AND_RESETS_0/CCC_FIC_x_CLK/PF_CCC_C0_0/pll_inst_0:OUT0 (r)
               +     4.304          Clock generation
  4.304                        
               +     0.273          net: CLOCKS_AND_RESETS_0/CCC_FIC_x_CLK/PF_CCC_C0_0/pll_inst_0_clkint_0
  4.577                        CLOCKS_AND_RESETS_0/CCC_FIC_x_CLK/PF_CCC_C0_0/clkint_0_1:A (r)
               +     0.243          cell: ADLIB:ICB_CLKINT
  4.820                        CLOCKS_AND_RESETS_0/CCC_FIC_x_CLK/PF_CCC_C0_0/clkint_0_1:Y (r)
               +     0.148          net: CLOCKS_AND_RESETS_0/CCC_FIC_x_CLK/PF_CCC_C0_0/clkint_0_NET
  4.968                        CLOCKS_AND_RESETS_0/CCC_FIC_x_CLK/PF_CCC_C0_0/clkint_0:A (r)
               +     0.164          cell: ADLIB:GB
  5.132                        CLOCKS_AND_RESETS_0/CCC_FIC_x_CLK/PF_CCC_C0_0/clkint_0:Y (r)
               +     0.417          net: CLOCKS_AND_RESETS_0/CCC_FIC_x_CLK/PF_CCC_C0_0/clkint_0/U0_Y
  5.549                        CLOCKS_AND_RESETS_0/CCC_FIC_x_CLK/PF_CCC_C0_0/clkint_0/U0_RGB1_RGB7:A (r)
               +     0.058          cell: ADLIB:RGB
  5.607                        CLOCKS_AND_RESETS_0/CCC_FIC_x_CLK/PF_CCC_C0_0/clkint_0/U0_RGB1_RGB7:Y (f)
               +     0.488          net: CLOCKS_AND_RESETS_0/CCC_FIC_x_CLK/PF_CCC_C0_0/clkint_0/U0_RGB1_RGB7_rgb_net_1
  6.095                        CLOCKS_AND_RESETS_0/RESET_FIC_0_CLK/CORERESET_0/dff_15[0]_GB_DEMOTE:CLK (r)
               +     0.201          cell: ADLIB:SLE
  6.296                        CLOCKS_AND_RESETS_0/RESET_FIC_0_CLK/CORERESET_0/dff_15[0]_GB_DEMOTE:Q (r)
               +     2.123          net: CLOCKS_AND_RESETS_0/RESET_FIC_0_CLK/CORERESET_0/dff_15[0]_GB_DEMOTE_net
  8.419                        CLOCKS_AND_RESETS_0/RESET_FIC_0_CLK/CORERESET_0/dff_15_RNIJUDE1_0[0]/U0_GB0:A (r)
               +     0.140          cell: ADLIB:GB
  8.559                        CLOCKS_AND_RESETS_0/RESET_FIC_0_CLK/CORERESET_0/dff_15_RNIJUDE1_0[0]/U0_GB0:Y (r)
               +     0.406          net: CLOCKS_AND_RESETS_0/RESET_FIC_0_CLK/CORERESET_0/dff_15_RNIJUDE1_0[0]/U0_gbs_1
  8.965                        CLOCKS_AND_RESETS_0/RESET_FIC_0_CLK/CORERESET_0/dff_15_RNIJUDE1_0[0]/U0_RGB1_RGB11:A (r)
               +     0.058          cell: ADLIB:RGB
  9.023                        CLOCKS_AND_RESETS_0/RESET_FIC_0_CLK/CORERESET_0/dff_15_RNIJUDE1_0[0]/U0_RGB1_RGB11:Y (f)
               +     0.489          net: CLOCKS_AND_RESETS_0/RESET_FIC_0_CLK/CORERESET_0/dff_15_RNIJUDE1_0[0]/U0_RGB1_RGB11_rgb_net_1
  9.512                        FIC_0_PERIPHERALS_0/security_core_0/hash_core/buffer[430]:ALn (r)
                                    
  9.512                        data arrival time
  ________________________________________________________
  Data required time calculation
  8.000                        CLOCKS_AND_RESETS_0/CCC_FIC_x_CLK/PF_CCC_C0_0/pll_inst_0/OUT0
               +     0.000          Clock source
  8.000                        CLOCKS_AND_RESETS_0/CCC_FIC_x_CLK/PF_CCC_C0_0/pll_inst_0:OUT0 (r)
               +     3.885          Clock generation
  11.885                       
               +     0.249          net: CLOCKS_AND_RESETS_0/CCC_FIC_x_CLK/PF_CCC_C0_0/pll_inst_0_clkint_0
  12.134                       CLOCKS_AND_RESETS_0/CCC_FIC_x_CLK/PF_CCC_C0_0/clkint_0_1:A (r)
               +     0.211          cell: ADLIB:ICB_CLKINT
  12.345                       CLOCKS_AND_RESETS_0/CCC_FIC_x_CLK/PF_CCC_C0_0/clkint_0_1:Y (r)
               +     0.134          net: CLOCKS_AND_RESETS_0/CCC_FIC_x_CLK/PF_CCC_C0_0/clkint_0_NET
  12.479                       CLOCKS_AND_RESETS_0/CCC_FIC_x_CLK/PF_CCC_C0_0/clkint_0/U0_GB0:A (r)
               +     0.149          cell: ADLIB:GB
  12.628                       CLOCKS_AND_RESETS_0/CCC_FIC_x_CLK/PF_CCC_C0_0/clkint_0/U0_GB0:Y (r)
               +     0.374          net: CLOCKS_AND_RESETS_0/CCC_FIC_x_CLK/PF_CCC_C0_0/clkint_0/U0_gbs_1
  13.002                       CLOCKS_AND_RESETS_0/CCC_FIC_x_CLK/PF_CCC_C0_0/clkint_0/U0_RGB1_RGB11:A (r)
               +     0.052          cell: ADLIB:RGB
  13.054                       CLOCKS_AND_RESETS_0/CCC_FIC_x_CLK/PF_CCC_C0_0/clkint_0/U0_RGB1_RGB11:Y (f)
               +     0.422          net: CLOCKS_AND_RESETS_0/CCC_FIC_x_CLK/PF_CCC_C0_0/clkint_0/U0_RGB1_RGB11_rgb_net_1
  13.476                       FIC_0_PERIPHERALS_0/security_core_0/hash_core/buffer[430]:CLK (r)
               +     0.489          
  13.965                       clock reconvergence pessimism
               -     0.135          
  13.830                       clock jitter
               -     0.209          Library recovery time: ADLIB:SLE
  13.621                       FIC_0_PERIPHERALS_0/security_core_0/hash_core/buffer[430]:ALn
                                    
  13.621                       data required time


Operating Conditions : slow_lv_ht

END SET Register to Asynchronous

----------------------------------------------------

SET External Recovery

Path 1
  From: SWITCH2
  To:   CLOCKS_AND_RESETS_0/RESET_FIC_0_CLK/CORERESET_0/dff_15[0]_GB_DEMOTE:ALn
  Delay (ns):              7.410
  Arrival (ns):            7.410
  Recovery (ns):           0.196
  External Recovery (ns):   2.253
  Operating Conditions: slow_lv_ht

Path 2
  From: SWITCH2
  To:   CLOCKS_AND_RESETS_0/RESET_FIC_0_CLK/CORERESET_0/dff_14[0]:ALn
  Delay (ns):              7.402
  Arrival (ns):            7.402
  Recovery (ns):           0.209
  External Recovery (ns):   2.249
  Operating Conditions: slow_lv_ht

Path 3
  From: SWITCH2
  To:   CLOCKS_AND_RESETS_0/RESET_FIC_0_CLK/CORERESET_0/dff_13[0]:ALn
  Delay (ns):              7.402
  Arrival (ns):            7.402
  Recovery (ns):           0.209
  External Recovery (ns):   2.249
  Operating Conditions: slow_lv_ht

Path 4
  From: SWITCH2
  To:   CLOCKS_AND_RESETS_0/RESET_FIC_0_CLK/CORERESET_0/dff_12[0]:ALn
  Delay (ns):              7.402
  Arrival (ns):            7.402
  Recovery (ns):           0.209
  External Recovery (ns):   2.249
  Operating Conditions: slow_lv_ht

Path 5
  From: SWITCH2
  To:   CLOCKS_AND_RESETS_0/RESET_FIC_0_CLK/CORERESET_0/dff_15[0]:ALn
  Delay (ns):              7.317
  Arrival (ns):            7.317
  Recovery (ns):           0.196
  External Recovery (ns):   2.167
  Operating Conditions: slow_lv_ht


Expanded Path 1
  From: SWITCH2
  To: CLOCKS_AND_RESETS_0/RESET_FIC_0_CLK/CORERESET_0/dff_15[0]_GB_DEMOTE:ALn
  data required time                                    N/C
  data arrival time                          -        7.410
  slack                                                 N/C
  ________________________________________________________
  Data arrival time calculation
  0.000                        SWITCH2 (r)
               +     0.000          net: SWITCH2
  0.000                        SWITCH2_ibuf/U_IOPAD:PAD (r)
               +     0.610          cell: ADLIB:IOPAD_IN
  0.610                        SWITCH2_ibuf/U_IOPAD:Y (r)
               +     0.000          net: SWITCH2_ibuf/YIN
  0.610                        SWITCH2_ibuf/U_IOIN:YIN (r)
               +     0.336          cell: ADLIB:IOIN_IB_E
  0.946                        SWITCH2_ibuf/U_IOIN:Y (r)
               +     4.282          net: SWITCH2_c
  5.228                        CLOCKS_AND_RESETS_0/AND3_0:A (r)
               +     0.171          cell: ADLIB:CFG3
  5.399                        CLOCKS_AND_RESETS_0/AND3_0:Y (r)
               +     0.064          net: CLOCKS_AND_RESETS_0/AND3_0_Y
  5.463                        CLOCKS_AND_RESETS_0/RESET_FIC_0_CLK/CORERESET_0/un1_EXT_RST_N_2:C (r)
               +     0.078          cell: ADLIB:CFG3
  5.541                        CLOCKS_AND_RESETS_0/RESET_FIC_0_CLK/CORERESET_0/un1_EXT_RST_N_2:Y (r)
               +     1.869          net: CLOCKS_AND_RESETS_0/un1_EXT_RST_N_2
  7.410                        CLOCKS_AND_RESETS_0/RESET_FIC_0_CLK/CORERESET_0/dff_15[0]_GB_DEMOTE:ALn (r)
                                    
  7.410                        data arrival time
  ________________________________________________________
  Data required time calculation
  N/C                          CLOCKS_AND_RESETS_0/CCC_FIC_x_CLK/PF_CCC_C0_0/pll_inst_0/OUT0
               +     0.000          Clock source
  N/C                          CLOCKS_AND_RESETS_0/CCC_FIC_x_CLK/PF_CCC_C0_0/pll_inst_0:OUT0 (r)
               +     3.885          Clock generation
  N/C                          
               +     0.249          net: CLOCKS_AND_RESETS_0/CCC_FIC_x_CLK/PF_CCC_C0_0/pll_inst_0_clkint_0
  N/C                          CLOCKS_AND_RESETS_0/CCC_FIC_x_CLK/PF_CCC_C0_0/clkint_0_1:A (r)
               +     0.211          cell: ADLIB:ICB_CLKINT
  N/C                          CLOCKS_AND_RESETS_0/CCC_FIC_x_CLK/PF_CCC_C0_0/clkint_0_1:Y (r)
               +     0.134          net: CLOCKS_AND_RESETS_0/CCC_FIC_x_CLK/PF_CCC_C0_0/clkint_0_NET
  N/C                          CLOCKS_AND_RESETS_0/CCC_FIC_x_CLK/PF_CCC_C0_0/clkint_0:A (r)
               +     0.149          cell: ADLIB:GB
  N/C                          CLOCKS_AND_RESETS_0/CCC_FIC_x_CLK/PF_CCC_C0_0/clkint_0:Y (r)
               +     0.377          net: CLOCKS_AND_RESETS_0/CCC_FIC_x_CLK/PF_CCC_C0_0/clkint_0/U0_Y
  N/C                          CLOCKS_AND_RESETS_0/CCC_FIC_x_CLK/PF_CCC_C0_0/clkint_0/U0_RGB1_RGB7:A (r)
               +     0.052          cell: ADLIB:RGB
  N/C                          CLOCKS_AND_RESETS_0/CCC_FIC_x_CLK/PF_CCC_C0_0/clkint_0/U0_RGB1_RGB7:Y (f)
               +     0.431          net: CLOCKS_AND_RESETS_0/CCC_FIC_x_CLK/PF_CCC_C0_0/clkint_0/U0_RGB1_RGB7_rgb_net_1
  N/C                          CLOCKS_AND_RESETS_0/RESET_FIC_0_CLK/CORERESET_0/dff_15[0]_GB_DEMOTE:CLK (r)
               -     0.135          
  N/C                          clock jitter
               -     0.196          Library recovery time: ADLIB:SLE
  N/C                          CLOCKS_AND_RESETS_0/RESET_FIC_0_CLK/CORERESET_0/dff_15[0]_GB_DEMOTE:ALn


Operating Conditions : slow_lv_ht

END SET External Recovery

----------------------------------------------------

SET Asynchronous to Register

No Path 

END SET Asynchronous to Register

----------------------------------------------------

SET FIC_0_PERIPHERALS_0/security_core_0/rng/neoTRNG_0/entropy_cell_gen.0.neoTRNG_cell_inst/sreg_0[0]:Q to CLOCKS_AND_RESETS_0/CCC_FIC_x_CLK/PF_CCC_C0_0/pll_inst_0/OUT0

No Path 

END SET FIC_0_PERIPHERALS_0/security_core_0/rng/neoTRNG_0/entropy_cell_gen.0.neoTRNG_cell_inst/sreg_0[0]:Q to CLOCKS_AND_RESETS_0/CCC_FIC_x_CLK/PF_CCC_C0_0/pll_inst_0/OUT0

----------------------------------------------------

SET FIC_0_PERIPHERALS_0/security_core_0/rng/neoTRNG_0/entropy_cell_gen.0.neoTRNG_cell_inst/sreg_1[0]:Q to CLOCKS_AND_RESETS_0/CCC_FIC_x_CLK/PF_CCC_C0_0/pll_inst_0/OUT0

No Path 

END SET FIC_0_PERIPHERALS_0/security_core_0/rng/neoTRNG_0/entropy_cell_gen.0.neoTRNG_cell_inst/sreg_1[0]:Q to CLOCKS_AND_RESETS_0/CCC_FIC_x_CLK/PF_CCC_C0_0/pll_inst_0/OUT0

----------------------------------------------------

SET FIC_0_PERIPHERALS_0/security_core_0/rng/neoTRNG_0/entropy_cell_gen.0.neoTRNG_cell_inst/sreg_2[0]:Q to CLOCKS_AND_RESETS_0/CCC_FIC_x_CLK/PF_CCC_C0_0/pll_inst_0/OUT0

No Path 

END SET FIC_0_PERIPHERALS_0/security_core_0/rng/neoTRNG_0/entropy_cell_gen.0.neoTRNG_cell_inst/sreg_2[0]:Q to CLOCKS_AND_RESETS_0/CCC_FIC_x_CLK/PF_CCC_C0_0/pll_inst_0/OUT0

----------------------------------------------------

SET FIC_0_PERIPHERALS_0/security_core_0/rng/neoTRNG_0/entropy_cell_gen.0.neoTRNG_cell_inst/sreg_3[0]:Q to CLOCKS_AND_RESETS_0/CCC_FIC_x_CLK/PF_CCC_C0_0/pll_inst_0/OUT0

No Path 

END SET FIC_0_PERIPHERALS_0/security_core_0/rng/neoTRNG_0/entropy_cell_gen.0.neoTRNG_cell_inst/sreg_3[0]:Q to CLOCKS_AND_RESETS_0/CCC_FIC_x_CLK/PF_CCC_C0_0/pll_inst_0/OUT0

----------------------------------------------------

SET FIC_0_PERIPHERALS_0/security_core_0/rng/neoTRNG_0/entropy_cell_gen.0.neoTRNG_cell_inst/sreg_4[0]:Q to CLOCKS_AND_RESETS_0/CCC_FIC_x_CLK/PF_CCC_C0_0/pll_inst_0/OUT0

No Path 

END SET FIC_0_PERIPHERALS_0/security_core_0/rng/neoTRNG_0/entropy_cell_gen.0.neoTRNG_cell_inst/sreg_4[0]:Q to CLOCKS_AND_RESETS_0/CCC_FIC_x_CLK/PF_CCC_C0_0/pll_inst_0/OUT0

----------------------------------------------------

SET FIC_0_PERIPHERALS_0/security_core_0/rng/neoTRNG_0/entropy_cell_gen.1.neoTRNG_cell_inst/sreg_0[0]:Q to CLOCKS_AND_RESETS_0/CCC_FIC_x_CLK/PF_CCC_C0_0/pll_inst_0/OUT0

No Path 

END SET FIC_0_PERIPHERALS_0/security_core_0/rng/neoTRNG_0/entropy_cell_gen.1.neoTRNG_cell_inst/sreg_0[0]:Q to CLOCKS_AND_RESETS_0/CCC_FIC_x_CLK/PF_CCC_C0_0/pll_inst_0/OUT0

----------------------------------------------------

SET FIC_0_PERIPHERALS_0/security_core_0/rng/neoTRNG_0/entropy_cell_gen.1.neoTRNG_cell_inst/sreg_1[0]:Q to CLOCKS_AND_RESETS_0/CCC_FIC_x_CLK/PF_CCC_C0_0/pll_inst_0/OUT0

No Path 

END SET FIC_0_PERIPHERALS_0/security_core_0/rng/neoTRNG_0/entropy_cell_gen.1.neoTRNG_cell_inst/sreg_1[0]:Q to CLOCKS_AND_RESETS_0/CCC_FIC_x_CLK/PF_CCC_C0_0/pll_inst_0/OUT0

----------------------------------------------------

SET FIC_0_PERIPHERALS_0/security_core_0/rng/neoTRNG_0/entropy_cell_gen.1.neoTRNG_cell_inst/sreg_2[0]:Q to CLOCKS_AND_RESETS_0/CCC_FIC_x_CLK/PF_CCC_C0_0/pll_inst_0/OUT0

No Path 

END SET FIC_0_PERIPHERALS_0/security_core_0/rng/neoTRNG_0/entropy_cell_gen.1.neoTRNG_cell_inst/sreg_2[0]:Q to CLOCKS_AND_RESETS_0/CCC_FIC_x_CLK/PF_CCC_C0_0/pll_inst_0/OUT0

----------------------------------------------------

SET FIC_0_PERIPHERALS_0/security_core_0/rng/neoTRNG_0/entropy_cell_gen.1.neoTRNG_cell_inst/sreg_3[0]:Q to CLOCKS_AND_RESETS_0/CCC_FIC_x_CLK/PF_CCC_C0_0/pll_inst_0/OUT0

No Path 

END SET FIC_0_PERIPHERALS_0/security_core_0/rng/neoTRNG_0/entropy_cell_gen.1.neoTRNG_cell_inst/sreg_3[0]:Q to CLOCKS_AND_RESETS_0/CCC_FIC_x_CLK/PF_CCC_C0_0/pll_inst_0/OUT0

----------------------------------------------------

SET FIC_0_PERIPHERALS_0/security_core_0/rng/neoTRNG_0/entropy_cell_gen.1.neoTRNG_cell_inst/sreg_4[0]:Q to CLOCKS_AND_RESETS_0/CCC_FIC_x_CLK/PF_CCC_C0_0/pll_inst_0/OUT0

No Path 

END SET FIC_0_PERIPHERALS_0/security_core_0/rng/neoTRNG_0/entropy_cell_gen.1.neoTRNG_cell_inst/sreg_4[0]:Q to CLOCKS_AND_RESETS_0/CCC_FIC_x_CLK/PF_CCC_C0_0/pll_inst_0/OUT0

----------------------------------------------------

SET FIC_0_PERIPHERALS_0/security_core_0/rng/neoTRNG_0/entropy_cell_gen.1.neoTRNG_cell_inst/sreg_5[0]:Q to CLOCKS_AND_RESETS_0/CCC_FIC_x_CLK/PF_CCC_C0_0/pll_inst_0/OUT0

No Path 

END SET FIC_0_PERIPHERALS_0/security_core_0/rng/neoTRNG_0/entropy_cell_gen.1.neoTRNG_cell_inst/sreg_5[0]:Q to CLOCKS_AND_RESETS_0/CCC_FIC_x_CLK/PF_CCC_C0_0/pll_inst_0/OUT0

----------------------------------------------------

SET FIC_0_PERIPHERALS_0/security_core_0/rng/neoTRNG_0/entropy_cell_gen.1.neoTRNG_cell_inst/sreg_6[0]:Q to CLOCKS_AND_RESETS_0/CCC_FIC_x_CLK/PF_CCC_C0_0/pll_inst_0/OUT0

No Path 

END SET FIC_0_PERIPHERALS_0/security_core_0/rng/neoTRNG_0/entropy_cell_gen.1.neoTRNG_cell_inst/sreg_6[0]:Q to CLOCKS_AND_RESETS_0/CCC_FIC_x_CLK/PF_CCC_C0_0/pll_inst_0/OUT0

----------------------------------------------------

SET FIC_0_PERIPHERALS_0/security_core_0/rng/neoTRNG_0/entropy_cell_gen.2.neoTRNG_cell_inst/sreg_0[0]:Q to CLOCKS_AND_RESETS_0/CCC_FIC_x_CLK/PF_CCC_C0_0/pll_inst_0/OUT0

No Path 

END SET FIC_0_PERIPHERALS_0/security_core_0/rng/neoTRNG_0/entropy_cell_gen.2.neoTRNG_cell_inst/sreg_0[0]:Q to CLOCKS_AND_RESETS_0/CCC_FIC_x_CLK/PF_CCC_C0_0/pll_inst_0/OUT0

----------------------------------------------------

SET FIC_0_PERIPHERALS_0/security_core_0/rng/neoTRNG_0/entropy_cell_gen.2.neoTRNG_cell_inst/sreg_1[0]:Q to CLOCKS_AND_RESETS_0/CCC_FIC_x_CLK/PF_CCC_C0_0/pll_inst_0/OUT0

No Path 

END SET FIC_0_PERIPHERALS_0/security_core_0/rng/neoTRNG_0/entropy_cell_gen.2.neoTRNG_cell_inst/sreg_1[0]:Q to CLOCKS_AND_RESETS_0/CCC_FIC_x_CLK/PF_CCC_C0_0/pll_inst_0/OUT0

----------------------------------------------------

SET FIC_0_PERIPHERALS_0/security_core_0/rng/neoTRNG_0/entropy_cell_gen.2.neoTRNG_cell_inst/sreg_2[0]:Q to CLOCKS_AND_RESETS_0/CCC_FIC_x_CLK/PF_CCC_C0_0/pll_inst_0/OUT0

No Path 

END SET FIC_0_PERIPHERALS_0/security_core_0/rng/neoTRNG_0/entropy_cell_gen.2.neoTRNG_cell_inst/sreg_2[0]:Q to CLOCKS_AND_RESETS_0/CCC_FIC_x_CLK/PF_CCC_C0_0/pll_inst_0/OUT0

----------------------------------------------------

SET FIC_0_PERIPHERALS_0/security_core_0/rng/neoTRNG_0/entropy_cell_gen.2.neoTRNG_cell_inst/sreg_3[0]:Q to CLOCKS_AND_RESETS_0/CCC_FIC_x_CLK/PF_CCC_C0_0/pll_inst_0/OUT0

No Path 

END SET FIC_0_PERIPHERALS_0/security_core_0/rng/neoTRNG_0/entropy_cell_gen.2.neoTRNG_cell_inst/sreg_3[0]:Q to CLOCKS_AND_RESETS_0/CCC_FIC_x_CLK/PF_CCC_C0_0/pll_inst_0/OUT0

----------------------------------------------------

SET FIC_0_PERIPHERALS_0/security_core_0/rng/neoTRNG_0/entropy_cell_gen.2.neoTRNG_cell_inst/sreg_4[0]:Q to CLOCKS_AND_RESETS_0/CCC_FIC_x_CLK/PF_CCC_C0_0/pll_inst_0/OUT0

No Path 

END SET FIC_0_PERIPHERALS_0/security_core_0/rng/neoTRNG_0/entropy_cell_gen.2.neoTRNG_cell_inst/sreg_4[0]:Q to CLOCKS_AND_RESETS_0/CCC_FIC_x_CLK/PF_CCC_C0_0/pll_inst_0/OUT0

----------------------------------------------------

SET FIC_0_PERIPHERALS_0/security_core_0/rng/neoTRNG_0/entropy_cell_gen.2.neoTRNG_cell_inst/sreg_5[0]:Q to CLOCKS_AND_RESETS_0/CCC_FIC_x_CLK/PF_CCC_C0_0/pll_inst_0/OUT0

No Path 

END SET FIC_0_PERIPHERALS_0/security_core_0/rng/neoTRNG_0/entropy_cell_gen.2.neoTRNG_cell_inst/sreg_5[0]:Q to CLOCKS_AND_RESETS_0/CCC_FIC_x_CLK/PF_CCC_C0_0/pll_inst_0/OUT0

----------------------------------------------------

SET FIC_0_PERIPHERALS_0/security_core_0/rng/neoTRNG_0/entropy_cell_gen.2.neoTRNG_cell_inst/sreg_6[0]:Q to CLOCKS_AND_RESETS_0/CCC_FIC_x_CLK/PF_CCC_C0_0/pll_inst_0/OUT0

No Path 

END SET FIC_0_PERIPHERALS_0/security_core_0/rng/neoTRNG_0/entropy_cell_gen.2.neoTRNG_cell_inst/sreg_6[0]:Q to CLOCKS_AND_RESETS_0/CCC_FIC_x_CLK/PF_CCC_C0_0/pll_inst_0/OUT0

----------------------------------------------------

SET FIC_0_PERIPHERALS_0/security_core_0/rng/neoTRNG_0/entropy_cell_gen.2.neoTRNG_cell_inst/sreg_7[0]:Q to CLOCKS_AND_RESETS_0/CCC_FIC_x_CLK/PF_CCC_C0_0/pll_inst_0/OUT0

No Path 

END SET FIC_0_PERIPHERALS_0/security_core_0/rng/neoTRNG_0/entropy_cell_gen.2.neoTRNG_cell_inst/sreg_7[0]:Q to CLOCKS_AND_RESETS_0/CCC_FIC_x_CLK/PF_CCC_C0_0/pll_inst_0/OUT0

----------------------------------------------------

SET FIC_0_PERIPHERALS_0/security_core_0/rng/neoTRNG_0/entropy_cell_gen.2.neoTRNG_cell_inst/sreg_8[0]:Q to CLOCKS_AND_RESETS_0/CCC_FIC_x_CLK/PF_CCC_C0_0/pll_inst_0/OUT0

No Path 

END SET FIC_0_PERIPHERALS_0/security_core_0/rng/neoTRNG_0/entropy_cell_gen.2.neoTRNG_cell_inst/sreg_8[0]:Q to CLOCKS_AND_RESETS_0/CCC_FIC_x_CLK/PF_CCC_C0_0/pll_inst_0/OUT0

----------------------------------------------------

Clock Domain CLOCKS_AND_RESETS_0/CCC_FIC_x_CLK/PF_CCC_C0_0/pll_inst_0/OUT3

SET Register to Register

Path 1
  From: MSS_WRAPPER_0/MPFS_DISCOVERY_KIT_MSS_0/I_MSS:FIC_3_PCLK
  To:   MSS_WRAPPER_0/MPFS_DISCOVERY_KIT_MSS_0/I_MSS:FIC_3_APB_M_PRDATA[3]
  Delay (ns):              7.499
  Slack (ns):              2.464
  Arrival (ns):           14.504
  Required (ns):          16.968
  Setup (ns):             -0.149
  Minimum Period (ns):    14.802
  Operating Conditions: slow_lv_ht

Path 2
  From: MSS_WRAPPER_0/MPFS_DISCOVERY_KIT_MSS_0/I_MSS:FIC_3_PCLK
  To:   MSS_WRAPPER_0/MPFS_DISCOVERY_KIT_MSS_0/I_MSS:FIC_3_APB_M_PRDATA[0]
  Delay (ns):              7.398
  Slack (ns):              2.589
  Arrival (ns):           14.403
  Required (ns):          16.992
  Setup (ns):             -0.173
  Minimum Period (ns):    14.552
  Operating Conditions: slow_lv_ht

Path 3
  From: MSS_WRAPPER_0/MPFS_DISCOVERY_KIT_MSS_0/I_MSS:FIC_3_PCLK
  To:   MSS_WRAPPER_0/MPFS_DISCOVERY_KIT_MSS_0/I_MSS:FIC_3_APB_M_PRDATA[1]
  Delay (ns):              7.353
  Slack (ns):              2.611
  Arrival (ns):           14.358
  Required (ns):          16.969
  Setup (ns):             -0.150
  Minimum Period (ns):    14.508
  Operating Conditions: slow_lv_ht

Path 4
  From: MSS_WRAPPER_0/MPFS_DISCOVERY_KIT_MSS_0/I_MSS:FIC_3_PCLK
  To:   MSS_WRAPPER_0/MPFS_DISCOVERY_KIT_MSS_0/I_MSS:FIC_3_APB_M_PRDATA[2]
  Delay (ns):              7.261
  Slack (ns):              2.658
  Arrival (ns):           14.266
  Required (ns):          16.924
  Setup (ns):             -0.105
  Minimum Period (ns):    14.414
  Operating Conditions: slow_lv_ht

Path 5
  From: MSS_WRAPPER_0/MPFS_DISCOVERY_KIT_MSS_0/I_MSS:FIC_3_PCLK
  To:   MSS_WRAPPER_0/MPFS_DISCOVERY_KIT_MSS_0/I_MSS:FIC_3_APB_M_PRDATA[4]
  Delay (ns):              7.253
  Slack (ns):              2.705
  Arrival (ns):           14.258
  Required (ns):          16.963
  Setup (ns):             -0.144
  Minimum Period (ns):    14.320
  Operating Conditions: slow_lv_ht


Expanded Path 1
  From: MSS_WRAPPER_0/MPFS_DISCOVERY_KIT_MSS_0/I_MSS:FIC_3_PCLK
  To: MSS_WRAPPER_0/MPFS_DISCOVERY_KIT_MSS_0/I_MSS:FIC_3_APB_M_PRDATA[3]
  data required time                                 16.968
  data arrival time                          -       14.504
  slack                                               2.464
  ________________________________________________________
  Data arrival time calculation
  0.000                        CLOCKS_AND_RESETS_0/CCC_FIC_x_CLK/PF_CCC_C0_0/pll_inst_0/OUT3
               +     0.000          Clock source
  0.000                        CLOCKS_AND_RESETS_0/CCC_FIC_x_CLK/PF_CCC_C0_0/pll_inst_0:OUT3 (r)
               +     4.314          Clock generation
  4.314                        
               +     0.959          net: CLOCKS_AND_RESETS_0/CCC_FIC_x_CLK/PF_CCC_C0_0/pll_inst_0_clkint_12
  5.273                        CLOCKS_AND_RESETS_0/CCC_FIC_x_CLK/PF_CCC_C0_0/clkint_12_1:A (r)
               +     0.243          cell: ADLIB:ICB_CLKINT
  5.516                        CLOCKS_AND_RESETS_0/CCC_FIC_x_CLK/PF_CCC_C0_0/clkint_12_1:Y (r)
               +     0.145          net: CLOCKS_AND_RESETS_0/CCC_FIC_x_CLK/PF_CCC_C0_0/clkint_12_NET
  5.661                        CLOCKS_AND_RESETS_0/CCC_FIC_x_CLK/PF_CCC_C0_0/clkint_12:A (r)
               +     0.163          cell: ADLIB:GB
  5.824                        CLOCKS_AND_RESETS_0/CCC_FIC_x_CLK/PF_CCC_C0_0/clkint_12:Y (r)
               +     0.410          net: CLOCKS_AND_RESETS_0/CCC_FIC_x_CLK/PF_CCC_C0_0/clkint_12/U0_Y
  6.234                        CLOCKS_AND_RESETS_0/CCC_FIC_x_CLK/PF_CCC_C0_0/clkint_12/U0_RGB1_RGB1:A (r)
               +     0.058          cell: ADLIB:RGB
  6.292                        CLOCKS_AND_RESETS_0/CCC_FIC_x_CLK/PF_CCC_C0_0/clkint_12/U0_RGB1_RGB1:Y (f)
               +     0.713          net: CLOCKS_AND_RESETS_0/CCC_FIC_x_CLK/PF_CCC_C0_0/clkint_12/U0_RGB1_RGB1_rgb_net_1
  7.005                        MSS_WRAPPER_0/MPFS_DISCOVERY_KIT_MSS_0/I_MSS:FIC_3_PCLK (r)
               +     1.768          cell: ADLIB:MSS
  8.773                        MSS_WRAPPER_0/MPFS_DISCOVERY_KIT_MSS_0/I_MSS:FIC_3_APB_M_PADDR[24] (f)
               +     1.136          net: MSS_WRAPPER_0_FIC_3_APB_INITIATOR_PADDR[24]
  9.909                        FIC_3_PERIPHERALS_0/FIC_3_ADDRESS_GENERATION_1/FIC_3_0x4xxx_xxxx_0/FIC_3_0x4xxx_xxxx_0/iPSELS_raw_2_2_0_.m2:C (f)
               +     0.136          cell: ADLIB:CFG3
  10.045                       FIC_3_PERIPHERALS_0/FIC_3_ADDRESS_GENERATION_1/FIC_3_0x4xxx_xxxx_0/FIC_3_0x4xxx_xxxx_0/iPSELS_raw_2_2_0_.m2:Y (r)
               +     0.078          net: FIC_3_PERIPHERALS_0/FIC_3_ADDRESS_GENERATION_1/FIC_3_0x4xxx_xxxx_0/FIC_3_0x4xxx_xxxx_0/N_9_mux
  10.123                       FIC_3_PERIPHERALS_0/FIC_3_ADDRESS_GENERATION_1/FIC_3_0x4xxx_xxxx_0/FIC_3_0x4xxx_xxxx_0/iPSELS[0]:D (r)
               +     0.078          cell: ADLIB:CFG4
  10.201                       FIC_3_PERIPHERALS_0/FIC_3_ADDRESS_GENERATION_1/FIC_3_0x4xxx_xxxx_0/FIC_3_0x4xxx_xxxx_0/iPSELS[0]:Y (r)
               +     0.643          net: FIC_3_PERIPHERALS_0/FIC_3_0x4xxx_xxxx_0_APBmslave0_PSELx
  10.844                       FIC_3_PERIPHERALS_0/COREGPIO_C0/GPIO_0/xhdl1.GEN_BITS[4].REG_GEN.CONFIG_reg[4]2_2_0_0_a2_0_i_o3:A (r)
               +     0.073          cell: ADLIB:CFG2
  10.917                       FIC_3_PERIPHERALS_0/COREGPIO_C0/GPIO_0/xhdl1.GEN_BITS[4].REG_GEN.CONFIG_reg[4]2_2_0_0_a2_0_i_o3:Y (f)
               +     0.077          net: FIC_3_PERIPHERALS_0/N_406
  10.994                       FIC_3_PERIPHERALS_0/CoreUARTapb_C0_0/CoreUARTapb_C0_0/p_CtrlReg1Seq.controlReg15_1_0_o2:A (f)
               +     0.134          cell: ADLIB:CFG2
  11.128                       FIC_3_PERIPHERALS_0/CoreUARTapb_C0_0/CoreUARTapb_C0_0/p_CtrlReg1Seq.controlReg15_1_0_o2:Y (f)
               +     0.132          net: FIC_3_PERIPHERALS_0/N_412
  11.260                       FIC_3_PERIPHERALS_0/FIC_3_ADDRESS_GENERATION_1/FIC_3_0x4000_0xxx_0/FIC_3_0x4000_0xxx_0/iPSELS_0_a3[3]:B (f)
               +     0.071          cell: ADLIB:CFG3
  11.331                       FIC_3_PERIPHERALS_0/FIC_3_ADDRESS_GENERATION_1/FIC_3_0x4000_0xxx_0/FIC_3_0x4000_0xxx_0/iPSELS_0_a3[3]:Y (r)
               +     0.092          net: FIC_3_PERIPHERALS_0/FIC_3_ADDRESS_GENERATION_1_FIC_3_0x4000_03xx_PSELx
  11.423                       FIC_3_PERIPHERALS_0/FIC_3_ADDRESS_GENERATION_1/FIC_3_0x4000_0xxx_0/FIC_3_0x4000_0xxx_0/u_mux_p_to_b3/PSELSBUS[1]:A (r)
               +     0.078          cell: ADLIB:CFG2
  11.501                       FIC_3_PERIPHERALS_0/FIC_3_ADDRESS_GENERATION_1/FIC_3_0x4000_0xxx_0/FIC_3_0x4000_0xxx_0/u_mux_p_to_b3/PSELSBUS[1]:Y (r)
               +     0.242          net: FIC_3_PERIPHERALS_0/FIC_3_ADDRESS_GENERATION_1/FIC_3_0x4000_0xxx_0/FIC_3_0x4000_0xxx_0/u_mux_p_to_b3/PSELSBUS_Z[1]
  11.743                       FIC_3_PERIPHERALS_0/FIC_3_ADDRESS_GENERATION_1/FIC_3_0x4000_0xxx_0/FIC_3_0x4000_0xxx_0/u_mux_p_to_b3/iPRDATA29:B (r)
               +     0.135          cell: ADLIB:CFG3
  11.878                       FIC_3_PERIPHERALS_0/FIC_3_ADDRESS_GENERATION_1/FIC_3_0x4000_0xxx_0/FIC_3_0x4000_0xxx_0/u_mux_p_to_b3/iPRDATA29:Y (r)
               +     0.653          net: FIC_3_PERIPHERALS_0/FIC_3_ADDRESS_GENERATION_1/FIC_3_0x4000_0xxx_0/FIC_3_0x4000_0xxx_0/u_mux_p_to_b3/iPRDATA29_Z
  12.531                       FIC_3_PERIPHERALS_0/FIC_3_ADDRESS_GENERATION_1/FIC_3_0x4000_0xxx_0/FIC_3_0x4000_0xxx_0/u_mux_p_to_b3/PRDATA_0_iv_1_RNO_0[3]:C (r)
               +     0.078          cell: ADLIB:CFG4
  12.609                       FIC_3_PERIPHERALS_0/FIC_3_ADDRESS_GENERATION_1/FIC_3_0x4000_0xxx_0/FIC_3_0x4000_0xxx_0/u_mux_p_to_b3/PRDATA_0_iv_1_RNO_0[3]:Y (r)
               +     0.329          net: FIC_3_PERIPHERALS_0/FIC_3_ADDRESS_GENERATION_1/FIC_3_0x4000_0xxx_0/FIC_3_0x4000_0xxx_0/u_mux_p_to_b3/APBmslave3_PRDATAS3_m[3]
  12.938                       FIC_3_PERIPHERALS_0/FIC_3_ADDRESS_GENERATION_1/FIC_3_0x4000_0xxx_0/FIC_3_0x4000_0xxx_0/u_mux_p_to_b3/PRDATA_0_iv_1_cZ[3]:D (r)
               +     0.078          cell: ADLIB:CFG4
  13.016                       FIC_3_PERIPHERALS_0/FIC_3_ADDRESS_GENERATION_1/FIC_3_0x4000_0xxx_0/FIC_3_0x4000_0xxx_0/u_mux_p_to_b3/PRDATA_0_iv_1_cZ[3]:Y (r)
               +     0.594          net: FIC_3_PERIPHERALS_0/FIC_3_ADDRESS_GENERATION_1/PRDATA_0_iv_1[3]
  13.610                       FIC_3_PERIPHERALS_0/FIC_3_ADDRESS_GENERATION_1/FIC_3_0x4xxx_xxxx_0/FIC_3_0x4xxx_xxxx_0/u_mux_p_to_b3/PRDATA_0[3]:C (r)
               +     0.053          cell: ADLIB:CFG4
  13.663                       FIC_3_PERIPHERALS_0/FIC_3_ADDRESS_GENERATION_1/FIC_3_0x4xxx_xxxx_0/FIC_3_0x4xxx_xxxx_0/u_mux_p_to_b3/PRDATA_0[3]:Y (r)
               +     0.067          net: FIC_3_PERIPHERALS_0/FIC_3_ADDRESS_GENERATION_1/N_227
  13.730                       FIC_3_PERIPHERALS_0/FIC_3_ADDRESS_GENERATION_1/APB_ARBITER_0/in_prdata[3]:A (r)
               +     0.053          cell: ADLIB:CFG3
  13.783                       FIC_3_PERIPHERALS_0/FIC_3_ADDRESS_GENERATION_1/APB_ARBITER_0/in_prdata[3]:Y (r)
               +     0.721          net: MSS_WRAPPER_0_FIC_3_APB_INITIATOR_PRDATA[3]
  14.504                       MSS_WRAPPER_0/MPFS_DISCOVERY_KIT_MSS_0/I_MSS:FIC_3_APB_M_PRDATA[3] (r)
                                    
  14.504                       data arrival time
  ________________________________________________________
  Data required time calculation
  10.000                       CLOCKS_AND_RESETS_0/CCC_FIC_x_CLK/PF_CCC_C0_0/pll_inst_0/OUT3
               +     0.000          Clock source
  10.000                       CLOCKS_AND_RESETS_0/CCC_FIC_x_CLK/PF_CCC_C0_0/pll_inst_0:OUT3 (f)
               +     3.886          Clock generation
  13.886                       
               +     0.849          net: CLOCKS_AND_RESETS_0/CCC_FIC_x_CLK/PF_CCC_C0_0/pll_inst_0_clkint_12
  14.735                       CLOCKS_AND_RESETS_0/CCC_FIC_x_CLK/PF_CCC_C0_0/clkint_12_1:A (f)
               +     0.224          cell: ADLIB:ICB_CLKINT
  14.959                       CLOCKS_AND_RESETS_0/CCC_FIC_x_CLK/PF_CCC_C0_0/clkint_12_1:Y (f)
               +     0.125          net: CLOCKS_AND_RESETS_0/CCC_FIC_x_CLK/PF_CCC_C0_0/clkint_12_NET
  15.084                       CLOCKS_AND_RESETS_0/CCC_FIC_x_CLK/PF_CCC_C0_0/clkint_12:A (f)
               +     0.141          cell: ADLIB:GB
  15.225                       CLOCKS_AND_RESETS_0/CCC_FIC_x_CLK/PF_CCC_C0_0/clkint_12:Y (f)
               +     0.372          net: CLOCKS_AND_RESETS_0/CCC_FIC_x_CLK/PF_CCC_C0_0/clkint_12/U0_Y
  15.597                       CLOCKS_AND_RESETS_0/CCC_FIC_x_CLK/PF_CCC_C0_0/clkint_12/U0_RGB1_RGB1:A (f)
               +     0.054          cell: ADLIB:RGB
  15.651                       CLOCKS_AND_RESETS_0/CCC_FIC_x_CLK/PF_CCC_C0_0/clkint_12/U0_RGB1_RGB1:Y (r)
               +     0.514          net: CLOCKS_AND_RESETS_0/CCC_FIC_x_CLK/PF_CCC_C0_0/clkint_12/U0_RGB1_RGB1_rgb_net_1
  16.165                       MSS_WRAPPER_0/MPFS_DISCOVERY_KIT_MSS_0/I_MSS:FIC_3_PCLK (f)
               +     0.789          
  16.954                       clock reconvergence pessimism
               -     0.135          
  16.819                       clock jitter
               -    -0.149          Library setup time: ADLIB:MSS
  16.968                       MSS_WRAPPER_0/MPFS_DISCOVERY_KIT_MSS_0/I_MSS:FIC_3_APB_M_PRDATA[3]
                                    
  16.968                       data required time


Operating Conditions : slow_lv_ht

END SET Register to Register

----------------------------------------------------

SET External Setup

Path 1
  From: RPI_I2C_SCL
  To:   FIC_3_PERIPHERALS_0/CORE_I2C_C0_0_WRAPPER_1/COREI2C_C0_0/COREI2C_C0_0/I2C_NUM_GENERATION[0].ui2c/SCLI_ff_reg_0[3]:D
  Delay (ns):              3.237
  Arrival (ns):            3.237
  Setup (ns):              0.000
  External Setup (ns):    -0.681
  Operating Conditions: fast_hv_lt

Path 2
  From: RPI_I2C_SCL
  To:   FIC_3_PERIPHERALS_0/CORE_I2C_C0_0_WRAPPER_1/COREI2C_C0_0/COREI2C_C0_0/I2C_NUM_GENERATION[0].ui2c/SCLI_ff_reg_0[10]:D
  Delay (ns):              3.177
  Arrival (ns):            3.177
  Setup (ns):              0.000
  External Setup (ns):    -0.741
  Operating Conditions: fast_hv_lt

Path 3
  From: RPI_I2C_SCL
  To:   FIC_3_PERIPHERALS_0/CORE_I2C_C0_0_WRAPPER_1/COREI2C_C0_0/COREI2C_C0_0/I2C_NUM_GENERATION[0].ui2c/SCLI_ff_reg_0[2]:D
  Delay (ns):              3.171
  Arrival (ns):            3.171
  Setup (ns):              0.000
  External Setup (ns):    -0.746
  Operating Conditions: fast_hv_lt

Path 4
  From: RPI_I2C_SCL
  To:   FIC_3_PERIPHERALS_0/CORE_I2C_C0_0_WRAPPER_1/COREI2C_C0_0/COREI2C_C0_0/I2C_NUM_GENERATION[0].ui2c/SCLI_ff_reg_0[11]:D
  Delay (ns):              3.165
  Arrival (ns):            3.165
  Setup (ns):              0.000
  External Setup (ns):    -0.753
  Operating Conditions: fast_hv_lt

Path 5
  From: RPI_I2C_SCL
  To:   FIC_3_PERIPHERALS_0/CORE_I2C_C0_0_WRAPPER_1/COREI2C_C0_0/COREI2C_C0_0/I2C_NUM_GENERATION[0].ui2c/SCLI_ff_reg_0[4]:D
  Delay (ns):              3.114
  Arrival (ns):            3.114
  Setup (ns):              0.000
  External Setup (ns):    -0.805
  Operating Conditions: fast_hv_lt


Expanded Path 1
  From: RPI_I2C_SCL
  To: FIC_3_PERIPHERALS_0/CORE_I2C_C0_0_WRAPPER_1/COREI2C_C0_0/COREI2C_C0_0/I2C_NUM_GENERATION[0].ui2c/SCLI_ff_reg_0[3]:D
  data required time                                    N/C
  data arrival time                          -        3.237
  slack                                                 N/C
  ________________________________________________________
  Data arrival time calculation
  0.000                        RPI_I2C_SCL (f)
               +     1.078          cell: ADLIB:IOPAD_BI
  1.078                        FIC_3_PERIPHERALS_0/CORE_I2C_C0_0_WRAPPER_1/COREI2C_C0_0_SCL_BIBUF/U_IOPAD:Y (f)
               +     0.000          net: FIC_3_PERIPHERALS_0/CORE_I2C_C0_0_WRAPPER_1/COREI2C_C0_0_SCL_BIBUF/YIN
  1.078                        FIC_3_PERIPHERALS_0/CORE_I2C_C0_0_WRAPPER_1/COREI2C_C0_0_SCL_BIBUF/U_IOBI:YIN (f)
               +     0.131          cell: ADLIB:IOBI_IB_OB_EB
  1.209                        FIC_3_PERIPHERALS_0/CORE_I2C_C0_0_WRAPPER_1/COREI2C_C0_0_SCL_BIBUF/U_IOBI:Y (f)
               +     1.261          net: FIC_3_PERIPHERALS_0/CORE_I2C_C0_0_WRAPPER_1/COREI2C_C0_0_SCL_BIBUF_Y
  2.470                        FIC_3_PERIPHERALS_0/CORE_I2C_C0_0_WRAPPER_1/COREI2C_C0_0/COREI2C_C0_0/I2C_NUM_GENERATION[0].ui2c/SCLI_ff_reg_0_4[0]:B (f)
               +     0.059          cell: ADLIB:CFG2
  2.529                        FIC_3_PERIPHERALS_0/CORE_I2C_C0_0_WRAPPER_1/COREI2C_C0_0/COREI2C_C0_0/I2C_NUM_GENERATION[0].ui2c/SCLI_ff_reg_0_4[0]:Y (f)
               +     0.350          net: FIC_3_PERIPHERALS_0/CORE_I2C_C0_0_WRAPPER_1/COREI2C_C0_0/COREI2C_C0_0/I2C_NUM_GENERATION[0].ui2c/SCLI_ff_reg_0_4_Z[0]
  2.879                        FIC_3_PERIPHERALS_0/CORE_I2C_C0_0_WRAPPER_1/COREI2C_C0_0/COREI2C_C0_0/I2C_NUM_GENERATION[0].ui2c/SCLI_ff_reg_0_ns_i_0_o3[13]:B (f)
               +     0.091          cell: ADLIB:CFG2
  2.970                        FIC_3_PERIPHERALS_0/CORE_I2C_C0_0_WRAPPER_1/COREI2C_C0_0/COREI2C_C0_0/I2C_NUM_GENERATION[0].ui2c/SCLI_ff_reg_0_ns_i_0_o3[13]:Y (r)
               +     0.148          net: FIC_3_PERIPHERALS_0/CORE_I2C_C0_0_WRAPPER_1/COREI2C_C0_0/COREI2C_C0_0/I2C_NUM_GENERATION[0].ui2c/N_253
  3.118                        FIC_3_PERIPHERALS_0/CORE_I2C_C0_0_WRAPPER_1/COREI2C_C0_0/COREI2C_C0_0/I2C_NUM_GENERATION[0].ui2c/SCLI_ff_reg_0_RNO[3]:D (r)
               +     0.035          cell: ADLIB:CFG4
  3.153                        FIC_3_PERIPHERALS_0/CORE_I2C_C0_0_WRAPPER_1/COREI2C_C0_0/COREI2C_C0_0/I2C_NUM_GENERATION[0].ui2c/SCLI_ff_reg_0_RNO[3]:Y (f)
               +     0.084          net: FIC_3_PERIPHERALS_0/CORE_I2C_C0_0_WRAPPER_1/COREI2C_C0_0/COREI2C_C0_0/I2C_NUM_GENERATION[0].ui2c/N_853_i
  3.237                        FIC_3_PERIPHERALS_0/CORE_I2C_C0_0_WRAPPER_1/COREI2C_C0_0/COREI2C_C0_0/I2C_NUM_GENERATION[0].ui2c/SCLI_ff_reg_0[3]:D (f)
                                    
  3.237                        data arrival time
  ________________________________________________________
  Data required time calculation
  N/C                          CLOCKS_AND_RESETS_0/CCC_FIC_x_CLK/PF_CCC_C0_0/pll_inst_0/OUT3
               +     0.000          Clock source
  N/C                          CLOCKS_AND_RESETS_0/CCC_FIC_x_CLK/PF_CCC_C0_0/pll_inst_0:OUT3 (r)
               +     2.578          Clock generation
  N/C                          
               +     0.586          net: CLOCKS_AND_RESETS_0/CCC_FIC_x_CLK/PF_CCC_C0_0/pll_inst_0_clkint_12
  N/C                          CLOCKS_AND_RESETS_0/CCC_FIC_x_CLK/PF_CCC_C0_0/clkint_12_1:A (r)
               +     0.141          cell: ADLIB:ICB_CLKINT
  N/C                          CLOCKS_AND_RESETS_0/CCC_FIC_x_CLK/PF_CCC_C0_0/clkint_12_1:Y (r)
               +     0.093          net: CLOCKS_AND_RESETS_0/CCC_FIC_x_CLK/PF_CCC_C0_0/clkint_12_NET
  N/C                          CLOCKS_AND_RESETS_0/CCC_FIC_x_CLK/PF_CCC_C0_0/clkint_12:A (r)
               +     0.108          cell: ADLIB:GB
  N/C                          CLOCKS_AND_RESETS_0/CCC_FIC_x_CLK/PF_CCC_C0_0/clkint_12:Y (r)
               +     0.254          net: CLOCKS_AND_RESETS_0/CCC_FIC_x_CLK/PF_CCC_C0_0/clkint_12/U0_Y
  N/C                          CLOCKS_AND_RESETS_0/CCC_FIC_x_CLK/PF_CCC_C0_0/clkint_12/U0_RGB1_RGB2:A (r)
               +     0.038          cell: ADLIB:RGB
  N/C                          CLOCKS_AND_RESETS_0/CCC_FIC_x_CLK/PF_CCC_C0_0/clkint_12/U0_RGB1_RGB2:Y (f)
               +     0.255          net: CLOCKS_AND_RESETS_0/CCC_FIC_x_CLK/PF_CCC_C0_0/clkint_12/U0_RGB1_RGB2_rgb_net_1
  N/C                          FIC_3_PERIPHERALS_0/CORE_I2C_C0_0_WRAPPER_1/COREI2C_C0_0/COREI2C_C0_0/I2C_NUM_GENERATION[0].ui2c/SCLI_ff_reg_0[3]:CLK (r)
               -     0.135          
  N/C                          clock jitter
               -     0.000          Library setup time: ADLIB:SLE
  N/C                          FIC_3_PERIPHERALS_0/CORE_I2C_C0_0_WRAPPER_1/COREI2C_C0_0/COREI2C_C0_0/I2C_NUM_GENERATION[0].ui2c/SCLI_ff_reg_0[3]:D


Operating Conditions : fast_hv_lt

END SET External Setup

----------------------------------------------------

SET Clock to Output

Path 1
  From: FIC_3_PERIPHERALS_0/SPI_FOR_7_SEG_0/SPI_FOR_7_SEG_0/USPI/URF/control1[1]:CLK
  To:   SPISDO
  Delay (ns):              8.899
  Arrival (ns):           15.666
  Clock to Out (ns):      15.666
  Operating Conditions: slow_lv_ht

Path 2
  From: FIC_3_PERIPHERALS_0/SPI_FOR_7_SEG_0/SPI_FOR_7_SEG_0/USPI/UCC/stxs_txzeros:CLK
  To:   SPISDO
  Delay (ns):              8.885
  Arrival (ns):           15.658
  Clock to Out (ns):      15.658
  Operating Conditions: slow_lv_ht

Path 3
  From: FIC_3_PERIPHERALS_0/SPI_FOR_7_SEG_0/SPI_FOR_7_SEG_0/USPI/UCC/stxs_direct:CLK
  To:   SPISDO
  Delay (ns):              8.741
  Arrival (ns):           15.515
  Clock to Out (ns):      15.515
  Operating Conditions: slow_lv_ht

Path 4
  From: FIC_3_PERIPHERALS_0/COREGPIO_C0/GPIO_0/xhdl1.GEN_BITS[4].APB_32.GPOUT_reg[4]:CLK
  To:   LED5
  Delay (ns):              8.759
  Arrival (ns):           15.500
  Clock to Out (ns):      15.500
  Operating Conditions: slow_lv_ht

Path 5
  From: FIC_3_PERIPHERALS_0/SPI_FOR_7_SEG_0/SPI_FOR_7_SEG_0/USPI/UCC/mtx_spi_data_out:CLK
  To:   SPISDO
  Delay (ns):              8.576
  Arrival (ns):           15.350
  Clock to Out (ns):      15.350
  Operating Conditions: slow_lv_ht


Expanded Path 1
  From: FIC_3_PERIPHERALS_0/SPI_FOR_7_SEG_0/SPI_FOR_7_SEG_0/USPI/URF/control1[1]:CLK
  To: SPISDO
  data required time                                    N/C
  data arrival time                          -       15.666
  slack                                                 N/C
  ________________________________________________________
  Data arrival time calculation
  0.000                        CLOCKS_AND_RESETS_0/CCC_FIC_x_CLK/PF_CCC_C0_0/pll_inst_0/OUT3
               +     0.000          Clock source
  0.000                        CLOCKS_AND_RESETS_0/CCC_FIC_x_CLK/PF_CCC_C0_0/pll_inst_0:OUT3 (r)
               +     4.314          Clock generation
  4.314                        
               +     0.959          net: CLOCKS_AND_RESETS_0/CCC_FIC_x_CLK/PF_CCC_C0_0/pll_inst_0_clkint_12
  5.273                        CLOCKS_AND_RESETS_0/CCC_FIC_x_CLK/PF_CCC_C0_0/clkint_12_1:A (r)
               +     0.243          cell: ADLIB:ICB_CLKINT
  5.516                        CLOCKS_AND_RESETS_0/CCC_FIC_x_CLK/PF_CCC_C0_0/clkint_12_1:Y (r)
               +     0.145          net: CLOCKS_AND_RESETS_0/CCC_FIC_x_CLK/PF_CCC_C0_0/clkint_12_NET
  5.661                        CLOCKS_AND_RESETS_0/CCC_FIC_x_CLK/PF_CCC_C0_0/clkint_12:A (r)
               +     0.163          cell: ADLIB:GB
  5.824                        CLOCKS_AND_RESETS_0/CCC_FIC_x_CLK/PF_CCC_C0_0/clkint_12:Y (r)
               +     0.414          net: CLOCKS_AND_RESETS_0/CCC_FIC_x_CLK/PF_CCC_C0_0/clkint_12/U0_Y
  6.238                        CLOCKS_AND_RESETS_0/CCC_FIC_x_CLK/PF_CCC_C0_0/clkint_12/U0_RGB1_RGB0:A (r)
               +     0.058          cell: ADLIB:RGB
  6.296                        CLOCKS_AND_RESETS_0/CCC_FIC_x_CLK/PF_CCC_C0_0/clkint_12/U0_RGB1_RGB0:Y (f)
               +     0.471          net: CLOCKS_AND_RESETS_0/CCC_FIC_x_CLK/PF_CCC_C0_0/clkint_12/U0_RGB1_RGB0_rgb_net_1
  6.767                        FIC_3_PERIPHERALS_0/SPI_FOR_7_SEG_0/SPI_FOR_7_SEG_0/USPI/URF/control1[1]:CLK (r)
               +     0.209          cell: ADLIB:SLE
  6.976                        FIC_3_PERIPHERALS_0/SPI_FOR_7_SEG_0/SPI_FOR_7_SEG_0/USPI/URF/control1[1]:Q (r)
               +     0.383          net: FIC_3_PERIPHERALS_0/SPI_FOR_7_SEG_0/SPI_FOR_7_SEG_0/USPI/SPIMODE
  7.359                        FIC_3_PERIPHERALS_0/SPI_FOR_7_SEG_0/SPI_FOR_7_SEG_0/USPI/UCC/spi_data_out_u_2_0_RNO:A (r)
               +     0.051          cell: ADLIB:CFG2
  7.410                        FIC_3_PERIPHERALS_0/SPI_FOR_7_SEG_0/SPI_FOR_7_SEG_0/USPI/UCC/spi_data_out_u_2_0_RNO:Y (f)
               +     0.060          net: FIC_3_PERIPHERALS_0/SPI_FOR_7_SEG_0/SPI_FOR_7_SEG_0/USPI/UCC/spi_data_out_sn_N_3
  7.470                        FIC_3_PERIPHERALS_0/SPI_FOR_7_SEG_0/SPI_FOR_7_SEG_0/USPI/UCC/spi_data_out_u_2_0:D (f)
               +     0.085          cell: ADLIB:CFG4
  7.555                        FIC_3_PERIPHERALS_0/SPI_FOR_7_SEG_0/SPI_FOR_7_SEG_0/USPI/UCC/spi_data_out_u_2_0:Y (f)
               +     0.126          net: FIC_3_PERIPHERALS_0/SPI_FOR_7_SEG_0/SPI_FOR_7_SEG_0/USPI/UCC/SPISDO_c_2
  7.681                        FIC_3_PERIPHERALS_0/SPI_FOR_7_SEG_0/SPI_FOR_7_SEG_0/USPI/UCC/spi_data_out_u:A (f)
               +     0.085          cell: ADLIB:CFG3
  7.766                        FIC_3_PERIPHERALS_0/SPI_FOR_7_SEG_0/SPI_FOR_7_SEG_0/USPI/UCC/spi_data_out_u:Y (f)
               +     4.914          net: SPISDO_c
  12.680                       SPISDO_obuf/U_IOTRI:D (f)
               +     0.918          cell: ADLIB:IOTRI_OB_EB
  13.598                       SPISDO_obuf/U_IOTRI:DOUT (f)
               +     0.000          net: SPISDO_obuf/DOUT
  13.598                       SPISDO_obuf/U_IOPAD:D (f)
               +     2.068          cell: ADLIB:IOPAD_TRI
  15.666                       SPISDO_obuf/U_IOPAD:PAD (f)
               +     0.000          net: SPISDO
  15.666                       SPISDO (f)
                                    
  15.666                       data arrival time
  ________________________________________________________
  Data required time calculation
  N/C                          CLOCKS_AND_RESETS_0/CCC_FIC_x_CLK/PF_CCC_C0_0/pll_inst_0/OUT3
                                    
  N/C                          SPISDO (f)


Operating Conditions : slow_lv_ht

END SET Clock to Output

----------------------------------------------------

SET Register to Asynchronous

Path 1
  From: CLOCKS_AND_RESETS_0/RESET_FIC_3_CLK/CORERESET_0/dff_15_rep[0]:CLK
  To:   FIC_3_PERIPHERALS_0/PWM/corepwm_C0_0/genblk3.corepwm_reg_if/gen_pos_neg_shregs[1].psh_posedge_reg[26]:ALn
  Delay (ns):              3.440
  Slack (ns):             16.106
  Arrival (ns):           10.217
  Required (ns):          26.323
  Recovery (ns):           0.209
  Minimum Period (ns):     3.759
  Skew (ns):               0.110
  Operating Conditions: slow_lv_ht

Path 2
  From: CLOCKS_AND_RESETS_0/RESET_FIC_3_CLK/CORERESET_0/dff_15_rep[0]:CLK
  To:   FIC_3_PERIPHERALS_0/PWM/corepwm_C0_0/genblk3.corepwm_reg_if/gen_pos_neg_shregs[1].psh_posedge_reg[23]:ALn
  Delay (ns):              3.440
  Slack (ns):             16.106
  Arrival (ns):           10.217
  Required (ns):          26.323
  Recovery (ns):           0.209
  Minimum Period (ns):     3.759
  Skew (ns):               0.110
  Operating Conditions: slow_lv_ht

Path 3
  From: CLOCKS_AND_RESETS_0/RESET_FIC_3_CLK/CORERESET_0/dff_15_rep[0]:CLK
  To:   FIC_3_PERIPHERALS_0/PWM/corepwm_C0_0/genblk3.corepwm_reg_if/psh_prescale_reg[22]:ALn
  Delay (ns):              3.439
  Slack (ns):             16.107
  Arrival (ns):           10.216
  Required (ns):          26.323
  Recovery (ns):           0.209
  Minimum Period (ns):     3.758
  Skew (ns):               0.110
  Operating Conditions: slow_lv_ht

Path 4
  From: CLOCKS_AND_RESETS_0/RESET_FIC_3_CLK/CORERESET_0/dff_15_rep[0]:CLK
  To:   FIC_3_PERIPHERALS_0/PWM/corepwm_C0_0/genblk3.corepwm_reg_if/prescale_reg_Z[22]:ALn
  Delay (ns):              3.439
  Slack (ns):             16.107
  Arrival (ns):           10.216
  Required (ns):          26.323
  Recovery (ns):           0.209
  Minimum Period (ns):     3.758
  Skew (ns):               0.110
  Operating Conditions: slow_lv_ht

Path 5
  From: CLOCKS_AND_RESETS_0/RESET_FIC_3_CLK/CORERESET_0/dff_15_rep[0]:CLK
  To:   FIC_3_PERIPHERALS_0/PWM/corepwm_C0_0/genblk3.corepwm_reg_if/gen_pos_neg_shregs[1].psh_negedge_reg[19]:ALn
  Delay (ns):              3.438
  Slack (ns):             16.108
  Arrival (ns):           10.215
  Required (ns):          26.323
  Recovery (ns):           0.209
  Minimum Period (ns):     3.757
  Skew (ns):               0.110
  Operating Conditions: slow_lv_ht


Expanded Path 1
  From: CLOCKS_AND_RESETS_0/RESET_FIC_3_CLK/CORERESET_0/dff_15_rep[0]:CLK
  To: FIC_3_PERIPHERALS_0/PWM/corepwm_C0_0/genblk3.corepwm_reg_if/gen_pos_neg_shregs[1].psh_posedge_reg[26]:ALn
  data required time                                 26.323
  data arrival time                          -       10.217
  slack                                              16.106
  ________________________________________________________
  Data arrival time calculation
  0.000                        CLOCKS_AND_RESETS_0/CCC_FIC_x_CLK/PF_CCC_C0_0/pll_inst_0/OUT3
               +     0.000          Clock source
  0.000                        CLOCKS_AND_RESETS_0/CCC_FIC_x_CLK/PF_CCC_C0_0/pll_inst_0:OUT3 (r)
               +     4.314          Clock generation
  4.314                        
               +     0.959          net: CLOCKS_AND_RESETS_0/CCC_FIC_x_CLK/PF_CCC_C0_0/pll_inst_0_clkint_12
  5.273                        CLOCKS_AND_RESETS_0/CCC_FIC_x_CLK/PF_CCC_C0_0/clkint_12_1:A (r)
               +     0.243          cell: ADLIB:ICB_CLKINT
  5.516                        CLOCKS_AND_RESETS_0/CCC_FIC_x_CLK/PF_CCC_C0_0/clkint_12_1:Y (r)
               +     0.145          net: CLOCKS_AND_RESETS_0/CCC_FIC_x_CLK/PF_CCC_C0_0/clkint_12_NET
  5.661                        CLOCKS_AND_RESETS_0/CCC_FIC_x_CLK/PF_CCC_C0_0/clkint_12:A (r)
               +     0.163          cell: ADLIB:GB
  5.824                        CLOCKS_AND_RESETS_0/CCC_FIC_x_CLK/PF_CCC_C0_0/clkint_12:Y (r)
               +     0.415          net: CLOCKS_AND_RESETS_0/CCC_FIC_x_CLK/PF_CCC_C0_0/clkint_12/U0_Y
  6.239                        CLOCKS_AND_RESETS_0/CCC_FIC_x_CLK/PF_CCC_C0_0/clkint_12/U0_RGB1:A (r)
               +     0.058          cell: ADLIB:RGB
  6.297                        CLOCKS_AND_RESETS_0/CCC_FIC_x_CLK/PF_CCC_C0_0/clkint_12/U0_RGB1:Y (f)
               +     0.480          net: CLOCKS_AND_RESETS_0_FIC_3_CLK
  6.777                        CLOCKS_AND_RESETS_0/RESET_FIC_3_CLK/CORERESET_0/dff_15_rep[0]:CLK (r)
               +     0.209          cell: ADLIB:SLE
  6.986                        CLOCKS_AND_RESETS_0/RESET_FIC_3_CLK/CORERESET_0/dff_15_rep[0]:Q (r)
               +     2.123          net: CLOCKS_AND_RESETS_0/RESET_FIC_3_CLK/CORERESET_0/dff_15_rep_Z[0]
  9.109                        CLOCKS_AND_RESETS_0/RESET_FIC_3_CLK/CORERESET_0/dff_15_rep_RNIS9V04[0]:A (r)
               +     0.141          cell: ADLIB:GB
  9.250                        CLOCKS_AND_RESETS_0/RESET_FIC_3_CLK/CORERESET_0/dff_15_rep_RNIS9V04[0]:Y (r)
               +     0.415          net: CLOCKS_AND_RESETS_0/RESET_FIC_3_CLK/CORERESET_0/dff_15_rep_RNIS9V04[0]/U0_Y
  9.665                        CLOCKS_AND_RESETS_0/RESET_FIC_3_CLK/CORERESET_0/dff_15_rep_RNIS9V04[0]/U0_RGB1_RGB0:A (r)
               +     0.058          cell: ADLIB:RGB
  9.723                        CLOCKS_AND_RESETS_0/RESET_FIC_3_CLK/CORERESET_0/dff_15_rep_RNIS9V04[0]/U0_RGB1_RGB0:Y (f)
               +     0.494          net: CLOCKS_AND_RESETS_0/RESET_FIC_3_CLK/CORERESET_0/dff_15_rep_RNIS9V04[0]/U0_RGB1_RGB0_rgb_net_1
  10.217                       FIC_3_PERIPHERALS_0/PWM/corepwm_C0_0/genblk3.corepwm_reg_if/gen_pos_neg_shregs[1].psh_posedge_reg[26]:ALn (r)
                                    
  10.217                       data arrival time
  ________________________________________________________
  Data required time calculation
  20.000                       CLOCKS_AND_RESETS_0/CCC_FIC_x_CLK/PF_CCC_C0_0/pll_inst_0/OUT3
               +     0.000          Clock source
  20.000                       CLOCKS_AND_RESETS_0/CCC_FIC_x_CLK/PF_CCC_C0_0/pll_inst_0:OUT3 (r)
               +     3.894          Clock generation
  23.894                       
               +     0.872          net: CLOCKS_AND_RESETS_0/CCC_FIC_x_CLK/PF_CCC_C0_0/pll_inst_0_clkint_12
  24.766                       CLOCKS_AND_RESETS_0/CCC_FIC_x_CLK/PF_CCC_C0_0/clkint_12_1:A (r)
               +     0.211          cell: ADLIB:ICB_CLKINT
  24.977                       CLOCKS_AND_RESETS_0/CCC_FIC_x_CLK/PF_CCC_C0_0/clkint_12_1:Y (r)
               +     0.132          net: CLOCKS_AND_RESETS_0/CCC_FIC_x_CLK/PF_CCC_C0_0/clkint_12_NET
  25.109                       CLOCKS_AND_RESETS_0/CCC_FIC_x_CLK/PF_CCC_C0_0/clkint_12:A (r)
               +     0.148          cell: ADLIB:GB
  25.257                       CLOCKS_AND_RESETS_0/CCC_FIC_x_CLK/PF_CCC_C0_0/clkint_12:Y (r)
               +     0.372          net: CLOCKS_AND_RESETS_0/CCC_FIC_x_CLK/PF_CCC_C0_0/clkint_12/U0_Y
  25.629                       CLOCKS_AND_RESETS_0/CCC_FIC_x_CLK/PF_CCC_C0_0/clkint_12/U0_RGB1_RGB1:A (r)
               +     0.052          cell: ADLIB:RGB
  25.681                       CLOCKS_AND_RESETS_0/CCC_FIC_x_CLK/PF_CCC_C0_0/clkint_12/U0_RGB1_RGB1:Y (f)
               +     0.415          net: CLOCKS_AND_RESETS_0/CCC_FIC_x_CLK/PF_CCC_C0_0/clkint_12/U0_RGB1_RGB1_rgb_net_1
  26.096                       FIC_3_PERIPHERALS_0/PWM/corepwm_C0_0/genblk3.corepwm_reg_if/gen_pos_neg_shregs[1].psh_posedge_reg[26]:CLK (r)
               +     0.571          
  26.667                       clock reconvergence pessimism
               -     0.135          
  26.532                       clock jitter
               -     0.209          Library recovery time: ADLIB:SLE
  26.323                       FIC_3_PERIPHERALS_0/PWM/corepwm_C0_0/genblk3.corepwm_reg_if/gen_pos_neg_shregs[1].psh_posedge_reg[26]:ALn
                                    
  26.323                       data required time


Operating Conditions : slow_lv_ht

END SET Register to Asynchronous

----------------------------------------------------

SET External Recovery

Path 1
  From: SWITCH2
  To:   CLOCKS_AND_RESETS_0/RESET_FIC_3_CLK/CORERESET_0/dff_14[0]:ALn
  Delay (ns):              7.404
  Arrival (ns):            7.404
  Recovery (ns):           0.209
  External Recovery (ns):   1.637
  Operating Conditions: slow_lv_ht

Path 2
  From: SWITCH2
  To:   CLOCKS_AND_RESETS_0/RESET_FIC_3_CLK/CORERESET_0/dff_15_rep[0]:ALn
  Delay (ns):              7.402
  Arrival (ns):            7.402
  Recovery (ns):           0.209
  External Recovery (ns):   1.636
  Operating Conditions: slow_lv_ht

Path 3
  From: SWITCH2
  To:   CLOCKS_AND_RESETS_0/RESET_FIC_3_CLK/CORERESET_0/dff_13[0]:ALn
  Delay (ns):              7.402
  Arrival (ns):            7.402
  Recovery (ns):           0.209
  External Recovery (ns):   1.635
  Operating Conditions: slow_lv_ht

Path 4
  From: SWITCH2
  To:   CLOCKS_AND_RESETS_0/RESET_FIC_3_CLK/CORERESET_0/dff_12[0]:ALn
  Delay (ns):              7.402
  Arrival (ns):            7.402
  Recovery (ns):           0.209
  External Recovery (ns):   1.635
  Operating Conditions: slow_lv_ht

Path 5
  From: SWITCH2
  To:   CLOCKS_AND_RESETS_0/RESET_FIC_3_CLK/CORERESET_0/dff_11[0]:ALn
  Delay (ns):              7.323
  Arrival (ns):            7.323
  Recovery (ns):           0.196
  External Recovery (ns):   1.562
  Operating Conditions: slow_lv_ht


Expanded Path 1
  From: SWITCH2
  To: CLOCKS_AND_RESETS_0/RESET_FIC_3_CLK/CORERESET_0/dff_14[0]:ALn
  data required time                                    N/C
  data arrival time                          -        7.404
  slack                                                 N/C
  ________________________________________________________
  Data arrival time calculation
  0.000                        SWITCH2 (r)
               +     0.000          net: SWITCH2
  0.000                        SWITCH2_ibuf/U_IOPAD:PAD (r)
               +     0.610          cell: ADLIB:IOPAD_IN
  0.610                        SWITCH2_ibuf/U_IOPAD:Y (r)
               +     0.000          net: SWITCH2_ibuf/YIN
  0.610                        SWITCH2_ibuf/U_IOIN:YIN (r)
               +     0.336          cell: ADLIB:IOIN_IB_E
  0.946                        SWITCH2_ibuf/U_IOIN:Y (r)
               +     4.282          net: SWITCH2_c
  5.228                        CLOCKS_AND_RESETS_0/AND3_0:A (r)
               +     0.171          cell: ADLIB:CFG3
  5.399                        CLOCKS_AND_RESETS_0/AND3_0:Y (r)
               +     0.064          net: CLOCKS_AND_RESETS_0/AND3_0_Y
  5.463                        CLOCKS_AND_RESETS_0/RESET_FIC_0_CLK/CORERESET_0/un1_EXT_RST_N_2:C (r)
               +     0.078          cell: ADLIB:CFG3
  5.541                        CLOCKS_AND_RESETS_0/RESET_FIC_0_CLK/CORERESET_0/un1_EXT_RST_N_2:Y (r)
               +     1.863          net: CLOCKS_AND_RESETS_0/un1_EXT_RST_N_2
  7.404                        CLOCKS_AND_RESETS_0/RESET_FIC_3_CLK/CORERESET_0/dff_14[0]:ALn (r)
                                    
  7.404                        data arrival time
  ________________________________________________________
  Data required time calculation
  N/C                          CLOCKS_AND_RESETS_0/CCC_FIC_x_CLK/PF_CCC_C0_0/pll_inst_0/OUT3
               +     0.000          Clock source
  N/C                          CLOCKS_AND_RESETS_0/CCC_FIC_x_CLK/PF_CCC_C0_0/pll_inst_0:OUT3 (r)
               +     3.894          Clock generation
  N/C                          
               +     0.872          net: CLOCKS_AND_RESETS_0/CCC_FIC_x_CLK/PF_CCC_C0_0/pll_inst_0_clkint_12
  N/C                          CLOCKS_AND_RESETS_0/CCC_FIC_x_CLK/PF_CCC_C0_0/clkint_12_1:A (r)
               +     0.211          cell: ADLIB:ICB_CLKINT
  N/C                          CLOCKS_AND_RESETS_0/CCC_FIC_x_CLK/PF_CCC_C0_0/clkint_12_1:Y (r)
               +     0.132          net: CLOCKS_AND_RESETS_0/CCC_FIC_x_CLK/PF_CCC_C0_0/clkint_12_NET
  N/C                          CLOCKS_AND_RESETS_0/CCC_FIC_x_CLK/PF_CCC_C0_0/clkint_12:A (r)
               +     0.148          cell: ADLIB:GB
  N/C                          CLOCKS_AND_RESETS_0/CCC_FIC_x_CLK/PF_CCC_C0_0/clkint_12:Y (r)
               +     0.377          net: CLOCKS_AND_RESETS_0/CCC_FIC_x_CLK/PF_CCC_C0_0/clkint_12/U0_Y
  N/C                          CLOCKS_AND_RESETS_0/CCC_FIC_x_CLK/PF_CCC_C0_0/clkint_12/U0_RGB1:A (r)
               +     0.052          cell: ADLIB:RGB
  N/C                          CLOCKS_AND_RESETS_0/CCC_FIC_x_CLK/PF_CCC_C0_0/clkint_12/U0_RGB1:Y (f)
               +     0.425          net: CLOCKS_AND_RESETS_0_FIC_3_CLK
  N/C                          CLOCKS_AND_RESETS_0/RESET_FIC_3_CLK/CORERESET_0/dff_14[0]:CLK (r)
               -     0.135          
  N/C                          clock jitter
               -     0.209          Library recovery time: ADLIB:SLE
  N/C                          CLOCKS_AND_RESETS_0/RESET_FIC_3_CLK/CORERESET_0/dff_14[0]:ALn


Operating Conditions : slow_lv_ht

END SET External Recovery

----------------------------------------------------

SET Asynchronous to Register

No Path 

END SET Asynchronous to Register

----------------------------------------------------

Clock Domain FIC_0_PERIPHERALS_0/security_core_0/rng/neoTRNG_0/entropy_cell_gen.0.neoTRNG_cell_inst/sreg_0[0]:Q

Info: The maximum frequency of this clock domain is limited by the minimum pulse widths of pin FIC_0_PERIPHERALS_0/security_core_0/rng/neoTRNG_0/entropy_cell_gen.0.neoTRNG_cell_inst/ring_osc_gen.0.latch[0]:CLK

SET Register to Register

No Path 

END SET Register to Register

----------------------------------------------------

SET External Setup

No Path 

END SET External Setup

----------------------------------------------------

SET Clock to Output

No Path 

END SET Clock to Output

----------------------------------------------------

SET FIC_0_PERIPHERALS_0/security_core_0/rng/neoTRNG_0/entropy_cell_gen.0.neoTRNG_cell_inst/sreg_4[0]:Q to FIC_0_PERIPHERALS_0/security_core_0/rng/neoTRNG_0/entropy_cell_gen.0.neoTRNG_cell_inst/sreg_0[0]:Q

No Path 

END SET FIC_0_PERIPHERALS_0/security_core_0/rng/neoTRNG_0/entropy_cell_gen.0.neoTRNG_cell_inst/sreg_4[0]:Q to FIC_0_PERIPHERALS_0/security_core_0/rng/neoTRNG_0/entropy_cell_gen.0.neoTRNG_cell_inst/sreg_0[0]:Q

----------------------------------------------------

SET Register to Asynchronous

No Path 

END SET Register to Asynchronous

----------------------------------------------------

SET External Recovery

No Path 

END SET External Recovery

----------------------------------------------------

SET Asynchronous to Register

No Path 

END SET Asynchronous to Register

----------------------------------------------------

SET CLOCKS_AND_RESETS_0/CCC_FIC_x_CLK/PF_CCC_C0_0/pll_inst_0/OUT0 to FIC_0_PERIPHERALS_0/security_core_0/rng/neoTRNG_0/entropy_cell_gen.0.neoTRNG_cell_inst/sreg_0[0]:Q

No Path 

END SET CLOCKS_AND_RESETS_0/CCC_FIC_x_CLK/PF_CCC_C0_0/pll_inst_0/OUT0 to FIC_0_PERIPHERALS_0/security_core_0/rng/neoTRNG_0/entropy_cell_gen.0.neoTRNG_cell_inst/sreg_0[0]:Q

----------------------------------------------------

Clock Domain FIC_0_PERIPHERALS_0/security_core_0/rng/neoTRNG_0/entropy_cell_gen.0.neoTRNG_cell_inst/sreg_1[0]:Q

Info: The maximum frequency of this clock domain is limited by the minimum pulse widths of pin FIC_0_PERIPHERALS_0/security_core_0/rng/neoTRNG_0/entropy_cell_gen.0.neoTRNG_cell_inst/ring_osc_gen.1.latch[1]:CLK

SET Register to Register

No Path 

END SET Register to Register

----------------------------------------------------

SET External Setup

No Path 

END SET External Setup

----------------------------------------------------

SET Clock to Output

No Path 

END SET Clock to Output

----------------------------------------------------

SET FIC_0_PERIPHERALS_0/security_core_0/rng/neoTRNG_0/entropy_cell_gen.0.neoTRNG_cell_inst/sreg_0[0]:Q to FIC_0_PERIPHERALS_0/security_core_0/rng/neoTRNG_0/entropy_cell_gen.0.neoTRNG_cell_inst/sreg_1[0]:Q

No Path 

END SET FIC_0_PERIPHERALS_0/security_core_0/rng/neoTRNG_0/entropy_cell_gen.0.neoTRNG_cell_inst/sreg_0[0]:Q to FIC_0_PERIPHERALS_0/security_core_0/rng/neoTRNG_0/entropy_cell_gen.0.neoTRNG_cell_inst/sreg_1[0]:Q

----------------------------------------------------

SET Register to Asynchronous

No Path 

END SET Register to Asynchronous

----------------------------------------------------

SET External Recovery

No Path 

END SET External Recovery

----------------------------------------------------

SET Asynchronous to Register

No Path 

END SET Asynchronous to Register

----------------------------------------------------

SET CLOCKS_AND_RESETS_0/CCC_FIC_x_CLK/PF_CCC_C0_0/pll_inst_0/OUT0 to FIC_0_PERIPHERALS_0/security_core_0/rng/neoTRNG_0/entropy_cell_gen.0.neoTRNG_cell_inst/sreg_1[0]:Q

No Path 

END SET CLOCKS_AND_RESETS_0/CCC_FIC_x_CLK/PF_CCC_C0_0/pll_inst_0/OUT0 to FIC_0_PERIPHERALS_0/security_core_0/rng/neoTRNG_0/entropy_cell_gen.0.neoTRNG_cell_inst/sreg_1[0]:Q

----------------------------------------------------

Clock Domain FIC_0_PERIPHERALS_0/security_core_0/rng/neoTRNG_0/entropy_cell_gen.0.neoTRNG_cell_inst/sreg_2[0]:Q

Info: The maximum frequency of this clock domain is limited by the minimum pulse widths of pin FIC_0_PERIPHERALS_0/security_core_0/rng/neoTRNG_0/entropy_cell_gen.0.neoTRNG_cell_inst/ring_osc_gen.2.latch[2]:CLK

SET Register to Register

No Path 

END SET Register to Register

----------------------------------------------------

SET External Setup

No Path 

END SET External Setup

----------------------------------------------------

SET Clock to Output

No Path 

END SET Clock to Output

----------------------------------------------------

SET FIC_0_PERIPHERALS_0/security_core_0/rng/neoTRNG_0/entropy_cell_gen.0.neoTRNG_cell_inst/sreg_1[0]:Q to FIC_0_PERIPHERALS_0/security_core_0/rng/neoTRNG_0/entropy_cell_gen.0.neoTRNG_cell_inst/sreg_2[0]:Q

No Path 

END SET FIC_0_PERIPHERALS_0/security_core_0/rng/neoTRNG_0/entropy_cell_gen.0.neoTRNG_cell_inst/sreg_1[0]:Q to FIC_0_PERIPHERALS_0/security_core_0/rng/neoTRNG_0/entropy_cell_gen.0.neoTRNG_cell_inst/sreg_2[0]:Q

----------------------------------------------------

SET Register to Asynchronous

No Path 

END SET Register to Asynchronous

----------------------------------------------------

SET External Recovery

No Path 

END SET External Recovery

----------------------------------------------------

SET Asynchronous to Register

No Path 

END SET Asynchronous to Register

----------------------------------------------------

SET CLOCKS_AND_RESETS_0/CCC_FIC_x_CLK/PF_CCC_C0_0/pll_inst_0/OUT0 to FIC_0_PERIPHERALS_0/security_core_0/rng/neoTRNG_0/entropy_cell_gen.0.neoTRNG_cell_inst/sreg_2[0]:Q

No Path 

END SET CLOCKS_AND_RESETS_0/CCC_FIC_x_CLK/PF_CCC_C0_0/pll_inst_0/OUT0 to FIC_0_PERIPHERALS_0/security_core_0/rng/neoTRNG_0/entropy_cell_gen.0.neoTRNG_cell_inst/sreg_2[0]:Q

----------------------------------------------------

Clock Domain FIC_0_PERIPHERALS_0/security_core_0/rng/neoTRNG_0/entropy_cell_gen.0.neoTRNG_cell_inst/sreg_3[0]:Q

Info: The maximum frequency of this clock domain is limited by the minimum pulse widths of pin FIC_0_PERIPHERALS_0/security_core_0/rng/neoTRNG_0/entropy_cell_gen.0.neoTRNG_cell_inst/ring_osc_gen.3.latch[3]:CLK

SET Register to Register

No Path 

END SET Register to Register

----------------------------------------------------

SET External Setup

No Path 

END SET External Setup

----------------------------------------------------

SET Clock to Output

No Path 

END SET Clock to Output

----------------------------------------------------

SET FIC_0_PERIPHERALS_0/security_core_0/rng/neoTRNG_0/entropy_cell_gen.0.neoTRNG_cell_inst/sreg_2[0]:Q to FIC_0_PERIPHERALS_0/security_core_0/rng/neoTRNG_0/entropy_cell_gen.0.neoTRNG_cell_inst/sreg_3[0]:Q

No Path 

END SET FIC_0_PERIPHERALS_0/security_core_0/rng/neoTRNG_0/entropy_cell_gen.0.neoTRNG_cell_inst/sreg_2[0]:Q to FIC_0_PERIPHERALS_0/security_core_0/rng/neoTRNG_0/entropy_cell_gen.0.neoTRNG_cell_inst/sreg_3[0]:Q

----------------------------------------------------

SET Register to Asynchronous

No Path 

END SET Register to Asynchronous

----------------------------------------------------

SET External Recovery

No Path 

END SET External Recovery

----------------------------------------------------

SET Asynchronous to Register

No Path 

END SET Asynchronous to Register

----------------------------------------------------

SET CLOCKS_AND_RESETS_0/CCC_FIC_x_CLK/PF_CCC_C0_0/pll_inst_0/OUT0 to FIC_0_PERIPHERALS_0/security_core_0/rng/neoTRNG_0/entropy_cell_gen.0.neoTRNG_cell_inst/sreg_3[0]:Q

No Path 

END SET CLOCKS_AND_RESETS_0/CCC_FIC_x_CLK/PF_CCC_C0_0/pll_inst_0/OUT0 to FIC_0_PERIPHERALS_0/security_core_0/rng/neoTRNG_0/entropy_cell_gen.0.neoTRNG_cell_inst/sreg_3[0]:Q

----------------------------------------------------

Clock Domain FIC_0_PERIPHERALS_0/security_core_0/rng/neoTRNG_0/entropy_cell_gen.0.neoTRNG_cell_inst/sreg_4[0]:Q

Info: The maximum frequency of this clock domain is limited by the minimum pulse widths of pin FIC_0_PERIPHERALS_0/security_core_0/rng/neoTRNG_0/entropy_cell_gen.0.neoTRNG_cell_inst/ring_osc_gen.4.latch[4]:CLK

SET Register to Register

No Path 

END SET Register to Register

----------------------------------------------------

SET External Setup

No Path 

END SET External Setup

----------------------------------------------------

SET Clock to Output

No Path 

END SET Clock to Output

----------------------------------------------------

SET FIC_0_PERIPHERALS_0/security_core_0/rng/neoTRNG_0/entropy_cell_gen.0.neoTRNG_cell_inst/sreg_3[0]:Q to FIC_0_PERIPHERALS_0/security_core_0/rng/neoTRNG_0/entropy_cell_gen.0.neoTRNG_cell_inst/sreg_4[0]:Q

No Path 

END SET FIC_0_PERIPHERALS_0/security_core_0/rng/neoTRNG_0/entropy_cell_gen.0.neoTRNG_cell_inst/sreg_3[0]:Q to FIC_0_PERIPHERALS_0/security_core_0/rng/neoTRNG_0/entropy_cell_gen.0.neoTRNG_cell_inst/sreg_4[0]:Q

----------------------------------------------------

SET Register to Asynchronous

No Path 

END SET Register to Asynchronous

----------------------------------------------------

SET External Recovery

No Path 

END SET External Recovery

----------------------------------------------------

SET Asynchronous to Register

No Path 

END SET Asynchronous to Register

----------------------------------------------------

SET CLOCKS_AND_RESETS_0/CCC_FIC_x_CLK/PF_CCC_C0_0/pll_inst_0/OUT0 to FIC_0_PERIPHERALS_0/security_core_0/rng/neoTRNG_0/entropy_cell_gen.0.neoTRNG_cell_inst/sreg_4[0]:Q

No Path 

END SET CLOCKS_AND_RESETS_0/CCC_FIC_x_CLK/PF_CCC_C0_0/pll_inst_0/OUT0 to FIC_0_PERIPHERALS_0/security_core_0/rng/neoTRNG_0/entropy_cell_gen.0.neoTRNG_cell_inst/sreg_4[0]:Q

----------------------------------------------------

Clock Domain FIC_0_PERIPHERALS_0/security_core_0/rng/neoTRNG_0/entropy_cell_gen.1.neoTRNG_cell_inst/sreg_0[0]:Q

Info: The maximum frequency of this clock domain is limited by the minimum pulse widths of pin FIC_0_PERIPHERALS_0/security_core_0/rng/neoTRNG_0/entropy_cell_gen.1.neoTRNG_cell_inst/ring_osc_gen.0.latch[0]:CLK

SET Register to Register

No Path 

END SET Register to Register

----------------------------------------------------

SET External Setup

No Path 

END SET External Setup

----------------------------------------------------

SET Clock to Output

No Path 

END SET Clock to Output

----------------------------------------------------

SET FIC_0_PERIPHERALS_0/security_core_0/rng/neoTRNG_0/entropy_cell_gen.0.neoTRNG_cell_inst/sreg_4[0]:Q to FIC_0_PERIPHERALS_0/security_core_0/rng/neoTRNG_0/entropy_cell_gen.1.neoTRNG_cell_inst/sreg_0[0]:Q

No Path 

END SET FIC_0_PERIPHERALS_0/security_core_0/rng/neoTRNG_0/entropy_cell_gen.0.neoTRNG_cell_inst/sreg_4[0]:Q to FIC_0_PERIPHERALS_0/security_core_0/rng/neoTRNG_0/entropy_cell_gen.1.neoTRNG_cell_inst/sreg_0[0]:Q

----------------------------------------------------

SET FIC_0_PERIPHERALS_0/security_core_0/rng/neoTRNG_0/entropy_cell_gen.1.neoTRNG_cell_inst/sreg_6[0]:Q to FIC_0_PERIPHERALS_0/security_core_0/rng/neoTRNG_0/entropy_cell_gen.1.neoTRNG_cell_inst/sreg_0[0]:Q

No Path 

END SET FIC_0_PERIPHERALS_0/security_core_0/rng/neoTRNG_0/entropy_cell_gen.1.neoTRNG_cell_inst/sreg_6[0]:Q to FIC_0_PERIPHERALS_0/security_core_0/rng/neoTRNG_0/entropy_cell_gen.1.neoTRNG_cell_inst/sreg_0[0]:Q

----------------------------------------------------

SET Register to Asynchronous

No Path 

END SET Register to Asynchronous

----------------------------------------------------

SET External Recovery

No Path 

END SET External Recovery

----------------------------------------------------

SET Asynchronous to Register

No Path 

END SET Asynchronous to Register

----------------------------------------------------

SET CLOCKS_AND_RESETS_0/CCC_FIC_x_CLK/PF_CCC_C0_0/pll_inst_0/OUT0 to FIC_0_PERIPHERALS_0/security_core_0/rng/neoTRNG_0/entropy_cell_gen.1.neoTRNG_cell_inst/sreg_0[0]:Q

No Path 

END SET CLOCKS_AND_RESETS_0/CCC_FIC_x_CLK/PF_CCC_C0_0/pll_inst_0/OUT0 to FIC_0_PERIPHERALS_0/security_core_0/rng/neoTRNG_0/entropy_cell_gen.1.neoTRNG_cell_inst/sreg_0[0]:Q

----------------------------------------------------

Clock Domain FIC_0_PERIPHERALS_0/security_core_0/rng/neoTRNG_0/entropy_cell_gen.1.neoTRNG_cell_inst/sreg_1[0]:Q

Info: The maximum frequency of this clock domain is limited by the minimum pulse widths of pin FIC_0_PERIPHERALS_0/security_core_0/rng/neoTRNG_0/entropy_cell_gen.1.neoTRNG_cell_inst/ring_osc_gen.1.latch[1]:CLK

SET Register to Register

No Path 

END SET Register to Register

----------------------------------------------------

SET External Setup

No Path 

END SET External Setup

----------------------------------------------------

SET Clock to Output

No Path 

END SET Clock to Output

----------------------------------------------------

SET FIC_0_PERIPHERALS_0/security_core_0/rng/neoTRNG_0/entropy_cell_gen.0.neoTRNG_cell_inst/sreg_4[0]:Q to FIC_0_PERIPHERALS_0/security_core_0/rng/neoTRNG_0/entropy_cell_gen.1.neoTRNG_cell_inst/sreg_1[0]:Q

No Path 

END SET FIC_0_PERIPHERALS_0/security_core_0/rng/neoTRNG_0/entropy_cell_gen.0.neoTRNG_cell_inst/sreg_4[0]:Q to FIC_0_PERIPHERALS_0/security_core_0/rng/neoTRNG_0/entropy_cell_gen.1.neoTRNG_cell_inst/sreg_1[0]:Q

----------------------------------------------------

SET FIC_0_PERIPHERALS_0/security_core_0/rng/neoTRNG_0/entropy_cell_gen.1.neoTRNG_cell_inst/sreg_0[0]:Q to FIC_0_PERIPHERALS_0/security_core_0/rng/neoTRNG_0/entropy_cell_gen.1.neoTRNG_cell_inst/sreg_1[0]:Q

No Path 

END SET FIC_0_PERIPHERALS_0/security_core_0/rng/neoTRNG_0/entropy_cell_gen.1.neoTRNG_cell_inst/sreg_0[0]:Q to FIC_0_PERIPHERALS_0/security_core_0/rng/neoTRNG_0/entropy_cell_gen.1.neoTRNG_cell_inst/sreg_1[0]:Q

----------------------------------------------------

SET Register to Asynchronous

No Path 

END SET Register to Asynchronous

----------------------------------------------------

SET External Recovery

No Path 

END SET External Recovery

----------------------------------------------------

SET Asynchronous to Register

No Path 

END SET Asynchronous to Register

----------------------------------------------------

SET CLOCKS_AND_RESETS_0/CCC_FIC_x_CLK/PF_CCC_C0_0/pll_inst_0/OUT0 to FIC_0_PERIPHERALS_0/security_core_0/rng/neoTRNG_0/entropy_cell_gen.1.neoTRNG_cell_inst/sreg_1[0]:Q

No Path 

END SET CLOCKS_AND_RESETS_0/CCC_FIC_x_CLK/PF_CCC_C0_0/pll_inst_0/OUT0 to FIC_0_PERIPHERALS_0/security_core_0/rng/neoTRNG_0/entropy_cell_gen.1.neoTRNG_cell_inst/sreg_1[0]:Q

----------------------------------------------------

Clock Domain FIC_0_PERIPHERALS_0/security_core_0/rng/neoTRNG_0/entropy_cell_gen.1.neoTRNG_cell_inst/sreg_2[0]:Q

Info: The maximum frequency of this clock domain is limited by the minimum pulse widths of pin FIC_0_PERIPHERALS_0/security_core_0/rng/neoTRNG_0/entropy_cell_gen.1.neoTRNG_cell_inst/ring_osc_gen.2.latch[2]:CLK

SET Register to Register

No Path 

END SET Register to Register

----------------------------------------------------

SET External Setup

No Path 

END SET External Setup

----------------------------------------------------

SET Clock to Output

No Path 

END SET Clock to Output

----------------------------------------------------

SET FIC_0_PERIPHERALS_0/security_core_0/rng/neoTRNG_0/entropy_cell_gen.0.neoTRNG_cell_inst/sreg_4[0]:Q to FIC_0_PERIPHERALS_0/security_core_0/rng/neoTRNG_0/entropy_cell_gen.1.neoTRNG_cell_inst/sreg_2[0]:Q

No Path 

END SET FIC_0_PERIPHERALS_0/security_core_0/rng/neoTRNG_0/entropy_cell_gen.0.neoTRNG_cell_inst/sreg_4[0]:Q to FIC_0_PERIPHERALS_0/security_core_0/rng/neoTRNG_0/entropy_cell_gen.1.neoTRNG_cell_inst/sreg_2[0]:Q

----------------------------------------------------

SET FIC_0_PERIPHERALS_0/security_core_0/rng/neoTRNG_0/entropy_cell_gen.1.neoTRNG_cell_inst/sreg_1[0]:Q to FIC_0_PERIPHERALS_0/security_core_0/rng/neoTRNG_0/entropy_cell_gen.1.neoTRNG_cell_inst/sreg_2[0]:Q

No Path 

END SET FIC_0_PERIPHERALS_0/security_core_0/rng/neoTRNG_0/entropy_cell_gen.1.neoTRNG_cell_inst/sreg_1[0]:Q to FIC_0_PERIPHERALS_0/security_core_0/rng/neoTRNG_0/entropy_cell_gen.1.neoTRNG_cell_inst/sreg_2[0]:Q

----------------------------------------------------

SET Register to Asynchronous

No Path 

END SET Register to Asynchronous

----------------------------------------------------

SET External Recovery

No Path 

END SET External Recovery

----------------------------------------------------

SET Asynchronous to Register

No Path 

END SET Asynchronous to Register

----------------------------------------------------

SET CLOCKS_AND_RESETS_0/CCC_FIC_x_CLK/PF_CCC_C0_0/pll_inst_0/OUT0 to FIC_0_PERIPHERALS_0/security_core_0/rng/neoTRNG_0/entropy_cell_gen.1.neoTRNG_cell_inst/sreg_2[0]:Q

No Path 

END SET CLOCKS_AND_RESETS_0/CCC_FIC_x_CLK/PF_CCC_C0_0/pll_inst_0/OUT0 to FIC_0_PERIPHERALS_0/security_core_0/rng/neoTRNG_0/entropy_cell_gen.1.neoTRNG_cell_inst/sreg_2[0]:Q

----------------------------------------------------

Clock Domain FIC_0_PERIPHERALS_0/security_core_0/rng/neoTRNG_0/entropy_cell_gen.1.neoTRNG_cell_inst/sreg_3[0]:Q

Info: The maximum frequency of this clock domain is limited by the minimum pulse widths of pin FIC_0_PERIPHERALS_0/security_core_0/rng/neoTRNG_0/entropy_cell_gen.1.neoTRNG_cell_inst/ring_osc_gen.3.latch[3]:CLK

SET Register to Register

No Path 

END SET Register to Register

----------------------------------------------------

SET External Setup

No Path 

END SET External Setup

----------------------------------------------------

SET Clock to Output

No Path 

END SET Clock to Output

----------------------------------------------------

SET FIC_0_PERIPHERALS_0/security_core_0/rng/neoTRNG_0/entropy_cell_gen.0.neoTRNG_cell_inst/sreg_4[0]:Q to FIC_0_PERIPHERALS_0/security_core_0/rng/neoTRNG_0/entropy_cell_gen.1.neoTRNG_cell_inst/sreg_3[0]:Q

No Path 

END SET FIC_0_PERIPHERALS_0/security_core_0/rng/neoTRNG_0/entropy_cell_gen.0.neoTRNG_cell_inst/sreg_4[0]:Q to FIC_0_PERIPHERALS_0/security_core_0/rng/neoTRNG_0/entropy_cell_gen.1.neoTRNG_cell_inst/sreg_3[0]:Q

----------------------------------------------------

SET FIC_0_PERIPHERALS_0/security_core_0/rng/neoTRNG_0/entropy_cell_gen.1.neoTRNG_cell_inst/sreg_2[0]:Q to FIC_0_PERIPHERALS_0/security_core_0/rng/neoTRNG_0/entropy_cell_gen.1.neoTRNG_cell_inst/sreg_3[0]:Q

No Path 

END SET FIC_0_PERIPHERALS_0/security_core_0/rng/neoTRNG_0/entropy_cell_gen.1.neoTRNG_cell_inst/sreg_2[0]:Q to FIC_0_PERIPHERALS_0/security_core_0/rng/neoTRNG_0/entropy_cell_gen.1.neoTRNG_cell_inst/sreg_3[0]:Q

----------------------------------------------------

SET Register to Asynchronous

No Path 

END SET Register to Asynchronous

----------------------------------------------------

SET External Recovery

No Path 

END SET External Recovery

----------------------------------------------------

SET Asynchronous to Register

No Path 

END SET Asynchronous to Register

----------------------------------------------------

SET CLOCKS_AND_RESETS_0/CCC_FIC_x_CLK/PF_CCC_C0_0/pll_inst_0/OUT0 to FIC_0_PERIPHERALS_0/security_core_0/rng/neoTRNG_0/entropy_cell_gen.1.neoTRNG_cell_inst/sreg_3[0]:Q

No Path 

END SET CLOCKS_AND_RESETS_0/CCC_FIC_x_CLK/PF_CCC_C0_0/pll_inst_0/OUT0 to FIC_0_PERIPHERALS_0/security_core_0/rng/neoTRNG_0/entropy_cell_gen.1.neoTRNG_cell_inst/sreg_3[0]:Q

----------------------------------------------------

Clock Domain FIC_0_PERIPHERALS_0/security_core_0/rng/neoTRNG_0/entropy_cell_gen.1.neoTRNG_cell_inst/sreg_4[0]:Q

Info: The maximum frequency of this clock domain is limited by the minimum pulse widths of pin FIC_0_PERIPHERALS_0/security_core_0/rng/neoTRNG_0/entropy_cell_gen.1.neoTRNG_cell_inst/ring_osc_gen.4.latch[4]:CLK

SET Register to Register

No Path 

END SET Register to Register

----------------------------------------------------

SET External Setup

No Path 

END SET External Setup

----------------------------------------------------

SET Clock to Output

No Path 

END SET Clock to Output

----------------------------------------------------

SET FIC_0_PERIPHERALS_0/security_core_0/rng/neoTRNG_0/entropy_cell_gen.0.neoTRNG_cell_inst/sreg_4[0]:Q to FIC_0_PERIPHERALS_0/security_core_0/rng/neoTRNG_0/entropy_cell_gen.1.neoTRNG_cell_inst/sreg_4[0]:Q

No Path 

END SET FIC_0_PERIPHERALS_0/security_core_0/rng/neoTRNG_0/entropy_cell_gen.0.neoTRNG_cell_inst/sreg_4[0]:Q to FIC_0_PERIPHERALS_0/security_core_0/rng/neoTRNG_0/entropy_cell_gen.1.neoTRNG_cell_inst/sreg_4[0]:Q

----------------------------------------------------

SET FIC_0_PERIPHERALS_0/security_core_0/rng/neoTRNG_0/entropy_cell_gen.1.neoTRNG_cell_inst/sreg_3[0]:Q to FIC_0_PERIPHERALS_0/security_core_0/rng/neoTRNG_0/entropy_cell_gen.1.neoTRNG_cell_inst/sreg_4[0]:Q

No Path 

END SET FIC_0_PERIPHERALS_0/security_core_0/rng/neoTRNG_0/entropy_cell_gen.1.neoTRNG_cell_inst/sreg_3[0]:Q to FIC_0_PERIPHERALS_0/security_core_0/rng/neoTRNG_0/entropy_cell_gen.1.neoTRNG_cell_inst/sreg_4[0]:Q

----------------------------------------------------

SET Register to Asynchronous

No Path 

END SET Register to Asynchronous

----------------------------------------------------

SET External Recovery

No Path 

END SET External Recovery

----------------------------------------------------

SET Asynchronous to Register

No Path 

END SET Asynchronous to Register

----------------------------------------------------

SET CLOCKS_AND_RESETS_0/CCC_FIC_x_CLK/PF_CCC_C0_0/pll_inst_0/OUT0 to FIC_0_PERIPHERALS_0/security_core_0/rng/neoTRNG_0/entropy_cell_gen.1.neoTRNG_cell_inst/sreg_4[0]:Q

No Path 

END SET CLOCKS_AND_RESETS_0/CCC_FIC_x_CLK/PF_CCC_C0_0/pll_inst_0/OUT0 to FIC_0_PERIPHERALS_0/security_core_0/rng/neoTRNG_0/entropy_cell_gen.1.neoTRNG_cell_inst/sreg_4[0]:Q

----------------------------------------------------

Clock Domain FIC_0_PERIPHERALS_0/security_core_0/rng/neoTRNG_0/entropy_cell_gen.1.neoTRNG_cell_inst/sreg_5[0]:Q

Info: The maximum frequency of this clock domain is limited by the minimum pulse widths of pin FIC_0_PERIPHERALS_0/security_core_0/rng/neoTRNG_0/entropy_cell_gen.1.neoTRNG_cell_inst/ring_osc_gen.5.latch[5]:CLK

SET Register to Register

No Path 

END SET Register to Register

----------------------------------------------------

SET External Setup

No Path 

END SET External Setup

----------------------------------------------------

SET Clock to Output

No Path 

END SET Clock to Output

----------------------------------------------------

SET FIC_0_PERIPHERALS_0/security_core_0/rng/neoTRNG_0/entropy_cell_gen.0.neoTRNG_cell_inst/sreg_4[0]:Q to FIC_0_PERIPHERALS_0/security_core_0/rng/neoTRNG_0/entropy_cell_gen.1.neoTRNG_cell_inst/sreg_5[0]:Q

No Path 

END SET FIC_0_PERIPHERALS_0/security_core_0/rng/neoTRNG_0/entropy_cell_gen.0.neoTRNG_cell_inst/sreg_4[0]:Q to FIC_0_PERIPHERALS_0/security_core_0/rng/neoTRNG_0/entropy_cell_gen.1.neoTRNG_cell_inst/sreg_5[0]:Q

----------------------------------------------------

SET FIC_0_PERIPHERALS_0/security_core_0/rng/neoTRNG_0/entropy_cell_gen.1.neoTRNG_cell_inst/sreg_4[0]:Q to FIC_0_PERIPHERALS_0/security_core_0/rng/neoTRNG_0/entropy_cell_gen.1.neoTRNG_cell_inst/sreg_5[0]:Q

No Path 

END SET FIC_0_PERIPHERALS_0/security_core_0/rng/neoTRNG_0/entropy_cell_gen.1.neoTRNG_cell_inst/sreg_4[0]:Q to FIC_0_PERIPHERALS_0/security_core_0/rng/neoTRNG_0/entropy_cell_gen.1.neoTRNG_cell_inst/sreg_5[0]:Q

----------------------------------------------------

SET Register to Asynchronous

No Path 

END SET Register to Asynchronous

----------------------------------------------------

SET External Recovery

No Path 

END SET External Recovery

----------------------------------------------------

SET Asynchronous to Register

No Path 

END SET Asynchronous to Register

----------------------------------------------------

SET CLOCKS_AND_RESETS_0/CCC_FIC_x_CLK/PF_CCC_C0_0/pll_inst_0/OUT0 to FIC_0_PERIPHERALS_0/security_core_0/rng/neoTRNG_0/entropy_cell_gen.1.neoTRNG_cell_inst/sreg_5[0]:Q

No Path 

END SET CLOCKS_AND_RESETS_0/CCC_FIC_x_CLK/PF_CCC_C0_0/pll_inst_0/OUT0 to FIC_0_PERIPHERALS_0/security_core_0/rng/neoTRNG_0/entropy_cell_gen.1.neoTRNG_cell_inst/sreg_5[0]:Q

----------------------------------------------------

Clock Domain FIC_0_PERIPHERALS_0/security_core_0/rng/neoTRNG_0/entropy_cell_gen.1.neoTRNG_cell_inst/sreg_6[0]:Q

Info: The maximum frequency of this clock domain is limited by the minimum pulse widths of pin FIC_0_PERIPHERALS_0/security_core_0/rng/neoTRNG_0/entropy_cell_gen.1.neoTRNG_cell_inst/ring_osc_gen.6.latch[6]:CLK

SET Register to Register

No Path 

END SET Register to Register

----------------------------------------------------

SET External Setup

No Path 

END SET External Setup

----------------------------------------------------

SET Clock to Output

No Path 

END SET Clock to Output

----------------------------------------------------

SET FIC_0_PERIPHERALS_0/security_core_0/rng/neoTRNG_0/entropy_cell_gen.0.neoTRNG_cell_inst/sreg_4[0]:Q to FIC_0_PERIPHERALS_0/security_core_0/rng/neoTRNG_0/entropy_cell_gen.1.neoTRNG_cell_inst/sreg_6[0]:Q

No Path 

END SET FIC_0_PERIPHERALS_0/security_core_0/rng/neoTRNG_0/entropy_cell_gen.0.neoTRNG_cell_inst/sreg_4[0]:Q to FIC_0_PERIPHERALS_0/security_core_0/rng/neoTRNG_0/entropy_cell_gen.1.neoTRNG_cell_inst/sreg_6[0]:Q

----------------------------------------------------

SET FIC_0_PERIPHERALS_0/security_core_0/rng/neoTRNG_0/entropy_cell_gen.1.neoTRNG_cell_inst/sreg_5[0]:Q to FIC_0_PERIPHERALS_0/security_core_0/rng/neoTRNG_0/entropy_cell_gen.1.neoTRNG_cell_inst/sreg_6[0]:Q

No Path 

END SET FIC_0_PERIPHERALS_0/security_core_0/rng/neoTRNG_0/entropy_cell_gen.1.neoTRNG_cell_inst/sreg_5[0]:Q to FIC_0_PERIPHERALS_0/security_core_0/rng/neoTRNG_0/entropy_cell_gen.1.neoTRNG_cell_inst/sreg_6[0]:Q

----------------------------------------------------

SET Register to Asynchronous

No Path 

END SET Register to Asynchronous

----------------------------------------------------

SET External Recovery

No Path 

END SET External Recovery

----------------------------------------------------

SET Asynchronous to Register

No Path 

END SET Asynchronous to Register

----------------------------------------------------

SET CLOCKS_AND_RESETS_0/CCC_FIC_x_CLK/PF_CCC_C0_0/pll_inst_0/OUT0 to FIC_0_PERIPHERALS_0/security_core_0/rng/neoTRNG_0/entropy_cell_gen.1.neoTRNG_cell_inst/sreg_6[0]:Q

No Path 

END SET CLOCKS_AND_RESETS_0/CCC_FIC_x_CLK/PF_CCC_C0_0/pll_inst_0/OUT0 to FIC_0_PERIPHERALS_0/security_core_0/rng/neoTRNG_0/entropy_cell_gen.1.neoTRNG_cell_inst/sreg_6[0]:Q

----------------------------------------------------

Clock Domain FIC_0_PERIPHERALS_0/security_core_0/rng/neoTRNG_0/entropy_cell_gen.2.neoTRNG_cell_inst/sreg_0[0]:Q

Info: The maximum frequency of this clock domain is limited by the minimum pulse widths of pin FIC_0_PERIPHERALS_0/security_core_0/rng/neoTRNG_0/entropy_cell_gen.2.neoTRNG_cell_inst/ring_osc_gen.0.latch[0]:CLK

SET Register to Register

No Path 

END SET Register to Register

----------------------------------------------------

SET External Setup

No Path 

END SET External Setup

----------------------------------------------------

SET Clock to Output

No Path 

END SET Clock to Output

----------------------------------------------------

SET FIC_0_PERIPHERALS_0/security_core_0/rng/neoTRNG_0/entropy_cell_gen.1.neoTRNG_cell_inst/sreg_6[0]:Q to FIC_0_PERIPHERALS_0/security_core_0/rng/neoTRNG_0/entropy_cell_gen.2.neoTRNG_cell_inst/sreg_0[0]:Q

No Path 

END SET FIC_0_PERIPHERALS_0/security_core_0/rng/neoTRNG_0/entropy_cell_gen.1.neoTRNG_cell_inst/sreg_6[0]:Q to FIC_0_PERIPHERALS_0/security_core_0/rng/neoTRNG_0/entropy_cell_gen.2.neoTRNG_cell_inst/sreg_0[0]:Q

----------------------------------------------------

SET FIC_0_PERIPHERALS_0/security_core_0/rng/neoTRNG_0/entropy_cell_gen.2.neoTRNG_cell_inst/sreg_8[0]:Q to FIC_0_PERIPHERALS_0/security_core_0/rng/neoTRNG_0/entropy_cell_gen.2.neoTRNG_cell_inst/sreg_0[0]:Q

No Path 

END SET FIC_0_PERIPHERALS_0/security_core_0/rng/neoTRNG_0/entropy_cell_gen.2.neoTRNG_cell_inst/sreg_8[0]:Q to FIC_0_PERIPHERALS_0/security_core_0/rng/neoTRNG_0/entropy_cell_gen.2.neoTRNG_cell_inst/sreg_0[0]:Q

----------------------------------------------------

SET Register to Asynchronous

No Path 

END SET Register to Asynchronous

----------------------------------------------------

SET External Recovery

No Path 

END SET External Recovery

----------------------------------------------------

SET Asynchronous to Register

No Path 

END SET Asynchronous to Register

----------------------------------------------------

SET CLOCKS_AND_RESETS_0/CCC_FIC_x_CLK/PF_CCC_C0_0/pll_inst_0/OUT0 to FIC_0_PERIPHERALS_0/security_core_0/rng/neoTRNG_0/entropy_cell_gen.2.neoTRNG_cell_inst/sreg_0[0]:Q

No Path 

END SET CLOCKS_AND_RESETS_0/CCC_FIC_x_CLK/PF_CCC_C0_0/pll_inst_0/OUT0 to FIC_0_PERIPHERALS_0/security_core_0/rng/neoTRNG_0/entropy_cell_gen.2.neoTRNG_cell_inst/sreg_0[0]:Q

----------------------------------------------------

Clock Domain FIC_0_PERIPHERALS_0/security_core_0/rng/neoTRNG_0/entropy_cell_gen.2.neoTRNG_cell_inst/sreg_1[0]:Q

Info: The maximum frequency of this clock domain is limited by the minimum pulse widths of pin FIC_0_PERIPHERALS_0/security_core_0/rng/neoTRNG_0/entropy_cell_gen.2.neoTRNG_cell_inst/ring_osc_gen.1.latch[1]:CLK

SET Register to Register

No Path 

END SET Register to Register

----------------------------------------------------

SET External Setup

No Path 

END SET External Setup

----------------------------------------------------

SET Clock to Output

No Path 

END SET Clock to Output

----------------------------------------------------

SET FIC_0_PERIPHERALS_0/security_core_0/rng/neoTRNG_0/entropy_cell_gen.1.neoTRNG_cell_inst/sreg_6[0]:Q to FIC_0_PERIPHERALS_0/security_core_0/rng/neoTRNG_0/entropy_cell_gen.2.neoTRNG_cell_inst/sreg_1[0]:Q

No Path 

END SET FIC_0_PERIPHERALS_0/security_core_0/rng/neoTRNG_0/entropy_cell_gen.1.neoTRNG_cell_inst/sreg_6[0]:Q to FIC_0_PERIPHERALS_0/security_core_0/rng/neoTRNG_0/entropy_cell_gen.2.neoTRNG_cell_inst/sreg_1[0]:Q

----------------------------------------------------

SET FIC_0_PERIPHERALS_0/security_core_0/rng/neoTRNG_0/entropy_cell_gen.2.neoTRNG_cell_inst/sreg_0[0]:Q to FIC_0_PERIPHERALS_0/security_core_0/rng/neoTRNG_0/entropy_cell_gen.2.neoTRNG_cell_inst/sreg_1[0]:Q

No Path 

END SET FIC_0_PERIPHERALS_0/security_core_0/rng/neoTRNG_0/entropy_cell_gen.2.neoTRNG_cell_inst/sreg_0[0]:Q to FIC_0_PERIPHERALS_0/security_core_0/rng/neoTRNG_0/entropy_cell_gen.2.neoTRNG_cell_inst/sreg_1[0]:Q

----------------------------------------------------

SET Register to Asynchronous

No Path 

END SET Register to Asynchronous

----------------------------------------------------

SET External Recovery

No Path 

END SET External Recovery

----------------------------------------------------

SET Asynchronous to Register

No Path 

END SET Asynchronous to Register

----------------------------------------------------

SET CLOCKS_AND_RESETS_0/CCC_FIC_x_CLK/PF_CCC_C0_0/pll_inst_0/OUT0 to FIC_0_PERIPHERALS_0/security_core_0/rng/neoTRNG_0/entropy_cell_gen.2.neoTRNG_cell_inst/sreg_1[0]:Q

No Path 

END SET CLOCKS_AND_RESETS_0/CCC_FIC_x_CLK/PF_CCC_C0_0/pll_inst_0/OUT0 to FIC_0_PERIPHERALS_0/security_core_0/rng/neoTRNG_0/entropy_cell_gen.2.neoTRNG_cell_inst/sreg_1[0]:Q

----------------------------------------------------

Clock Domain FIC_0_PERIPHERALS_0/security_core_0/rng/neoTRNG_0/entropy_cell_gen.2.neoTRNG_cell_inst/sreg_2[0]:Q

Info: The maximum frequency of this clock domain is limited by the minimum pulse widths of pin FIC_0_PERIPHERALS_0/security_core_0/rng/neoTRNG_0/entropy_cell_gen.2.neoTRNG_cell_inst/ring_osc_gen.2.latch[2]:CLK

SET Register to Register

No Path 

END SET Register to Register

----------------------------------------------------

SET External Setup

No Path 

END SET External Setup

----------------------------------------------------

SET Clock to Output

No Path 

END SET Clock to Output

----------------------------------------------------

SET FIC_0_PERIPHERALS_0/security_core_0/rng/neoTRNG_0/entropy_cell_gen.1.neoTRNG_cell_inst/sreg_6[0]:Q to FIC_0_PERIPHERALS_0/security_core_0/rng/neoTRNG_0/entropy_cell_gen.2.neoTRNG_cell_inst/sreg_2[0]:Q

No Path 

END SET FIC_0_PERIPHERALS_0/security_core_0/rng/neoTRNG_0/entropy_cell_gen.1.neoTRNG_cell_inst/sreg_6[0]:Q to FIC_0_PERIPHERALS_0/security_core_0/rng/neoTRNG_0/entropy_cell_gen.2.neoTRNG_cell_inst/sreg_2[0]:Q

----------------------------------------------------

SET FIC_0_PERIPHERALS_0/security_core_0/rng/neoTRNG_0/entropy_cell_gen.2.neoTRNG_cell_inst/sreg_1[0]:Q to FIC_0_PERIPHERALS_0/security_core_0/rng/neoTRNG_0/entropy_cell_gen.2.neoTRNG_cell_inst/sreg_2[0]:Q

No Path 

END SET FIC_0_PERIPHERALS_0/security_core_0/rng/neoTRNG_0/entropy_cell_gen.2.neoTRNG_cell_inst/sreg_1[0]:Q to FIC_0_PERIPHERALS_0/security_core_0/rng/neoTRNG_0/entropy_cell_gen.2.neoTRNG_cell_inst/sreg_2[0]:Q

----------------------------------------------------

SET Register to Asynchronous

No Path 

END SET Register to Asynchronous

----------------------------------------------------

SET External Recovery

No Path 

END SET External Recovery

----------------------------------------------------

SET Asynchronous to Register

No Path 

END SET Asynchronous to Register

----------------------------------------------------

SET CLOCKS_AND_RESETS_0/CCC_FIC_x_CLK/PF_CCC_C0_0/pll_inst_0/OUT0 to FIC_0_PERIPHERALS_0/security_core_0/rng/neoTRNG_0/entropy_cell_gen.2.neoTRNG_cell_inst/sreg_2[0]:Q

No Path 

END SET CLOCKS_AND_RESETS_0/CCC_FIC_x_CLK/PF_CCC_C0_0/pll_inst_0/OUT0 to FIC_0_PERIPHERALS_0/security_core_0/rng/neoTRNG_0/entropy_cell_gen.2.neoTRNG_cell_inst/sreg_2[0]:Q

----------------------------------------------------

Clock Domain FIC_0_PERIPHERALS_0/security_core_0/rng/neoTRNG_0/entropy_cell_gen.2.neoTRNG_cell_inst/sreg_3[0]:Q

Info: The maximum frequency of this clock domain is limited by the minimum pulse widths of pin FIC_0_PERIPHERALS_0/security_core_0/rng/neoTRNG_0/entropy_cell_gen.2.neoTRNG_cell_inst/ring_osc_gen.3.latch[3]:CLK

SET Register to Register

No Path 

END SET Register to Register

----------------------------------------------------

SET External Setup

No Path 

END SET External Setup

----------------------------------------------------

SET Clock to Output

No Path 

END SET Clock to Output

----------------------------------------------------

SET FIC_0_PERIPHERALS_0/security_core_0/rng/neoTRNG_0/entropy_cell_gen.1.neoTRNG_cell_inst/sreg_6[0]:Q to FIC_0_PERIPHERALS_0/security_core_0/rng/neoTRNG_0/entropy_cell_gen.2.neoTRNG_cell_inst/sreg_3[0]:Q

No Path 

END SET FIC_0_PERIPHERALS_0/security_core_0/rng/neoTRNG_0/entropy_cell_gen.1.neoTRNG_cell_inst/sreg_6[0]:Q to FIC_0_PERIPHERALS_0/security_core_0/rng/neoTRNG_0/entropy_cell_gen.2.neoTRNG_cell_inst/sreg_3[0]:Q

----------------------------------------------------

SET FIC_0_PERIPHERALS_0/security_core_0/rng/neoTRNG_0/entropy_cell_gen.2.neoTRNG_cell_inst/sreg_2[0]:Q to FIC_0_PERIPHERALS_0/security_core_0/rng/neoTRNG_0/entropy_cell_gen.2.neoTRNG_cell_inst/sreg_3[0]:Q

No Path 

END SET FIC_0_PERIPHERALS_0/security_core_0/rng/neoTRNG_0/entropy_cell_gen.2.neoTRNG_cell_inst/sreg_2[0]:Q to FIC_0_PERIPHERALS_0/security_core_0/rng/neoTRNG_0/entropy_cell_gen.2.neoTRNG_cell_inst/sreg_3[0]:Q

----------------------------------------------------

SET Register to Asynchronous

No Path 

END SET Register to Asynchronous

----------------------------------------------------

SET External Recovery

No Path 

END SET External Recovery

----------------------------------------------------

SET Asynchronous to Register

No Path 

END SET Asynchronous to Register

----------------------------------------------------

SET CLOCKS_AND_RESETS_0/CCC_FIC_x_CLK/PF_CCC_C0_0/pll_inst_0/OUT0 to FIC_0_PERIPHERALS_0/security_core_0/rng/neoTRNG_0/entropy_cell_gen.2.neoTRNG_cell_inst/sreg_3[0]:Q

No Path 

END SET CLOCKS_AND_RESETS_0/CCC_FIC_x_CLK/PF_CCC_C0_0/pll_inst_0/OUT0 to FIC_0_PERIPHERALS_0/security_core_0/rng/neoTRNG_0/entropy_cell_gen.2.neoTRNG_cell_inst/sreg_3[0]:Q

----------------------------------------------------

Clock Domain FIC_0_PERIPHERALS_0/security_core_0/rng/neoTRNG_0/entropy_cell_gen.2.neoTRNG_cell_inst/sreg_4[0]:Q

Info: The maximum frequency of this clock domain is limited by the minimum pulse widths of pin FIC_0_PERIPHERALS_0/security_core_0/rng/neoTRNG_0/entropy_cell_gen.2.neoTRNG_cell_inst/ring_osc_gen.4.latch[4]:CLK

SET Register to Register

No Path 

END SET Register to Register

----------------------------------------------------

SET External Setup

No Path 

END SET External Setup

----------------------------------------------------

SET Clock to Output

No Path 

END SET Clock to Output

----------------------------------------------------

SET FIC_0_PERIPHERALS_0/security_core_0/rng/neoTRNG_0/entropy_cell_gen.1.neoTRNG_cell_inst/sreg_6[0]:Q to FIC_0_PERIPHERALS_0/security_core_0/rng/neoTRNG_0/entropy_cell_gen.2.neoTRNG_cell_inst/sreg_4[0]:Q

No Path 

END SET FIC_0_PERIPHERALS_0/security_core_0/rng/neoTRNG_0/entropy_cell_gen.1.neoTRNG_cell_inst/sreg_6[0]:Q to FIC_0_PERIPHERALS_0/security_core_0/rng/neoTRNG_0/entropy_cell_gen.2.neoTRNG_cell_inst/sreg_4[0]:Q

----------------------------------------------------

SET FIC_0_PERIPHERALS_0/security_core_0/rng/neoTRNG_0/entropy_cell_gen.2.neoTRNG_cell_inst/sreg_3[0]:Q to FIC_0_PERIPHERALS_0/security_core_0/rng/neoTRNG_0/entropy_cell_gen.2.neoTRNG_cell_inst/sreg_4[0]:Q

No Path 

END SET FIC_0_PERIPHERALS_0/security_core_0/rng/neoTRNG_0/entropy_cell_gen.2.neoTRNG_cell_inst/sreg_3[0]:Q to FIC_0_PERIPHERALS_0/security_core_0/rng/neoTRNG_0/entropy_cell_gen.2.neoTRNG_cell_inst/sreg_4[0]:Q

----------------------------------------------------

SET Register to Asynchronous

No Path 

END SET Register to Asynchronous

----------------------------------------------------

SET External Recovery

No Path 

END SET External Recovery

----------------------------------------------------

SET Asynchronous to Register

No Path 

END SET Asynchronous to Register

----------------------------------------------------

SET CLOCKS_AND_RESETS_0/CCC_FIC_x_CLK/PF_CCC_C0_0/pll_inst_0/OUT0 to FIC_0_PERIPHERALS_0/security_core_0/rng/neoTRNG_0/entropy_cell_gen.2.neoTRNG_cell_inst/sreg_4[0]:Q

No Path 

END SET CLOCKS_AND_RESETS_0/CCC_FIC_x_CLK/PF_CCC_C0_0/pll_inst_0/OUT0 to FIC_0_PERIPHERALS_0/security_core_0/rng/neoTRNG_0/entropy_cell_gen.2.neoTRNG_cell_inst/sreg_4[0]:Q

----------------------------------------------------

Clock Domain FIC_0_PERIPHERALS_0/security_core_0/rng/neoTRNG_0/entropy_cell_gen.2.neoTRNG_cell_inst/sreg_5[0]:Q

Info: The maximum frequency of this clock domain is limited by the minimum pulse widths of pin FIC_0_PERIPHERALS_0/security_core_0/rng/neoTRNG_0/entropy_cell_gen.2.neoTRNG_cell_inst/ring_osc_gen.5.latch[5]:CLK

SET Register to Register

No Path 

END SET Register to Register

----------------------------------------------------

SET External Setup

No Path 

END SET External Setup

----------------------------------------------------

SET Clock to Output

No Path 

END SET Clock to Output

----------------------------------------------------

SET FIC_0_PERIPHERALS_0/security_core_0/rng/neoTRNG_0/entropy_cell_gen.1.neoTRNG_cell_inst/sreg_6[0]:Q to FIC_0_PERIPHERALS_0/security_core_0/rng/neoTRNG_0/entropy_cell_gen.2.neoTRNG_cell_inst/sreg_5[0]:Q

No Path 

END SET FIC_0_PERIPHERALS_0/security_core_0/rng/neoTRNG_0/entropy_cell_gen.1.neoTRNG_cell_inst/sreg_6[0]:Q to FIC_0_PERIPHERALS_0/security_core_0/rng/neoTRNG_0/entropy_cell_gen.2.neoTRNG_cell_inst/sreg_5[0]:Q

----------------------------------------------------

SET FIC_0_PERIPHERALS_0/security_core_0/rng/neoTRNG_0/entropy_cell_gen.2.neoTRNG_cell_inst/sreg_4[0]:Q to FIC_0_PERIPHERALS_0/security_core_0/rng/neoTRNG_0/entropy_cell_gen.2.neoTRNG_cell_inst/sreg_5[0]:Q

No Path 

END SET FIC_0_PERIPHERALS_0/security_core_0/rng/neoTRNG_0/entropy_cell_gen.2.neoTRNG_cell_inst/sreg_4[0]:Q to FIC_0_PERIPHERALS_0/security_core_0/rng/neoTRNG_0/entropy_cell_gen.2.neoTRNG_cell_inst/sreg_5[0]:Q

----------------------------------------------------

SET Register to Asynchronous

No Path 

END SET Register to Asynchronous

----------------------------------------------------

SET External Recovery

No Path 

END SET External Recovery

----------------------------------------------------

SET Asynchronous to Register

No Path 

END SET Asynchronous to Register

----------------------------------------------------

SET CLOCKS_AND_RESETS_0/CCC_FIC_x_CLK/PF_CCC_C0_0/pll_inst_0/OUT0 to FIC_0_PERIPHERALS_0/security_core_0/rng/neoTRNG_0/entropy_cell_gen.2.neoTRNG_cell_inst/sreg_5[0]:Q

No Path 

END SET CLOCKS_AND_RESETS_0/CCC_FIC_x_CLK/PF_CCC_C0_0/pll_inst_0/OUT0 to FIC_0_PERIPHERALS_0/security_core_0/rng/neoTRNG_0/entropy_cell_gen.2.neoTRNG_cell_inst/sreg_5[0]:Q

----------------------------------------------------

Clock Domain FIC_0_PERIPHERALS_0/security_core_0/rng/neoTRNG_0/entropy_cell_gen.2.neoTRNG_cell_inst/sreg_6[0]:Q

Info: The maximum frequency of this clock domain is limited by the minimum pulse widths of pin FIC_0_PERIPHERALS_0/security_core_0/rng/neoTRNG_0/entropy_cell_gen.2.neoTRNG_cell_inst/ring_osc_gen.6.latch[6]:CLK

SET Register to Register

No Path 

END SET Register to Register

----------------------------------------------------

SET External Setup

No Path 

END SET External Setup

----------------------------------------------------

SET Clock to Output

No Path 

END SET Clock to Output

----------------------------------------------------

SET FIC_0_PERIPHERALS_0/security_core_0/rng/neoTRNG_0/entropy_cell_gen.1.neoTRNG_cell_inst/sreg_6[0]:Q to FIC_0_PERIPHERALS_0/security_core_0/rng/neoTRNG_0/entropy_cell_gen.2.neoTRNG_cell_inst/sreg_6[0]:Q

No Path 

END SET FIC_0_PERIPHERALS_0/security_core_0/rng/neoTRNG_0/entropy_cell_gen.1.neoTRNG_cell_inst/sreg_6[0]:Q to FIC_0_PERIPHERALS_0/security_core_0/rng/neoTRNG_0/entropy_cell_gen.2.neoTRNG_cell_inst/sreg_6[0]:Q

----------------------------------------------------

SET FIC_0_PERIPHERALS_0/security_core_0/rng/neoTRNG_0/entropy_cell_gen.2.neoTRNG_cell_inst/sreg_5[0]:Q to FIC_0_PERIPHERALS_0/security_core_0/rng/neoTRNG_0/entropy_cell_gen.2.neoTRNG_cell_inst/sreg_6[0]:Q

No Path 

END SET FIC_0_PERIPHERALS_0/security_core_0/rng/neoTRNG_0/entropy_cell_gen.2.neoTRNG_cell_inst/sreg_5[0]:Q to FIC_0_PERIPHERALS_0/security_core_0/rng/neoTRNG_0/entropy_cell_gen.2.neoTRNG_cell_inst/sreg_6[0]:Q

----------------------------------------------------

SET Register to Asynchronous

No Path 

END SET Register to Asynchronous

----------------------------------------------------

SET External Recovery

No Path 

END SET External Recovery

----------------------------------------------------

SET Asynchronous to Register

No Path 

END SET Asynchronous to Register

----------------------------------------------------

SET CLOCKS_AND_RESETS_0/CCC_FIC_x_CLK/PF_CCC_C0_0/pll_inst_0/OUT0 to FIC_0_PERIPHERALS_0/security_core_0/rng/neoTRNG_0/entropy_cell_gen.2.neoTRNG_cell_inst/sreg_6[0]:Q

No Path 

END SET CLOCKS_AND_RESETS_0/CCC_FIC_x_CLK/PF_CCC_C0_0/pll_inst_0/OUT0 to FIC_0_PERIPHERALS_0/security_core_0/rng/neoTRNG_0/entropy_cell_gen.2.neoTRNG_cell_inst/sreg_6[0]:Q

----------------------------------------------------

Clock Domain FIC_0_PERIPHERALS_0/security_core_0/rng/neoTRNG_0/entropy_cell_gen.2.neoTRNG_cell_inst/sreg_7[0]:Q

Info: The maximum frequency of this clock domain is limited by the minimum pulse widths of pin FIC_0_PERIPHERALS_0/security_core_0/rng/neoTRNG_0/entropy_cell_gen.2.neoTRNG_cell_inst/ring_osc_gen.7.latch[7]:CLK

SET Register to Register

No Path 

END SET Register to Register

----------------------------------------------------

SET External Setup

No Path 

END SET External Setup

----------------------------------------------------

SET Clock to Output

No Path 

END SET Clock to Output

----------------------------------------------------

SET FIC_0_PERIPHERALS_0/security_core_0/rng/neoTRNG_0/entropy_cell_gen.1.neoTRNG_cell_inst/sreg_6[0]:Q to FIC_0_PERIPHERALS_0/security_core_0/rng/neoTRNG_0/entropy_cell_gen.2.neoTRNG_cell_inst/sreg_7[0]:Q

No Path 

END SET FIC_0_PERIPHERALS_0/security_core_0/rng/neoTRNG_0/entropy_cell_gen.1.neoTRNG_cell_inst/sreg_6[0]:Q to FIC_0_PERIPHERALS_0/security_core_0/rng/neoTRNG_0/entropy_cell_gen.2.neoTRNG_cell_inst/sreg_7[0]:Q

----------------------------------------------------

SET FIC_0_PERIPHERALS_0/security_core_0/rng/neoTRNG_0/entropy_cell_gen.2.neoTRNG_cell_inst/sreg_6[0]:Q to FIC_0_PERIPHERALS_0/security_core_0/rng/neoTRNG_0/entropy_cell_gen.2.neoTRNG_cell_inst/sreg_7[0]:Q

No Path 

END SET FIC_0_PERIPHERALS_0/security_core_0/rng/neoTRNG_0/entropy_cell_gen.2.neoTRNG_cell_inst/sreg_6[0]:Q to FIC_0_PERIPHERALS_0/security_core_0/rng/neoTRNG_0/entropy_cell_gen.2.neoTRNG_cell_inst/sreg_7[0]:Q

----------------------------------------------------

SET Register to Asynchronous

No Path 

END SET Register to Asynchronous

----------------------------------------------------

SET External Recovery

No Path 

END SET External Recovery

----------------------------------------------------

SET Asynchronous to Register

No Path 

END SET Asynchronous to Register

----------------------------------------------------

SET CLOCKS_AND_RESETS_0/CCC_FIC_x_CLK/PF_CCC_C0_0/pll_inst_0/OUT0 to FIC_0_PERIPHERALS_0/security_core_0/rng/neoTRNG_0/entropy_cell_gen.2.neoTRNG_cell_inst/sreg_7[0]:Q

No Path 

END SET CLOCKS_AND_RESETS_0/CCC_FIC_x_CLK/PF_CCC_C0_0/pll_inst_0/OUT0 to FIC_0_PERIPHERALS_0/security_core_0/rng/neoTRNG_0/entropy_cell_gen.2.neoTRNG_cell_inst/sreg_7[0]:Q

----------------------------------------------------

Clock Domain FIC_0_PERIPHERALS_0/security_core_0/rng/neoTRNG_0/entropy_cell_gen.2.neoTRNG_cell_inst/sreg_8[0]:Q

Info: The maximum frequency of this clock domain is limited by the minimum pulse widths of pin FIC_0_PERIPHERALS_0/security_core_0/rng/neoTRNG_0/entropy_cell_gen.2.neoTRNG_cell_inst/ring_osc_gen.8.latch[8]:CLK

SET Register to Register

No Path 

END SET Register to Register

----------------------------------------------------

SET External Setup

No Path 

END SET External Setup

----------------------------------------------------

SET Clock to Output

No Path 

END SET Clock to Output

----------------------------------------------------

SET FIC_0_PERIPHERALS_0/security_core_0/rng/neoTRNG_0/entropy_cell_gen.1.neoTRNG_cell_inst/sreg_6[0]:Q to FIC_0_PERIPHERALS_0/security_core_0/rng/neoTRNG_0/entropy_cell_gen.2.neoTRNG_cell_inst/sreg_8[0]:Q

No Path 

END SET FIC_0_PERIPHERALS_0/security_core_0/rng/neoTRNG_0/entropy_cell_gen.1.neoTRNG_cell_inst/sreg_6[0]:Q to FIC_0_PERIPHERALS_0/security_core_0/rng/neoTRNG_0/entropy_cell_gen.2.neoTRNG_cell_inst/sreg_8[0]:Q

----------------------------------------------------

SET FIC_0_PERIPHERALS_0/security_core_0/rng/neoTRNG_0/entropy_cell_gen.2.neoTRNG_cell_inst/sreg_7[0]:Q to FIC_0_PERIPHERALS_0/security_core_0/rng/neoTRNG_0/entropy_cell_gen.2.neoTRNG_cell_inst/sreg_8[0]:Q

No Path 

END SET FIC_0_PERIPHERALS_0/security_core_0/rng/neoTRNG_0/entropy_cell_gen.2.neoTRNG_cell_inst/sreg_7[0]:Q to FIC_0_PERIPHERALS_0/security_core_0/rng/neoTRNG_0/entropy_cell_gen.2.neoTRNG_cell_inst/sreg_8[0]:Q

----------------------------------------------------

SET Register to Asynchronous

No Path 

END SET Register to Asynchronous

----------------------------------------------------

SET External Recovery

No Path 

END SET External Recovery

----------------------------------------------------

SET Asynchronous to Register

No Path 

END SET Asynchronous to Register

----------------------------------------------------

SET CLOCKS_AND_RESETS_0/CCC_FIC_x_CLK/PF_CCC_C0_0/pll_inst_0/OUT0 to FIC_0_PERIPHERALS_0/security_core_0/rng/neoTRNG_0/entropy_cell_gen.2.neoTRNG_cell_inst/sreg_8[0]:Q

No Path 

END SET CLOCKS_AND_RESETS_0/CCC_FIC_x_CLK/PF_CCC_C0_0/pll_inst_0/OUT0 to FIC_0_PERIPHERALS_0/security_core_0/rng/neoTRNG_0/entropy_cell_gen.2.neoTRNG_cell_inst/sreg_8[0]:Q

----------------------------------------------------

Clock Domain MBUS_SPI_CLK

Info: The maximum frequency of this clock domain is limited by the period of pin MSS_WRAPPER_0/MPFS_DISCOVERY_KIT_MSS_0/I_MSS:SPI_0_CLK_F2M

SET Register to Register

No Path 

END SET Register to Register

----------------------------------------------------

SET External Setup

Path 1
  From: MBUS_SPI_MISO
  To:   MSS_WRAPPER_0/MPFS_DISCOVERY_KIT_MSS_0/I_MSS:SPI_0_DI_F2M
  Delay (ns):              3.426
  Arrival (ns):            3.426
  Setup (ns):              0.803
  External Setup (ns):     1.414
  Operating Conditions: slow_lv_lt


Expanded Path 1
  From: MBUS_SPI_MISO
  To: MSS_WRAPPER_0/MPFS_DISCOVERY_KIT_MSS_0/I_MSS:SPI_0_DI_F2M
  data required time                                    N/C
  data arrival time                          -        3.426
  slack                                                 N/C
  ________________________________________________________
  Data arrival time calculation
  0.000                        MBUS_SPI_MISO (f)
               +     0.000          net: MBUS_SPI_MISO
  0.000                        MBUS_SPI_MISO_ibuf/U_IOPAD:PAD (f)
               +     1.082          cell: ADLIB:IOPAD_IN
  1.082                        MBUS_SPI_MISO_ibuf/U_IOPAD:Y (f)
               +     0.000          net: MBUS_SPI_MISO_ibuf/YIN
  1.082                        MBUS_SPI_MISO_ibuf/U_IOIN:YIN (f)
               +     0.267          cell: ADLIB:IOIN_IB_E
  1.349                        MBUS_SPI_MISO_ibuf/U_IOIN:Y (f)
               +     2.077          net: MBUS_SPI_MISO_c
  3.426                        MSS_WRAPPER_0/MPFS_DISCOVERY_KIT_MSS_0/I_MSS:SPI_0_DI_F2M (f)
                                    
  3.426                        data arrival time
  ________________________________________________________
  Data required time calculation
  N/C                          MBUS_SPI_CLK
               +     0.000          Clock source
  N/C                          MBUS_SPI_CLK (r)
               +     0.652          cell: ADLIB:IOPAD_BI
  N/C                          MSS_WRAPPER_0/SPI_0_CLK_BIBUF/U_IOPAD:Y (r)
               +     0.000          net: MSS_WRAPPER_0/SPI_0_CLK_BIBUF/YIN
  N/C                          MSS_WRAPPER_0/SPI_0_CLK_BIBUF/U_IOBI:YIN (r)
               +     0.262          cell: ADLIB:IOBI_IB_OB_EB
  N/C                          MSS_WRAPPER_0/SPI_0_CLK_BIBUF/U_IOBI:Y (r)
               +     1.901          net: MSS_WRAPPER_0/SPI_0_CLK_BIBUF_Y
  N/C                          MSS_WRAPPER_0/MPFS_DISCOVERY_KIT_MSS_0/I_MSS:SPI_0_CLK_F2M (r)
               -     0.803          Library setup time: ADLIB:MSS
  N/C                          MSS_WRAPPER_0/MPFS_DISCOVERY_KIT_MSS_0/I_MSS:SPI_0_DI_F2M


Operating Conditions : slow_lv_lt

END SET External Setup

----------------------------------------------------

SET Clock to Output

Path 1
  From: MSS_WRAPPER_0/MPFS_DISCOVERY_KIT_MSS_0/I_MSS:SPI_0_CLK_F2M
  To:   MBUS_SPI_MOSI
  Delay (ns):             10.430
  Arrival (ns):           14.700
  Clock to Out (ns):      14.700
  Operating Conditions: slow_lv_ht


Expanded Path 1
  From: MSS_WRAPPER_0/MPFS_DISCOVERY_KIT_MSS_0/I_MSS:SPI_0_CLK_F2M
  To: MBUS_SPI_MOSI
  data required time                                    N/C
  data arrival time                          -       14.700
  slack                                                 N/C
  ________________________________________________________
  Data arrival time calculation
  0.000                        MBUS_SPI_CLK
               +     0.000          Clock source
  0.000                        MBUS_SPI_CLK (f)
               +     1.199          cell: ADLIB:IOPAD_BI
  1.199                        MSS_WRAPPER_0/SPI_0_CLK_BIBUF/U_IOPAD:Y (f)
               +     0.000          net: MSS_WRAPPER_0/SPI_0_CLK_BIBUF/YIN
  1.199                        MSS_WRAPPER_0/SPI_0_CLK_BIBUF/U_IOBI:YIN (f)
               +     0.338          cell: ADLIB:IOBI_IB_OB_EB
  1.537                        MSS_WRAPPER_0/SPI_0_CLK_BIBUF/U_IOBI:Y (f)
               +     2.733          net: MSS_WRAPPER_0/SPI_0_CLK_BIBUF_Y
  4.270                        MSS_WRAPPER_0/MPFS_DISCOVERY_KIT_MSS_0/I_MSS:SPI_0_CLK_F2M (f)
               +     3.145          cell: ADLIB:MSS
  7.415                        MSS_WRAPPER_0/MPFS_DISCOVERY_KIT_MSS_0/I_MSS:SPI_0_DO_M2F (f)
               +     3.740          net: MBUS_SPI_MOSI_c
  11.155                       MBUS_SPI_MOSI_obuf/U_IOTRI:D (f)
               +     0.918          cell: ADLIB:IOTRI_OB_EB
  12.073                       MBUS_SPI_MOSI_obuf/U_IOTRI:DOUT (f)
               +     0.000          net: MBUS_SPI_MOSI_obuf/DOUT
  12.073                       MBUS_SPI_MOSI_obuf/U_IOPAD:D (f)
               +     2.627          cell: ADLIB:IOPAD_TRI
  14.700                       MBUS_SPI_MOSI_obuf/U_IOPAD:PAD (f)
               +     0.000          net: MBUS_SPI_MOSI
  14.700                       MBUS_SPI_MOSI (f)
                                    
  14.700                       data arrival time
  ________________________________________________________
  Data required time calculation
  N/C                          MBUS_SPI_CLK
                                    
  N/C                          MBUS_SPI_MOSI (f)


Operating Conditions : slow_lv_ht

END SET Clock to Output

----------------------------------------------------

SET Register to Asynchronous

No Path 

END SET Register to Asynchronous

----------------------------------------------------

SET External Recovery

Path 1
  From: MBUS_SPI_CS
  To:   MSS_WRAPPER_0/MPFS_DISCOVERY_KIT_MSS_0/I_MSS:SPI_0_SS_F2M
  Delay (ns):              3.937
  Arrival (ns):            3.937
  Recovery (ns):           1.686
  External Recovery (ns):   2.541
  Operating Conditions: slow_lv_lt


Expanded Path 1
  From: MBUS_SPI_CS
  To: MSS_WRAPPER_0/MPFS_DISCOVERY_KIT_MSS_0/I_MSS:SPI_0_SS_F2M
  data required time                                    N/C
  data arrival time                          -        3.937
  slack                                                 N/C
  ________________________________________________________
  Data arrival time calculation
  0.000                        MBUS_SPI_CS (f)
               +     1.082          cell: ADLIB:IOPAD_BI
  1.082                        MSS_WRAPPER_0/SPI_0_SS_BIBUF/U_IOPAD:Y (f)
               +     0.000          net: MSS_WRAPPER_0/SPI_0_SS_BIBUF/YIN
  1.082                        MSS_WRAPPER_0/SPI_0_SS_BIBUF/U_IOBI:YIN (f)
               +     0.267          cell: ADLIB:IOBI_IB_OB_EB
  1.349                        MSS_WRAPPER_0/SPI_0_SS_BIBUF/U_IOBI:Y (f)
               +     2.588          net: MSS_WRAPPER_0/SPI_0_SS_BIBUF_Y
  3.937                        MSS_WRAPPER_0/MPFS_DISCOVERY_KIT_MSS_0/I_MSS:SPI_0_SS_F2M (f)
                                    
  3.937                        data arrival time
  ________________________________________________________
  Data required time calculation
  N/C                          MBUS_SPI_CLK
               +     0.000          Clock source
  N/C                          MBUS_SPI_CLK (f)
               +     0.943          cell: ADLIB:IOPAD_BI
  N/C                          MSS_WRAPPER_0/SPI_0_CLK_BIBUF/U_IOPAD:Y (f)
               +     0.000          net: MSS_WRAPPER_0/SPI_0_CLK_BIBUF/YIN
  N/C                          MSS_WRAPPER_0/SPI_0_CLK_BIBUF/U_IOBI:YIN (f)
               +     0.255          cell: ADLIB:IOBI_IB_OB_EB
  N/C                          MSS_WRAPPER_0/SPI_0_CLK_BIBUF/U_IOBI:Y (f)
               +     1.884          net: MSS_WRAPPER_0/SPI_0_CLK_BIBUF_Y
  N/C                          MSS_WRAPPER_0/MPFS_DISCOVERY_KIT_MSS_0/I_MSS:SPI_0_CLK_F2M (f)
               -     1.686          Library recovery time: ADLIB:MSS
  N/C                          MSS_WRAPPER_0/MPFS_DISCOVERY_KIT_MSS_0/I_MSS:SPI_0_SS_F2M


Operating Conditions : slow_lv_lt

END SET External Recovery

----------------------------------------------------

SET Asynchronous to Register

No Path 

END SET Asynchronous to Register

----------------------------------------------------

Clock Domain MSS_WRAPPER_0/MPFS_DISCOVERY_KIT_MSS_0/I_MSS:SPI_0_CLK_M2F

SET Register to Register

No Path 

END SET Register to Register

----------------------------------------------------

SET External Setup

No Path 

END SET External Setup

----------------------------------------------------

SET Clock to Output

No Path 

END SET Clock to Output

----------------------------------------------------

SET Register to Asynchronous

No Path 

END SET Register to Asynchronous

----------------------------------------------------

SET External Recovery

No Path 

END SET External Recovery

----------------------------------------------------

SET Asynchronous to Register

No Path 

END SET Asynchronous to Register

----------------------------------------------------

Clock Domain MSS_WRAPPER_0/MPFS_DISCOVERY_KIT_MSS_0/I_MSS:SPI_0_CLK_M2F

SET Register to Register

No Path 

END SET Register to Register

----------------------------------------------------

SET External Setup

No Path 

END SET External Setup

----------------------------------------------------

SET Clock to Output

No Path 

END SET Clock to Output

----------------------------------------------------

SET Register to Asynchronous

No Path 

END SET Register to Asynchronous

----------------------------------------------------

SET External Recovery

No Path 

END SET External Recovery

----------------------------------------------------

SET Asynchronous to Register

No Path 

END SET Asynchronous to Register

----------------------------------------------------

Clock Domain REF_CLK_50MHz

Info: The maximum frequency of this clock domain is limited by the minimum pulse widths of pin REF_CLK_50MHz_ibuf/U_IOPAD:PAD

SET Register to Register

No Path 

END SET Register to Register

----------------------------------------------------

SET External Setup

No Path 

END SET External Setup

----------------------------------------------------

SET Clock to Output

No Path 

END SET Clock to Output

----------------------------------------------------

SET Register to Asynchronous

No Path 

END SET Register to Asynchronous

----------------------------------------------------

SET External Recovery

No Path 

END SET External Recovery

----------------------------------------------------

SET Asynchronous to Register

No Path 

END SET Asynchronous to Register

----------------------------------------------------

Clock Domain CLOCKS_AND_RESETS_0/CCC_FIC_x_CLK/PF_CCC_C0_0/pll_inst_0/OUT1

Info: The maximum frequency of this clock domain is limited by the period of pin MSS_WRAPPER_0/MPFS_DISCOVERY_KIT_MSS_0/I_MSS:FIC_1_ACLK

SET Register to Register

No Path 

END SET Register to Register

----------------------------------------------------

SET External Setup

No Path 

END SET External Setup

----------------------------------------------------

SET Clock to Output

No Path 

END SET Clock to Output

----------------------------------------------------

SET Register to Asynchronous

No Path 

END SET Register to Asynchronous

----------------------------------------------------

SET External Recovery

No Path 

END SET External Recovery

----------------------------------------------------

SET Asynchronous to Register

No Path 

END SET Asynchronous to Register

----------------------------------------------------

Clock Domain CLOCKS_AND_RESETS_0/CCC_FIC_x_CLK/PF_CCC_C0_0/pll_inst_0/OUT2

Info: The maximum frequency of this clock domain is limited by the period of pin MSS_WRAPPER_0/MPFS_DISCOVERY_KIT_MSS_0/I_MSS:FIC_2_ACLK

SET Register to Register

No Path 

END SET Register to Register

----------------------------------------------------

SET External Setup

No Path 

END SET External Setup

----------------------------------------------------

SET Clock to Output

No Path 

END SET Clock to Output

----------------------------------------------------

SET Register to Asynchronous

No Path 

END SET Register to Asynchronous

----------------------------------------------------

SET External Recovery

No Path 

END SET External Recovery

----------------------------------------------------

SET Asynchronous to Register

No Path 

END SET Asynchronous to Register

----------------------------------------------------

Path set Pin to Pin

SET Input to Output

No Path 

END SET Input to Output

----------------------------------------------------

