Timing Report Max Delay Analysis

SmartTime Version 2025.2
Microchip Technology Inc. - Microchip Libero Software Release 2025.2 (Version 2025.2.0.14)
Date: Sun Apr 12 01:47:28 2026


Design: MPFS_DISCOVERY_KIT
Family: PolarFireSoC
Die: MPFS095T
Package: FCSG325
Temperature Range: 0 - 100 C
Voltage Range: 0.97 - 1.03 V
Speed Grade: -1
Design State: Post-Layout
Data source: Production
Multi Corner Report Operating Conditions: slow_lv_lt,fast_hv_lt,slow_lv_ht


-----------------------------------------------------
SUMMARY

Clock Domain:               CLOCKS_AND_RESETS_0/CCC_FIC_x_CLK/PF_CCC_C0_0/pll_inst_0/OUT0
Required Period (ns):       8.000
Required Frequency (MHz):   125.000
Worst Slack (ns):           0.123
Operating Conditions:       slow_lv_ht

Clock Domain:               CLOCKS_AND_RESETS_0/CCC_FIC_x_CLK/PF_CCC_C0_0/pll_inst_0/OUT1
Required Period (ns):       8.000
Required Frequency (MHz):   125.000
Worst Slack (ns):           0.206
Operating Conditions:       slow_lv_ht

Clock Domain:               CLOCKS_AND_RESETS_0/CCC_FIC_x_CLK/PF_CCC_C0_0/pll_inst_0/OUT3
Required Period (ns):       20.000
Required Frequency (MHz):   50.000
Worst Slack (ns):           2.518
Operating Conditions:       slow_lv_ht

Clock Domain:               FIC_0_PERIPHERALS_0/security_core_0/rng/neoTRNG_0/entropy_cell_gen.0.neoTRNG_cell_inst/sreg_0[0]:Q
Required Period (ns):       N/A
Required Frequency (MHz):   N/A
Worst Slack (ns):           
Operating Conditions:       

Clock Domain:               FIC_0_PERIPHERALS_0/security_core_0/rng/neoTRNG_0/entropy_cell_gen.0.neoTRNG_cell_inst/sreg_1[0]:Q
Required Period (ns):       N/A
Required Frequency (MHz):   N/A
Worst Slack (ns):           
Operating Conditions:       

Clock Domain:               FIC_0_PERIPHERALS_0/security_core_0/rng/neoTRNG_0/entropy_cell_gen.0.neoTRNG_cell_inst/sreg_2[0]:Q
Required Period (ns):       N/A
Required Frequency (MHz):   N/A
Worst Slack (ns):           
Operating Conditions:       

Clock Domain:               FIC_0_PERIPHERALS_0/security_core_0/rng/neoTRNG_0/entropy_cell_gen.0.neoTRNG_cell_inst/sreg_3[0]:Q
Required Period (ns):       N/A
Required Frequency (MHz):   N/A
Worst Slack (ns):           
Operating Conditions:       

Clock Domain:               FIC_0_PERIPHERALS_0/security_core_0/rng/neoTRNG_0/entropy_cell_gen.0.neoTRNG_cell_inst/sreg_4[0]:Q
Required Period (ns):       N/A
Required Frequency (MHz):   N/A
Worst Slack (ns):           
Operating Conditions:       

Clock Domain:               FIC_0_PERIPHERALS_0/security_core_0/rng/neoTRNG_0/entropy_cell_gen.1.neoTRNG_cell_inst/sreg_0[0]:Q
Required Period (ns):       N/A
Required Frequency (MHz):   N/A
Worst Slack (ns):           
Operating Conditions:       

Clock Domain:               FIC_0_PERIPHERALS_0/security_core_0/rng/neoTRNG_0/entropy_cell_gen.1.neoTRNG_cell_inst/sreg_1[0]:Q
Required Period (ns):       N/A
Required Frequency (MHz):   N/A
Worst Slack (ns):           
Operating Conditions:       

Clock Domain:               FIC_0_PERIPHERALS_0/security_core_0/rng/neoTRNG_0/entropy_cell_gen.1.neoTRNG_cell_inst/sreg_2[0]:Q
Required Period (ns):       N/A
Required Frequency (MHz):   N/A
Worst Slack (ns):           
Operating Conditions:       

Clock Domain:               FIC_0_PERIPHERALS_0/security_core_0/rng/neoTRNG_0/entropy_cell_gen.1.neoTRNG_cell_inst/sreg_3[0]:Q
Required Period (ns):       N/A
Required Frequency (MHz):   N/A
Worst Slack (ns):           
Operating Conditions:       

Clock Domain:               FIC_0_PERIPHERALS_0/security_core_0/rng/neoTRNG_0/entropy_cell_gen.1.neoTRNG_cell_inst/sreg_4[0]:Q
Required Period (ns):       N/A
Required Frequency (MHz):   N/A
Worst Slack (ns):           
Operating Conditions:       

Clock Domain:               FIC_0_PERIPHERALS_0/security_core_0/rng/neoTRNG_0/entropy_cell_gen.1.neoTRNG_cell_inst/sreg_5[0]:Q
Required Period (ns):       N/A
Required Frequency (MHz):   N/A
Worst Slack (ns):           
Operating Conditions:       

Clock Domain:               FIC_0_PERIPHERALS_0/security_core_0/rng/neoTRNG_0/entropy_cell_gen.1.neoTRNG_cell_inst/sreg_6[0]:Q
Required Period (ns):       N/A
Required Frequency (MHz):   N/A
Worst Slack (ns):           
Operating Conditions:       

Clock Domain:               FIC_0_PERIPHERALS_0/security_core_0/rng/neoTRNG_0/entropy_cell_gen.2.neoTRNG_cell_inst/sreg_0[0]:Q
Required Period (ns):       N/A
Required Frequency (MHz):   N/A
Worst Slack (ns):           
Operating Conditions:       

Clock Domain:               FIC_0_PERIPHERALS_0/security_core_0/rng/neoTRNG_0/entropy_cell_gen.2.neoTRNG_cell_inst/sreg_1[0]:Q
Required Period (ns):       N/A
Required Frequency (MHz):   N/A
Worst Slack (ns):           
Operating Conditions:       

Clock Domain:               FIC_0_PERIPHERALS_0/security_core_0/rng/neoTRNG_0/entropy_cell_gen.2.neoTRNG_cell_inst/sreg_2[0]:Q
Required Period (ns):       N/A
Required Frequency (MHz):   N/A
Worst Slack (ns):           
Operating Conditions:       

Clock Domain:               FIC_0_PERIPHERALS_0/security_core_0/rng/neoTRNG_0/entropy_cell_gen.2.neoTRNG_cell_inst/sreg_3[0]:Q
Required Period (ns):       N/A
Required Frequency (MHz):   N/A
Worst Slack (ns):           
Operating Conditions:       

Clock Domain:               FIC_0_PERIPHERALS_0/security_core_0/rng/neoTRNG_0/entropy_cell_gen.2.neoTRNG_cell_inst/sreg_4[0]:Q
Required Period (ns):       N/A
Required Frequency (MHz):   N/A
Worst Slack (ns):           
Operating Conditions:       

Clock Domain:               FIC_0_PERIPHERALS_0/security_core_0/rng/neoTRNG_0/entropy_cell_gen.2.neoTRNG_cell_inst/sreg_5[0]:Q
Required Period (ns):       N/A
Required Frequency (MHz):   N/A
Worst Slack (ns):           
Operating Conditions:       

Clock Domain:               FIC_0_PERIPHERALS_0/security_core_0/rng/neoTRNG_0/entropy_cell_gen.2.neoTRNG_cell_inst/sreg_6[0]:Q
Required Period (ns):       N/A
Required Frequency (MHz):   N/A
Worst Slack (ns):           
Operating Conditions:       

Clock Domain:               FIC_0_PERIPHERALS_0/security_core_0/rng/neoTRNG_0/entropy_cell_gen.2.neoTRNG_cell_inst/sreg_7[0]:Q
Required Period (ns):       N/A
Required Frequency (MHz):   N/A
Worst Slack (ns):           
Operating Conditions:       

Clock Domain:               FIC_0_PERIPHERALS_0/security_core_0/rng/neoTRNG_0/entropy_cell_gen.2.neoTRNG_cell_inst/sreg_8[0]:Q
Required Period (ns):       N/A
Required Frequency (MHz):   N/A
Worst Slack (ns):           
Operating Conditions:       

Clock Domain:               MBUS_SPI_CLK
Required Period (ns):       N/A
Required Frequency (MHz):   N/A
Worst Slack (ns):           
Operating Conditions:       

Clock Domain:               MIPI_CAMERA_0/PF_CCC_C1_0/PF_CCC_C1_0/pll_inst_0/OUT0
Required Period (ns):       20.000
Required Frequency (MHz):   50.000
Worst Slack (ns):           0.029
Operating Conditions:       slow_lv_ht

Clock Domain:               MIPI_CAMERA_0/PF_IOD_GENERIC_RX_C0_0/COREBCLKSCLKALIGN_0/PF_IOD_GENERIC_RX_C0_TR_0/genblk1.U_ICB_BCLKSCLKALIGN/RX_CLK_ALIGN_MOVE:Q
Required Period (ns):       N/A
Required Frequency (MHz):   N/A
Worst Slack (ns):           
Operating Conditions:       

Clock Domain:               MIPI_CAMERA_0/PF_IOD_GENERIC_RX_C0_0/PF_CLK_DIV_FIFO/I_CDD/Y_DIV
Required Period (ns):       16.000
Required Frequency (MHz):   62.500
Worst Slack (ns):           -0.224
Operating Conditions:       slow_lv_ht

Clock Domain:               MSS_WRAPPER_0/MPFS_DISCOVERY_KIT_MSS_0/I_MSS:SPI_0_CLK_M2F
Required Period (ns):       N/A
Required Frequency (MHz):   N/A
Worst Slack (ns):           
Operating Conditions:       

Clock Domain:               MSS_WRAPPER_0/MPFS_DISCOVERY_KIT_MSS_0/I_MSS:SPI_0_CLK_M2F
Required Period (ns):       N/A
Required Frequency (MHz):   N/A
Worst Slack (ns):           
Operating Conditions:       

Clock Domain:               REF_CLK_50MHz
Required Period (ns):       20.000
Required Frequency (MHz):   50.000
Worst Slack (ns):           
Operating Conditions:       

Clock Domain:               RX_CLK_P
Required Period (ns):       4.000
Required Frequency (MHz):   250.000
Worst Slack (ns):           
Operating Conditions:       

Clock Domain:               CLOCKS_AND_RESETS_0/CCC_FIC_x_CLK/PF_CCC_C0_0/pll_inst_0/OUT2
Required Period (ns):       8.000
Required Frequency (MHz):   125.000
Worst Slack (ns):           
Operating Conditions:       

                            Input to Output
Max Delay (ns):             N/A

END SUMMARY
-----------------------------------------------------

Clock Domain CLOCKS_AND_RESETS_0/CCC_FIC_x_CLK/PF_CCC_C0_0/pll_inst_0/OUT0

SET Register to Register

Path 1
  From: FIC_0_PERIPHERALS_0/security_core_0/hash_core/t_Z[5]:CLK
  To:   FIC_0_PERIPHERALS_0/security_core_0/hash_core/a[28]:D
  Delay (ns):              7.632
  Slack (ns):              0.123
  Arrival (ns):           15.272
  Required (ns):          15.395
  Setup (ns):              0.000
  Minimum Period (ns):     7.742
  Operating Conditions: slow_lv_ht

Path 2
  From: FIC_0_PERIPHERALS_0/security_core_0/hash_core/t_Z[5]:CLK
  To:   FIC_0_PERIPHERALS_0/security_core_0/hash_core/a[31]:D
  Delay (ns):              7.607
  Slack (ns):              0.137
  Arrival (ns):           15.247
  Required (ns):          15.384
  Setup (ns):              0.000
  Minimum Period (ns):     7.728
  Operating Conditions: slow_lv_ht

Path 3
  From: FIC_0_PERIPHERALS_0/security_core_0/hash_core/t_Z[5]:CLK
  To:   FIC_0_PERIPHERALS_0/security_core_0/hash_core/a[25]:D
  Delay (ns):              7.586
  Slack (ns):              0.169
  Arrival (ns):           15.226
  Required (ns):          15.395
  Setup (ns):              0.000
  Minimum Period (ns):     7.696
  Operating Conditions: slow_lv_ht

Path 4
  From: FIC_0_PERIPHERALS_0/security_core_0/hash_core/t_fast[1]:CLK
  To:   FIC_0_PERIPHERALS_0/security_core_0/hash_core/a[28]:D
  Delay (ns):              7.589
  Slack (ns):              0.174
  Arrival (ns):           15.221
  Required (ns):          15.395
  Setup (ns):              0.000
  Minimum Period (ns):     7.691
  Operating Conditions: slow_lv_ht

Path 5
  From: FIC_0_PERIPHERALS_0/security_core_0/hash_core/t_Z[5]:CLK
  To:   FIC_0_PERIPHERALS_0/security_core_0/hash_core/a[26]:D
  Delay (ns):              7.570
  Slack (ns):              0.185
  Arrival (ns):           15.210
  Required (ns):          15.395
  Setup (ns):              0.000
  Minimum Period (ns):     7.680
  Operating Conditions: slow_lv_ht


Expanded Path 1
  From: FIC_0_PERIPHERALS_0/security_core_0/hash_core/t_Z[5]:CLK
  To: FIC_0_PERIPHERALS_0/security_core_0/hash_core/a[28]:D
  data required time                                 15.395
  data arrival time                          -       15.272
  slack                                               0.123
  ________________________________________________________
  Data arrival time calculation
  0.000                        CLOCKS_AND_RESETS_0/CCC_FIC_x_CLK/PF_CCC_C0_0/pll_inst_0/OUT0
               +     0.000          Clock source
  0.000                        CLOCKS_AND_RESETS_0/CCC_FIC_x_CLK/PF_CCC_C0_0/pll_inst_0:OUT0 (r)
               +     4.312          Clock generation
  4.312                        
               +     1.709          net: CLOCKS_AND_RESETS_0/CCC_FIC_x_CLK/PF_CCC_C0_0/pll_inst_0_clkint_0
  6.021                        CLOCKS_AND_RESETS_0/CCC_FIC_x_CLK/PF_CCC_C0_0/clkint_0_1:A (r)
               +     0.150          cell: ADLIB:ICB_CLKINT
  6.171                        CLOCKS_AND_RESETS_0/CCC_FIC_x_CLK/PF_CCC_C0_0/clkint_0_1:Y (r)
               +     0.386          net: CLOCKS_AND_RESETS_0/CCC_FIC_x_CLK/PF_CCC_C0_0/clkint_0_NET
  6.557                        CLOCKS_AND_RESETS_0/CCC_FIC_x_CLK/PF_CCC_C0_0/clkint_0:A (r)
               +     0.161          cell: ADLIB:GB
  6.718                        CLOCKS_AND_RESETS_0/CCC_FIC_x_CLK/PF_CCC_C0_0/clkint_0:Y (r)
               +     0.401          net: CLOCKS_AND_RESETS_0/CCC_FIC_x_CLK/PF_CCC_C0_0/clkint_0/U0_Y
  7.119                        CLOCKS_AND_RESETS_0/CCC_FIC_x_CLK/PF_CCC_C0_0/clkint_0/U0_RGB1_RGB15:A (r)
               +     0.058          cell: ADLIB:RGB
  7.177                        CLOCKS_AND_RESETS_0/CCC_FIC_x_CLK/PF_CCC_C0_0/clkint_0/U0_RGB1_RGB15:Y (f)
               +     0.463          net: CLOCKS_AND_RESETS_0/CCC_FIC_x_CLK/PF_CCC_C0_0/clkint_0/U0_RGB1_RGB15_rgb_net_1
  7.640                        FIC_0_PERIPHERALS_0/security_core_0/hash_core/t_Z[5]:CLK (r)
               +     0.201          cell: ADLIB:SLE
  7.841                        FIC_0_PERIPHERALS_0/security_core_0/hash_core/t_Z[5]:Q (r)
               +     0.443          net: FIC_0_PERIPHERALS_0_security_core_0_hash_core_t[5]
  8.284                        FIC_0_PERIPHERALS_0/security_core_0/hash_core/_l0.ROUND_0.Ki_2_31_0_.m4:B (r)
               +     0.073          cell: ADLIB:CFG2
  8.357                        FIC_0_PERIPHERALS_0/security_core_0/hash_core/_l0.ROUND_0.Ki_2_31_0_.m4:Y (f)
               +     0.276          net: FIC_0_PERIPHERALS_0/security_core_0/hash_core/N_5_0
  8.633                        FIC_0_PERIPHERALS_0/security_core_0/hash_core/un1_ROUND_7_axb_0_N_2L1:D (f)
               +     0.166          cell: ADLIB:CFG4
  8.799                        FIC_0_PERIPHERALS_0/security_core_0/hash_core/un1_ROUND_7_axb_0_N_2L1:Y (r)
               +     0.540          net: FIC_0_PERIPHERALS_0/security_core_0/hash_core/N_12_i_1
  9.339                        FIC_0_PERIPHERALS_0/security_core_0/hash_core/un1_ROUND_7_cry_0:C (r)
               +     0.139          cell: ADLIB:ARI1_CC
  9.478                        FIC_0_PERIPHERALS_0/security_core_0/hash_core/un1_ROUND_7_cry_0:Y3A (r)
               +     0.013          net: NET_CC_CONFIG16142
  9.491                        FIC_0_PERIPHERALS_0/security_core_0/hash_core/un1_ROUND_7_cry_0_CC_0:Y3A[0] (r)
               +     0.359          cell: ADLIB:CC_CONFIG
  9.850                        FIC_0_PERIPHERALS_0/security_core_0/hash_core/un1_ROUND_7_cry_0_CC_0:CC[4] (r)
               +     0.000          net: NET_CC_CONFIG16159
  9.850                        FIC_0_PERIPHERALS_0/security_core_0/hash_core/un1_ROUND_7_cry_4:CC (r)
               +     0.063          cell: ADLIB:ARI1_CC
  9.913                        FIC_0_PERIPHERALS_0/security_core_0/hash_core/un1_ROUND_7_cry_4:S (r)
               +     0.581          net: FIC_0_PERIPHERALS_0/security_core_0/hash_core/un1_ROUND_7_Z[4]
  10.494                       FIC_0_PERIPHERALS_0/security_core_0/hash_core/un1_ROUND_7_cry_4_RNIKGVN4S1:C (r)
               +     0.094          cell: ADLIB:ARI1_CC
  10.588                       FIC_0_PERIPHERALS_0/security_core_0/hash_core/un1_ROUND_7_cry_4_RNIKGVN4S1:P (f)
               +     0.015          net: NET_CC_CONFIG2404
  10.603                       FIC_0_PERIPHERALS_0/security_core_0/hash_core/un1_ROUND_7_cry_0_RNI4KQTK_CC_1:P[7] (f)
               +     0.424          cell: ADLIB:CC_CONFIG
  11.027                       FIC_0_PERIPHERALS_0/security_core_0/hash_core/un1_ROUND_7_cry_0_RNI4KQTK_CC_1:CC[11] (r)
               +     0.000          net: NET_CC_CONFIG2423
  11.027                       FIC_0_PERIPHERALS_0/security_core_0/hash_core/un1_ROUND_7_cry_6_RNIU7VNKF1:CC (r)
               +     0.063          cell: ADLIB:ARI1_CC
  11.090                       FIC_0_PERIPHERALS_0/security_core_0/hash_core/un1_ROUND_7_cry_6_RNIU7VNKF1:S (r)
               +     0.232          net: FIC_0_PERIPHERALS_0/security_core_0/hash_core/un1_ROUND_7_cry_6_RNIU7VNKF1_S
  11.322                       FIC_0_PERIPHERALS_0/security_core_0/hash_core/un8_T1__v[6]:B (r)
               +     0.053          cell: ADLIB:CFG3
  11.375                       FIC_0_PERIPHERALS_0/security_core_0/hash_core/un8_T1__v[6]:Y (r)
               +     0.366          net: FIC_0_PERIPHERALS_0/security_core_0/hash_core/CH[6]
  11.741                       FIC_0_PERIPHERALS_0/security_core_0/hash_core/un8_T1__v_RNIG0PD7K2[6]:B (r)
               +     0.090          cell: ADLIB:ARI1_CC
  11.831                       FIC_0_PERIPHERALS_0/security_core_0/hash_core/un8_T1__v_RNIG0PD7K2[6]:Y (r)
               +     0.067          net: FIC_0_PERIPHERALS_0/security_core_0/hash_core/un8_T1__v_RNIG0PD7K2_Y[6]
  11.898                       FIC_0_PERIPHERALS_0/security_core_0/hash_core/un8_T1__v_RNIPLCRT91[7]:A (r)
               +     0.051          cell: ADLIB:ARI1_CC
  11.949                       FIC_0_PERIPHERALS_0/security_core_0/hash_core/un8_T1__v_RNIPLCRT91[7]:P (f)
               +     0.015          net: NET_CC_CONFIG8424
  11.964                       FIC_0_PERIPHERALS_0/security_core_0/hash_core/un8_T1__v_RNID94AR1[0]_CC_1:P[7] (f)
               +     0.424          cell: ADLIB:CC_CONFIG
  12.388                       FIC_0_PERIPHERALS_0/security_core_0/hash_core/un8_T1__v_RNID94AR1[0]_CC_1:CC[11] (r)
               +     0.000          net: NET_CC_CONFIG8443
  12.388                       FIC_0_PERIPHERALS_0/security_core_0/hash_core/un8_T1__v_RNI910BEM1[9]:CC (r)
               +     0.063          cell: ADLIB:ARI1_CC
  12.451                       FIC_0_PERIPHERALS_0/security_core_0/hash_core/un8_T1__v_RNI910BEM1[9]:S (r)
               +     0.503          net: FIC_0_PERIPHERALS_0/security_core_0/hash_core/un9_ROUND_8[9]
  12.954                       FIC_0_PERIPHERALS_0/security_core_0/hash_core/EP1_RNISMJ5TL3[9]:B (r)
               +     0.090          cell: ADLIB:ARI1_CC
  13.044                       FIC_0_PERIPHERALS_0/security_core_0/hash_core/EP1_RNISMJ5TL3[9]:Y (r)
               +     0.065          net: FIC_0_PERIPHERALS_0/security_core_0/hash_core/EP1_RNISMJ5TL3_Y[9]
  13.109                       FIC_0_PERIPHERALS_0/security_core_0/hash_core/EP1_RNIATSBGT2[10]:A (r)
               +     0.051          cell: ADLIB:ARI1_CC
  13.160                       FIC_0_PERIPHERALS_0/security_core_0/hash_core/EP1_RNIATSBGT2[10]:P (f)
               +     0.016          net: NET_CC_CONFIG10810
  13.176                       FIC_0_PERIPHERALS_0/security_core_0/hash_core/EP1_RNIGRGI32[0]_CC_2:P[1] (f)
               +     0.381          cell: ADLIB:CC_CONFIG
  13.557                       FIC_0_PERIPHERALS_0/security_core_0/hash_core/EP1_RNIGRGI32[0]_CC_2:CO (r)
               +     0.008          net: CI_TO_CO10727
  13.565                       FIC_0_PERIPHERALS_0/security_core_0/hash_core/EP1_RNIGRGI32[0]_CC_3:CI (r)
               +     0.104          cell: ADLIB:CC_CONFIG
  13.669                       FIC_0_PERIPHERALS_0/security_core_0/hash_core/EP1_RNIGRGI32[0]_CC_3:CO (r)
               +     0.008          net: CI_TO_CO10728
  13.677                       FIC_0_PERIPHERALS_0/security_core_0/hash_core/EP1_RNIGRGI32[0]_CC_4:CI (r)
               +     0.101          cell: ADLIB:CC_CONFIG
  13.778                       FIC_0_PERIPHERALS_0/security_core_0/hash_core/EP1_RNIGRGI32[0]_CC_4:CC[1] (r)
               +     0.000          net: NET_CC_CONFIG10909
  13.778                       FIC_0_PERIPHERALS_0/security_core_0/hash_core/EP1_RNITFOK1J2[22]:CC (r)
               +     0.063          cell: ADLIB:ARI1_CC
  13.841                       FIC_0_PERIPHERALS_0/security_core_0/hash_core/EP1_RNITFOK1J2[22]:S (r)
               +     0.255          net: FIC_0_PERIPHERALS_0/security_core_0/hash_core/un9_ROUND_6[22]
  14.096                       FIC_0_PERIPHERALS_0/security_core_0/hash_core/MAJ_RNISCB66E[22]:C (r)
               +     0.090          cell: ADLIB:ARI1_CC
  14.186                       FIC_0_PERIPHERALS_0/security_core_0/hash_core/MAJ_RNISCB66E[22]:Y (r)
               +     0.065          net: FIC_0_PERIPHERALS_0/security_core_0/hash_core/MAJ_RNISCB66E_Y[22]
  14.251                       FIC_0_PERIPHERALS_0/security_core_0/hash_core/MAJ_RNIB8N4453[23]:A (r)
               +     0.051          cell: ADLIB:ARI1_CC
  14.302                       FIC_0_PERIPHERALS_0/security_core_0/hash_core/MAJ_RNIB8N4453[23]:P (f)
               +     0.016          net: NET_CC_CONFIG10008
  14.318                       FIC_0_PERIPHERALS_0/security_core_0/hash_core/EP0_RNI32NOE2[0]_CC_4:P[1] (f)
               +     0.493          cell: ADLIB:CC_CONFIG
  14.811                       FIC_0_PERIPHERALS_0/security_core_0/hash_core/EP0_RNI32NOE2[0]_CC_4:CC[11] (r)
               +     0.000          net: NET_CC_CONFIG10051
  14.811                       FIC_0_PERIPHERALS_0/security_core_0/hash_core/MAJ_RNIJFC7PM[28]:CC (r)
               +     0.063          cell: ADLIB:ARI1_CC
  14.874                       FIC_0_PERIPHERALS_0/security_core_0/hash_core/MAJ_RNIJFC7PM[28]:S (r)
               +     0.292          net: FIC_0_PERIPHERALS_0/security_core_0/hash_core/MAJ_RNIJFC7PM_S[28]
  15.166                       FIC_0_PERIPHERALS_0/security_core_0/hash_core/a_7_3[28]:C (r)
               +     0.078          cell: ADLIB:CFG4
  15.244                       FIC_0_PERIPHERALS_0/security_core_0/hash_core/a_7_3[28]:Y (r)
               +     0.028          net: FIC_0_PERIPHERALS_0/security_core_0/hash_core/a_7[28]
  15.272                       FIC_0_PERIPHERALS_0/security_core_0/hash_core/a[28]:D (r)
                                    
  15.272                       data arrival time
  ________________________________________________________
  Data required time calculation
  8.000                        CLOCKS_AND_RESETS_0/CCC_FIC_x_CLK/PF_CCC_C0_0/pll_inst_0/OUT0
               +     0.000          Clock source
  8.000                        CLOCKS_AND_RESETS_0/CCC_FIC_x_CLK/PF_CCC_C0_0/pll_inst_0:OUT0 (r)
               +     3.893          Clock generation
  11.893                       
               +     1.555          net: CLOCKS_AND_RESETS_0/CCC_FIC_x_CLK/PF_CCC_C0_0/pll_inst_0_clkint_0
  13.448                       CLOCKS_AND_RESETS_0/CCC_FIC_x_CLK/PF_CCC_C0_0/clkint_0_1:A (r)
               +     0.130          cell: ADLIB:ICB_CLKINT
  13.578                       CLOCKS_AND_RESETS_0/CCC_FIC_x_CLK/PF_CCC_C0_0/clkint_0_1:Y (r)
               +     0.352          net: CLOCKS_AND_RESETS_0/CCC_FIC_x_CLK/PF_CCC_C0_0/clkint_0_NET
  13.930                       CLOCKS_AND_RESETS_0/CCC_FIC_x_CLK/PF_CCC_C0_0/clkint_0/U0_GB0:A (r)
               +     0.152          cell: ADLIB:GB
  14.082                       CLOCKS_AND_RESETS_0/CCC_FIC_x_CLK/PF_CCC_C0_0/clkint_0/U0_GB0:Y (r)
               +     0.358          net: CLOCKS_AND_RESETS_0/CCC_FIC_x_CLK/PF_CCC_C0_0/clkint_0/U0_gbs_1
  14.440                       CLOCKS_AND_RESETS_0/CCC_FIC_x_CLK/PF_CCC_C0_0/clkint_0/U0_RGB1_RGB16:A (r)
               +     0.052          cell: ADLIB:RGB
  14.492                       CLOCKS_AND_RESETS_0/CCC_FIC_x_CLK/PF_CCC_C0_0/clkint_0/U0_RGB1_RGB16:Y (f)
               +     0.411          net: CLOCKS_AND_RESETS_0/CCC_FIC_x_CLK/PF_CCC_C0_0/clkint_0/U0_RGB1_RGB16_rgb_net_1
  14.903                       FIC_0_PERIPHERALS_0/security_core_0/hash_core/a[28]:CLK (r)
               +     0.627          
  15.530                       clock reconvergence pessimism
               -     0.135          
  15.395                       clock jitter
               -     0.000          Library setup time: ADLIB:SLE
  15.395                       FIC_0_PERIPHERALS_0/security_core_0/hash_core/a[28]:D
                                    
  15.395                       data required time


Operating Conditions : slow_lv_ht

END SET Register to Register

----------------------------------------------------

SET External Setup

No Path 

END SET External Setup

----------------------------------------------------

SET Clock to Output

No Path 

END SET Clock to Output

----------------------------------------------------

SET Register to Asynchronous

Path 1
  From: CLOCKS_AND_RESETS_0/RESET_FIC_0_CLK/CORERESET_0/dff_15[0]:CLK
  To:   FIC_0_PERIPHERALS_0/DMA_CONTROLLER_inst_0/DMA_CONTROLLER_0/U_bufferDescriptors/CONFIG_RAM/genblk1.genblk1.LI_ram_wrapper_bd/ram_bd/DMA_CONTROLLER_DMA_CONTROLLER_0_SRAM_bd_R0C0/INST_RAM1K20_IP:A_DOUT_ARST_N
  Delay (ns):              3.842
  Slack (ns):              3.862
  Arrival (ns):           11.443
  Required (ns):          15.305
  Recovery (ns):           0.281
  Minimum Period (ns):     4.003
  Skew (ns):              -0.120
  Operating Conditions: slow_lv_ht

Path 2
  From: CLOCKS_AND_RESETS_0/RESET_FIC_0_CLK/CORERESET_0/dff_15[0]:CLK
  To:   FIC_0_PERIPHERALS_0/DMA_CONTROLLER_inst_0/DMA_CONTROLLER_0/U_bufferDescriptors/NEXT_DSCRPTR_RAM/genblk1.genblk1.LI_ram_wrapper_bd/ram_bd/DMA_CONTROLLER_DMA_CONTROLLER_0_SRAM_bd_R0C0/INST_RAM1K20_IP:A_DOUT_ARST_N
  Delay (ns):              3.820
  Slack (ns):              3.881
  Arrival (ns):           11.421
  Required (ns):          15.302
  Recovery (ns):           0.281
  Minimum Period (ns):     3.984
  Skew (ns):              -0.117
  Operating Conditions: slow_lv_ht

Path 3
  From: CLOCKS_AND_RESETS_0/RESET_FIC_0_CLK/CORERESET_0/dff_15[0]:CLK
  To:   FIC_0_PERIPHERALS_0/DMA_CONTROLLER_inst_0/DMA_CONTROLLER_0/U_bufferDescriptors/BYTE_CNT_RAM/genblk1.genblk1.LI_ram_wrapper_bd/ram_bd/DMA_CONTROLLER_DMA_CONTROLLER_0_SRAM_bd_R0C0/INST_RAM1K20_IP:A_DOUT_ARST_N
  Delay (ns):              3.721
  Slack (ns):              3.981
  Arrival (ns):           11.322
  Required (ns):          15.303
  Recovery (ns):           0.281
  Minimum Period (ns):     3.884
  Skew (ns):              -0.118
  Operating Conditions: slow_lv_ht

Path 4
  From: CLOCKS_AND_RESETS_0/RESET_FIC_0_CLK/CORERESET_0/dff_15[0]:CLK
  To:   FIC_0_PERIPHERALS_0/DMA_CONTROLLER_inst_0/DMA_CONTROLLER_0/U_bufferDescriptors/DEST_ADDR_RAM/genblk1.genblk1.LI_ram_wrapper_bd/ram_bd/DMA_CONTROLLER_DMA_CONTROLLER_0_SRAM_bd_R0C0/INST_RAM1K20_IP:A_DOUT_ARST_N
  Delay (ns):              3.667
  Slack (ns):              4.032
  Arrival (ns):           11.268
  Required (ns):          15.300
  Recovery (ns):           0.281
  Minimum Period (ns):     3.833
  Skew (ns):              -0.115
  Operating Conditions: slow_lv_ht

Path 5
  From: CLOCKS_AND_RESETS_0/RESET_FIC_0_CLK/CORERESET_0/dff_15[0]:CLK
  To:   FIC_0_PERIPHERALS_0/DMA_CONTROLLER_inst_0/DMA_CONTROLLER_0/U_memoryMapDMACache/genblk1.genblk1.UI_ram_wrapper_cache0/ram_cache/DMA_CONTROLLER_DMA_CONTROLLER_0_SRAM_cache_R0C0/INST_RAM1K20_IP:A_DOUT_ARST_N
  Delay (ns):              3.476
  Slack (ns):              4.212
  Arrival (ns):           11.077
  Required (ns):          15.289
  Recovery (ns):           0.281
  Minimum Period (ns):     3.653
  Skew (ns):              -0.104
  Operating Conditions: slow_lv_ht


Expanded Path 1
  From: CLOCKS_AND_RESETS_0/RESET_FIC_0_CLK/CORERESET_0/dff_15[0]:CLK
  To: FIC_0_PERIPHERALS_0/DMA_CONTROLLER_inst_0/DMA_CONTROLLER_0/U_bufferDescriptors/CONFIG_RAM/genblk1.genblk1.LI_ram_wrapper_bd/ram_bd/DMA_CONTROLLER_DMA_CONTROLLER_0_SRAM_bd_R0C0/INST_RAM1K20_IP:A_DOUT_ARST_N
  data required time                                 15.305
  data arrival time                          -       11.443
  slack                                               3.862
  ________________________________________________________
  Data arrival time calculation
  0.000                        CLOCKS_AND_RESETS_0/CCC_FIC_x_CLK/PF_CCC_C0_0/pll_inst_0/OUT0
               +     0.000          Clock source
  0.000                        CLOCKS_AND_RESETS_0/CCC_FIC_x_CLK/PF_CCC_C0_0/pll_inst_0:OUT0 (r)
               +     4.312          Clock generation
  4.312                        
               +     1.709          net: CLOCKS_AND_RESETS_0/CCC_FIC_x_CLK/PF_CCC_C0_0/pll_inst_0_clkint_0
  6.021                        CLOCKS_AND_RESETS_0/CCC_FIC_x_CLK/PF_CCC_C0_0/clkint_0_1:A (r)
               +     0.150          cell: ADLIB:ICB_CLKINT
  6.171                        CLOCKS_AND_RESETS_0/CCC_FIC_x_CLK/PF_CCC_C0_0/clkint_0_1:Y (r)
               +     0.386          net: CLOCKS_AND_RESETS_0/CCC_FIC_x_CLK/PF_CCC_C0_0/clkint_0_NET
  6.557                        CLOCKS_AND_RESETS_0/CCC_FIC_x_CLK/PF_CCC_C0_0/clkint_0:A (r)
               +     0.161          cell: ADLIB:GB
  6.718                        CLOCKS_AND_RESETS_0/CCC_FIC_x_CLK/PF_CCC_C0_0/clkint_0:Y (r)
               +     0.387          net: CLOCKS_AND_RESETS_0/CCC_FIC_x_CLK/PF_CCC_C0_0/clkint_0/U0_Y
  7.105                        CLOCKS_AND_RESETS_0/CCC_FIC_x_CLK/PF_CCC_C0_0/clkint_0/U0_RGB1_RGB18:A (r)
               +     0.058          cell: ADLIB:RGB
  7.163                        CLOCKS_AND_RESETS_0/CCC_FIC_x_CLK/PF_CCC_C0_0/clkint_0/U0_RGB1_RGB18:Y (f)
               +     0.438          net: CLOCKS_AND_RESETS_0/CCC_FIC_x_CLK/PF_CCC_C0_0/clkint_0/U0_RGB1_RGB18_rgb_net_1
  7.601                        CLOCKS_AND_RESETS_0/RESET_FIC_0_CLK/CORERESET_0/dff_15[0]:CLK (r)
               +     0.201          cell: ADLIB:SLE
  7.802                        CLOCKS_AND_RESETS_0/RESET_FIC_0_CLK/CORERESET_0/dff_15[0]:Q (r)
               +     3.641          net: CLOCKS_AND_RESETS_0_RESET_FIC_0_CLK_CORERESET_0_dff
  11.443                       FIC_0_PERIPHERALS_0/DMA_CONTROLLER_inst_0/DMA_CONTROLLER_0/U_bufferDescriptors/CONFIG_RAM/genblk1.genblk1.LI_ram_wrapper_bd/ram_bd/DMA_CONTROLLER_DMA_CONTROLLER_0_SRAM_bd_R0C0/INST_RAM1K20_IP:A_DOUT_ARST_N (r)
                                    
  11.443                       data arrival time
  ________________________________________________________
  Data required time calculation
  8.000                        CLOCKS_AND_RESETS_0/CCC_FIC_x_CLK/PF_CCC_C0_0/pll_inst_0/OUT0
               +     0.000          Clock source
  8.000                        CLOCKS_AND_RESETS_0/CCC_FIC_x_CLK/PF_CCC_C0_0/pll_inst_0:OUT0 (r)
               +     3.893          Clock generation
  11.893                       
               +     1.555          net: CLOCKS_AND_RESETS_0/CCC_FIC_x_CLK/PF_CCC_C0_0/pll_inst_0_clkint_0
  13.448                       CLOCKS_AND_RESETS_0/CCC_FIC_x_CLK/PF_CCC_C0_0/clkint_0_1:A (r)
               +     0.130          cell: ADLIB:ICB_CLKINT
  13.578                       CLOCKS_AND_RESETS_0/CCC_FIC_x_CLK/PF_CCC_C0_0/clkint_0_1:Y (r)
               +     0.352          net: CLOCKS_AND_RESETS_0/CCC_FIC_x_CLK/PF_CCC_C0_0/clkint_0_NET
  13.930                       CLOCKS_AND_RESETS_0/CCC_FIC_x_CLK/PF_CCC_C0_0/clkint_0:A (r)
               +     0.147          cell: ADLIB:GB
  14.077                       CLOCKS_AND_RESETS_0/CCC_FIC_x_CLK/PF_CCC_C0_0/clkint_0:Y (r)
               +     0.375          net: CLOCKS_AND_RESETS_0/CCC_FIC_x_CLK/PF_CCC_C0_0/clkint_0/U0_Y
  14.452                       CLOCKS_AND_RESETS_0/CCC_FIC_x_CLK/PF_CCC_C0_0/clkint_0/U0_RGB1_RGB1:A (r)
               +     0.052          cell: ADLIB:RGB
  14.504                       CLOCKS_AND_RESETS_0/CCC_FIC_x_CLK/PF_CCC_C0_0/clkint_0/U0_RGB1_RGB1:Y (f)
               +     0.573          net: CLOCKS_AND_RESETS_0/CCC_FIC_x_CLK/PF_CCC_C0_0/clkint_0/U0_RGB1_RGB1_rgb_net_1
  15.077                       FIC_0_PERIPHERALS_0/DMA_CONTROLLER_inst_0/DMA_CONTROLLER_0/U_bufferDescriptors/CONFIG_RAM/genblk1.genblk1.LI_ram_wrapper_bd/ram_bd/DMA_CONTROLLER_DMA_CONTROLLER_0_SRAM_bd_R0C0/INST_RAM1K20_IP:A_CLK (r)
               +     0.644          
  15.721                       clock reconvergence pessimism
               -     0.135          
  15.586                       clock jitter
               -     0.281          Library recovery time: ADLIB:RAM1K20_IP
  15.305                       FIC_0_PERIPHERALS_0/DMA_CONTROLLER_inst_0/DMA_CONTROLLER_0/U_bufferDescriptors/CONFIG_RAM/genblk1.genblk1.LI_ram_wrapper_bd/ram_bd/DMA_CONTROLLER_DMA_CONTROLLER_0_SRAM_bd_R0C0/INST_RAM1K20_IP:A_DOUT_ARST_N
                                    
  15.305                       data required time


Operating Conditions : slow_lv_ht

END SET Register to Asynchronous

----------------------------------------------------

SET External Recovery

Path 1
  From: SWITCH2
  To:   CLOCKS_AND_RESETS_0/RESET_FIC_0_CLK/CORERESET_0/dff_7[0]:ALn
  Delay (ns):              8.688
  Arrival (ns):            8.688
  Recovery (ns):           0.196
  External Recovery (ns):   2.133
  Operating Conditions: slow_lv_ht

Path 2
  From: SWITCH2
  To:   CLOCKS_AND_RESETS_0/RESET_FIC_0_CLK/CORERESET_0/dff_5[0]:ALn
  Delay (ns):              8.687
  Arrival (ns):            8.687
  Recovery (ns):           0.196
  External Recovery (ns):   2.133
  Operating Conditions: slow_lv_ht

Path 3
  From: SWITCH2
  To:   CLOCKS_AND_RESETS_0/RESET_FIC_0_CLK/CORERESET_0/dff_3[0]:ALn
  Delay (ns):              8.687
  Arrival (ns):            8.687
  Recovery (ns):           0.196
  External Recovery (ns):   2.133
  Operating Conditions: slow_lv_ht

Path 4
  From: SWITCH2
  To:   CLOCKS_AND_RESETS_0/RESET_FIC_0_CLK/CORERESET_0/dff_1[0]:ALn
  Delay (ns):              8.688
  Arrival (ns):            8.688
  Recovery (ns):           0.196
  External Recovery (ns):   2.133
  Operating Conditions: slow_lv_ht

Path 5
  From: SWITCH2
  To:   CLOCKS_AND_RESETS_0/RESET_FIC_0_CLK/CORERESET_0/dff_0[0]:ALn
  Delay (ns):              8.688
  Arrival (ns):            8.688
  Recovery (ns):           0.196
  External Recovery (ns):   2.133
  Operating Conditions: slow_lv_ht


Expanded Path 1
  From: SWITCH2
  To: CLOCKS_AND_RESETS_0/RESET_FIC_0_CLK/CORERESET_0/dff_7[0]:ALn
  data required time                                    N/C
  data arrival time                          -        8.688
  slack                                                 N/C
  ________________________________________________________
  Data arrival time calculation
  0.000                        SWITCH2 (r)
               +     0.000          net: SWITCH2
  0.000                        SWITCH2_ibuf/U_IOPAD:PAD (r)
               +     0.610          cell: ADLIB:IOPAD_IN
  0.610                        SWITCH2_ibuf/U_IOPAD:Y (r)
               +     0.000          net: SWITCH2_ibuf/YIN
  0.610                        SWITCH2_ibuf/U_IOIN:YIN (r)
               +     0.336          cell: ADLIB:IOIN_IB_E
  0.946                        SWITCH2_ibuf/U_IOIN:Y (r)
               +     4.305          net: SWITCH2_c
  5.251                        CLOCKS_AND_RESETS_0/AND3_0:A (r)
               +     0.053          cell: ADLIB:CFG3
  5.304                        CLOCKS_AND_RESETS_0/AND3_0:Y (r)
               +     1.611          net: CLOCKS_AND_RESETS_0/AND3_0_Y
  6.915                        CLOCKS_AND_RESETS_0/RESET_FIC_0_CLK/CORERESET_0/un1_EXT_RST_N_2:C (r)
               +     0.078          cell: ADLIB:CFG3
  6.993                        CLOCKS_AND_RESETS_0/RESET_FIC_0_CLK/CORERESET_0/un1_EXT_RST_N_2:Y (r)
               +     1.695          net: CLOCKS_AND_RESETS_0/un1_EXT_RST_N_2
  8.688                        CLOCKS_AND_RESETS_0/RESET_FIC_0_CLK/CORERESET_0/dff_7[0]:ALn (r)
                                    
  8.688                        data arrival time
  ________________________________________________________
  Data required time calculation
  N/C                          CLOCKS_AND_RESETS_0/CCC_FIC_x_CLK/PF_CCC_C0_0/pll_inst_0/OUT0
               +     0.000          Clock source
  N/C                          CLOCKS_AND_RESETS_0/CCC_FIC_x_CLK/PF_CCC_C0_0/pll_inst_0:OUT0 (r)
               +     3.893          Clock generation
  N/C                          
               +     1.555          net: CLOCKS_AND_RESETS_0/CCC_FIC_x_CLK/PF_CCC_C0_0/pll_inst_0_clkint_0
  N/C                          CLOCKS_AND_RESETS_0/CCC_FIC_x_CLK/PF_CCC_C0_0/clkint_0_1:A (r)
               +     0.130          cell: ADLIB:ICB_CLKINT
  N/C                          CLOCKS_AND_RESETS_0/CCC_FIC_x_CLK/PF_CCC_C0_0/clkint_0_1:Y (r)
               +     0.352          net: CLOCKS_AND_RESETS_0/CCC_FIC_x_CLK/PF_CCC_C0_0/clkint_0_NET
  N/C                          CLOCKS_AND_RESETS_0/CCC_FIC_x_CLK/PF_CCC_C0_0/clkint_0:A (r)
               +     0.147          cell: ADLIB:GB
  N/C                          CLOCKS_AND_RESETS_0/CCC_FIC_x_CLK/PF_CCC_C0_0/clkint_0:Y (r)
               +     0.371          net: CLOCKS_AND_RESETS_0/CCC_FIC_x_CLK/PF_CCC_C0_0/clkint_0/U0_Y
  N/C                          CLOCKS_AND_RESETS_0/CCC_FIC_x_CLK/PF_CCC_C0_0/clkint_0/U0_RGB1_RGB9:A (r)
               +     0.052          cell: ADLIB:RGB
  N/C                          CLOCKS_AND_RESETS_0/CCC_FIC_x_CLK/PF_CCC_C0_0/clkint_0/U0_RGB1_RGB9:Y (f)
               +     0.386          net: CLOCKS_AND_RESETS_0/CCC_FIC_x_CLK/PF_CCC_C0_0/clkint_0/U0_RGB1_RGB9_rgb_net_1
  N/C                          CLOCKS_AND_RESETS_0/RESET_FIC_0_CLK/CORERESET_0/dff_7[0]:CLK (r)
               -     0.135          
  N/C                          clock jitter
               -     0.196          Library recovery time: ADLIB:SLE
  N/C                          CLOCKS_AND_RESETS_0/RESET_FIC_0_CLK/CORERESET_0/dff_7[0]:ALn


Operating Conditions : slow_lv_ht

END SET External Recovery

----------------------------------------------------

SET Asynchronous to Register

No Path 

END SET Asynchronous to Register

----------------------------------------------------

SET FIC_0_PERIPHERALS_0/security_core_0/rng/neoTRNG_0/entropy_cell_gen.0.neoTRNG_cell_inst/sreg_0[0]:Q to CLOCKS_AND_RESETS_0/CCC_FIC_x_CLK/PF_CCC_C0_0/pll_inst_0/OUT0

No Path 

END SET FIC_0_PERIPHERALS_0/security_core_0/rng/neoTRNG_0/entropy_cell_gen.0.neoTRNG_cell_inst/sreg_0[0]:Q to CLOCKS_AND_RESETS_0/CCC_FIC_x_CLK/PF_CCC_C0_0/pll_inst_0/OUT0

----------------------------------------------------

SET FIC_0_PERIPHERALS_0/security_core_0/rng/neoTRNG_0/entropy_cell_gen.0.neoTRNG_cell_inst/sreg_1[0]:Q to CLOCKS_AND_RESETS_0/CCC_FIC_x_CLK/PF_CCC_C0_0/pll_inst_0/OUT0

No Path 

END SET FIC_0_PERIPHERALS_0/security_core_0/rng/neoTRNG_0/entropy_cell_gen.0.neoTRNG_cell_inst/sreg_1[0]:Q to CLOCKS_AND_RESETS_0/CCC_FIC_x_CLK/PF_CCC_C0_0/pll_inst_0/OUT0

----------------------------------------------------

SET FIC_0_PERIPHERALS_0/security_core_0/rng/neoTRNG_0/entropy_cell_gen.0.neoTRNG_cell_inst/sreg_2[0]:Q to CLOCKS_AND_RESETS_0/CCC_FIC_x_CLK/PF_CCC_C0_0/pll_inst_0/OUT0

No Path 

END SET FIC_0_PERIPHERALS_0/security_core_0/rng/neoTRNG_0/entropy_cell_gen.0.neoTRNG_cell_inst/sreg_2[0]:Q to CLOCKS_AND_RESETS_0/CCC_FIC_x_CLK/PF_CCC_C0_0/pll_inst_0/OUT0

----------------------------------------------------

SET FIC_0_PERIPHERALS_0/security_core_0/rng/neoTRNG_0/entropy_cell_gen.0.neoTRNG_cell_inst/sreg_3[0]:Q to CLOCKS_AND_RESETS_0/CCC_FIC_x_CLK/PF_CCC_C0_0/pll_inst_0/OUT0

No Path 

END SET FIC_0_PERIPHERALS_0/security_core_0/rng/neoTRNG_0/entropy_cell_gen.0.neoTRNG_cell_inst/sreg_3[0]:Q to CLOCKS_AND_RESETS_0/CCC_FIC_x_CLK/PF_CCC_C0_0/pll_inst_0/OUT0

----------------------------------------------------

SET FIC_0_PERIPHERALS_0/security_core_0/rng/neoTRNG_0/entropy_cell_gen.0.neoTRNG_cell_inst/sreg_4[0]:Q to CLOCKS_AND_RESETS_0/CCC_FIC_x_CLK/PF_CCC_C0_0/pll_inst_0/OUT0

No Path 

END SET FIC_0_PERIPHERALS_0/security_core_0/rng/neoTRNG_0/entropy_cell_gen.0.neoTRNG_cell_inst/sreg_4[0]:Q to CLOCKS_AND_RESETS_0/CCC_FIC_x_CLK/PF_CCC_C0_0/pll_inst_0/OUT0

----------------------------------------------------

SET FIC_0_PERIPHERALS_0/security_core_0/rng/neoTRNG_0/entropy_cell_gen.1.neoTRNG_cell_inst/sreg_0[0]:Q to CLOCKS_AND_RESETS_0/CCC_FIC_x_CLK/PF_CCC_C0_0/pll_inst_0/OUT0

No Path 

END SET FIC_0_PERIPHERALS_0/security_core_0/rng/neoTRNG_0/entropy_cell_gen.1.neoTRNG_cell_inst/sreg_0[0]:Q to CLOCKS_AND_RESETS_0/CCC_FIC_x_CLK/PF_CCC_C0_0/pll_inst_0/OUT0

----------------------------------------------------

SET FIC_0_PERIPHERALS_0/security_core_0/rng/neoTRNG_0/entropy_cell_gen.1.neoTRNG_cell_inst/sreg_1[0]:Q to CLOCKS_AND_RESETS_0/CCC_FIC_x_CLK/PF_CCC_C0_0/pll_inst_0/OUT0

No Path 

END SET FIC_0_PERIPHERALS_0/security_core_0/rng/neoTRNG_0/entropy_cell_gen.1.neoTRNG_cell_inst/sreg_1[0]:Q to CLOCKS_AND_RESETS_0/CCC_FIC_x_CLK/PF_CCC_C0_0/pll_inst_0/OUT0

----------------------------------------------------

SET FIC_0_PERIPHERALS_0/security_core_0/rng/neoTRNG_0/entropy_cell_gen.1.neoTRNG_cell_inst/sreg_2[0]:Q to CLOCKS_AND_RESETS_0/CCC_FIC_x_CLK/PF_CCC_C0_0/pll_inst_0/OUT0

No Path 

END SET FIC_0_PERIPHERALS_0/security_core_0/rng/neoTRNG_0/entropy_cell_gen.1.neoTRNG_cell_inst/sreg_2[0]:Q to CLOCKS_AND_RESETS_0/CCC_FIC_x_CLK/PF_CCC_C0_0/pll_inst_0/OUT0

----------------------------------------------------

SET FIC_0_PERIPHERALS_0/security_core_0/rng/neoTRNG_0/entropy_cell_gen.1.neoTRNG_cell_inst/sreg_3[0]:Q to CLOCKS_AND_RESETS_0/CCC_FIC_x_CLK/PF_CCC_C0_0/pll_inst_0/OUT0

No Path 

END SET FIC_0_PERIPHERALS_0/security_core_0/rng/neoTRNG_0/entropy_cell_gen.1.neoTRNG_cell_inst/sreg_3[0]:Q to CLOCKS_AND_RESETS_0/CCC_FIC_x_CLK/PF_CCC_C0_0/pll_inst_0/OUT0

----------------------------------------------------

SET FIC_0_PERIPHERALS_0/security_core_0/rng/neoTRNG_0/entropy_cell_gen.1.neoTRNG_cell_inst/sreg_4[0]:Q to CLOCKS_AND_RESETS_0/CCC_FIC_x_CLK/PF_CCC_C0_0/pll_inst_0/OUT0

No Path 

END SET FIC_0_PERIPHERALS_0/security_core_0/rng/neoTRNG_0/entropy_cell_gen.1.neoTRNG_cell_inst/sreg_4[0]:Q to CLOCKS_AND_RESETS_0/CCC_FIC_x_CLK/PF_CCC_C0_0/pll_inst_0/OUT0

----------------------------------------------------

SET FIC_0_PERIPHERALS_0/security_core_0/rng/neoTRNG_0/entropy_cell_gen.1.neoTRNG_cell_inst/sreg_5[0]:Q to CLOCKS_AND_RESETS_0/CCC_FIC_x_CLK/PF_CCC_C0_0/pll_inst_0/OUT0

No Path 

END SET FIC_0_PERIPHERALS_0/security_core_0/rng/neoTRNG_0/entropy_cell_gen.1.neoTRNG_cell_inst/sreg_5[0]:Q to CLOCKS_AND_RESETS_0/CCC_FIC_x_CLK/PF_CCC_C0_0/pll_inst_0/OUT0

----------------------------------------------------

SET FIC_0_PERIPHERALS_0/security_core_0/rng/neoTRNG_0/entropy_cell_gen.1.neoTRNG_cell_inst/sreg_6[0]:Q to CLOCKS_AND_RESETS_0/CCC_FIC_x_CLK/PF_CCC_C0_0/pll_inst_0/OUT0

No Path 

END SET FIC_0_PERIPHERALS_0/security_core_0/rng/neoTRNG_0/entropy_cell_gen.1.neoTRNG_cell_inst/sreg_6[0]:Q to CLOCKS_AND_RESETS_0/CCC_FIC_x_CLK/PF_CCC_C0_0/pll_inst_0/OUT0

----------------------------------------------------

SET FIC_0_PERIPHERALS_0/security_core_0/rng/neoTRNG_0/entropy_cell_gen.2.neoTRNG_cell_inst/sreg_0[0]:Q to CLOCKS_AND_RESETS_0/CCC_FIC_x_CLK/PF_CCC_C0_0/pll_inst_0/OUT0

No Path 

END SET FIC_0_PERIPHERALS_0/security_core_0/rng/neoTRNG_0/entropy_cell_gen.2.neoTRNG_cell_inst/sreg_0[0]:Q to CLOCKS_AND_RESETS_0/CCC_FIC_x_CLK/PF_CCC_C0_0/pll_inst_0/OUT0

----------------------------------------------------

SET FIC_0_PERIPHERALS_0/security_core_0/rng/neoTRNG_0/entropy_cell_gen.2.neoTRNG_cell_inst/sreg_1[0]:Q to CLOCKS_AND_RESETS_0/CCC_FIC_x_CLK/PF_CCC_C0_0/pll_inst_0/OUT0

No Path 

END SET FIC_0_PERIPHERALS_0/security_core_0/rng/neoTRNG_0/entropy_cell_gen.2.neoTRNG_cell_inst/sreg_1[0]:Q to CLOCKS_AND_RESETS_0/CCC_FIC_x_CLK/PF_CCC_C0_0/pll_inst_0/OUT0

----------------------------------------------------

SET FIC_0_PERIPHERALS_0/security_core_0/rng/neoTRNG_0/entropy_cell_gen.2.neoTRNG_cell_inst/sreg_2[0]:Q to CLOCKS_AND_RESETS_0/CCC_FIC_x_CLK/PF_CCC_C0_0/pll_inst_0/OUT0

No Path 

END SET FIC_0_PERIPHERALS_0/security_core_0/rng/neoTRNG_0/entropy_cell_gen.2.neoTRNG_cell_inst/sreg_2[0]:Q to CLOCKS_AND_RESETS_0/CCC_FIC_x_CLK/PF_CCC_C0_0/pll_inst_0/OUT0

----------------------------------------------------

SET FIC_0_PERIPHERALS_0/security_core_0/rng/neoTRNG_0/entropy_cell_gen.2.neoTRNG_cell_inst/sreg_3[0]:Q to CLOCKS_AND_RESETS_0/CCC_FIC_x_CLK/PF_CCC_C0_0/pll_inst_0/OUT0

No Path 

END SET FIC_0_PERIPHERALS_0/security_core_0/rng/neoTRNG_0/entropy_cell_gen.2.neoTRNG_cell_inst/sreg_3[0]:Q to CLOCKS_AND_RESETS_0/CCC_FIC_x_CLK/PF_CCC_C0_0/pll_inst_0/OUT0

----------------------------------------------------

SET FIC_0_PERIPHERALS_0/security_core_0/rng/neoTRNG_0/entropy_cell_gen.2.neoTRNG_cell_inst/sreg_4[0]:Q to CLOCKS_AND_RESETS_0/CCC_FIC_x_CLK/PF_CCC_C0_0/pll_inst_0/OUT0

No Path 

END SET FIC_0_PERIPHERALS_0/security_core_0/rng/neoTRNG_0/entropy_cell_gen.2.neoTRNG_cell_inst/sreg_4[0]:Q to CLOCKS_AND_RESETS_0/CCC_FIC_x_CLK/PF_CCC_C0_0/pll_inst_0/OUT0

----------------------------------------------------

SET FIC_0_PERIPHERALS_0/security_core_0/rng/neoTRNG_0/entropy_cell_gen.2.neoTRNG_cell_inst/sreg_5[0]:Q to CLOCKS_AND_RESETS_0/CCC_FIC_x_CLK/PF_CCC_C0_0/pll_inst_0/OUT0

No Path 

END SET FIC_0_PERIPHERALS_0/security_core_0/rng/neoTRNG_0/entropy_cell_gen.2.neoTRNG_cell_inst/sreg_5[0]:Q to CLOCKS_AND_RESETS_0/CCC_FIC_x_CLK/PF_CCC_C0_0/pll_inst_0/OUT0

----------------------------------------------------

SET FIC_0_PERIPHERALS_0/security_core_0/rng/neoTRNG_0/entropy_cell_gen.2.neoTRNG_cell_inst/sreg_6[0]:Q to CLOCKS_AND_RESETS_0/CCC_FIC_x_CLK/PF_CCC_C0_0/pll_inst_0/OUT0

No Path 

END SET FIC_0_PERIPHERALS_0/security_core_0/rng/neoTRNG_0/entropy_cell_gen.2.neoTRNG_cell_inst/sreg_6[0]:Q to CLOCKS_AND_RESETS_0/CCC_FIC_x_CLK/PF_CCC_C0_0/pll_inst_0/OUT0

----------------------------------------------------

SET FIC_0_PERIPHERALS_0/security_core_0/rng/neoTRNG_0/entropy_cell_gen.2.neoTRNG_cell_inst/sreg_7[0]:Q to CLOCKS_AND_RESETS_0/CCC_FIC_x_CLK/PF_CCC_C0_0/pll_inst_0/OUT0

No Path 

END SET FIC_0_PERIPHERALS_0/security_core_0/rng/neoTRNG_0/entropy_cell_gen.2.neoTRNG_cell_inst/sreg_7[0]:Q to CLOCKS_AND_RESETS_0/CCC_FIC_x_CLK/PF_CCC_C0_0/pll_inst_0/OUT0

----------------------------------------------------

SET FIC_0_PERIPHERALS_0/security_core_0/rng/neoTRNG_0/entropy_cell_gen.2.neoTRNG_cell_inst/sreg_8[0]:Q to CLOCKS_AND_RESETS_0/CCC_FIC_x_CLK/PF_CCC_C0_0/pll_inst_0/OUT0

No Path 

END SET FIC_0_PERIPHERALS_0/security_core_0/rng/neoTRNG_0/entropy_cell_gen.2.neoTRNG_cell_inst/sreg_8[0]:Q to CLOCKS_AND_RESETS_0/CCC_FIC_x_CLK/PF_CCC_C0_0/pll_inst_0/OUT0

----------------------------------------------------

SET CLOCKS_AND_RESETS_0/CCC_FIC_x_CLK/PF_CCC_C0_0/pll_inst_0/OUT1 to CLOCKS_AND_RESETS_0/CCC_FIC_x_CLK/PF_CCC_C0_0/pll_inst_0/OUT0

Path 1
  From: MIPI_CAMERA_0/VDMA_C0_0/VDMA_C0_0/dma_top_0/vdma_write_0/frame_size_fifo/wfull:CLK
  To:   MIPI_CAMERA_0/VDMA_C0_0/VDMA_C0_0/dma_top_0/interrupt_controller_vdma_0/synchronizer_circuit_2stage_frame_size/s_data_in:D
  Delay (ns):              0.918
  Slack (ns):              8.248
  Arrival (ns):            6.940
  Required (ns):          15.188
  Setup (ns):              0.000
  Operating Conditions: slow_lv_ht

Path 2
  From: MIPI_CAMERA_0/VDMA_C0_0/VDMA_C0_0/dma_top_0/vdma_write_0/frame_size_fifo/wptr[0]:CLK
  To:   MIPI_CAMERA_0/VDMA_C0_0/VDMA_C0_0/dma_top_0/vdma_write_0/frame_size_fifo/rwptr1[0]:D
  Delay (ns):              0.396
  Slack (ns):              8.488
  Arrival (ns):            4.413
  Required (ns):          12.901
  Setup (ns):              0.000
  Operating Conditions: fast_hv_lt

Path 3
  From: MIPI_CAMERA_0/VDMA_C0_0/VDMA_C0_0/dma_top_0/vdma_write_0/frame_size_fifo/wptr[1]:CLK
  To:   MIPI_CAMERA_0/VDMA_C0_0/VDMA_C0_0/dma_top_0/vdma_write_0/frame_size_fifo/rwptr1[1]:D
  Delay (ns):              0.352
  Slack (ns):              8.532
  Arrival (ns):            4.369
  Required (ns):          12.901
  Setup (ns):              0.000
  Operating Conditions: fast_hv_lt

Path 4
  From: MIPI_CAMERA_0/VDMA_C0_0/VDMA_C0_0/dma_top_0/vdma_write_0/frame_size_fifo/wbin[5]:CLK
  To:   MIPI_CAMERA_0/VDMA_C0_0/VDMA_C0_0/dma_top_0/vdma_write_0/frame_size_fifo/rwptr1[5]:D
  Delay (ns):              0.341
  Slack (ns):              8.541
  Arrival (ns):            4.358
  Required (ns):          12.899
  Setup (ns):              0.000
  Operating Conditions: fast_hv_lt

Path 5
  From: MIPI_CAMERA_0/VDMA_C0_0/VDMA_C0_0/dma_top_0/vdma_write_0/frame_size_fifo/wptr[2]:CLK
  To:   MIPI_CAMERA_0/VDMA_C0_0/VDMA_C0_0/dma_top_0/vdma_write_0/frame_size_fifo/rwptr1[2]:D
  Delay (ns):              0.335
  Slack (ns):              8.549
  Arrival (ns):            4.352
  Required (ns):          12.901
  Setup (ns):              0.000
  Operating Conditions: fast_hv_lt


Expanded Path 1
  From: MIPI_CAMERA_0/VDMA_C0_0/VDMA_C0_0/dma_top_0/vdma_write_0/frame_size_fifo/wfull:CLK
  To: MIPI_CAMERA_0/VDMA_C0_0/VDMA_C0_0/dma_top_0/interrupt_controller_vdma_0/synchronizer_circuit_2stage_frame_size/s_data_in:D
  data required time                                 15.188
  data arrival time                          -        6.940
  slack                                               8.248
  ________________________________________________________
  Data arrival time calculation
  0.000                        CLOCKS_AND_RESETS_0/CCC_FIC_x_CLK/PF_CCC_C0_0/pll_inst_0/OUT1
               +     0.000          Clock source
  0.000                        CLOCKS_AND_RESETS_0/CCC_FIC_x_CLK/PF_CCC_C0_0/pll_inst_0:OUT1 (r)
               +     4.311          Clock generation
  4.311                        
               +     0.256          net: CLOCKS_AND_RESETS_0/CCC_FIC_x_CLK/PF_CCC_C0_0/pll_inst_0_clkint_4
  4.567                        CLOCKS_AND_RESETS_0/CCC_FIC_x_CLK/PF_CCC_C0_0/clkint_4_1:A (r)
               +     0.234          cell: ADLIB:ICB_CLKINT
  4.801                        CLOCKS_AND_RESETS_0/CCC_FIC_x_CLK/PF_CCC_C0_0/clkint_4_1:Y (r)
               +     0.144          net: CLOCKS_AND_RESETS_0/CCC_FIC_x_CLK/PF_CCC_C0_0/clkint_4_NET
  4.945                        CLOCKS_AND_RESETS_0/CCC_FIC_x_CLK/PF_CCC_C0_0/clkint_4:A (r)
               +     0.162          cell: ADLIB:GB
  5.107                        CLOCKS_AND_RESETS_0/CCC_FIC_x_CLK/PF_CCC_C0_0/clkint_4:Y (r)
               +     0.413          net: CLOCKS_AND_RESETS_0/CCC_FIC_x_CLK/PF_CCC_C0_0/clkint_4/U0_Y
  5.520                        CLOCKS_AND_RESETS_0/CCC_FIC_x_CLK/PF_CCC_C0_0/clkint_4/U0_RGB1_RGB0:A (r)
               +     0.058          cell: ADLIB:RGB
  5.578                        CLOCKS_AND_RESETS_0/CCC_FIC_x_CLK/PF_CCC_C0_0/clkint_4/U0_RGB1_RGB0:Y (f)
               +     0.444          net: CLOCKS_AND_RESETS_0/CCC_FIC_x_CLK/PF_CCC_C0_0/clkint_4/U0_RGB1_RGB0_rgb_net_1
  6.022                        MIPI_CAMERA_0/VDMA_C0_0/VDMA_C0_0/dma_top_0/vdma_write_0/frame_size_fifo/wfull:CLK (r)
               +     0.201          cell: ADLIB:SLE
  6.223                        MIPI_CAMERA_0/VDMA_C0_0/VDMA_C0_0/dma_top_0/vdma_write_0/frame_size_fifo/wfull:Q (r)
               +     0.717          net: MIPI_CAMERA_0/VDMA_C0_0/VDMA_C0_0/dma_top_0/vdma_write_0_frame_size_fifo_full_o
  6.940                        MIPI_CAMERA_0/VDMA_C0_0/VDMA_C0_0/dma_top_0/interrupt_controller_vdma_0/synchronizer_circuit_2stage_frame_size/s_data_in:D (r)
                                    
  6.940                        data arrival time
  ________________________________________________________
  Data required time calculation
  8.000                        CLOCKS_AND_RESETS_0/CCC_FIC_x_CLK/PF_CCC_C0_0/pll_inst_0/OUT0
               +     0.000          Clock source
  8.000                        CLOCKS_AND_RESETS_0/CCC_FIC_x_CLK/PF_CCC_C0_0/pll_inst_0:OUT0 (r)
               +     3.893          Clock generation
  11.893                       
               +     1.555          net: CLOCKS_AND_RESETS_0/CCC_FIC_x_CLK/PF_CCC_C0_0/pll_inst_0_clkint_0
  13.448                       CLOCKS_AND_RESETS_0/CCC_FIC_x_CLK/PF_CCC_C0_0/clkint_0_1:A (r)
               +     0.130          cell: ADLIB:ICB_CLKINT
  13.578                       CLOCKS_AND_RESETS_0/CCC_FIC_x_CLK/PF_CCC_C0_0/clkint_0_1:Y (r)
               +     0.352          net: CLOCKS_AND_RESETS_0/CCC_FIC_x_CLK/PF_CCC_C0_0/clkint_0_NET
  13.930                       CLOCKS_AND_RESETS_0/CCC_FIC_x_CLK/PF_CCC_C0_0/clkint_0:A (r)
               +     0.147          cell: ADLIB:GB
  14.077                       CLOCKS_AND_RESETS_0/CCC_FIC_x_CLK/PF_CCC_C0_0/clkint_0:Y (r)
               +     0.372          net: CLOCKS_AND_RESETS_0/CCC_FIC_x_CLK/PF_CCC_C0_0/clkint_0/U0_Y
  14.449                       CLOCKS_AND_RESETS_0/CCC_FIC_x_CLK/PF_CCC_C0_0/clkint_0/U0_RGB1_RGB6:A (r)
               +     0.052          cell: ADLIB:RGB
  14.501                       CLOCKS_AND_RESETS_0/CCC_FIC_x_CLK/PF_CCC_C0_0/clkint_0/U0_RGB1_RGB6:Y (f)
               +     0.417          net: CLOCKS_AND_RESETS_0/CCC_FIC_x_CLK/PF_CCC_C0_0/clkint_0/U0_RGB1_RGB6_rgb_net_1
  14.918                       MIPI_CAMERA_0/VDMA_C0_0/VDMA_C0_0/dma_top_0/interrupt_controller_vdma_0/synchronizer_circuit_2stage_frame_size/s_data_in:CLK (r)
               +     0.405          
  15.323                       clock reconvergence pessimism
               -     0.135          
  15.188                       clock jitter
               -     0.000          Library setup time: ADLIB:SLE
  15.188                       MIPI_CAMERA_0/VDMA_C0_0/VDMA_C0_0/dma_top_0/interrupt_controller_vdma_0/synchronizer_circuit_2stage_frame_size/s_data_in:D
                                    
  15.188                       data required time


Operating Conditions : slow_lv_ht

END SET CLOCKS_AND_RESETS_0/CCC_FIC_x_CLK/PF_CCC_C0_0/pll_inst_0/OUT1 to CLOCKS_AND_RESETS_0/CCC_FIC_x_CLK/PF_CCC_C0_0/pll_inst_0/OUT0

----------------------------------------------------

SET MIPI_CAMERA_0/PF_CCC_C1_0/PF_CCC_C1_0/pll_inst_0/OUT0 to CLOCKS_AND_RESETS_0/CCC_FIC_x_CLK/PF_CCC_C0_0/pll_inst_0/OUT0

Path 1
  From: MIPI_CAMERA_0/VDMA_C0_0/VDMA_C0_0/dma_top_0/vdma_write_0/buff_addr_fifo/rempty:CLK
  To:   MIPI_CAMERA_0/VDMA_C0_0/VDMA_C0_0/dma_top_0/interrupt_controller_vdma_0/synchronizer_circuit_2stage_buff_addr/s_data_in:D
  Delay (ns):              0.729
  Slack (ns):              2.999
  Arrival (ns):            7.775
  Required (ns):          10.774
  Setup (ns):              0.000
  Operating Conditions: slow_lv_ht

Path 2
  From: MIPI_CAMERA_0/mipicsi2rxdecoderPF_C0_0/MSC_i_0/r_int_dly2:CLK
  To:   MIPI_CAMERA_0/mipicsi2rxdecoderPF_C0_0/MSC_i_0/MSC_i_1/interrupt_event_dly[0][0]:D
  Delay (ns):              0.703
  Slack (ns):              3.008
  Arrival (ns):            7.747
  Required (ns):          10.755
  Setup (ns):              0.000
  Operating Conditions: slow_lv_ht

Path 3
  From: MIPI_CAMERA_0/mipicsi2rxdecoderPF_C0_0/MSC_i_0/r_int_dly3:CLK
  To:   MIPI_CAMERA_0/mipicsi2rxdecoderPF_C0_0/MSC_i_0/MSC_i_1/interrupt_event_dly[0][0]:D
  Delay (ns):              0.655
  Slack (ns):              3.056
  Arrival (ns):            7.699
  Required (ns):          10.755
  Setup (ns):              0.000
  Operating Conditions: slow_lv_ht

Path 4
  From: MIPI_CAMERA_0/mipicsi2rxdecoderPF_C0_0/MSC_i_0/r_isr[1]:CLK
  To:   MIPI_CAMERA_0/mipicsi2rxdecoderPF_C0_0/MSC_i_0/MSC_i_1/interrupt_event_dly[0][1]:D
  Delay (ns):              0.647
  Slack (ns):              3.062
  Arrival (ns):            7.717
  Required (ns):          10.779
  Setup (ns):              0.000
  Operating Conditions: slow_lv_ht

Path 5
  From: MIPI_CAMERA_0/mipicsi2rxdecoderPF_C0_0/MSC_i_0/r_int_dly1:CLK
  To:   MIPI_CAMERA_0/mipicsi2rxdecoderPF_C0_0/MSC_i_0/MSC_i_1/interrupt_event_dly[0][0]:D
  Delay (ns):              0.596
  Slack (ns):              3.115
  Arrival (ns):            7.640
  Required (ns):          10.755
  Setup (ns):              0.000
  Operating Conditions: slow_lv_ht


Expanded Path 1
  From: MIPI_CAMERA_0/VDMA_C0_0/VDMA_C0_0/dma_top_0/vdma_write_0/buff_addr_fifo/rempty:CLK
  To: MIPI_CAMERA_0/VDMA_C0_0/VDMA_C0_0/dma_top_0/interrupt_controller_vdma_0/synchronizer_circuit_2stage_buff_addr/s_data_in:D
  data required time                                 10.774
  data arrival time                          -        7.775
  slack                                               2.999
  ________________________________________________________
  Data arrival time calculation
  0.000                        MIPI_CAMERA_0/PF_CCC_C1_0/PF_CCC_C1_0/pll_inst_0/OUT0
               +     0.000          Clock source
  0.000                        MIPI_CAMERA_0/PF_CCC_C1_0/PF_CCC_C1_0/pll_inst_0:OUT0 (r)
               +     5.275          Clock generation
  5.275                        
               +     0.281          net: MIPI_CAMERA_0/PF_CCC_C1_0/PF_CCC_C1_0/pll_inst_0_clkint_0
  5.556                        MIPI_CAMERA_0/PF_CCC_C1_0/PF_CCC_C1_0/clkint_0_1:A (r)
               +     0.243          cell: ADLIB:ICB_CLKINT
  5.799                        MIPI_CAMERA_0/PF_CCC_C1_0/PF_CCC_C1_0/clkint_0_1:Y (r)
               +     0.150          net: MIPI_CAMERA_0/PF_CCC_C1_0/PF_CCC_C1_0/clkint_0_NET
  5.949                        MIPI_CAMERA_0/PF_CCC_C1_0/PF_CCC_C1_0/clkint_0:A (r)
               +     0.164          cell: ADLIB:GB
  6.113                        MIPI_CAMERA_0/PF_CCC_C1_0/PF_CCC_C1_0/clkint_0:Y (r)
               +     0.417          net: MIPI_CAMERA_0/PF_CCC_C1_0/PF_CCC_C1_0/clkint_0/U0_Y
  6.530                        MIPI_CAMERA_0/PF_CCC_C1_0/PF_CCC_C1_0/clkint_0/U0_RGB1_RGB0:A (r)
               +     0.058          cell: ADLIB:RGB
  6.588                        MIPI_CAMERA_0/PF_CCC_C1_0/PF_CCC_C1_0/clkint_0/U0_RGB1_RGB0:Y (f)
               +     0.458          net: MIPI_CAMERA_0/PF_CCC_C1_0/PF_CCC_C1_0/clkint_0/U0_RGB1_RGB0_rgb_net_1
  7.046                        MIPI_CAMERA_0/VDMA_C0_0/VDMA_C0_0/dma_top_0/vdma_write_0/buff_addr_fifo/rempty:CLK (r)
               +     0.209          cell: ADLIB:SLE
  7.255                        MIPI_CAMERA_0/VDMA_C0_0/VDMA_C0_0/dma_top_0/vdma_write_0/buff_addr_fifo/rempty:Q (r)
               +     0.444          net: MIPI_CAMERA_0/VDMA_C0_0/VDMA_C0_0/dma_top_0/vdma_write_0/buff_addr_fifo_empty_i
  7.699                        MIPI_CAMERA_0/VDMA_C0_0/VDMA_C0_0/dma_top_0/vdma_write_0/vdma_controller/buff_addr_fifo_empty_o:A (r)
               +     0.053          cell: ADLIB:CFG2
  7.752                        MIPI_CAMERA_0/VDMA_C0_0/VDMA_C0_0/dma_top_0/vdma_write_0/vdma_controller/buff_addr_fifo_empty_o:Y (r)
               +     0.023          net: MIPI_CAMERA_0/VDMA_C0_0/VDMA_C0_0/dma_top_0/vdma_write_0_buff_addr_fifo_empty_o
  7.775                        MIPI_CAMERA_0/VDMA_C0_0/VDMA_C0_0/dma_top_0/interrupt_controller_vdma_0/synchronizer_circuit_2stage_buff_addr/s_data_in:D (r)
                                    
  7.775                        data arrival time
  ________________________________________________________
  Data required time calculation
  4.000                        CLOCKS_AND_RESETS_0/CCC_FIC_x_CLK/PF_CCC_C0_0/pll_inst_0/OUT0
               +     0.000          Clock source
  4.000                        CLOCKS_AND_RESETS_0/CCC_FIC_x_CLK/PF_CCC_C0_0/pll_inst_0:OUT0 (r)
               +     3.893          Clock generation
  7.893                        
               +     1.555          net: CLOCKS_AND_RESETS_0/CCC_FIC_x_CLK/PF_CCC_C0_0/pll_inst_0_clkint_0
  9.448                        CLOCKS_AND_RESETS_0/CCC_FIC_x_CLK/PF_CCC_C0_0/clkint_0_1:A (r)
               +     0.130          cell: ADLIB:ICB_CLKINT
  9.578                        CLOCKS_AND_RESETS_0/CCC_FIC_x_CLK/PF_CCC_C0_0/clkint_0_1:Y (r)
               +     0.352          net: CLOCKS_AND_RESETS_0/CCC_FIC_x_CLK/PF_CCC_C0_0/clkint_0_NET
  9.930                        CLOCKS_AND_RESETS_0/CCC_FIC_x_CLK/PF_CCC_C0_0/clkint_0:A (r)
               +     0.147          cell: ADLIB:GB
  10.077                       CLOCKS_AND_RESETS_0/CCC_FIC_x_CLK/PF_CCC_C0_0/clkint_0:Y (r)
               +     0.372          net: CLOCKS_AND_RESETS_0/CCC_FIC_x_CLK/PF_CCC_C0_0/clkint_0/U0_Y
  10.449                       CLOCKS_AND_RESETS_0/CCC_FIC_x_CLK/PF_CCC_C0_0/clkint_0/U0_RGB1_RGB6:A (r)
               +     0.052          cell: ADLIB:RGB
  10.501                       CLOCKS_AND_RESETS_0/CCC_FIC_x_CLK/PF_CCC_C0_0/clkint_0/U0_RGB1_RGB6:Y (f)
               +     0.408          net: CLOCKS_AND_RESETS_0/CCC_FIC_x_CLK/PF_CCC_C0_0/clkint_0/U0_RGB1_RGB6_rgb_net_1
  10.909                       MIPI_CAMERA_0/VDMA_C0_0/VDMA_C0_0/dma_top_0/interrupt_controller_vdma_0/synchronizer_circuit_2stage_buff_addr/s_data_in:CLK (r)
               -     0.135          
  10.774                       clock jitter
               -     0.000          Library setup time: ADLIB:SLE
  10.774                       MIPI_CAMERA_0/VDMA_C0_0/VDMA_C0_0/dma_top_0/interrupt_controller_vdma_0/synchronizer_circuit_2stage_buff_addr/s_data_in:D
                                    
  10.774                       data required time


Operating Conditions : slow_lv_ht

END SET MIPI_CAMERA_0/PF_CCC_C1_0/PF_CCC_C1_0/pll_inst_0/OUT0 to CLOCKS_AND_RESETS_0/CCC_FIC_x_CLK/PF_CCC_C0_0/pll_inst_0/OUT0

----------------------------------------------------

SET MIPI_CAMERA_0/PF_IOD_GENERIC_RX_C0_0/PF_CLK_DIV_FIFO/I_CDD/Y_DIV to CLOCKS_AND_RESETS_0/CCC_FIC_x_CLK/PF_CCC_C0_0/pll_inst_0/OUT0

Path 1
  From: MIPI_CAMERA_0/PF_IOD_GENERIC_RX_C0_0/COREBCLKSCLKALIGN_0/PF_IOD_GENERIC_RX_C0_TR_0/genblk1.U_ICB_BCLKSCLKALIGN/RX_CLK_ALIGN_DONE:CLK
  To:   MIPI_CAMERA_0/mipicsi2rxdecoderPF_C0_0/MSC_i_0/MSC_i_1/interrupt_event_dly[0][3]:D
  Delay (ns):              1.901
  Slack (ns):              8.168
  Arrival (ns):            4.471
  Required (ns):          12.639
  Setup (ns):              0.000
  Operating Conditions: fast_hv_lt


Expanded Path 1
  From: MIPI_CAMERA_0/PF_IOD_GENERIC_RX_C0_0/COREBCLKSCLKALIGN_0/PF_IOD_GENERIC_RX_C0_TR_0/genblk1.U_ICB_BCLKSCLKALIGN/RX_CLK_ALIGN_DONE:CLK
  To: MIPI_CAMERA_0/mipicsi2rxdecoderPF_C0_0/MSC_i_0/MSC_i_1/interrupt_event_dly[0][3]:D
  data required time                                 12.639
  data arrival time                          -        4.471
  slack                                               8.168
  ________________________________________________________
  Data arrival time calculation
  0.000                        MIPI_CAMERA_0/PF_IOD_GENERIC_RX_C0_0/PF_CLK_DIV_FIFO/I_CDD/Y_DIV
               +     0.000          Clock source
  0.000                        MIPI_CAMERA_0/PF_IOD_GENERIC_RX_C0_0/PF_CLK_DIV_FIFO/I_CDD:Y_DIV (r)
               +     1.217          Clock generation
  1.217                        
               +     0.354          net: MIPI_CAMERA_0/PF_IOD_GENERIC_RX_C0_0/PF_CLK_DIV_FIFO_CLK_DIV_OUT
  1.571                        MIPI_CAMERA_0/PF_IOD_GENERIC_RX_C0_0/CLKINT_0_1:A (r)
               +     0.162          cell: ADLIB:ICB_CLKINT
  1.733                        MIPI_CAMERA_0/PF_IOD_GENERIC_RX_C0_0/CLKINT_0_1:Y (r)
               +     0.099          net: MIPI_CAMERA_0/PF_IOD_GENERIC_RX_C0_0/CLKINT_0_NET
  1.832                        MIPI_CAMERA_0/PF_IOD_GENERIC_RX_C0_0/CLKINT_0:A (r)
               +     0.118          cell: ADLIB:GB
  1.950                        MIPI_CAMERA_0/PF_IOD_GENERIC_RX_C0_0/CLKINT_0:Y (r)
               +     0.266          net: MIPI_CAMERA_0/PF_IOD_GENERIC_RX_C0_0/CLKINT_0/U0_Y
  2.216                        MIPI_CAMERA_0/PF_IOD_GENERIC_RX_C0_0/CLKINT_0/U0_RGB1_RGB2:A (r)
               +     0.042          cell: ADLIB:RGB
  2.258                        MIPI_CAMERA_0/PF_IOD_GENERIC_RX_C0_0/CLKINT_0/U0_RGB1_RGB2:Y (f)
               +     0.312          net: MIPI_CAMERA_0/PF_IOD_GENERIC_RX_C0_0/CLKINT_0/U0_RGB1_RGB2_rgb_net_1
  2.570                        MIPI_CAMERA_0/PF_IOD_GENERIC_RX_C0_0/COREBCLKSCLKALIGN_0/PF_IOD_GENERIC_RX_C0_TR_0/genblk1.U_ICB_BCLKSCLKALIGN/RX_CLK_ALIGN_DONE:CLK (r)
               +     0.117          cell: ADLIB:SLE
  2.687                        MIPI_CAMERA_0/PF_IOD_GENERIC_RX_C0_0/COREBCLKSCLKALIGN_0/PF_IOD_GENERIC_RX_C0_TR_0/genblk1.U_ICB_BCLKSCLKALIGN/RX_CLK_ALIGN_DONE:Q (f)
               +     1.733          net: MIPI_CAMERA_0/PF_IOD_GENERIC_RX_C0_0_CLK_TRAIN_DONE
  4.420                        MIPI_CAMERA_0/mipicsi2rxdecoderPF_C0_0/MSC_i_0/MSC_i_1/un1_diff_cnt[3]_1.un8_ISR_w:A (f)
               +     0.034          cell: ADLIB:CFG2
  4.454                        MIPI_CAMERA_0/mipicsi2rxdecoderPF_C0_0/MSC_i_0/MSC_i_1/un1_diff_cnt[3]_1.un8_ISR_w:Y (r)
               +     0.017          net: MIPI_CAMERA_0/mipicsi2rxdecoderPF_C0_0/MSC_i_0/MSC_i_1/un8_ISR_w
  4.471                        MIPI_CAMERA_0/mipicsi2rxdecoderPF_C0_0/MSC_i_0/MSC_i_1/interrupt_event_dly[0][3]:D (r)
                                    
  4.471                        data arrival time
  ________________________________________________________
  Data required time calculation
  8.000                        CLOCKS_AND_RESETS_0/CCC_FIC_x_CLK/PF_CCC_C0_0/pll_inst_0/OUT0
               +     0.000          Clock source
  8.000                        CLOCKS_AND_RESETS_0/CCC_FIC_x_CLK/PF_CCC_C0_0/pll_inst_0:OUT0 (r)
               +     2.591          Clock generation
  10.591                       
               +     1.184          net: CLOCKS_AND_RESETS_0/CCC_FIC_x_CLK/PF_CCC_C0_0/pll_inst_0_clkint_0
  11.775                       CLOCKS_AND_RESETS_0/CCC_FIC_x_CLK/PF_CCC_C0_0/clkint_0_1:A (r)
               +     0.089          cell: ADLIB:ICB_CLKINT
  11.864                       CLOCKS_AND_RESETS_0/CCC_FIC_x_CLK/PF_CCC_C0_0/clkint_0_1:Y (r)
               +     0.243          net: CLOCKS_AND_RESETS_0/CCC_FIC_x_CLK/PF_CCC_C0_0/clkint_0_NET
  12.107                       CLOCKS_AND_RESETS_0/CCC_FIC_x_CLK/PF_CCC_C0_0/clkint_0:A (r)
               +     0.111          cell: ADLIB:GB
  12.218                       CLOCKS_AND_RESETS_0/CCC_FIC_x_CLK/PF_CCC_C0_0/clkint_0:Y (r)
               +     0.254          net: CLOCKS_AND_RESETS_0/CCC_FIC_x_CLK/PF_CCC_C0_0/clkint_0/U0_Y
  12.472                       CLOCKS_AND_RESETS_0/CCC_FIC_x_CLK/PF_CCC_C0_0/clkint_0/U0_RGB1_RGB12:A (r)
               +     0.038          cell: ADLIB:RGB
  12.510                       CLOCKS_AND_RESETS_0/CCC_FIC_x_CLK/PF_CCC_C0_0/clkint_0/U0_RGB1_RGB12:Y (f)
               +     0.264          net: CLOCKS_AND_RESETS_0/CCC_FIC_x_CLK/PF_CCC_C0_0/clkint_0/U0_RGB1_RGB12_rgb_net_1
  12.774                       MIPI_CAMERA_0/mipicsi2rxdecoderPF_C0_0/MSC_i_0/MSC_i_1/interrupt_event_dly[0][3]:CLK (r)
               -     0.135          
  12.639                       clock jitter
               -     0.000          Library setup time: ADLIB:SLE
  12.639                       MIPI_CAMERA_0/mipicsi2rxdecoderPF_C0_0/MSC_i_0/MSC_i_1/interrupt_event_dly[0][3]:D
                                    
  12.639                       data required time


Operating Conditions : fast_hv_lt

END SET MIPI_CAMERA_0/PF_IOD_GENERIC_RX_C0_0/PF_CLK_DIV_FIFO/I_CDD/Y_DIV to CLOCKS_AND_RESETS_0/CCC_FIC_x_CLK/PF_CCC_C0_0/pll_inst_0/OUT0

----------------------------------------------------

Clock Domain CLOCKS_AND_RESETS_0/CCC_FIC_x_CLK/PF_CCC_C0_0/pll_inst_0/OUT1

SET Register to Register

Path 1
  From: MSS_WRAPPER_0/MPFS_DISCOVERY_KIT_MSS_0/I_MSS:FIC_1_ACLK
  To:   MIPI_CAMERA_0/VDMA_C0_0/VDMA_C0_0/ddr_axi4_arbiter_vdma_0/genblk1.ddr_axi4_arbiter_native_vdma_0/ddr_rw_arbiter_vdma_0/wd_trans_Cnt[6]:EN
  Delay (ns):              3.698
  Slack (ns):              3.749
  Arrival (ns):            9.757
  Required (ns):          13.506
  Setup (ns):              0.127
  Minimum Period (ns):     4.116
  Operating Conditions: slow_lv_lt

Path 2
  From: MSS_WRAPPER_0/MPFS_DISCOVERY_KIT_MSS_0/I_MSS:FIC_1_ACLK
  To:   MIPI_CAMERA_0/VDMA_C0_0/VDMA_C0_0/ddr_axi4_arbiter_vdma_0/genblk1.ddr_axi4_arbiter_native_vdma_0/ddr_rw_arbiter_vdma_0/wd_trans_Cnt[3]:EN
  Delay (ns):              3.698
  Slack (ns):              3.749
  Arrival (ns):            9.757
  Required (ns):          13.506
  Setup (ns):              0.127
  Minimum Period (ns):     4.116
  Operating Conditions: slow_lv_lt

Path 3
  From: MSS_WRAPPER_0/MPFS_DISCOVERY_KIT_MSS_0/I_MSS:FIC_1_ACLK
  To:   MIPI_CAMERA_0/VDMA_C0_0/VDMA_C0_0/ddr_axi4_arbiter_vdma_0/genblk1.ddr_axi4_arbiter_native_vdma_0/ddr_rw_arbiter_vdma_0/wd_trans_Cnt[1]:EN
  Delay (ns):              3.697
  Slack (ns):              3.750
  Arrival (ns):            9.756
  Required (ns):          13.506
  Setup (ns):              0.127
  Minimum Period (ns):     4.115
  Operating Conditions: slow_lv_lt

Path 4
  From: MSS_WRAPPER_0/MPFS_DISCOVERY_KIT_MSS_0/I_MSS:FIC_1_ACLK
  To:   MIPI_CAMERA_0/VDMA_C0_0/VDMA_C0_0/ddr_axi4_arbiter_vdma_0/genblk1.ddr_axi4_arbiter_native_vdma_0/ddr_rw_arbiter_vdma_0/wd_trans_Cnt[0]:EN
  Delay (ns):              3.697
  Slack (ns):              3.750
  Arrival (ns):            9.756
  Required (ns):          13.506
  Setup (ns):              0.127
  Minimum Period (ns):     4.115
  Operating Conditions: slow_lv_lt

Path 5
  From: MIPI_CAMERA_0/VDMA_C0_0/VDMA_C0_0/dma_top_0/vdma_write_0/ddr_write_vdma/async_fifo_vdma_0/rwptr2[1]:CLK
  To:   MIPI_CAMERA_0/VDMA_C0_0/VDMA_C0_0/dma_top_0/vdma_write_0/ddr_write_vdma/async_fifo_vdma_0/rdata_count[6]:D
  Delay (ns):              4.016
  Slack (ns):              3.778
  Arrival (ns):           10.062
  Required (ns):          13.840
  Setup (ns):              0.000
  Minimum Period (ns):     4.087
  Operating Conditions: slow_lv_ht


Expanded Path 1
  From: MSS_WRAPPER_0/MPFS_DISCOVERY_KIT_MSS_0/I_MSS:FIC_1_ACLK
  To: MIPI_CAMERA_0/VDMA_C0_0/VDMA_C0_0/ddr_axi4_arbiter_vdma_0/genblk1.ddr_axi4_arbiter_native_vdma_0/ddr_rw_arbiter_vdma_0/wd_trans_Cnt[6]:EN
  data required time                                 13.506
  data arrival time                          -        9.757
  slack                                               3.749
  ________________________________________________________
  Data arrival time calculation
  0.000                        CLOCKS_AND_RESETS_0/CCC_FIC_x_CLK/PF_CCC_C0_0/pll_inst_0/OUT1
               +     0.000          Clock source
  0.000                        CLOCKS_AND_RESETS_0/CCC_FIC_x_CLK/PF_CCC_C0_0/pll_inst_0:OUT1 (r)
               +     4.145          Clock generation
  4.145                        
               +     0.253          net: CLOCKS_AND_RESETS_0/CCC_FIC_x_CLK/PF_CCC_C0_0/pll_inst_0_clkint_4
  4.398                        CLOCKS_AND_RESETS_0/CCC_FIC_x_CLK/PF_CCC_C0_0/clkint_4_1:A (r)
               +     0.234          cell: ADLIB:ICB_CLKINT
  4.632                        CLOCKS_AND_RESETS_0/CCC_FIC_x_CLK/PF_CCC_C0_0/clkint_4_1:Y (r)
               +     0.120          net: CLOCKS_AND_RESETS_0/CCC_FIC_x_CLK/PF_CCC_C0_0/clkint_4_NET
  4.752                        CLOCKS_AND_RESETS_0/CCC_FIC_x_CLK/PF_CCC_C0_0/clkint_4:A (r)
               +     0.164          cell: ADLIB:GB
  4.916                        CLOCKS_AND_RESETS_0/CCC_FIC_x_CLK/PF_CCC_C0_0/clkint_4:Y (r)
               +     0.391          net: CLOCKS_AND_RESETS_0/CCC_FIC_x_CLK/PF_CCC_C0_0/clkint_4/U0_Y
  5.307                        CLOCKS_AND_RESETS_0/CCC_FIC_x_CLK/PF_CCC_C0_0/clkint_4/U0_RGB1:A (r)
               +     0.060          cell: ADLIB:RGB
  5.367                        CLOCKS_AND_RESETS_0/CCC_FIC_x_CLK/PF_CCC_C0_0/clkint_4/U0_RGB1:Y (f)
               +     0.692          net: CLOCKS_AND_RESETS_0_FIC_1_CLK
  6.059                        MSS_WRAPPER_0/MPFS_DISCOVERY_KIT_MSS_0/I_MSS:FIC_1_ACLK (r)
               +     0.842          cell: ADLIB:MSS
  6.901                        MSS_WRAPPER_0/MPFS_DISCOVERY_KIT_MSS_0/I_MSS:FIC_1_AXI4_S_WREADY (r)
               +     0.819          net: MIPI_CAMERA_0_mAXI4_SLAVE_WREADY
  7.720                        MIPI_CAMERA_0/VDMA_C0_0/VDMA_C0_0/ddr_axi4_arbiter_vdma_0/genblk1.ddr_axi4_arbiter_native_vdma_0/ddr_rw_arbiter_vdma_0/wr_fifo_ren:B (r)
               +     0.051          cell: ADLIB:CFG2
  7.771                        MIPI_CAMERA_0/VDMA_C0_0/VDMA_C0_0/ddr_axi4_arbiter_vdma_0/genblk1.ddr_axi4_arbiter_native_vdma_0/ddr_rw_arbiter_vdma_0/wr_fifo_ren:Y (r)
               +     0.449          net: MIPI_CAMERA_0/VDMA_C0_0/VDMA_C0_0/ddr_axi4_arbiter_vdma_0/genblk1.ddr_axi4_arbiter_native_vdma_0/ddr_rw_arbiter_vdma_0/wr_fifo_ren_Z
  8.220                        MIPI_CAMERA_0/VDMA_C0_0/VDMA_C0_0/ddr_axi4_arbiter_vdma_0/genblk1.ddr_axi4_arbiter_native_vdma_0/ddr_rw_arbiter_vdma_0/wlast_reg11:B (r)
               +     0.143          cell: ADLIB:CFG2
  8.363                        MIPI_CAMERA_0/VDMA_C0_0/VDMA_C0_0/ddr_axi4_arbiter_vdma_0/genblk1.ddr_axi4_arbiter_native_vdma_0/ddr_rw_arbiter_vdma_0/wlast_reg11:Y (r)
               +     0.147          net: MIPI_CAMERA_0/VDMA_C0_0/VDMA_C0_0/ddr_axi4_arbiter_vdma_0/genblk1.ddr_axi4_arbiter_native_vdma_0/ddr_rw_arbiter_vdma_0/wlast_reg11_Z
  8.510                        MIPI_CAMERA_0/VDMA_C0_0/VDMA_C0_0/ddr_axi4_arbiter_vdma_0/genblk1.ddr_axi4_arbiter_native_vdma_0/ddr_rw_arbiter_vdma_0/un1_wd_trans_Cnt_0_sqmuxa_0:D (r)
               +     0.297          cell: ADLIB:CFG4
  8.807                        MIPI_CAMERA_0/VDMA_C0_0/VDMA_C0_0/ddr_axi4_arbiter_vdma_0/genblk1.ddr_axi4_arbiter_native_vdma_0/ddr_rw_arbiter_vdma_0/un1_wd_trans_Cnt_0_sqmuxa_0:Y (f)
               +     0.141          net: MIPI_CAMERA_0/VDMA_C0_0/VDMA_C0_0/ddr_axi4_arbiter_vdma_0/genblk1.ddr_axi4_arbiter_native_vdma_0/ddr_rw_arbiter_vdma_0/un1_wd_trans_Cnt_0_sqmuxa_0_Z
  8.948                        MIPI_CAMERA_0/VDMA_C0_0/VDMA_C0_0/ddr_axi4_arbiter_vdma_0/genblk1.ddr_axi4_arbiter_native_vdma_0/ddr_rw_arbiter_vdma_0/un1_wd_trans_Cnt_0_sqmuxa_0_RNIRVMCH:D (f)
               +     0.285          cell: ADLIB:CFG4
  9.233                        MIPI_CAMERA_0/VDMA_C0_0/VDMA_C0_0/ddr_axi4_arbiter_vdma_0/genblk1.ddr_axi4_arbiter_native_vdma_0/ddr_rw_arbiter_vdma_0/un1_wd_trans_Cnt_0_sqmuxa_0_RNIRVMCH:Y (r)
               +     0.524          net: MIPI_CAMERA_0/VDMA_C0_0/VDMA_C0_0/ddr_axi4_arbiter_vdma_0/genblk1.ddr_axi4_arbiter_native_vdma_0/ddr_rw_arbiter_vdma_0/un1_wd_trans_Cnt_0_sqmuxa_i
  9.757                        MIPI_CAMERA_0/VDMA_C0_0/VDMA_C0_0/ddr_axi4_arbiter_vdma_0/genblk1.ddr_axi4_arbiter_native_vdma_0/ddr_rw_arbiter_vdma_0/wd_trans_Cnt[6]:EN (r)
                                    
  9.757                        data arrival time
  ________________________________________________________
  Data required time calculation
  8.000                        CLOCKS_AND_RESETS_0/CCC_FIC_x_CLK/PF_CCC_C0_0/pll_inst_0/OUT1
               +     0.000          Clock source
  8.000                        CLOCKS_AND_RESETS_0/CCC_FIC_x_CLK/PF_CCC_C0_0/pll_inst_0:OUT1 (r)
               +     3.744          Clock generation
  11.744                       
               +     0.231          net: CLOCKS_AND_RESETS_0/CCC_FIC_x_CLK/PF_CCC_C0_0/pll_inst_0_clkint_4
  11.975                       CLOCKS_AND_RESETS_0/CCC_FIC_x_CLK/PF_CCC_C0_0/clkint_4_1:A (r)
               +     0.202          cell: ADLIB:ICB_CLKINT
  12.177                       CLOCKS_AND_RESETS_0/CCC_FIC_x_CLK/PF_CCC_C0_0/clkint_4_1:Y (r)
               +     0.110          net: CLOCKS_AND_RESETS_0/CCC_FIC_x_CLK/PF_CCC_C0_0/clkint_4_NET
  12.287                       CLOCKS_AND_RESETS_0/CCC_FIC_x_CLK/PF_CCC_C0_0/clkint_4:A (r)
               +     0.149          cell: ADLIB:GB
  12.436                       CLOCKS_AND_RESETS_0/CCC_FIC_x_CLK/PF_CCC_C0_0/clkint_4:Y (r)
               +     0.353          net: CLOCKS_AND_RESETS_0/CCC_FIC_x_CLK/PF_CCC_C0_0/clkint_4/U0_Y
  12.789                       CLOCKS_AND_RESETS_0/CCC_FIC_x_CLK/PF_CCC_C0_0/clkint_4/U0_RGB1:A (r)
               +     0.052          cell: ADLIB:RGB
  12.841                       CLOCKS_AND_RESETS_0/CCC_FIC_x_CLK/PF_CCC_C0_0/clkint_4/U0_RGB1:Y (f)
               +     0.381          net: CLOCKS_AND_RESETS_0_FIC_1_CLK
  13.222                       MIPI_CAMERA_0/VDMA_C0_0/VDMA_C0_0/ddr_axi4_arbiter_vdma_0/genblk1.ddr_axi4_arbiter_native_vdma_0/ddr_rw_arbiter_vdma_0/wd_trans_Cnt[6]:CLK (r)
               +     0.546          
  13.768                       clock reconvergence pessimism
               -     0.135          
  13.633                       clock jitter
               -     0.127          Library setup time: ADLIB:SLE
  13.506                       MIPI_CAMERA_0/VDMA_C0_0/VDMA_C0_0/ddr_axi4_arbiter_vdma_0/genblk1.ddr_axi4_arbiter_native_vdma_0/ddr_rw_arbiter_vdma_0/wd_trans_Cnt[6]:EN
                                    
  13.506                       data required time


Operating Conditions : slow_lv_lt

END SET Register to Register

----------------------------------------------------

SET External Setup

No Path 

END SET External Setup

----------------------------------------------------

SET Clock to Output

No Path 

END SET Clock to Output

----------------------------------------------------

SET Register to Asynchronous

Path 1
  From: MIPI_CAMERA_0/VDMA_C0_0/VDMA_C0_0/dma_top_0/vdma_ip_reset_0/synchronizer_circuit_2stage_ddr_clk/sync_out_o:CLK
  To:   MIPI_CAMERA_0/VDMA_C0_0/VDMA_C0_0/dma_top_0/vdma_write_0/ddr_write_vdma/ddr_write_controller_vdma_0/write_start_addr_o_1[33]:ALn
  Delay (ns):              1.127
  Slack (ns):              6.441
  Arrival (ns):            7.157
  Required (ns):          13.598
  Recovery (ns):           0.196
  Minimum Period (ns):     1.424
  Skew (ns):               0.101
  Operating Conditions: slow_lv_ht

Path 2
  From: MIPI_CAMERA_0/VDMA_C0_0/VDMA_C0_0/dma_top_0/vdma_ip_reset_0/synchronizer_circuit_2stage_ddr_clk/sync_out_o:CLK
  To:   MIPI_CAMERA_0/VDMA_C0_0/VDMA_C0_0/dma_top_0/vdma_write_0/ddr_write_vdma/ddr_write_controller_vdma_0/write_start_addr_o_1[27]:ALn
  Delay (ns):              1.128
  Slack (ns):              6.441
  Arrival (ns):            7.158
  Required (ns):          13.599
  Recovery (ns):           0.196
  Minimum Period (ns):     1.424
  Skew (ns):               0.100
  Operating Conditions: slow_lv_ht

Path 3
  From: MIPI_CAMERA_0/VDMA_C0_0/VDMA_C0_0/dma_top_0/vdma_ip_reset_0/synchronizer_circuit_2stage_ddr_clk/sync_out_o:CLK
  To:   MIPI_CAMERA_0/VDMA_C0_0/VDMA_C0_0/dma_top_0/vdma_write_0/ddr_write_vdma/ddr_write_controller_vdma_0/write_start_addr_o_1[30]:ALn
  Delay (ns):              1.127
  Slack (ns):              6.442
  Arrival (ns):            7.157
  Required (ns):          13.599
  Recovery (ns):           0.196
  Minimum Period (ns):     1.423
  Skew (ns):               0.100
  Operating Conditions: slow_lv_ht

Path 4
  From: MIPI_CAMERA_0/VDMA_C0_0/VDMA_C0_0/dma_top_0/vdma_ip_reset_0/synchronizer_circuit_2stage_ddr_clk/sync_out_o:CLK
  To:   MIPI_CAMERA_0/VDMA_C0_0/VDMA_C0_0/dma_top_0/vdma_write_0/ddr_write_vdma/ddr_write_controller_vdma_0/write_start_addr_o_1[29]:ALn
  Delay (ns):              1.127
  Slack (ns):              6.442
  Arrival (ns):            7.157
  Required (ns):          13.599
  Recovery (ns):           0.196
  Minimum Period (ns):     1.423
  Skew (ns):               0.100
  Operating Conditions: slow_lv_ht

Path 5
  From: MIPI_CAMERA_0/VDMA_C0_0/VDMA_C0_0/dma_top_0/vdma_ip_reset_0/synchronizer_circuit_2stage_ddr_clk/sync_out_o:CLK
  To:   MIPI_CAMERA_0/VDMA_C0_0/VDMA_C0_0/dma_top_0/vdma_write_0/ddr_write_vdma/ddr_write_controller_vdma_0/write_start_addr_o_1[28]:ALn
  Delay (ns):              1.128
  Slack (ns):              6.442
  Arrival (ns):            7.158
  Required (ns):          13.600
  Recovery (ns):           0.196
  Minimum Period (ns):     1.423
  Skew (ns):               0.099
  Operating Conditions: slow_lv_ht


Expanded Path 1
  From: MIPI_CAMERA_0/VDMA_C0_0/VDMA_C0_0/dma_top_0/vdma_ip_reset_0/synchronizer_circuit_2stage_ddr_clk/sync_out_o:CLK
  To: MIPI_CAMERA_0/VDMA_C0_0/VDMA_C0_0/dma_top_0/vdma_write_0/ddr_write_vdma/ddr_write_controller_vdma_0/write_start_addr_o_1[33]:ALn
  data required time                                 13.598
  data arrival time                          -        7.157
  slack                                               6.441
  ________________________________________________________
  Data arrival time calculation
  0.000                        CLOCKS_AND_RESETS_0/CCC_FIC_x_CLK/PF_CCC_C0_0/pll_inst_0/OUT1
               +     0.000          Clock source
  0.000                        CLOCKS_AND_RESETS_0/CCC_FIC_x_CLK/PF_CCC_C0_0/pll_inst_0:OUT1 (r)
               +     4.311          Clock generation
  4.311                        
               +     0.256          net: CLOCKS_AND_RESETS_0/CCC_FIC_x_CLK/PF_CCC_C0_0/pll_inst_0_clkint_4
  4.567                        CLOCKS_AND_RESETS_0/CCC_FIC_x_CLK/PF_CCC_C0_0/clkint_4_1:A (r)
               +     0.234          cell: ADLIB:ICB_CLKINT
  4.801                        CLOCKS_AND_RESETS_0/CCC_FIC_x_CLK/PF_CCC_C0_0/clkint_4_1:Y (r)
               +     0.144          net: CLOCKS_AND_RESETS_0/CCC_FIC_x_CLK/PF_CCC_C0_0/clkint_4_NET
  4.945                        CLOCKS_AND_RESETS_0/CCC_FIC_x_CLK/PF_CCC_C0_0/clkint_4:A (r)
               +     0.162          cell: ADLIB:GB
  5.107                        CLOCKS_AND_RESETS_0/CCC_FIC_x_CLK/PF_CCC_C0_0/clkint_4:Y (r)
               +     0.413          net: CLOCKS_AND_RESETS_0/CCC_FIC_x_CLK/PF_CCC_C0_0/clkint_4/U0_Y
  5.520                        CLOCKS_AND_RESETS_0/CCC_FIC_x_CLK/PF_CCC_C0_0/clkint_4/U0_RGB1_RGB0:A (r)
               +     0.058          cell: ADLIB:RGB
  5.578                        CLOCKS_AND_RESETS_0/CCC_FIC_x_CLK/PF_CCC_C0_0/clkint_4/U0_RGB1_RGB0:Y (f)
               +     0.452          net: CLOCKS_AND_RESETS_0/CCC_FIC_x_CLK/PF_CCC_C0_0/clkint_4/U0_RGB1_RGB0_rgb_net_1
  6.030                        MIPI_CAMERA_0/VDMA_C0_0/VDMA_C0_0/dma_top_0/vdma_ip_reset_0/synchronizer_circuit_2stage_ddr_clk/sync_out_o:CLK (r)
               +     0.201          cell: ADLIB:SLE
  6.231                        MIPI_CAMERA_0/VDMA_C0_0/VDMA_C0_0/dma_top_0/vdma_ip_reset_0/synchronizer_circuit_2stage_ddr_clk/sync_out_o:Q (r)
               +     0.926          net: MIPI_CAMERA_0/VDMA_C0_0/VDMA_C0_0/dma_top_0/sync_out_o_1
  7.157                        MIPI_CAMERA_0/VDMA_C0_0/VDMA_C0_0/dma_top_0/vdma_write_0/ddr_write_vdma/ddr_write_controller_vdma_0/write_start_addr_o_1[33]:ALn (r)
                                    
  7.157                        data arrival time
  ________________________________________________________
  Data required time calculation
  8.000                        CLOCKS_AND_RESETS_0/CCC_FIC_x_CLK/PF_CCC_C0_0/pll_inst_0/OUT1
               +     0.000          Clock source
  8.000                        CLOCKS_AND_RESETS_0/CCC_FIC_x_CLK/PF_CCC_C0_0/pll_inst_0:OUT1 (r)
               +     3.892          Clock generation
  11.892                       
               +     0.233          net: CLOCKS_AND_RESETS_0/CCC_FIC_x_CLK/PF_CCC_C0_0/pll_inst_0_clkint_4
  12.125                       CLOCKS_AND_RESETS_0/CCC_FIC_x_CLK/PF_CCC_C0_0/clkint_4_1:A (r)
               +     0.203          cell: ADLIB:ICB_CLKINT
  12.328                       CLOCKS_AND_RESETS_0/CCC_FIC_x_CLK/PF_CCC_C0_0/clkint_4_1:Y (r)
               +     0.132          net: CLOCKS_AND_RESETS_0/CCC_FIC_x_CLK/PF_CCC_C0_0/clkint_4_NET
  12.460                       CLOCKS_AND_RESETS_0/CCC_FIC_x_CLK/PF_CCC_C0_0/clkint_4:A (r)
               +     0.147          cell: ADLIB:GB
  12.607                       CLOCKS_AND_RESETS_0/CCC_FIC_x_CLK/PF_CCC_C0_0/clkint_4:Y (r)
               +     0.376          net: CLOCKS_AND_RESETS_0/CCC_FIC_x_CLK/PF_CCC_C0_0/clkint_4/U0_Y
  12.983                       CLOCKS_AND_RESETS_0/CCC_FIC_x_CLK/PF_CCC_C0_0/clkint_4/U0_RGB1:A (r)
               +     0.052          cell: ADLIB:RGB
  13.035                       CLOCKS_AND_RESETS_0/CCC_FIC_x_CLK/PF_CCC_C0_0/clkint_4/U0_RGB1:Y (f)
               +     0.391          net: CLOCKS_AND_RESETS_0_FIC_1_CLK
  13.426                       MIPI_CAMERA_0/VDMA_C0_0/VDMA_C0_0/dma_top_0/vdma_write_0/ddr_write_vdma/ddr_write_controller_vdma_0/write_start_addr_o_1[33]:CLK (r)
               +     0.503          
  13.929                       clock reconvergence pessimism
               -     0.135          
  13.794                       clock jitter
               -     0.196          Library recovery time: ADLIB:SLE
  13.598                       MIPI_CAMERA_0/VDMA_C0_0/VDMA_C0_0/dma_top_0/vdma_write_0/ddr_write_vdma/ddr_write_controller_vdma_0/write_start_addr_o_1[33]:ALn
                                    
  13.598                       data required time


Operating Conditions : slow_lv_ht

END SET Register to Asynchronous

----------------------------------------------------

SET External Recovery

No Path 

END SET External Recovery

----------------------------------------------------

SET Asynchronous to Register

No Path 

END SET Asynchronous to Register

----------------------------------------------------

SET CLOCKS_AND_RESETS_0/CCC_FIC_x_CLK/PF_CCC_C0_0/pll_inst_0/OUT0 to CLOCKS_AND_RESETS_0/CCC_FIC_x_CLK/PF_CCC_C0_0/pll_inst_0/OUT1

Path 1
  From: CLOCKS_AND_RESETS_0/RESET_FIC_0_CLK/CORERESET_0/dff_15[0]:CLK
  To:   MIPI_CAMERA_0/VDMA_C0_0/VDMA_C0_0/dma_top_0/vdma_write_0/ddr_write_vdma/ddr_write_controller_vdma_0/write_start_addr_o_1[36]:EN
  Delay (ns):              3.519
  Slack (ns):              2.449
  Arrival (ns):           11.120
  Required (ns):          13.569
  Setup (ns):              0.128
  Operating Conditions: slow_lv_ht

Path 2
  From: CLOCKS_AND_RESETS_0/RESET_FIC_0_CLK/CORERESET_0/dff_15[0]:CLK
  To:   MIPI_CAMERA_0/VDMA_C0_0/VDMA_C0_0/dma_top_0/vdma_write_0/ddr_write_vdma/ddr_write_controller_vdma_0/write_start_addr_o_1[34]:EN
  Delay (ns):              3.519
  Slack (ns):              2.449
  Arrival (ns):           11.120
  Required (ns):          13.569
  Setup (ns):              0.128
  Operating Conditions: slow_lv_ht

Path 3
  From: CLOCKS_AND_RESETS_0/RESET_FIC_0_CLK/CORERESET_0/dff_15[0]:CLK
  To:   MIPI_CAMERA_0/VDMA_C0_0/VDMA_C0_0/dma_top_0/vdma_write_0/ddr_write_vdma/ddr_write_controller_vdma_0/write_start_addr_o_1[33]:EN
  Delay (ns):              3.518
  Slack (ns):              2.449
  Arrival (ns):           11.119
  Required (ns):          13.568
  Setup (ns):              0.128
  Operating Conditions: slow_lv_ht

Path 4
  From: CLOCKS_AND_RESETS_0/RESET_FIC_0_CLK/CORERESET_0/dff_15[0]:CLK
  To:   MIPI_CAMERA_0/VDMA_C0_0/VDMA_C0_0/dma_top_0/vdma_write_0/ddr_write_vdma/ddr_write_controller_vdma_0/write_start_addr_o_1[32]:EN
  Delay (ns):              3.519
  Slack (ns):              2.449
  Arrival (ns):           11.120
  Required (ns):          13.569
  Setup (ns):              0.128
  Operating Conditions: slow_lv_ht

Path 5
  From: CLOCKS_AND_RESETS_0/RESET_FIC_0_CLK/CORERESET_0/dff_15[0]:CLK
  To:   MIPI_CAMERA_0/VDMA_C0_0/VDMA_C0_0/dma_top_0/vdma_write_0/ddr_write_vdma/ddr_write_controller_vdma_0/write_start_addr_o_1[30]:EN
  Delay (ns):              3.519
  Slack (ns):              2.449
  Arrival (ns):           11.120
  Required (ns):          13.569
  Setup (ns):              0.128
  Operating Conditions: slow_lv_ht


Expanded Path 1
  From: CLOCKS_AND_RESETS_0/RESET_FIC_0_CLK/CORERESET_0/dff_15[0]:CLK
  To: MIPI_CAMERA_0/VDMA_C0_0/VDMA_C0_0/dma_top_0/vdma_write_0/ddr_write_vdma/ddr_write_controller_vdma_0/write_start_addr_o_1[36]:EN
  data required time                                 13.569
  data arrival time                          -       11.120
  slack                                               2.449
  ________________________________________________________
  Data arrival time calculation
  0.000                        CLOCKS_AND_RESETS_0/CCC_FIC_x_CLK/PF_CCC_C0_0/pll_inst_0/OUT0
               +     0.000          Clock source
  0.000                        CLOCKS_AND_RESETS_0/CCC_FIC_x_CLK/PF_CCC_C0_0/pll_inst_0:OUT0 (r)
               +     4.312          Clock generation
  4.312                        
               +     1.709          net: CLOCKS_AND_RESETS_0/CCC_FIC_x_CLK/PF_CCC_C0_0/pll_inst_0_clkint_0
  6.021                        CLOCKS_AND_RESETS_0/CCC_FIC_x_CLK/PF_CCC_C0_0/clkint_0_1:A (r)
               +     0.150          cell: ADLIB:ICB_CLKINT
  6.171                        CLOCKS_AND_RESETS_0/CCC_FIC_x_CLK/PF_CCC_C0_0/clkint_0_1:Y (r)
               +     0.386          net: CLOCKS_AND_RESETS_0/CCC_FIC_x_CLK/PF_CCC_C0_0/clkint_0_NET
  6.557                        CLOCKS_AND_RESETS_0/CCC_FIC_x_CLK/PF_CCC_C0_0/clkint_0:A (r)
               +     0.161          cell: ADLIB:GB
  6.718                        CLOCKS_AND_RESETS_0/CCC_FIC_x_CLK/PF_CCC_C0_0/clkint_0:Y (r)
               +     0.387          net: CLOCKS_AND_RESETS_0/CCC_FIC_x_CLK/PF_CCC_C0_0/clkint_0/U0_Y
  7.105                        CLOCKS_AND_RESETS_0/CCC_FIC_x_CLK/PF_CCC_C0_0/clkint_0/U0_RGB1_RGB18:A (r)
               +     0.058          cell: ADLIB:RGB
  7.163                        CLOCKS_AND_RESETS_0/CCC_FIC_x_CLK/PF_CCC_C0_0/clkint_0/U0_RGB1_RGB18:Y (f)
               +     0.438          net: CLOCKS_AND_RESETS_0/CCC_FIC_x_CLK/PF_CCC_C0_0/clkint_0/U0_RGB1_RGB18_rgb_net_1
  7.601                        CLOCKS_AND_RESETS_0/RESET_FIC_0_CLK/CORERESET_0/dff_15[0]:CLK (r)
               +     0.201          cell: ADLIB:SLE
  7.802                        CLOCKS_AND_RESETS_0/RESET_FIC_0_CLK/CORERESET_0/dff_15[0]:Q (r)
               +     2.211          net: CLOCKS_AND_RESETS_0_RESET_FIC_0_CLK_CORERESET_0_dff
  10.013                       MIPI_CAMERA_0/VDMA_C0_0/VDMA_C0_0/ddr_axi4_arbiter_vdma_0/genblk1.ddr_axi4_arbiter_native_vdma_0/write_top_vdma_0/write_demux_vdma_0/w0_done_o:B (r)
               +     0.078          cell: ADLIB:CFG3
  10.091                       MIPI_CAMERA_0/VDMA_C0_0/VDMA_C0_0/ddr_axi4_arbiter_vdma_0/genblk1.ddr_axi4_arbiter_native_vdma_0/write_top_vdma_0/write_demux_vdma_0/w0_done_o:Y (r)
               +     0.160          net: MIPI_CAMERA_0/VDMA_C0_0/VDMA_C0_0/DDR_AXI4_ARBITER_PF_0_w0_done_o
  10.251                       MIPI_CAMERA_0/VDMA_C0_0/VDMA_C0_0/dma_top_0/vdma_write_0/ddr_write_vdma/ddr_write_controller_vdma_0/un1_s_clr_eof_reg_0_sqmuxa:C (r)
               +     0.078          cell: ADLIB:CFG4
  10.329                       MIPI_CAMERA_0/VDMA_C0_0/VDMA_C0_0/dma_top_0/vdma_write_0/ddr_write_vdma/ddr_write_controller_vdma_0/un1_s_clr_eof_reg_0_sqmuxa:Y (r)
               +     0.791          net: MIPI_CAMERA_0/VDMA_C0_0/VDMA_C0_0/dma_top_0/vdma_write_0/ddr_write_vdma/ddr_write_controller_vdma_0/un1_s_clr_eof_reg_0_sqmuxa_Z
  11.120                       MIPI_CAMERA_0/VDMA_C0_0/VDMA_C0_0/dma_top_0/vdma_write_0/ddr_write_vdma/ddr_write_controller_vdma_0/write_start_addr_o_1[36]:EN (r)
                                    
  11.120                       data arrival time
  ________________________________________________________
  Data required time calculation
  8.000                        CLOCKS_AND_RESETS_0/CCC_FIC_x_CLK/PF_CCC_C0_0/pll_inst_0/OUT1
               +     0.000          Clock source
  8.000                        CLOCKS_AND_RESETS_0/CCC_FIC_x_CLK/PF_CCC_C0_0/pll_inst_0:OUT1 (r)
               +     3.892          Clock generation
  11.892                       
               +     0.233          net: CLOCKS_AND_RESETS_0/CCC_FIC_x_CLK/PF_CCC_C0_0/pll_inst_0_clkint_4
  12.125                       CLOCKS_AND_RESETS_0/CCC_FIC_x_CLK/PF_CCC_C0_0/clkint_4_1:A (r)
               +     0.203          cell: ADLIB:ICB_CLKINT
  12.328                       CLOCKS_AND_RESETS_0/CCC_FIC_x_CLK/PF_CCC_C0_0/clkint_4_1:Y (r)
               +     0.132          net: CLOCKS_AND_RESETS_0/CCC_FIC_x_CLK/PF_CCC_C0_0/clkint_4_NET
  12.460                       CLOCKS_AND_RESETS_0/CCC_FIC_x_CLK/PF_CCC_C0_0/clkint_4:A (r)
               +     0.147          cell: ADLIB:GB
  12.607                       CLOCKS_AND_RESETS_0/CCC_FIC_x_CLK/PF_CCC_C0_0/clkint_4:Y (r)
               +     0.376          net: CLOCKS_AND_RESETS_0/CCC_FIC_x_CLK/PF_CCC_C0_0/clkint_4/U0_Y
  12.983                       CLOCKS_AND_RESETS_0/CCC_FIC_x_CLK/PF_CCC_C0_0/clkint_4/U0_RGB1:A (r)
               +     0.052          cell: ADLIB:RGB
  13.035                       CLOCKS_AND_RESETS_0/CCC_FIC_x_CLK/PF_CCC_C0_0/clkint_4/U0_RGB1:Y (f)
               +     0.392          net: CLOCKS_AND_RESETS_0_FIC_1_CLK
  13.427                       MIPI_CAMERA_0/VDMA_C0_0/VDMA_C0_0/dma_top_0/vdma_write_0/ddr_write_vdma/ddr_write_controller_vdma_0/write_start_addr_o_1[36]:CLK (r)
               +     0.405          
  13.832                       clock reconvergence pessimism
               -     0.135          
  13.697                       clock jitter
               -     0.128          Library setup time: ADLIB:SLE
  13.569                       MIPI_CAMERA_0/VDMA_C0_0/VDMA_C0_0/dma_top_0/vdma_write_0/ddr_write_vdma/ddr_write_controller_vdma_0/write_start_addr_o_1[36]:EN
                                    
  13.569                       data required time


Operating Conditions : slow_lv_ht

END SET CLOCKS_AND_RESETS_0/CCC_FIC_x_CLK/PF_CCC_C0_0/pll_inst_0/OUT0 to CLOCKS_AND_RESETS_0/CCC_FIC_x_CLK/PF_CCC_C0_0/pll_inst_0/OUT1

----------------------------------------------------

SET MIPI_CAMERA_0/PF_CCC_C1_0/PF_CCC_C1_0/pll_inst_0/OUT0 to CLOCKS_AND_RESETS_0/CCC_FIC_x_CLK/PF_CCC_C0_0/pll_inst_0/OUT1

Path 1
  From: MIPI_CAMERA_0/VDMA_C0_0/VDMA_C0_0/dma_top_0/vdma_write_0/buff_addr_fifo/RAM2PORT_ASYNC_FIFO_INST/ram_ram_0_0/INST_RAM1K20_IP:A_CLK
  To:   MIPI_CAMERA_0/VDMA_C0_0/VDMA_C0_0/dma_top_0/vdma_write_0/ddr_write_vdma/ddr_write_controller_vdma_0/write_start_addr_o_1[37]:D
  Delay (ns):              1.851
  Slack (ns):              0.206
  Arrival (ns):            9.086
  Required (ns):           9.292
  Setup (ns):              0.000
  Operating Conditions: slow_lv_ht

Path 2
  From: MIPI_CAMERA_0/VDMA_C0_0/VDMA_C0_0/dma_top_0/vdma_write_0/buff_addr_fifo/RAM2PORT_ASYNC_FIFO_INST/ram_ram_0_0/INST_RAM1K20_IP:A_CLK
  To:   MIPI_CAMERA_0/VDMA_C0_0/VDMA_C0_0/dma_top_0/vdma_write_0/ddr_write_vdma/ddr_write_controller_vdma_0/write_start_addr_o_1[35]:D
  Delay (ns):              1.851
  Slack (ns):              0.206
  Arrival (ns):            9.086
  Required (ns):           9.292
  Setup (ns):              0.000
  Operating Conditions: slow_lv_ht

Path 3
  From: MIPI_CAMERA_0/VDMA_C0_0/VDMA_C0_0/dma_top_0/vdma_write_0/buff_addr_fifo/RAM2PORT_ASYNC_FIFO_INST/ram_ram_0_0/INST_RAM1K20_IP:A_CLK
  To:   MIPI_CAMERA_0/VDMA_C0_0/VDMA_C0_0/dma_top_0/vdma_write_0/ddr_write_vdma/ddr_write_controller_vdma_0/write_start_addr_o_1[32]:D
  Delay (ns):              1.836
  Slack (ns):              0.221
  Arrival (ns):            9.071
  Required (ns):           9.292
  Setup (ns):              0.000
  Operating Conditions: slow_lv_ht

Path 4
  From: MIPI_CAMERA_0/VDMA_C0_0/VDMA_C0_0/dma_top_0/vdma_write_0/buff_addr_fifo/RAM2PORT_ASYNC_FIFO_INST/ram_ram_0_0/INST_RAM1K20_IP:A_CLK
  To:   MIPI_CAMERA_0/VDMA_C0_0/VDMA_C0_0/dma_top_0/vdma_write_0/ddr_write_vdma/ddr_write_controller_vdma_0/write_start_addr_o_1[34]:D
  Delay (ns):              1.826
  Slack (ns):              0.231
  Arrival (ns):            9.061
  Required (ns):           9.292
  Setup (ns):              0.000
  Operating Conditions: slow_lv_ht

Path 5
  From: MIPI_CAMERA_0/VDMA_C0_0/VDMA_C0_0/dma_top_0/vdma_write_0/buff_addr_fifo/RAM2PORT_ASYNC_FIFO_INST/ram_ram_0_0/INST_RAM1K20_IP:A_CLK
  To:   MIPI_CAMERA_0/VDMA_C0_0/VDMA_C0_0/dma_top_0/vdma_write_0/ddr_write_vdma/ddr_write_controller_vdma_0/write_start_addr_o_1[29]:D
  Delay (ns):              1.807
  Slack (ns):              0.250
  Arrival (ns):            9.042
  Required (ns):           9.292
  Setup (ns):              0.000
  Operating Conditions: slow_lv_ht


Expanded Path 1
  From: MIPI_CAMERA_0/VDMA_C0_0/VDMA_C0_0/dma_top_0/vdma_write_0/buff_addr_fifo/RAM2PORT_ASYNC_FIFO_INST/ram_ram_0_0/INST_RAM1K20_IP:A_CLK
  To: MIPI_CAMERA_0/VDMA_C0_0/VDMA_C0_0/dma_top_0/vdma_write_0/ddr_write_vdma/ddr_write_controller_vdma_0/write_start_addr_o_1[37]:D
  data required time                                  9.292
  data arrival time                          -        9.086
  slack                                               0.206
  ________________________________________________________
  Data arrival time calculation
  0.000                        MIPI_CAMERA_0/PF_CCC_C1_0/PF_CCC_C1_0/pll_inst_0/OUT0
               +     0.000          Clock source
  0.000                        MIPI_CAMERA_0/PF_CCC_C1_0/PF_CCC_C1_0/pll_inst_0:OUT0 (r)
               +     5.275          Clock generation
  5.275                        
               +     0.281          net: MIPI_CAMERA_0/PF_CCC_C1_0/PF_CCC_C1_0/pll_inst_0_clkint_0
  5.556                        MIPI_CAMERA_0/PF_CCC_C1_0/PF_CCC_C1_0/clkint_0_1:A (r)
               +     0.243          cell: ADLIB:ICB_CLKINT
  5.799                        MIPI_CAMERA_0/PF_CCC_C1_0/PF_CCC_C1_0/clkint_0_1:Y (r)
               +     0.150          net: MIPI_CAMERA_0/PF_CCC_C1_0/PF_CCC_C1_0/clkint_0_NET
  5.949                        MIPI_CAMERA_0/PF_CCC_C1_0/PF_CCC_C1_0/clkint_0:A (r)
               +     0.164          cell: ADLIB:GB
  6.113                        MIPI_CAMERA_0/PF_CCC_C1_0/PF_CCC_C1_0/clkint_0:Y (r)
               +     0.419          net: MIPI_CAMERA_0/PF_CCC_C1_0/PF_CCC_C1_0/clkint_0/U0_Y
  6.532                        MIPI_CAMERA_0/PF_CCC_C1_0/PF_CCC_C1_0/clkint_0/U0_RGB1:A (r)
               +     0.058          cell: ADLIB:RGB
  6.590                        MIPI_CAMERA_0/PF_CCC_C1_0/PF_CCC_C1_0/clkint_0/U0_RGB1:Y (f)
               +     0.645          net: MIPI_CAMERA_0/PF_CCC_C1_0_OUT0_FABCLK_0
  7.235                        MIPI_CAMERA_0/VDMA_C0_0/VDMA_C0_0/dma_top_0/vdma_write_0/buff_addr_fifo/RAM2PORT_ASYNC_FIFO_INST/ram_ram_0_0/INST_RAM1K20_IP:A_CLK (r)
               +     0.531          cell: ADLIB:RAM1K20_IP
  7.766                        MIPI_CAMERA_0/VDMA_C0_0/VDMA_C0_0/dma_top_0/vdma_write_0/buff_addr_fifo/RAM2PORT_ASYNC_FIFO_INST/ram_ram_0_0/INST_RAM1K20_IP:B_DOUT[3] (r)
               +     0.463          net: MIPI_CAMERA_0/VDMA_C0_0/VDMA_C0_0/dma_top_0/vdma_write_0/w_ddr_wr_addr[3]
  8.229                        MIPI_CAMERA_0/VDMA_C0_0/VDMA_C0_0/dma_top_0/vdma_write_0/ddr_write_vdma/ddr_write_controller_vdma_0/write_start_addr_o_6_cry_6_0:D (r)
               +     0.179          cell: ADLIB:ARI1_CC
  8.408                        MIPI_CAMERA_0/VDMA_C0_0/VDMA_C0_0/dma_top_0/vdma_write_0/ddr_write_vdma/ddr_write_controller_vdma_0/write_start_addr_o_6_cry_6_0:Y3A (r)
               +     0.012          net: NET_CC_CONFIG15514
  8.420                        MIPI_CAMERA_0/VDMA_C0_0/VDMA_C0_0/dma_top_0/vdma_write_0/ddr_write_vdma/ddr_write_controller_vdma_0/write_start_addr_o_6_cry_0_0_CC_0:Y3A[6] (r)
               +     0.279          cell: ADLIB:CC_CONFIG
  8.699                        MIPI_CAMERA_0/VDMA_C0_0/VDMA_C0_0/dma_top_0/vdma_write_0/ddr_write_vdma/ddr_write_controller_vdma_0/write_start_addr_o_6_cry_0_0_CC_0:CO (r)
               +     0.008          net: CI_TO_CO15486
  8.707                        MIPI_CAMERA_0/VDMA_C0_0/VDMA_C0_0/dma_top_0/vdma_write_0/ddr_write_vdma/ddr_write_controller_vdma_0/write_start_addr_o_6_cry_0_0_CC_1:CI (r)
               +     0.104          cell: ADLIB:CC_CONFIG
  8.811                        MIPI_CAMERA_0/VDMA_C0_0/VDMA_C0_0/dma_top_0/vdma_write_0/ddr_write_vdma/ddr_write_controller_vdma_0/write_start_addr_o_6_cry_0_0_CC_1:CO (r)
               +     0.008          net: CI_TO_CO15487
  8.819                        MIPI_CAMERA_0/VDMA_C0_0/VDMA_C0_0/dma_top_0/vdma_write_0/ddr_write_vdma/ddr_write_controller_vdma_0/write_start_addr_o_6_cry_0_0_CC_2:CI (r)
               +     0.194          cell: ADLIB:CC_CONFIG
  9.013                        MIPI_CAMERA_0/VDMA_C0_0/VDMA_C0_0/dma_top_0/vdma_write_0/ddr_write_vdma/ddr_write_controller_vdma_0/write_start_addr_o_6_cry_0_0_CC_2:CC[10] (f)
               +     0.000          net: NET_CC_CONFIG15627
  9.013                        MIPI_CAMERA_0/VDMA_C0_0/VDMA_C0_0/dma_top_0/vdma_write_0/ddr_write_vdma/ddr_write_controller_vdma_0/write_start_addr_o_6_s_34:CC (f)
               +     0.050          cell: ADLIB:ARI1_CC
  9.063                        MIPI_CAMERA_0/VDMA_C0_0/VDMA_C0_0/dma_top_0/vdma_write_0/ddr_write_vdma/ddr_write_controller_vdma_0/write_start_addr_o_6_s_34:S (f)
               +     0.023          net: MIPI_CAMERA_0/VDMA_C0_0/VDMA_C0_0/dma_top_0/vdma_write_0/ddr_write_vdma/ddr_write_controller_vdma_0/write_start_addr_o_6[37]
  9.086                        MIPI_CAMERA_0/VDMA_C0_0/VDMA_C0_0/dma_top_0/vdma_write_0/ddr_write_vdma/ddr_write_controller_vdma_0/write_start_addr_o_1[37]:D (f)
                                    
  9.086                        data arrival time
  ________________________________________________________
  Data required time calculation
  4.000                        CLOCKS_AND_RESETS_0/CCC_FIC_x_CLK/PF_CCC_C0_0/pll_inst_0/OUT1
               +     0.000          Clock source
  4.000                        CLOCKS_AND_RESETS_0/CCC_FIC_x_CLK/PF_CCC_C0_0/pll_inst_0:OUT1 (r)
               +     3.892          Clock generation
  7.892                        
               +     0.233          net: CLOCKS_AND_RESETS_0/CCC_FIC_x_CLK/PF_CCC_C0_0/pll_inst_0_clkint_4
  8.125                        CLOCKS_AND_RESETS_0/CCC_FIC_x_CLK/PF_CCC_C0_0/clkint_4_1:A (r)
               +     0.203          cell: ADLIB:ICB_CLKINT
  8.328                        CLOCKS_AND_RESETS_0/CCC_FIC_x_CLK/PF_CCC_C0_0/clkint_4_1:Y (r)
               +     0.132          net: CLOCKS_AND_RESETS_0/CCC_FIC_x_CLK/PF_CCC_C0_0/clkint_4_NET
  8.460                        CLOCKS_AND_RESETS_0/CCC_FIC_x_CLK/PF_CCC_C0_0/clkint_4:A (r)
               +     0.147          cell: ADLIB:GB
  8.607                        CLOCKS_AND_RESETS_0/CCC_FIC_x_CLK/PF_CCC_C0_0/clkint_4:Y (r)
               +     0.376          net: CLOCKS_AND_RESETS_0/CCC_FIC_x_CLK/PF_CCC_C0_0/clkint_4/U0_Y
  8.983                        CLOCKS_AND_RESETS_0/CCC_FIC_x_CLK/PF_CCC_C0_0/clkint_4/U0_RGB1:A (r)
               +     0.052          cell: ADLIB:RGB
  9.035                        CLOCKS_AND_RESETS_0/CCC_FIC_x_CLK/PF_CCC_C0_0/clkint_4/U0_RGB1:Y (f)
               +     0.392          net: CLOCKS_AND_RESETS_0_FIC_1_CLK
  9.427                        MIPI_CAMERA_0/VDMA_C0_0/VDMA_C0_0/dma_top_0/vdma_write_0/ddr_write_vdma/ddr_write_controller_vdma_0/write_start_addr_o_1[37]:CLK (r)
               -     0.135          
  9.292                        clock jitter
               -     0.000          Library setup time: ADLIB:SLE
  9.292                        MIPI_CAMERA_0/VDMA_C0_0/VDMA_C0_0/dma_top_0/vdma_write_0/ddr_write_vdma/ddr_write_controller_vdma_0/write_start_addr_o_1[37]:D
                                    
  9.292                        data required time


Operating Conditions : slow_lv_ht

END SET MIPI_CAMERA_0/PF_CCC_C1_0/PF_CCC_C1_0/pll_inst_0/OUT0 to CLOCKS_AND_RESETS_0/CCC_FIC_x_CLK/PF_CCC_C0_0/pll_inst_0/OUT1

----------------------------------------------------

Clock Domain CLOCKS_AND_RESETS_0/CCC_FIC_x_CLK/PF_CCC_C0_0/pll_inst_0/OUT3

SET Register to Register

Path 1
  From: MSS_WRAPPER_0/MPFS_DISCOVERY_KIT_MSS_0/I_MSS:FIC_3_PCLK
  To:   MSS_WRAPPER_0/MPFS_DISCOVERY_KIT_MSS_0/I_MSS:FIC_3_APB_M_PRDATA[4]
  Delay (ns):              7.451
  Slack (ns):              2.518
  Arrival (ns):           14.478
  Required (ns):          16.996
  Setup (ns):             -0.144
  Minimum Period (ns):    14.694
  Operating Conditions: slow_lv_ht

Path 2
  From: MSS_WRAPPER_0/MPFS_DISCOVERY_KIT_MSS_0/I_MSS:FIC_3_PCLK
  To:   MSS_WRAPPER_0/MPFS_DISCOVERY_KIT_MSS_0/I_MSS:FIC_3_APB_M_PRDATA[7]
  Delay (ns):              7.272
  Slack (ns):              2.821
  Arrival (ns):           14.299
  Required (ns):          17.120
  Setup (ns):             -0.268
  Minimum Period (ns):    14.088
  Operating Conditions: slow_lv_ht

Path 3
  From: MSS_WRAPPER_0/MPFS_DISCOVERY_KIT_MSS_0/I_MSS:FIC_3_PCLK
  To:   MSS_WRAPPER_0/MPFS_DISCOVERY_KIT_MSS_0/I_MSS:FIC_3_APB_M_PRDATA[6]
  Delay (ns):              7.110
  Slack (ns):              2.997
  Arrival (ns):           14.137
  Required (ns):          17.134
  Setup (ns):             -0.282
  Minimum Period (ns):    13.736
  Operating Conditions: slow_lv_ht

Path 4
  From: MSS_WRAPPER_0/MPFS_DISCOVERY_KIT_MSS_0/I_MSS:FIC_3_PCLK
  To:   MSS_WRAPPER_0/MPFS_DISCOVERY_KIT_MSS_0/I_MSS:FIC_3_APB_M_PRDATA[3]
  Delay (ns):              6.956
  Slack (ns):              3.018
  Arrival (ns):           13.983
  Required (ns):          17.001
  Setup (ns):             -0.149
  Minimum Period (ns):    13.694
  Operating Conditions: slow_lv_ht

Path 5
  From: MSS_WRAPPER_0/MPFS_DISCOVERY_KIT_MSS_0/I_MSS:FIC_3_PCLK
  To:   MSS_WRAPPER_0/MPFS_DISCOVERY_KIT_MSS_0/I_MSS:FIC_3_APB_M_PRDATA[5]
  Delay (ns):              6.986
  Slack (ns):              3.056
  Arrival (ns):           14.013
  Required (ns):          17.069
  Setup (ns):             -0.217
  Minimum Period (ns):    13.618
  Operating Conditions: slow_lv_ht


Expanded Path 1
  From: MSS_WRAPPER_0/MPFS_DISCOVERY_KIT_MSS_0/I_MSS:FIC_3_PCLK
  To: MSS_WRAPPER_0/MPFS_DISCOVERY_KIT_MSS_0/I_MSS:FIC_3_APB_M_PRDATA[4]
  data required time                                 16.996
  data arrival time                          -       14.478
  slack                                               2.518
  ________________________________________________________
  Data arrival time calculation
  0.000                        CLOCKS_AND_RESETS_0/CCC_FIC_x_CLK/PF_CCC_C0_0/pll_inst_0/OUT3
               +     0.000          Clock source
  0.000                        CLOCKS_AND_RESETS_0/CCC_FIC_x_CLK/PF_CCC_C0_0/pll_inst_0:OUT3 (r)
               +     4.322          Clock generation
  4.322                        
               +     0.969          net: CLOCKS_AND_RESETS_0/CCC_FIC_x_CLK/PF_CCC_C0_0/pll_inst_0_clkint_12
  5.291                        CLOCKS_AND_RESETS_0/CCC_FIC_x_CLK/PF_CCC_C0_0/clkint_12_1:A (r)
               +     0.243          cell: ADLIB:ICB_CLKINT
  5.534                        CLOCKS_AND_RESETS_0/CCC_FIC_x_CLK/PF_CCC_C0_0/clkint_12_1:Y (r)
               +     0.145          net: CLOCKS_AND_RESETS_0/CCC_FIC_x_CLK/PF_CCC_C0_0/clkint_12_NET
  5.679                        CLOCKS_AND_RESETS_0/CCC_FIC_x_CLK/PF_CCC_C0_0/clkint_12:A (r)
               +     0.163          cell: ADLIB:GB
  5.842                        CLOCKS_AND_RESETS_0/CCC_FIC_x_CLK/PF_CCC_C0_0/clkint_12:Y (r)
               +     0.410          net: CLOCKS_AND_RESETS_0/CCC_FIC_x_CLK/PF_CCC_C0_0/clkint_12/U0_Y
  6.252                        CLOCKS_AND_RESETS_0/CCC_FIC_x_CLK/PF_CCC_C0_0/clkint_12/U0_RGB1_RGB0:A (r)
               +     0.058          cell: ADLIB:RGB
  6.310                        CLOCKS_AND_RESETS_0/CCC_FIC_x_CLK/PF_CCC_C0_0/clkint_12/U0_RGB1_RGB0:Y (f)
               +     0.717          net: CLOCKS_AND_RESETS_0/CCC_FIC_x_CLK/PF_CCC_C0_0/clkint_12/U0_RGB1_RGB0_rgb_net_1
  7.027                        MSS_WRAPPER_0/MPFS_DISCOVERY_KIT_MSS_0/I_MSS:FIC_3_PCLK (r)
               +     1.762          cell: ADLIB:MSS
  8.789                        MSS_WRAPPER_0/MPFS_DISCOVERY_KIT_MSS_0/I_MSS:FIC_3_APB_M_PADDR[26] (f)
               +     1.356          net: MSS_WRAPPER_0_FIC_3_APB_INITIATOR_PADDR[26]
  10.145                       FIC_3_PERIPHERALS_0/FIC_3_ADDRESS_GENERATION_1/FIC_3_0x4xxx_xxxx_0/FIC_3_0x4xxx_xxxx_0/iPSELS_raw_2_2_0_.m2:A (f)
               +     0.136          cell: ADLIB:CFG3
  10.281                       FIC_3_PERIPHERALS_0/FIC_3_ADDRESS_GENERATION_1/FIC_3_0x4xxx_xxxx_0/FIC_3_0x4xxx_xxxx_0/iPSELS_raw_2_2_0_.m2:Y (r)
               +     0.061          net: FIC_3_PERIPHERALS_0/FIC_3_ADDRESS_GENERATION_1/FIC_3_0x4xxx_xxxx_0/FIC_3_0x4xxx_xxxx_0/N_9_mux
  10.342                       FIC_3_PERIPHERALS_0/FIC_3_ADDRESS_GENERATION_1/FIC_3_0x4xxx_xxxx_0/FIC_3_0x4xxx_xxxx_0/iPSELS[0]:D (r)
               +     0.090          cell: ADLIB:CFG4
  10.432                       FIC_3_PERIPHERALS_0/FIC_3_ADDRESS_GENERATION_1/FIC_3_0x4xxx_xxxx_0/FIC_3_0x4xxx_xxxx_0/iPSELS[0]:Y (r)
               +     0.503          net: FIC_3_PERIPHERALS_0/FIC_3_ADDRESS_GENERATION_1/FIC_3_0x4xxx_xxxx_0_APBmslave0_PSELx
  10.935                       FIC_3_PERIPHERALS_0/FIC_3_ADDRESS_GENERATION_1/FIC_3_0x4000_0xxx_0/FIC_3_0x4000_0xxx_0/u_mux_p_to_b3/N_130_i_i_o2:C (r)
               +     0.051          cell: ADLIB:CFG3
  10.986                       FIC_3_PERIPHERALS_0/FIC_3_ADDRESS_GENERATION_1/FIC_3_0x4000_0xxx_0/FIC_3_0x4000_0xxx_0/u_mux_p_to_b3/N_130_i_i_o2:Y (f)
               +     0.077          net: FIC_3_PERIPHERALS_0/N_440
  11.063                       FIC_3_PERIPHERALS_0/FIC_3_ADDRESS_GENERATION_1/FIC_3_0x4000_0xxx_0/FIC_3_0x4000_0xxx_0/u_mux_p_to_b3/N_126_i:A (f)
               +     0.050          cell: ADLIB:CFG2
  11.113                       FIC_3_PERIPHERALS_0/FIC_3_ADDRESS_GENERATION_1/FIC_3_0x4000_0xxx_0/FIC_3_0x4000_0xxx_0/u_mux_p_to_b3/N_126_i:Y (r)
               +     0.140          net: FIC_3_PERIPHERALS_0/FIC_3_ADDRESS_GENERATION_1/FIC_3_0x4000_0xxx_0/FIC_3_0x4000_0xxx_0/u_mux_p_to_b3/N_126_i_Z
  11.253                       FIC_3_PERIPHERALS_0/FIC_3_ADDRESS_GENERATION_1/FIC_3_0x4000_0xxx_0/FIC_3_0x4000_0xxx_0/u_mux_p_to_b3/iPRDATA27:C (r)
               +     0.156          cell: ADLIB:CFG3
  11.409                       FIC_3_PERIPHERALS_0/FIC_3_ADDRESS_GENERATION_1/FIC_3_0x4000_0xxx_0/FIC_3_0x4000_0xxx_0/u_mux_p_to_b3/iPRDATA27:Y (r)
               +     0.437          net: FIC_3_PERIPHERALS_0/FIC_3_ADDRESS_GENERATION_1/FIC_3_0x4000_0xxx_0/FIC_3_0x4000_0xxx_0/u_mux_p_to_b3/iPRDATA27_Z
  11.846                       FIC_3_PERIPHERALS_0/FIC_3_ADDRESS_GENERATION_1/FIC_3_0x4000_0xxx_0/FIC_3_0x4000_0xxx_0/u_mux_p_to_b3/PRDATA_0_iv_0_RNO_0[4]:C (r)
               +     0.078          cell: ADLIB:CFG4
  11.924                       FIC_3_PERIPHERALS_0/FIC_3_ADDRESS_GENERATION_1/FIC_3_0x4000_0xxx_0/FIC_3_0x4000_0xxx_0/u_mux_p_to_b3/PRDATA_0_iv_0_RNO_0[4]:Y (r)
               +     0.078          net: FIC_3_PERIPHERALS_0/FIC_3_ADDRESS_GENERATION_1/FIC_3_0x4000_0xxx_0/FIC_3_0x4000_0xxx_0/u_mux_p_to_b3/APBmslave1_PRDATAS1_m[4]
  12.002                       FIC_3_PERIPHERALS_0/FIC_3_ADDRESS_GENERATION_1/FIC_3_0x4000_0xxx_0/FIC_3_0x4000_0xxx_0/u_mux_p_to_b3/PRDATA_0_iv_0[4]:C (r)
               +     0.078          cell: ADLIB:CFG4
  12.080                       FIC_3_PERIPHERALS_0/FIC_3_ADDRESS_GENERATION_1/FIC_3_0x4000_0xxx_0/FIC_3_0x4000_0xxx_0/u_mux_p_to_b3/PRDATA_0_iv_0[4]:Y (r)
               +     0.539          net: FIC_3_PERIPHERALS_0/FIC_3_ADDRESS_GENERATION_1/FIC_3_0x4000_0xxx_0/FIC_3_0x4000_0xxx_0/u_mux_p_to_b3/PRDATA_0_iv_0_Z[4]
  12.619                       FIC_3_PERIPHERALS_0/FIC_3_ADDRESS_GENERATION_1/FIC_3_0x4000_0xxx_0/FIC_3_0x4000_0xxx_0/u_mux_p_to_b3/PRDATA_0_iv_2_cZ[4]:C (r)
               +     0.053          cell: ADLIB:CFG4
  12.672                       FIC_3_PERIPHERALS_0/FIC_3_ADDRESS_GENERATION_1/FIC_3_0x4000_0xxx_0/FIC_3_0x4000_0xxx_0/u_mux_p_to_b3/PRDATA_0_iv_2_cZ[4]:Y (r)
               +     0.598          net: FIC_3_PERIPHERALS_0/FIC_3_ADDRESS_GENERATION_1/PRDATA_0_iv_2[4]
  13.270                       FIC_3_PERIPHERALS_0/FIC_3_ADDRESS_GENERATION_1/FIC_3_0x4xxx_xxxx_0/FIC_3_0x4xxx_xxxx_0/u_mux_p_to_b3/PRDATA_0[4]:D (r)
               +     0.053          cell: ADLIB:CFG4
  13.323                       FIC_3_PERIPHERALS_0/FIC_3_ADDRESS_GENERATION_1/FIC_3_0x4xxx_xxxx_0/FIC_3_0x4xxx_xxxx_0/u_mux_p_to_b3/PRDATA_0[4]:Y (r)
               +     0.054          net: FIC_3_PERIPHERALS_0/FIC_3_ADDRESS_GENERATION_1/N_228
  13.377                       FIC_3_PERIPHERALS_0/FIC_3_ADDRESS_GENERATION_1/APB_ARBITER_0/in_prdata[4]:B (r)
               +     0.053          cell: ADLIB:CFG3
  13.430                       FIC_3_PERIPHERALS_0/FIC_3_ADDRESS_GENERATION_1/APB_ARBITER_0/in_prdata[4]:Y (r)
               +     1.048          net: MSS_WRAPPER_0_FIC_3_APB_INITIATOR_PRDATA[4]
  14.478                       MSS_WRAPPER_0/MPFS_DISCOVERY_KIT_MSS_0/I_MSS:FIC_3_APB_M_PRDATA[4] (r)
                                    
  14.478                       data arrival time
  ________________________________________________________
  Data required time calculation
  10.000                       CLOCKS_AND_RESETS_0/CCC_FIC_x_CLK/PF_CCC_C0_0/pll_inst_0/OUT3
               +     0.000          Clock source
  10.000                       CLOCKS_AND_RESETS_0/CCC_FIC_x_CLK/PF_CCC_C0_0/pll_inst_0:OUT3 (f)
               +     3.894          Clock generation
  13.894                       
               +     0.869          net: CLOCKS_AND_RESETS_0/CCC_FIC_x_CLK/PF_CCC_C0_0/pll_inst_0_clkint_12
  14.763                       CLOCKS_AND_RESETS_0/CCC_FIC_x_CLK/PF_CCC_C0_0/clkint_12_1:A (f)
               +     0.224          cell: ADLIB:ICB_CLKINT
  14.987                       CLOCKS_AND_RESETS_0/CCC_FIC_x_CLK/PF_CCC_C0_0/clkint_12_1:Y (f)
               +     0.125          net: CLOCKS_AND_RESETS_0/CCC_FIC_x_CLK/PF_CCC_C0_0/clkint_12_NET
  15.112                       CLOCKS_AND_RESETS_0/CCC_FIC_x_CLK/PF_CCC_C0_0/clkint_12:A (f)
               +     0.141          cell: ADLIB:GB
  15.253                       CLOCKS_AND_RESETS_0/CCC_FIC_x_CLK/PF_CCC_C0_0/clkint_12:Y (f)
               +     0.372          net: CLOCKS_AND_RESETS_0/CCC_FIC_x_CLK/PF_CCC_C0_0/clkint_12/U0_Y
  15.625                       CLOCKS_AND_RESETS_0/CCC_FIC_x_CLK/PF_CCC_C0_0/clkint_12/U0_RGB1_RGB0:A (f)
               +     0.054          cell: ADLIB:RGB
  15.679                       CLOCKS_AND_RESETS_0/CCC_FIC_x_CLK/PF_CCC_C0_0/clkint_12/U0_RGB1_RGB0:Y (r)
               +     0.517          net: CLOCKS_AND_RESETS_0/CCC_FIC_x_CLK/PF_CCC_C0_0/clkint_12/U0_RGB1_RGB0_rgb_net_1
  16.196                       MSS_WRAPPER_0/MPFS_DISCOVERY_KIT_MSS_0/I_MSS:FIC_3_PCLK (f)
               +     0.791          
  16.987                       clock reconvergence pessimism
               -     0.135          
  16.852                       clock jitter
               -    -0.144          Library setup time: ADLIB:MSS
  16.996                       MSS_WRAPPER_0/MPFS_DISCOVERY_KIT_MSS_0/I_MSS:FIC_3_APB_M_PRDATA[4]
                                    
  16.996                       data required time


Operating Conditions : slow_lv_ht

END SET Register to Register

----------------------------------------------------

SET External Setup

Path 1
  From: RPI_I2C_SCL
  To:   FIC_3_PERIPHERALS_0/CORE_I2C_C0_0_WRAPPER_1/COREI2C_C0_0/COREI2C_C0_0/I2C_NUM_GENERATION[0].ui2c/SCLI_ff_reg_0[11]:D
  Delay (ns):              2.843
  Arrival (ns):            2.843
  Setup (ns):              0.000
  External Setup (ns):    -1.091
  Operating Conditions: fast_hv_lt

Path 2
  From: RPI_I2C_SCL
  To:   FIC_3_PERIPHERALS_0/CORE_I2C_C0_0_WRAPPER_1/COREI2C_C0_0/COREI2C_C0_0/I2C_NUM_GENERATION[0].ui2c/SCLI_ff_reg_0[3]:D
  Delay (ns):              2.841
  Arrival (ns):            2.841
  Setup (ns):              0.000
  External Setup (ns):    -1.093
  Operating Conditions: fast_hv_lt

Path 3
  From: RPI_I2C_SCL
  To:   FIC_3_PERIPHERALS_0/CORE_I2C_C0_0_WRAPPER_1/COREI2C_C0_0/COREI2C_C0_0/I2C_NUM_GENERATION[0].ui2c/SCLI_ff_reg_0[2]:D
  Delay (ns):              2.770
  Arrival (ns):            2.770
  Setup (ns):              0.000
  External Setup (ns):    -1.163
  Operating Conditions: fast_hv_lt

Path 4
  From: RPI_I2C_SCL
  To:   FIC_3_PERIPHERALS_0/CORE_I2C_C0_0_WRAPPER_1/COREI2C_C0_0/COREI2C_C0_0/I2C_NUM_GENERATION[0].ui2c/SCLI_ff_reg_0[10]:D
  Delay (ns):              2.770
  Arrival (ns):            2.770
  Setup (ns):              0.000
  External Setup (ns):    -1.163
  Operating Conditions: fast_hv_lt

Path 5
  From: RPI_I2C_SCL
  To:   FIC_3_PERIPHERALS_0/CORE_I2C_C0_0_WRAPPER_1/COREI2C_C0_0/COREI2C_C0_0/I2C_NUM_GENERATION[0].ui2c/SCLI_ff_reg_0[12]:D
  Delay (ns):              2.656
  Arrival (ns):            2.656
  Setup (ns):              0.000
  External Setup (ns):    -1.271
  Operating Conditions: fast_hv_lt


Expanded Path 1
  From: RPI_I2C_SCL
  To: FIC_3_PERIPHERALS_0/CORE_I2C_C0_0_WRAPPER_1/COREI2C_C0_0/COREI2C_C0_0/I2C_NUM_GENERATION[0].ui2c/SCLI_ff_reg_0[11]:D
  data required time                                    N/C
  data arrival time                          -        2.843
  slack                                                 N/C
  ________________________________________________________
  Data arrival time calculation
  0.000                        RPI_I2C_SCL (f)
               +     0.987          cell: ADLIB:IOPAD_BI
  0.987                        FIC_3_PERIPHERALS_0/CORE_I2C_C0_0_WRAPPER_1/COREI2C_C0_0_SCL_BIBUF/U_IOPAD:Y (f)
               +     0.000          net: FIC_3_PERIPHERALS_0/CORE_I2C_C0_0_WRAPPER_1/COREI2C_C0_0_SCL_BIBUF/YIN
  0.987                        FIC_3_PERIPHERALS_0/CORE_I2C_C0_0_WRAPPER_1/COREI2C_C0_0_SCL_BIBUF/U_IOBI:YIN (f)
               +     0.131          cell: ADLIB:IOBI_IB_OB_EB
  1.118                        FIC_3_PERIPHERALS_0/CORE_I2C_C0_0_WRAPPER_1/COREI2C_C0_0_SCL_BIBUF/U_IOBI:Y (f)
               +     1.118          net: FIC_3_PERIPHERALS_0/CORE_I2C_C0_0_WRAPPER_1/COREI2C_C0_0_SCL_BIBUF_Y
  2.236                        FIC_3_PERIPHERALS_0/CORE_I2C_C0_0_WRAPPER_1/COREI2C_C0_0/COREI2C_C0_0/I2C_NUM_GENERATION[0].ui2c/SCLI_ff_reg_0_4[0]:B (f)
               +     0.099          cell: ADLIB:CFG2
  2.335                        FIC_3_PERIPHERALS_0/CORE_I2C_C0_0_WRAPPER_1/COREI2C_C0_0/COREI2C_C0_0/I2C_NUM_GENERATION[0].ui2c/SCLI_ff_reg_0_4[0]:Y (f)
               +     0.240          net: FIC_3_PERIPHERALS_0/CORE_I2C_C0_0_WRAPPER_1/COREI2C_C0_0/COREI2C_C0_0/I2C_NUM_GENERATION[0].ui2c/SCLI_ff_reg_0_4_Z[0]
  2.575                        FIC_3_PERIPHERALS_0/CORE_I2C_C0_0_WRAPPER_1/COREI2C_C0_0/COREI2C_C0_0/I2C_NUM_GENERATION[0].ui2c/SCLI_ff_reg_0_ns_i_o3[3]:B (f)
               +     0.064          cell: ADLIB:CFG2
  2.639                        FIC_3_PERIPHERALS_0/CORE_I2C_C0_0_WRAPPER_1/COREI2C_C0_0/COREI2C_C0_0/I2C_NUM_GENERATION[0].ui2c/SCLI_ff_reg_0_ns_i_o3[3]:Y (r)
               +     0.151          net: FIC_3_PERIPHERALS_0/CORE_I2C_C0_0_WRAPPER_1/COREI2C_C0_0/COREI2C_C0_0/I2C_NUM_GENERATION[0].ui2c/N_904
  2.790                        FIC_3_PERIPHERALS_0/CORE_I2C_C0_0_WRAPPER_1/COREI2C_C0_0/COREI2C_C0_0/I2C_NUM_GENERATION[0].ui2c/SCLI_ff_reg_0_RNO[11]:C (r)
               +     0.035          cell: ADLIB:CFG4
  2.825                        FIC_3_PERIPHERALS_0/CORE_I2C_C0_0_WRAPPER_1/COREI2C_C0_0/COREI2C_C0_0/I2C_NUM_GENERATION[0].ui2c/SCLI_ff_reg_0_RNO[11]:Y (f)
               +     0.018          net: FIC_3_PERIPHERALS_0/CORE_I2C_C0_0_WRAPPER_1/COREI2C_C0_0/COREI2C_C0_0/I2C_NUM_GENERATION[0].ui2c/N_867_i
  2.843                        FIC_3_PERIPHERALS_0/CORE_I2C_C0_0_WRAPPER_1/COREI2C_C0_0/COREI2C_C0_0/I2C_NUM_GENERATION[0].ui2c/SCLI_ff_reg_0[11]:D (f)
                                    
  2.843                        data arrival time
  ________________________________________________________
  Data required time calculation
  N/C                          CLOCKS_AND_RESETS_0/CCC_FIC_x_CLK/PF_CCC_C0_0/pll_inst_0/OUT3
               +     0.000          Clock source
  N/C                          CLOCKS_AND_RESETS_0/CCC_FIC_x_CLK/PF_CCC_C0_0/pll_inst_0:OUT3 (r)
               +     2.583          Clock generation
  N/C                          
               +     0.594          net: CLOCKS_AND_RESETS_0/CCC_FIC_x_CLK/PF_CCC_C0_0/pll_inst_0_clkint_12
  N/C                          CLOCKS_AND_RESETS_0/CCC_FIC_x_CLK/PF_CCC_C0_0/clkint_12_1:A (r)
               +     0.141          cell: ADLIB:ICB_CLKINT
  N/C                          CLOCKS_AND_RESETS_0/CCC_FIC_x_CLK/PF_CCC_C0_0/clkint_12_1:Y (r)
               +     0.093          net: CLOCKS_AND_RESETS_0/CCC_FIC_x_CLK/PF_CCC_C0_0/clkint_12_NET
  N/C                          CLOCKS_AND_RESETS_0/CCC_FIC_x_CLK/PF_CCC_C0_0/clkint_12:A (r)
               +     0.108          cell: ADLIB:GB
  N/C                          CLOCKS_AND_RESETS_0/CCC_FIC_x_CLK/PF_CCC_C0_0/clkint_12:Y (r)
               +     0.244          net: CLOCKS_AND_RESETS_0/CCC_FIC_x_CLK/PF_CCC_C0_0/clkint_12/U0_Y
  N/C                          CLOCKS_AND_RESETS_0/CCC_FIC_x_CLK/PF_CCC_C0_0/clkint_12/U0_RGB1_RGB3:A (r)
               +     0.038          cell: ADLIB:RGB
  N/C                          CLOCKS_AND_RESETS_0/CCC_FIC_x_CLK/PF_CCC_C0_0/clkint_12/U0_RGB1_RGB3:Y (f)
               +     0.268          net: CLOCKS_AND_RESETS_0/CCC_FIC_x_CLK/PF_CCC_C0_0/clkint_12/U0_RGB1_RGB3_rgb_net_1
  N/C                          FIC_3_PERIPHERALS_0/CORE_I2C_C0_0_WRAPPER_1/COREI2C_C0_0/COREI2C_C0_0/I2C_NUM_GENERATION[0].ui2c/SCLI_ff_reg_0[11]:CLK (r)
               -     0.135          
  N/C                          clock jitter
               -     0.000          Library setup time: ADLIB:SLE
  N/C                          FIC_3_PERIPHERALS_0/CORE_I2C_C0_0_WRAPPER_1/COREI2C_C0_0/COREI2C_C0_0/I2C_NUM_GENERATION[0].ui2c/SCLI_ff_reg_0[11]:D


Operating Conditions : fast_hv_lt

END SET External Setup

----------------------------------------------------

SET Clock to Output

Path 1
  From: FIC_3_PERIPHERALS_0/SPI_FOR_7_SEG_0/SPI_FOR_7_SEG_0/USPI/UCC/stxs_direct:CLK
  To:   SPISDO
  Delay (ns):              9.247
  Arrival (ns):           16.005
  Clock to Out (ns):      16.005
  Operating Conditions: slow_lv_ht

Path 2
  From: FIC_3_PERIPHERALS_0/COREGPIO_C0/GPIO_0/xhdl1.GEN_BITS[4].APB_32.GPOUT_reg[4]:CLK
  To:   LED5
  Delay (ns):              8.951
  Arrival (ns):           15.709
  Clock to Out (ns):      15.709
  Operating Conditions: slow_lv_ht

Path 3
  From: FIC_3_PERIPHERALS_0/SPI_FOR_7_SEG_0/SPI_FOR_7_SEG_0/USPI/UCC/txfifo_datadelay[15]:CLK
  To:   SPISDO
  Delay (ns):              8.864
  Arrival (ns):           15.624
  Clock to Out (ns):      15.624
  Operating Conditions: slow_lv_ht

Path 4
  From: FIC_3_PERIPHERALS_0/SPI_FOR_7_SEG_0/SPI_FOR_7_SEG_0/USPI/UCC/stxs_datareg[15]:CLK
  To:   SPISDO
  Delay (ns):              8.855
  Arrival (ns):           15.614
  Clock to Out (ns):      15.614
  Operating Conditions: slow_lv_ht

Path 5
  From: FIC_3_PERIPHERALS_0/SPI_FOR_7_SEG_0/SPI_FOR_7_SEG_0/USPI/URF/control1[1]:CLK
  To:   SPISDO
  Delay (ns):              8.801
  Arrival (ns):           15.559
  Clock to Out (ns):      15.559
  Operating Conditions: slow_lv_ht


Expanded Path 1
  From: FIC_3_PERIPHERALS_0/SPI_FOR_7_SEG_0/SPI_FOR_7_SEG_0/USPI/UCC/stxs_direct:CLK
  To: SPISDO
  data required time                                    N/C
  data arrival time                          -       16.005
  slack                                                 N/C
  ________________________________________________________
  Data arrival time calculation
  0.000                        CLOCKS_AND_RESETS_0/CCC_FIC_x_CLK/PF_CCC_C0_0/pll_inst_0/OUT3
               +     0.000          Clock source
  0.000                        CLOCKS_AND_RESETS_0/CCC_FIC_x_CLK/PF_CCC_C0_0/pll_inst_0:OUT3 (r)
               +     4.322          Clock generation
  4.322                        
               +     0.969          net: CLOCKS_AND_RESETS_0/CCC_FIC_x_CLK/PF_CCC_C0_0/pll_inst_0_clkint_12
  5.291                        CLOCKS_AND_RESETS_0/CCC_FIC_x_CLK/PF_CCC_C0_0/clkint_12_1:A (r)
               +     0.243          cell: ADLIB:ICB_CLKINT
  5.534                        CLOCKS_AND_RESETS_0/CCC_FIC_x_CLK/PF_CCC_C0_0/clkint_12_1:Y (r)
               +     0.145          net: CLOCKS_AND_RESETS_0/CCC_FIC_x_CLK/PF_CCC_C0_0/clkint_12_NET
  5.679                        CLOCKS_AND_RESETS_0/CCC_FIC_x_CLK/PF_CCC_C0_0/clkint_12:A (r)
               +     0.163          cell: ADLIB:GB
  5.842                        CLOCKS_AND_RESETS_0/CCC_FIC_x_CLK/PF_CCC_C0_0/clkint_12:Y (r)
               +     0.410          net: CLOCKS_AND_RESETS_0/CCC_FIC_x_CLK/PF_CCC_C0_0/clkint_12/U0_Y
  6.252                        CLOCKS_AND_RESETS_0/CCC_FIC_x_CLK/PF_CCC_C0_0/clkint_12/U0_RGB1_RGB0:A (r)
               +     0.058          cell: ADLIB:RGB
  6.310                        CLOCKS_AND_RESETS_0/CCC_FIC_x_CLK/PF_CCC_C0_0/clkint_12/U0_RGB1_RGB0:Y (f)
               +     0.448          net: CLOCKS_AND_RESETS_0/CCC_FIC_x_CLK/PF_CCC_C0_0/clkint_12/U0_RGB1_RGB0_rgb_net_1
  6.758                        FIC_3_PERIPHERALS_0/SPI_FOR_7_SEG_0/SPI_FOR_7_SEG_0/USPI/UCC/stxs_direct:CLK (r)
               +     0.209          cell: ADLIB:SLE
  6.967                        FIC_3_PERIPHERALS_0/SPI_FOR_7_SEG_0/SPI_FOR_7_SEG_0/USPI/UCC/stxs_direct:Q (r)
               +     0.561          net: FIC_3_PERIPHERALS_0/SPI_FOR_7_SEG_0/SPI_FOR_7_SEG_0/USPI/UCC/stxs_direct_Z
  7.528                        FIC_3_PERIPHERALS_0/SPI_FOR_7_SEG_0/SPI_FOR_7_SEG_0/USPI/UCC/spi_data_out_0:B (r)
               +     0.051          cell: ADLIB:CFG3
  7.579                        FIC_3_PERIPHERALS_0/SPI_FOR_7_SEG_0/SPI_FOR_7_SEG_0/USPI/UCC/spi_data_out_0:Y (f)
               +     0.371          net: FIC_3_PERIPHERALS_0/SPI_FOR_7_SEG_0/SPI_FOR_7_SEG_0/USPI/UCC/N_262
  7.950                        FIC_3_PERIPHERALS_0/SPI_FOR_7_SEG_0/SPI_FOR_7_SEG_0/USPI/UCC/spi_data_out_u_0:D (f)
               +     0.151          cell: ADLIB:CFG4
  8.101                        FIC_3_PERIPHERALS_0/SPI_FOR_7_SEG_0/SPI_FOR_7_SEG_0/USPI/UCC/spi_data_out_u_0:Y (f)
               +     4.918          net: SPISDO_c
  13.019                       SPISDO_obuf/U_IOTRI:D (f)
               +     0.918          cell: ADLIB:IOTRI_OB_EB
  13.937                       SPISDO_obuf/U_IOTRI:DOUT (f)
               +     0.000          net: SPISDO_obuf/DOUT
  13.937                       SPISDO_obuf/U_IOPAD:D (f)
               +     2.068          cell: ADLIB:IOPAD_TRI
  16.005                       SPISDO_obuf/U_IOPAD:PAD (f)
               +     0.000          net: SPISDO
  16.005                       SPISDO (f)
                                    
  16.005                       data arrival time
  ________________________________________________________
  Data required time calculation
  N/C                          CLOCKS_AND_RESETS_0/CCC_FIC_x_CLK/PF_CCC_C0_0/pll_inst_0/OUT3
                                    
  N/C                          SPISDO (f)


Operating Conditions : slow_lv_ht

END SET Clock to Output

----------------------------------------------------

SET Register to Asynchronous

Path 1
  From: CLOCKS_AND_RESETS_0/RESET_FIC_3_CLK/CORERESET_0/dff_15_rep[0]:CLK
  To:   FIC_3_PERIPHERALS_0/MIV_IHC_C0_0/MIV_IHC_C0_0/miv_ihc_core_0/gen_intr_module_h3.h3_irq_module/irq_mask[5]:ALn
  Delay (ns):              3.458
  Slack (ns):             16.125
  Arrival (ns):           10.226
  Required (ns):          26.351
  Recovery (ns):           0.209
  Minimum Period (ns):     3.740
  Skew (ns):               0.073
  Operating Conditions: slow_lv_ht

Path 2
  From: CLOCKS_AND_RESETS_0/RESET_FIC_3_CLK/CORERESET_0/dff_15_rep[0]:CLK
  To:   FIC_3_PERIPHERALS_0/MIV_IHC_C0_0/MIV_IHC_C0_0/miv_ihc_core_0/gen_intr_module_h2.h2_irq_module/RDATA_1[1]:ALn
  Delay (ns):              3.458
  Slack (ns):             16.125
  Arrival (ns):           10.226
  Required (ns):          26.351
  Recovery (ns):           0.209
  Minimum Period (ns):     3.740
  Skew (ns):               0.073
  Operating Conditions: slow_lv_ht

Path 3
  From: CLOCKS_AND_RESETS_0/RESET_FIC_3_CLK/CORERESET_0/dff_15_rep[0]:CLK
  To:   FIC_3_PERIPHERALS_0/MIV_IHC_C0_0/MIV_IHC_C0_0/miv_ihc_core_0/gen_intr_module_h2.h2_irq_module/RDATA_1[11]:ALn
  Delay (ns):              3.458
  Slack (ns):             16.125
  Arrival (ns):           10.226
  Required (ns):          26.351
  Recovery (ns):           0.209
  Minimum Period (ns):     3.740
  Skew (ns):               0.073
  Operating Conditions: slow_lv_ht

Path 4
  From: CLOCKS_AND_RESETS_0/RESET_FIC_3_CLK/CORERESET_0/dff_15_rep[0]:CLK
  To:   FIC_3_PERIPHERALS_0/CoreUARTapb_C0_0/CoreUARTapb_C0_0/uUART/make_RX/receive_count[1]:ALn
  Delay (ns):              3.403
  Slack (ns):             16.125
  Arrival (ns):           10.171
  Required (ns):          26.296
  Recovery (ns):           0.209
  Minimum Period (ns):     3.740
  Skew (ns):               0.128
  Operating Conditions: slow_lv_ht

Path 5
  From: CLOCKS_AND_RESETS_0/RESET_FIC_3_CLK/CORERESET_0/dff_15_rep[0]:CLK
  To:   FIC_3_PERIPHERALS_0/CoreUARTapb_C0_0/CoreUARTapb_C0_0/uUART/make_RX/receive_count[0]:ALn
  Delay (ns):              3.403
  Slack (ns):             16.125
  Arrival (ns):           10.171
  Required (ns):          26.296
  Recovery (ns):           0.209
  Minimum Period (ns):     3.740
  Skew (ns):               0.128
  Operating Conditions: slow_lv_ht


Expanded Path 1
  From: CLOCKS_AND_RESETS_0/RESET_FIC_3_CLK/CORERESET_0/dff_15_rep[0]:CLK
  To: FIC_3_PERIPHERALS_0/MIV_IHC_C0_0/MIV_IHC_C0_0/miv_ihc_core_0/gen_intr_module_h3.h3_irq_module/irq_mask[5]:ALn
  data required time                                 26.351
  data arrival time                          -       10.226
  slack                                              16.125
  ________________________________________________________
  Data arrival time calculation
  0.000                        CLOCKS_AND_RESETS_0/CCC_FIC_x_CLK/PF_CCC_C0_0/pll_inst_0/OUT3
               +     0.000          Clock source
  0.000                        CLOCKS_AND_RESETS_0/CCC_FIC_x_CLK/PF_CCC_C0_0/pll_inst_0:OUT3 (r)
               +     4.322          Clock generation
  4.322                        
               +     0.969          net: CLOCKS_AND_RESETS_0/CCC_FIC_x_CLK/PF_CCC_C0_0/pll_inst_0_clkint_12
  5.291                        CLOCKS_AND_RESETS_0/CCC_FIC_x_CLK/PF_CCC_C0_0/clkint_12_1:A (r)
               +     0.243          cell: ADLIB:ICB_CLKINT
  5.534                        CLOCKS_AND_RESETS_0/CCC_FIC_x_CLK/PF_CCC_C0_0/clkint_12_1:Y (r)
               +     0.145          net: CLOCKS_AND_RESETS_0/CCC_FIC_x_CLK/PF_CCC_C0_0/clkint_12_NET
  5.679                        CLOCKS_AND_RESETS_0/CCC_FIC_x_CLK/PF_CCC_C0_0/clkint_12:A (r)
               +     0.163          cell: ADLIB:GB
  5.842                        CLOCKS_AND_RESETS_0/CCC_FIC_x_CLK/PF_CCC_C0_0/clkint_12:Y (r)
               +     0.410          net: CLOCKS_AND_RESETS_0/CCC_FIC_x_CLK/PF_CCC_C0_0/clkint_12/U0_Y
  6.252                        CLOCKS_AND_RESETS_0/CCC_FIC_x_CLK/PF_CCC_C0_0/clkint_12/U0_RGB1_RGB0:A (r)
               +     0.058          cell: ADLIB:RGB
  6.310                        CLOCKS_AND_RESETS_0/CCC_FIC_x_CLK/PF_CCC_C0_0/clkint_12/U0_RGB1_RGB0:Y (f)
               +     0.458          net: CLOCKS_AND_RESETS_0/CCC_FIC_x_CLK/PF_CCC_C0_0/clkint_12/U0_RGB1_RGB0_rgb_net_1
  6.768                        CLOCKS_AND_RESETS_0/RESET_FIC_3_CLK/CORERESET_0/dff_15_rep[0]:CLK (r)
               +     0.201          cell: ADLIB:SLE
  6.969                        CLOCKS_AND_RESETS_0/RESET_FIC_3_CLK/CORERESET_0/dff_15_rep[0]:Q (r)
               +     2.163          net: CLOCKS_AND_RESETS_0/RESET_FIC_3_CLK/CORERESET_0/dff_15_rep_Z[0]
  9.132                        CLOCKS_AND_RESETS_0/RESET_FIC_3_CLK/CORERESET_0/dff_15_rep_RNIS9V04[0]:A (r)
               +     0.140          cell: ADLIB:GB
  9.272                        CLOCKS_AND_RESETS_0/RESET_FIC_3_CLK/CORERESET_0/dff_15_rep_RNIS9V04[0]:Y (r)
               +     0.402          net: CLOCKS_AND_RESETS_0/RESET_FIC_3_CLK/CORERESET_0/dff_15_rep_RNIS9V04[0]/U0_Y
  9.674                        CLOCKS_AND_RESETS_0/RESET_FIC_3_CLK/CORERESET_0/dff_15_rep_RNIS9V04[0]/U0_RGB1_RGB1:A (r)
               +     0.058          cell: ADLIB:RGB
  9.732                        CLOCKS_AND_RESETS_0/RESET_FIC_3_CLK/CORERESET_0/dff_15_rep_RNIS9V04[0]/U0_RGB1_RGB1:Y (f)
               +     0.494          net: CLOCKS_AND_RESETS_0/RESET_FIC_3_CLK/CORERESET_0/dff_15_rep_RNIS9V04[0]/U0_RGB1_RGB1_rgb_net_1
  10.226                       FIC_3_PERIPHERALS_0/MIV_IHC_C0_0/MIV_IHC_C0_0/miv_ihc_core_0/gen_intr_module_h3.h3_irq_module/irq_mask[5]:ALn (r)
                                    
  10.226                       data arrival time
  ________________________________________________________
  Data required time calculation
  20.000                       CLOCKS_AND_RESETS_0/CCC_FIC_x_CLK/PF_CCC_C0_0/pll_inst_0/OUT3
               +     0.000          Clock source
  20.000                       CLOCKS_AND_RESETS_0/CCC_FIC_x_CLK/PF_CCC_C0_0/pll_inst_0:OUT3 (r)
               +     3.902          Clock generation
  23.902                       
               +     0.882          net: CLOCKS_AND_RESETS_0/CCC_FIC_x_CLK/PF_CCC_C0_0/pll_inst_0_clkint_12
  24.784                       CLOCKS_AND_RESETS_0/CCC_FIC_x_CLK/PF_CCC_C0_0/clkint_12_1:A (r)
               +     0.211          cell: ADLIB:ICB_CLKINT
  24.995                       CLOCKS_AND_RESETS_0/CCC_FIC_x_CLK/PF_CCC_C0_0/clkint_12_1:Y (r)
               +     0.132          net: CLOCKS_AND_RESETS_0/CCC_FIC_x_CLK/PF_CCC_C0_0/clkint_12_NET
  25.127                       CLOCKS_AND_RESETS_0/CCC_FIC_x_CLK/PF_CCC_C0_0/clkint_12:A (r)
               +     0.148          cell: ADLIB:GB
  25.275                       CLOCKS_AND_RESETS_0/CCC_FIC_x_CLK/PF_CCC_C0_0/clkint_12:Y (r)
               +     0.369          net: CLOCKS_AND_RESETS_0/CCC_FIC_x_CLK/PF_CCC_C0_0/clkint_12/U0_Y
  25.644                       CLOCKS_AND_RESETS_0/CCC_FIC_x_CLK/PF_CCC_C0_0/clkint_12/U0_RGB1_RGB1:A (r)
               +     0.052          cell: ADLIB:RGB
  25.696                       CLOCKS_AND_RESETS_0/CCC_FIC_x_CLK/PF_CCC_C0_0/clkint_12/U0_RGB1_RGB1:Y (f)
               +     0.428          net: CLOCKS_AND_RESETS_0/CCC_FIC_x_CLK/PF_CCC_C0_0/clkint_12/U0_RGB1_RGB1_rgb_net_1
  26.124                       FIC_3_PERIPHERALS_0/MIV_IHC_C0_0/MIV_IHC_C0_0/miv_ihc_core_0/gen_intr_module_h3.h3_irq_module/irq_mask[5]:CLK (r)
               +     0.571          
  26.695                       clock reconvergence pessimism
               -     0.135          
  26.560                       clock jitter
               -     0.209          Library recovery time: ADLIB:SLE
  26.351                       FIC_3_PERIPHERALS_0/MIV_IHC_C0_0/MIV_IHC_C0_0/miv_ihc_core_0/gen_intr_module_h3.h3_irq_module/irq_mask[5]:ALn
                                    
  26.351                       data required time


Operating Conditions : slow_lv_ht

END SET Register to Asynchronous

----------------------------------------------------

SET External Recovery

Path 1
  From: SWITCH2
  To:   CLOCKS_AND_RESETS_0/RESET_FIC_3_CLK/CORERESET_0/dff_14[0]:ALn
  Delay (ns):              8.985
  Arrival (ns):            8.985
  Recovery (ns):           0.196
  External Recovery (ns):   3.213
  Operating Conditions: slow_lv_ht

Path 2
  From: SWITCH2
  To:   CLOCKS_AND_RESETS_0/RESET_FIC_3_CLK/CORERESET_0/dff_11[0]:ALn
  Delay (ns):              8.986
  Arrival (ns):            8.986
  Recovery (ns):           0.196
  External Recovery (ns):   3.213
  Operating Conditions: slow_lv_ht

Path 3
  From: SWITCH2
  To:   CLOCKS_AND_RESETS_0/RESET_FIC_3_CLK/CORERESET_0/dff_15[0]:ALn
  Delay (ns):              8.985
  Arrival (ns):            8.985
  Recovery (ns):           0.196
  External Recovery (ns):   3.212
  Operating Conditions: slow_lv_ht

Path 4
  From: SWITCH2
  To:   CLOCKS_AND_RESETS_0/RESET_FIC_3_CLK/CORERESET_0/dff_13[0]:ALn
  Delay (ns):              8.985
  Arrival (ns):            8.985
  Recovery (ns):           0.196
  External Recovery (ns):   3.212
  Operating Conditions: slow_lv_ht

Path 5
  From: SWITCH2
  To:   CLOCKS_AND_RESETS_0/RESET_FIC_3_CLK/CORERESET_0/dff_12[0]:ALn
  Delay (ns):              8.985
  Arrival (ns):            8.985
  Recovery (ns):           0.196
  External Recovery (ns):   3.212
  Operating Conditions: slow_lv_ht


Expanded Path 1
  From: SWITCH2
  To: CLOCKS_AND_RESETS_0/RESET_FIC_3_CLK/CORERESET_0/dff_14[0]:ALn
  data required time                                    N/C
  data arrival time                          -        8.985
  slack                                                 N/C
  ________________________________________________________
  Data arrival time calculation
  0.000                        SWITCH2 (r)
               +     0.000          net: SWITCH2
  0.000                        SWITCH2_ibuf/U_IOPAD:PAD (r)
               +     0.610          cell: ADLIB:IOPAD_IN
  0.610                        SWITCH2_ibuf/U_IOPAD:Y (r)
               +     0.000          net: SWITCH2_ibuf/YIN
  0.610                        SWITCH2_ibuf/U_IOIN:YIN (r)
               +     0.336          cell: ADLIB:IOIN_IB_E
  0.946                        SWITCH2_ibuf/U_IOIN:Y (r)
               +     4.305          net: SWITCH2_c
  5.251                        CLOCKS_AND_RESETS_0/AND3_0:A (r)
               +     0.053          cell: ADLIB:CFG3
  5.304                        CLOCKS_AND_RESETS_0/AND3_0:Y (r)
               +     1.611          net: CLOCKS_AND_RESETS_0/AND3_0_Y
  6.915                        CLOCKS_AND_RESETS_0/RESET_FIC_0_CLK/CORERESET_0/un1_EXT_RST_N_2:C (r)
               +     0.078          cell: ADLIB:CFG3
  6.993                        CLOCKS_AND_RESETS_0/RESET_FIC_0_CLK/CORERESET_0/un1_EXT_RST_N_2:Y (r)
               +     1.992          net: CLOCKS_AND_RESETS_0/un1_EXT_RST_N_2
  8.985                        CLOCKS_AND_RESETS_0/RESET_FIC_3_CLK/CORERESET_0/dff_14[0]:ALn (r)
                                    
  8.985                        data arrival time
  ________________________________________________________
  Data required time calculation
  N/C                          CLOCKS_AND_RESETS_0/CCC_FIC_x_CLK/PF_CCC_C0_0/pll_inst_0/OUT3
               +     0.000          Clock source
  N/C                          CLOCKS_AND_RESETS_0/CCC_FIC_x_CLK/PF_CCC_C0_0/pll_inst_0:OUT3 (r)
               +     3.902          Clock generation
  N/C                          
               +     0.882          net: CLOCKS_AND_RESETS_0/CCC_FIC_x_CLK/PF_CCC_C0_0/pll_inst_0_clkint_12
  N/C                          CLOCKS_AND_RESETS_0/CCC_FIC_x_CLK/PF_CCC_C0_0/clkint_12_1:A (r)
               +     0.211          cell: ADLIB:ICB_CLKINT
  N/C                          CLOCKS_AND_RESETS_0/CCC_FIC_x_CLK/PF_CCC_C0_0/clkint_12_1:Y (r)
               +     0.132          net: CLOCKS_AND_RESETS_0/CCC_FIC_x_CLK/PF_CCC_C0_0/clkint_12_NET
  N/C                          CLOCKS_AND_RESETS_0/CCC_FIC_x_CLK/PF_CCC_C0_0/clkint_12:A (r)
               +     0.148          cell: ADLIB:GB
  N/C                          CLOCKS_AND_RESETS_0/CCC_FIC_x_CLK/PF_CCC_C0_0/clkint_12:Y (r)
               +     0.372          net: CLOCKS_AND_RESETS_0/CCC_FIC_x_CLK/PF_CCC_C0_0/clkint_12/U0_Y
  N/C                          CLOCKS_AND_RESETS_0/CCC_FIC_x_CLK/PF_CCC_C0_0/clkint_12/U0_RGB1_RGB0:A (r)
               +     0.052          cell: ADLIB:RGB
  N/C                          CLOCKS_AND_RESETS_0/CCC_FIC_x_CLK/PF_CCC_C0_0/clkint_12/U0_RGB1_RGB0:Y (f)
               +     0.404          net: CLOCKS_AND_RESETS_0/CCC_FIC_x_CLK/PF_CCC_C0_0/clkint_12/U0_RGB1_RGB0_rgb_net_1
  N/C                          CLOCKS_AND_RESETS_0/RESET_FIC_3_CLK/CORERESET_0/dff_14[0]:CLK (r)
               -     0.135          
  N/C                          clock jitter
               -     0.196          Library recovery time: ADLIB:SLE
  N/C                          CLOCKS_AND_RESETS_0/RESET_FIC_3_CLK/CORERESET_0/dff_14[0]:ALn


Operating Conditions : slow_lv_ht

END SET External Recovery

----------------------------------------------------

SET Asynchronous to Register

No Path 

END SET Asynchronous to Register

----------------------------------------------------

Clock Domain FIC_0_PERIPHERALS_0/security_core_0/rng/neoTRNG_0/entropy_cell_gen.0.neoTRNG_cell_inst/sreg_0[0]:Q

Info: The maximum frequency of this clock domain is limited by the minimum pulse widths of pin FIC_0_PERIPHERALS_0/security_core_0/rng/neoTRNG_0/entropy_cell_gen.0.neoTRNG_cell_inst/ring_osc_gen.0.latch[0]:CLK

SET Register to Register

No Path 

END SET Register to Register

----------------------------------------------------

SET External Setup

No Path 

END SET External Setup

----------------------------------------------------

SET Clock to Output

No Path 

END SET Clock to Output

----------------------------------------------------

SET FIC_0_PERIPHERALS_0/security_core_0/rng/neoTRNG_0/entropy_cell_gen.0.neoTRNG_cell_inst/sreg_4[0]:Q to FIC_0_PERIPHERALS_0/security_core_0/rng/neoTRNG_0/entropy_cell_gen.0.neoTRNG_cell_inst/sreg_0[0]:Q

No Path 

END SET FIC_0_PERIPHERALS_0/security_core_0/rng/neoTRNG_0/entropy_cell_gen.0.neoTRNG_cell_inst/sreg_4[0]:Q to FIC_0_PERIPHERALS_0/security_core_0/rng/neoTRNG_0/entropy_cell_gen.0.neoTRNG_cell_inst/sreg_0[0]:Q

----------------------------------------------------

SET Register to Asynchronous

No Path 

END SET Register to Asynchronous

----------------------------------------------------

SET External Recovery

No Path 

END SET External Recovery

----------------------------------------------------

SET Asynchronous to Register

No Path 

END SET Asynchronous to Register

----------------------------------------------------

SET CLOCKS_AND_RESETS_0/CCC_FIC_x_CLK/PF_CCC_C0_0/pll_inst_0/OUT0 to FIC_0_PERIPHERALS_0/security_core_0/rng/neoTRNG_0/entropy_cell_gen.0.neoTRNG_cell_inst/sreg_0[0]:Q

No Path 

END SET CLOCKS_AND_RESETS_0/CCC_FIC_x_CLK/PF_CCC_C0_0/pll_inst_0/OUT0 to FIC_0_PERIPHERALS_0/security_core_0/rng/neoTRNG_0/entropy_cell_gen.0.neoTRNG_cell_inst/sreg_0[0]:Q

----------------------------------------------------

Clock Domain FIC_0_PERIPHERALS_0/security_core_0/rng/neoTRNG_0/entropy_cell_gen.0.neoTRNG_cell_inst/sreg_1[0]:Q

Info: The maximum frequency of this clock domain is limited by the minimum pulse widths of pin FIC_0_PERIPHERALS_0/security_core_0/rng/neoTRNG_0/entropy_cell_gen.0.neoTRNG_cell_inst/ring_osc_gen.1.latch[1]:CLK

SET Register to Register

No Path 

END SET Register to Register

----------------------------------------------------

SET External Setup

No Path 

END SET External Setup

----------------------------------------------------

SET Clock to Output

No Path 

END SET Clock to Output

----------------------------------------------------

SET FIC_0_PERIPHERALS_0/security_core_0/rng/neoTRNG_0/entropy_cell_gen.0.neoTRNG_cell_inst/sreg_0[0]:Q to FIC_0_PERIPHERALS_0/security_core_0/rng/neoTRNG_0/entropy_cell_gen.0.neoTRNG_cell_inst/sreg_1[0]:Q

No Path 

END SET FIC_0_PERIPHERALS_0/security_core_0/rng/neoTRNG_0/entropy_cell_gen.0.neoTRNG_cell_inst/sreg_0[0]:Q to FIC_0_PERIPHERALS_0/security_core_0/rng/neoTRNG_0/entropy_cell_gen.0.neoTRNG_cell_inst/sreg_1[0]:Q

----------------------------------------------------

SET Register to Asynchronous

No Path 

END SET Register to Asynchronous

----------------------------------------------------

SET External Recovery

No Path 

END SET External Recovery

----------------------------------------------------

SET Asynchronous to Register

No Path 

END SET Asynchronous to Register

----------------------------------------------------

SET CLOCKS_AND_RESETS_0/CCC_FIC_x_CLK/PF_CCC_C0_0/pll_inst_0/OUT0 to FIC_0_PERIPHERALS_0/security_core_0/rng/neoTRNG_0/entropy_cell_gen.0.neoTRNG_cell_inst/sreg_1[0]:Q

No Path 

END SET CLOCKS_AND_RESETS_0/CCC_FIC_x_CLK/PF_CCC_C0_0/pll_inst_0/OUT0 to FIC_0_PERIPHERALS_0/security_core_0/rng/neoTRNG_0/entropy_cell_gen.0.neoTRNG_cell_inst/sreg_1[0]:Q

----------------------------------------------------

Clock Domain FIC_0_PERIPHERALS_0/security_core_0/rng/neoTRNG_0/entropy_cell_gen.0.neoTRNG_cell_inst/sreg_2[0]:Q

Info: The maximum frequency of this clock domain is limited by the minimum pulse widths of pin FIC_0_PERIPHERALS_0/security_core_0/rng/neoTRNG_0/entropy_cell_gen.0.neoTRNG_cell_inst/ring_osc_gen.2.latch[2]:CLK

SET Register to Register

No Path 

END SET Register to Register

----------------------------------------------------

SET External Setup

No Path 

END SET External Setup

----------------------------------------------------

SET Clock to Output

No Path 

END SET Clock to Output

----------------------------------------------------

SET FIC_0_PERIPHERALS_0/security_core_0/rng/neoTRNG_0/entropy_cell_gen.0.neoTRNG_cell_inst/sreg_1[0]:Q to FIC_0_PERIPHERALS_0/security_core_0/rng/neoTRNG_0/entropy_cell_gen.0.neoTRNG_cell_inst/sreg_2[0]:Q

No Path 

END SET FIC_0_PERIPHERALS_0/security_core_0/rng/neoTRNG_0/entropy_cell_gen.0.neoTRNG_cell_inst/sreg_1[0]:Q to FIC_0_PERIPHERALS_0/security_core_0/rng/neoTRNG_0/entropy_cell_gen.0.neoTRNG_cell_inst/sreg_2[0]:Q

----------------------------------------------------

SET Register to Asynchronous

No Path 

END SET Register to Asynchronous

----------------------------------------------------

SET External Recovery

No Path 

END SET External Recovery

----------------------------------------------------

SET Asynchronous to Register

No Path 

END SET Asynchronous to Register

----------------------------------------------------

SET CLOCKS_AND_RESETS_0/CCC_FIC_x_CLK/PF_CCC_C0_0/pll_inst_0/OUT0 to FIC_0_PERIPHERALS_0/security_core_0/rng/neoTRNG_0/entropy_cell_gen.0.neoTRNG_cell_inst/sreg_2[0]:Q

No Path 

END SET CLOCKS_AND_RESETS_0/CCC_FIC_x_CLK/PF_CCC_C0_0/pll_inst_0/OUT0 to FIC_0_PERIPHERALS_0/security_core_0/rng/neoTRNG_0/entropy_cell_gen.0.neoTRNG_cell_inst/sreg_2[0]:Q

----------------------------------------------------

Clock Domain FIC_0_PERIPHERALS_0/security_core_0/rng/neoTRNG_0/entropy_cell_gen.0.neoTRNG_cell_inst/sreg_3[0]:Q

Info: The maximum frequency of this clock domain is limited by the minimum pulse widths of pin FIC_0_PERIPHERALS_0/security_core_0/rng/neoTRNG_0/entropy_cell_gen.0.neoTRNG_cell_inst/ring_osc_gen.3.latch[3]:CLK

SET Register to Register

No Path 

END SET Register to Register

----------------------------------------------------

SET External Setup

No Path 

END SET External Setup

----------------------------------------------------

SET Clock to Output

No Path 

END SET Clock to Output

----------------------------------------------------

SET FIC_0_PERIPHERALS_0/security_core_0/rng/neoTRNG_0/entropy_cell_gen.0.neoTRNG_cell_inst/sreg_2[0]:Q to FIC_0_PERIPHERALS_0/security_core_0/rng/neoTRNG_0/entropy_cell_gen.0.neoTRNG_cell_inst/sreg_3[0]:Q

No Path 

END SET FIC_0_PERIPHERALS_0/security_core_0/rng/neoTRNG_0/entropy_cell_gen.0.neoTRNG_cell_inst/sreg_2[0]:Q to FIC_0_PERIPHERALS_0/security_core_0/rng/neoTRNG_0/entropy_cell_gen.0.neoTRNG_cell_inst/sreg_3[0]:Q

----------------------------------------------------

SET Register to Asynchronous

No Path 

END SET Register to Asynchronous

----------------------------------------------------

SET External Recovery

No Path 

END SET External Recovery

----------------------------------------------------

SET Asynchronous to Register

No Path 

END SET Asynchronous to Register

----------------------------------------------------

SET CLOCKS_AND_RESETS_0/CCC_FIC_x_CLK/PF_CCC_C0_0/pll_inst_0/OUT0 to FIC_0_PERIPHERALS_0/security_core_0/rng/neoTRNG_0/entropy_cell_gen.0.neoTRNG_cell_inst/sreg_3[0]:Q

No Path 

END SET CLOCKS_AND_RESETS_0/CCC_FIC_x_CLK/PF_CCC_C0_0/pll_inst_0/OUT0 to FIC_0_PERIPHERALS_0/security_core_0/rng/neoTRNG_0/entropy_cell_gen.0.neoTRNG_cell_inst/sreg_3[0]:Q

----------------------------------------------------

Clock Domain FIC_0_PERIPHERALS_0/security_core_0/rng/neoTRNG_0/entropy_cell_gen.0.neoTRNG_cell_inst/sreg_4[0]:Q

Info: The maximum frequency of this clock domain is limited by the minimum pulse widths of pin FIC_0_PERIPHERALS_0/security_core_0/rng/neoTRNG_0/entropy_cell_gen.0.neoTRNG_cell_inst/ring_osc_gen.4.latch[4]:CLK

SET Register to Register

No Path 

END SET Register to Register

----------------------------------------------------

SET External Setup

No Path 

END SET External Setup

----------------------------------------------------

SET Clock to Output

No Path 

END SET Clock to Output

----------------------------------------------------

SET FIC_0_PERIPHERALS_0/security_core_0/rng/neoTRNG_0/entropy_cell_gen.0.neoTRNG_cell_inst/sreg_3[0]:Q to FIC_0_PERIPHERALS_0/security_core_0/rng/neoTRNG_0/entropy_cell_gen.0.neoTRNG_cell_inst/sreg_4[0]:Q

No Path 

END SET FIC_0_PERIPHERALS_0/security_core_0/rng/neoTRNG_0/entropy_cell_gen.0.neoTRNG_cell_inst/sreg_3[0]:Q to FIC_0_PERIPHERALS_0/security_core_0/rng/neoTRNG_0/entropy_cell_gen.0.neoTRNG_cell_inst/sreg_4[0]:Q

----------------------------------------------------

SET Register to Asynchronous

No Path 

END SET Register to Asynchronous

----------------------------------------------------

SET External Recovery

No Path 

END SET External Recovery

----------------------------------------------------

SET Asynchronous to Register

No Path 

END SET Asynchronous to Register

----------------------------------------------------

SET CLOCKS_AND_RESETS_0/CCC_FIC_x_CLK/PF_CCC_C0_0/pll_inst_0/OUT0 to FIC_0_PERIPHERALS_0/security_core_0/rng/neoTRNG_0/entropy_cell_gen.0.neoTRNG_cell_inst/sreg_4[0]:Q

No Path 

END SET CLOCKS_AND_RESETS_0/CCC_FIC_x_CLK/PF_CCC_C0_0/pll_inst_0/OUT0 to FIC_0_PERIPHERALS_0/security_core_0/rng/neoTRNG_0/entropy_cell_gen.0.neoTRNG_cell_inst/sreg_4[0]:Q

----------------------------------------------------

Clock Domain FIC_0_PERIPHERALS_0/security_core_0/rng/neoTRNG_0/entropy_cell_gen.1.neoTRNG_cell_inst/sreg_0[0]:Q

Info: The maximum frequency of this clock domain is limited by the minimum pulse widths of pin FIC_0_PERIPHERALS_0/security_core_0/rng/neoTRNG_0/entropy_cell_gen.1.neoTRNG_cell_inst/ring_osc_gen.0.latch[0]:CLK

SET Register to Register

No Path 

END SET Register to Register

----------------------------------------------------

SET External Setup

No Path 

END SET External Setup

----------------------------------------------------

SET Clock to Output

No Path 

END SET Clock to Output

----------------------------------------------------

SET FIC_0_PERIPHERALS_0/security_core_0/rng/neoTRNG_0/entropy_cell_gen.0.neoTRNG_cell_inst/sreg_4[0]:Q to FIC_0_PERIPHERALS_0/security_core_0/rng/neoTRNG_0/entropy_cell_gen.1.neoTRNG_cell_inst/sreg_0[0]:Q

No Path 

END SET FIC_0_PERIPHERALS_0/security_core_0/rng/neoTRNG_0/entropy_cell_gen.0.neoTRNG_cell_inst/sreg_4[0]:Q to FIC_0_PERIPHERALS_0/security_core_0/rng/neoTRNG_0/entropy_cell_gen.1.neoTRNG_cell_inst/sreg_0[0]:Q

----------------------------------------------------

SET FIC_0_PERIPHERALS_0/security_core_0/rng/neoTRNG_0/entropy_cell_gen.1.neoTRNG_cell_inst/sreg_6[0]:Q to FIC_0_PERIPHERALS_0/security_core_0/rng/neoTRNG_0/entropy_cell_gen.1.neoTRNG_cell_inst/sreg_0[0]:Q

No Path 

END SET FIC_0_PERIPHERALS_0/security_core_0/rng/neoTRNG_0/entropy_cell_gen.1.neoTRNG_cell_inst/sreg_6[0]:Q to FIC_0_PERIPHERALS_0/security_core_0/rng/neoTRNG_0/entropy_cell_gen.1.neoTRNG_cell_inst/sreg_0[0]:Q

----------------------------------------------------

SET Register to Asynchronous

No Path 

END SET Register to Asynchronous

----------------------------------------------------

SET External Recovery

No Path 

END SET External Recovery

----------------------------------------------------

SET Asynchronous to Register

No Path 

END SET Asynchronous to Register

----------------------------------------------------

SET CLOCKS_AND_RESETS_0/CCC_FIC_x_CLK/PF_CCC_C0_0/pll_inst_0/OUT0 to FIC_0_PERIPHERALS_0/security_core_0/rng/neoTRNG_0/entropy_cell_gen.1.neoTRNG_cell_inst/sreg_0[0]:Q

No Path 

END SET CLOCKS_AND_RESETS_0/CCC_FIC_x_CLK/PF_CCC_C0_0/pll_inst_0/OUT0 to FIC_0_PERIPHERALS_0/security_core_0/rng/neoTRNG_0/entropy_cell_gen.1.neoTRNG_cell_inst/sreg_0[0]:Q

----------------------------------------------------

Clock Domain FIC_0_PERIPHERALS_0/security_core_0/rng/neoTRNG_0/entropy_cell_gen.1.neoTRNG_cell_inst/sreg_1[0]:Q

Info: The maximum frequency of this clock domain is limited by the minimum pulse widths of pin FIC_0_PERIPHERALS_0/security_core_0/rng/neoTRNG_0/entropy_cell_gen.1.neoTRNG_cell_inst/ring_osc_gen.1.latch[1]:CLK

SET Register to Register

No Path 

END SET Register to Register

----------------------------------------------------

SET External Setup

No Path 

END SET External Setup

----------------------------------------------------

SET Clock to Output

No Path 

END SET Clock to Output

----------------------------------------------------

SET FIC_0_PERIPHERALS_0/security_core_0/rng/neoTRNG_0/entropy_cell_gen.0.neoTRNG_cell_inst/sreg_4[0]:Q to FIC_0_PERIPHERALS_0/security_core_0/rng/neoTRNG_0/entropy_cell_gen.1.neoTRNG_cell_inst/sreg_1[0]:Q

No Path 

END SET FIC_0_PERIPHERALS_0/security_core_0/rng/neoTRNG_0/entropy_cell_gen.0.neoTRNG_cell_inst/sreg_4[0]:Q to FIC_0_PERIPHERALS_0/security_core_0/rng/neoTRNG_0/entropy_cell_gen.1.neoTRNG_cell_inst/sreg_1[0]:Q

----------------------------------------------------

SET FIC_0_PERIPHERALS_0/security_core_0/rng/neoTRNG_0/entropy_cell_gen.1.neoTRNG_cell_inst/sreg_0[0]:Q to FIC_0_PERIPHERALS_0/security_core_0/rng/neoTRNG_0/entropy_cell_gen.1.neoTRNG_cell_inst/sreg_1[0]:Q

No Path 

END SET FIC_0_PERIPHERALS_0/security_core_0/rng/neoTRNG_0/entropy_cell_gen.1.neoTRNG_cell_inst/sreg_0[0]:Q to FIC_0_PERIPHERALS_0/security_core_0/rng/neoTRNG_0/entropy_cell_gen.1.neoTRNG_cell_inst/sreg_1[0]:Q

----------------------------------------------------

SET Register to Asynchronous

No Path 

END SET Register to Asynchronous

----------------------------------------------------

SET External Recovery

No Path 

END SET External Recovery

----------------------------------------------------

SET Asynchronous to Register

No Path 

END SET Asynchronous to Register

----------------------------------------------------

SET CLOCKS_AND_RESETS_0/CCC_FIC_x_CLK/PF_CCC_C0_0/pll_inst_0/OUT0 to FIC_0_PERIPHERALS_0/security_core_0/rng/neoTRNG_0/entropy_cell_gen.1.neoTRNG_cell_inst/sreg_1[0]:Q

No Path 

END SET CLOCKS_AND_RESETS_0/CCC_FIC_x_CLK/PF_CCC_C0_0/pll_inst_0/OUT0 to FIC_0_PERIPHERALS_0/security_core_0/rng/neoTRNG_0/entropy_cell_gen.1.neoTRNG_cell_inst/sreg_1[0]:Q

----------------------------------------------------

Clock Domain FIC_0_PERIPHERALS_0/security_core_0/rng/neoTRNG_0/entropy_cell_gen.1.neoTRNG_cell_inst/sreg_2[0]:Q

Info: The maximum frequency of this clock domain is limited by the minimum pulse widths of pin FIC_0_PERIPHERALS_0/security_core_0/rng/neoTRNG_0/entropy_cell_gen.1.neoTRNG_cell_inst/ring_osc_gen.2.latch[2]:CLK

SET Register to Register

No Path 

END SET Register to Register

----------------------------------------------------

SET External Setup

No Path 

END SET External Setup

----------------------------------------------------

SET Clock to Output

No Path 

END SET Clock to Output

----------------------------------------------------

SET FIC_0_PERIPHERALS_0/security_core_0/rng/neoTRNG_0/entropy_cell_gen.0.neoTRNG_cell_inst/sreg_4[0]:Q to FIC_0_PERIPHERALS_0/security_core_0/rng/neoTRNG_0/entropy_cell_gen.1.neoTRNG_cell_inst/sreg_2[0]:Q

No Path 

END SET FIC_0_PERIPHERALS_0/security_core_0/rng/neoTRNG_0/entropy_cell_gen.0.neoTRNG_cell_inst/sreg_4[0]:Q to FIC_0_PERIPHERALS_0/security_core_0/rng/neoTRNG_0/entropy_cell_gen.1.neoTRNG_cell_inst/sreg_2[0]:Q

----------------------------------------------------

SET FIC_0_PERIPHERALS_0/security_core_0/rng/neoTRNG_0/entropy_cell_gen.1.neoTRNG_cell_inst/sreg_1[0]:Q to FIC_0_PERIPHERALS_0/security_core_0/rng/neoTRNG_0/entropy_cell_gen.1.neoTRNG_cell_inst/sreg_2[0]:Q

No Path 

END SET FIC_0_PERIPHERALS_0/security_core_0/rng/neoTRNG_0/entropy_cell_gen.1.neoTRNG_cell_inst/sreg_1[0]:Q to FIC_0_PERIPHERALS_0/security_core_0/rng/neoTRNG_0/entropy_cell_gen.1.neoTRNG_cell_inst/sreg_2[0]:Q

----------------------------------------------------

SET Register to Asynchronous

No Path 

END SET Register to Asynchronous

----------------------------------------------------

SET External Recovery

No Path 

END SET External Recovery

----------------------------------------------------

SET Asynchronous to Register

No Path 

END SET Asynchronous to Register

----------------------------------------------------

SET CLOCKS_AND_RESETS_0/CCC_FIC_x_CLK/PF_CCC_C0_0/pll_inst_0/OUT0 to FIC_0_PERIPHERALS_0/security_core_0/rng/neoTRNG_0/entropy_cell_gen.1.neoTRNG_cell_inst/sreg_2[0]:Q

No Path 

END SET CLOCKS_AND_RESETS_0/CCC_FIC_x_CLK/PF_CCC_C0_0/pll_inst_0/OUT0 to FIC_0_PERIPHERALS_0/security_core_0/rng/neoTRNG_0/entropy_cell_gen.1.neoTRNG_cell_inst/sreg_2[0]:Q

----------------------------------------------------

Clock Domain FIC_0_PERIPHERALS_0/security_core_0/rng/neoTRNG_0/entropy_cell_gen.1.neoTRNG_cell_inst/sreg_3[0]:Q

Info: The maximum frequency of this clock domain is limited by the minimum pulse widths of pin FIC_0_PERIPHERALS_0/security_core_0/rng/neoTRNG_0/entropy_cell_gen.1.neoTRNG_cell_inst/ring_osc_gen.3.latch[3]:CLK

SET Register to Register

No Path 

END SET Register to Register

----------------------------------------------------

SET External Setup

No Path 

END SET External Setup

----------------------------------------------------

SET Clock to Output

No Path 

END SET Clock to Output

----------------------------------------------------

SET FIC_0_PERIPHERALS_0/security_core_0/rng/neoTRNG_0/entropy_cell_gen.0.neoTRNG_cell_inst/sreg_4[0]:Q to FIC_0_PERIPHERALS_0/security_core_0/rng/neoTRNG_0/entropy_cell_gen.1.neoTRNG_cell_inst/sreg_3[0]:Q

No Path 

END SET FIC_0_PERIPHERALS_0/security_core_0/rng/neoTRNG_0/entropy_cell_gen.0.neoTRNG_cell_inst/sreg_4[0]:Q to FIC_0_PERIPHERALS_0/security_core_0/rng/neoTRNG_0/entropy_cell_gen.1.neoTRNG_cell_inst/sreg_3[0]:Q

----------------------------------------------------

SET FIC_0_PERIPHERALS_0/security_core_0/rng/neoTRNG_0/entropy_cell_gen.1.neoTRNG_cell_inst/sreg_2[0]:Q to FIC_0_PERIPHERALS_0/security_core_0/rng/neoTRNG_0/entropy_cell_gen.1.neoTRNG_cell_inst/sreg_3[0]:Q

No Path 

END SET FIC_0_PERIPHERALS_0/security_core_0/rng/neoTRNG_0/entropy_cell_gen.1.neoTRNG_cell_inst/sreg_2[0]:Q to FIC_0_PERIPHERALS_0/security_core_0/rng/neoTRNG_0/entropy_cell_gen.1.neoTRNG_cell_inst/sreg_3[0]:Q

----------------------------------------------------

SET Register to Asynchronous

No Path 

END SET Register to Asynchronous

----------------------------------------------------

SET External Recovery

No Path 

END SET External Recovery

----------------------------------------------------

SET Asynchronous to Register

No Path 

END SET Asynchronous to Register

----------------------------------------------------

SET CLOCKS_AND_RESETS_0/CCC_FIC_x_CLK/PF_CCC_C0_0/pll_inst_0/OUT0 to FIC_0_PERIPHERALS_0/security_core_0/rng/neoTRNG_0/entropy_cell_gen.1.neoTRNG_cell_inst/sreg_3[0]:Q

No Path 

END SET CLOCKS_AND_RESETS_0/CCC_FIC_x_CLK/PF_CCC_C0_0/pll_inst_0/OUT0 to FIC_0_PERIPHERALS_0/security_core_0/rng/neoTRNG_0/entropy_cell_gen.1.neoTRNG_cell_inst/sreg_3[0]:Q

----------------------------------------------------

Clock Domain FIC_0_PERIPHERALS_0/security_core_0/rng/neoTRNG_0/entropy_cell_gen.1.neoTRNG_cell_inst/sreg_4[0]:Q

Info: The maximum frequency of this clock domain is limited by the minimum pulse widths of pin FIC_0_PERIPHERALS_0/security_core_0/rng/neoTRNG_0/entropy_cell_gen.1.neoTRNG_cell_inst/ring_osc_gen.4.latch[4]:CLK

SET Register to Register

No Path 

END SET Register to Register

----------------------------------------------------

SET External Setup

No Path 

END SET External Setup

----------------------------------------------------

SET Clock to Output

No Path 

END SET Clock to Output

----------------------------------------------------

SET FIC_0_PERIPHERALS_0/security_core_0/rng/neoTRNG_0/entropy_cell_gen.0.neoTRNG_cell_inst/sreg_4[0]:Q to FIC_0_PERIPHERALS_0/security_core_0/rng/neoTRNG_0/entropy_cell_gen.1.neoTRNG_cell_inst/sreg_4[0]:Q

No Path 

END SET FIC_0_PERIPHERALS_0/security_core_0/rng/neoTRNG_0/entropy_cell_gen.0.neoTRNG_cell_inst/sreg_4[0]:Q to FIC_0_PERIPHERALS_0/security_core_0/rng/neoTRNG_0/entropy_cell_gen.1.neoTRNG_cell_inst/sreg_4[0]:Q

----------------------------------------------------

SET FIC_0_PERIPHERALS_0/security_core_0/rng/neoTRNG_0/entropy_cell_gen.1.neoTRNG_cell_inst/sreg_3[0]:Q to FIC_0_PERIPHERALS_0/security_core_0/rng/neoTRNG_0/entropy_cell_gen.1.neoTRNG_cell_inst/sreg_4[0]:Q

No Path 

END SET FIC_0_PERIPHERALS_0/security_core_0/rng/neoTRNG_0/entropy_cell_gen.1.neoTRNG_cell_inst/sreg_3[0]:Q to FIC_0_PERIPHERALS_0/security_core_0/rng/neoTRNG_0/entropy_cell_gen.1.neoTRNG_cell_inst/sreg_4[0]:Q

----------------------------------------------------

SET Register to Asynchronous

No Path 

END SET Register to Asynchronous

----------------------------------------------------

SET External Recovery

No Path 

END SET External Recovery

----------------------------------------------------

SET Asynchronous to Register

No Path 

END SET Asynchronous to Register

----------------------------------------------------

SET CLOCKS_AND_RESETS_0/CCC_FIC_x_CLK/PF_CCC_C0_0/pll_inst_0/OUT0 to FIC_0_PERIPHERALS_0/security_core_0/rng/neoTRNG_0/entropy_cell_gen.1.neoTRNG_cell_inst/sreg_4[0]:Q

No Path 

END SET CLOCKS_AND_RESETS_0/CCC_FIC_x_CLK/PF_CCC_C0_0/pll_inst_0/OUT0 to FIC_0_PERIPHERALS_0/security_core_0/rng/neoTRNG_0/entropy_cell_gen.1.neoTRNG_cell_inst/sreg_4[0]:Q

----------------------------------------------------

Clock Domain FIC_0_PERIPHERALS_0/security_core_0/rng/neoTRNG_0/entropy_cell_gen.1.neoTRNG_cell_inst/sreg_5[0]:Q

Info: The maximum frequency of this clock domain is limited by the minimum pulse widths of pin FIC_0_PERIPHERALS_0/security_core_0/rng/neoTRNG_0/entropy_cell_gen.1.neoTRNG_cell_inst/ring_osc_gen.5.latch[5]:CLK

SET Register to Register

No Path 

END SET Register to Register

----------------------------------------------------

SET External Setup

No Path 

END SET External Setup

----------------------------------------------------

SET Clock to Output

No Path 

END SET Clock to Output

----------------------------------------------------

SET FIC_0_PERIPHERALS_0/security_core_0/rng/neoTRNG_0/entropy_cell_gen.0.neoTRNG_cell_inst/sreg_4[0]:Q to FIC_0_PERIPHERALS_0/security_core_0/rng/neoTRNG_0/entropy_cell_gen.1.neoTRNG_cell_inst/sreg_5[0]:Q

No Path 

END SET FIC_0_PERIPHERALS_0/security_core_0/rng/neoTRNG_0/entropy_cell_gen.0.neoTRNG_cell_inst/sreg_4[0]:Q to FIC_0_PERIPHERALS_0/security_core_0/rng/neoTRNG_0/entropy_cell_gen.1.neoTRNG_cell_inst/sreg_5[0]:Q

----------------------------------------------------

SET FIC_0_PERIPHERALS_0/security_core_0/rng/neoTRNG_0/entropy_cell_gen.1.neoTRNG_cell_inst/sreg_4[0]:Q to FIC_0_PERIPHERALS_0/security_core_0/rng/neoTRNG_0/entropy_cell_gen.1.neoTRNG_cell_inst/sreg_5[0]:Q

No Path 

END SET FIC_0_PERIPHERALS_0/security_core_0/rng/neoTRNG_0/entropy_cell_gen.1.neoTRNG_cell_inst/sreg_4[0]:Q to FIC_0_PERIPHERALS_0/security_core_0/rng/neoTRNG_0/entropy_cell_gen.1.neoTRNG_cell_inst/sreg_5[0]:Q

----------------------------------------------------

SET Register to Asynchronous

No Path 

END SET Register to Asynchronous

----------------------------------------------------

SET External Recovery

No Path 

END SET External Recovery

----------------------------------------------------

SET Asynchronous to Register

No Path 

END SET Asynchronous to Register

----------------------------------------------------

SET CLOCKS_AND_RESETS_0/CCC_FIC_x_CLK/PF_CCC_C0_0/pll_inst_0/OUT0 to FIC_0_PERIPHERALS_0/security_core_0/rng/neoTRNG_0/entropy_cell_gen.1.neoTRNG_cell_inst/sreg_5[0]:Q

No Path 

END SET CLOCKS_AND_RESETS_0/CCC_FIC_x_CLK/PF_CCC_C0_0/pll_inst_0/OUT0 to FIC_0_PERIPHERALS_0/security_core_0/rng/neoTRNG_0/entropy_cell_gen.1.neoTRNG_cell_inst/sreg_5[0]:Q

----------------------------------------------------

Clock Domain FIC_0_PERIPHERALS_0/security_core_0/rng/neoTRNG_0/entropy_cell_gen.1.neoTRNG_cell_inst/sreg_6[0]:Q

Info: The maximum frequency of this clock domain is limited by the minimum pulse widths of pin FIC_0_PERIPHERALS_0/security_core_0/rng/neoTRNG_0/entropy_cell_gen.1.neoTRNG_cell_inst/ring_osc_gen.6.latch[6]:CLK

SET Register to Register

No Path 

END SET Register to Register

----------------------------------------------------

SET External Setup

No Path 

END SET External Setup

----------------------------------------------------

SET Clock to Output

No Path 

END SET Clock to Output

----------------------------------------------------

SET FIC_0_PERIPHERALS_0/security_core_0/rng/neoTRNG_0/entropy_cell_gen.0.neoTRNG_cell_inst/sreg_4[0]:Q to FIC_0_PERIPHERALS_0/security_core_0/rng/neoTRNG_0/entropy_cell_gen.1.neoTRNG_cell_inst/sreg_6[0]:Q

No Path 

END SET FIC_0_PERIPHERALS_0/security_core_0/rng/neoTRNG_0/entropy_cell_gen.0.neoTRNG_cell_inst/sreg_4[0]:Q to FIC_0_PERIPHERALS_0/security_core_0/rng/neoTRNG_0/entropy_cell_gen.1.neoTRNG_cell_inst/sreg_6[0]:Q

----------------------------------------------------

SET FIC_0_PERIPHERALS_0/security_core_0/rng/neoTRNG_0/entropy_cell_gen.1.neoTRNG_cell_inst/sreg_5[0]:Q to FIC_0_PERIPHERALS_0/security_core_0/rng/neoTRNG_0/entropy_cell_gen.1.neoTRNG_cell_inst/sreg_6[0]:Q

No Path 

END SET FIC_0_PERIPHERALS_0/security_core_0/rng/neoTRNG_0/entropy_cell_gen.1.neoTRNG_cell_inst/sreg_5[0]:Q to FIC_0_PERIPHERALS_0/security_core_0/rng/neoTRNG_0/entropy_cell_gen.1.neoTRNG_cell_inst/sreg_6[0]:Q

----------------------------------------------------

SET Register to Asynchronous

No Path 

END SET Register to Asynchronous

----------------------------------------------------

SET External Recovery

No Path 

END SET External Recovery

----------------------------------------------------

SET Asynchronous to Register

No Path 

END SET Asynchronous to Register

----------------------------------------------------

SET CLOCKS_AND_RESETS_0/CCC_FIC_x_CLK/PF_CCC_C0_0/pll_inst_0/OUT0 to FIC_0_PERIPHERALS_0/security_core_0/rng/neoTRNG_0/entropy_cell_gen.1.neoTRNG_cell_inst/sreg_6[0]:Q

No Path 

END SET CLOCKS_AND_RESETS_0/CCC_FIC_x_CLK/PF_CCC_C0_0/pll_inst_0/OUT0 to FIC_0_PERIPHERALS_0/security_core_0/rng/neoTRNG_0/entropy_cell_gen.1.neoTRNG_cell_inst/sreg_6[0]:Q

----------------------------------------------------

Clock Domain FIC_0_PERIPHERALS_0/security_core_0/rng/neoTRNG_0/entropy_cell_gen.2.neoTRNG_cell_inst/sreg_0[0]:Q

Info: The maximum frequency of this clock domain is limited by the minimum pulse widths of pin FIC_0_PERIPHERALS_0/security_core_0/rng/neoTRNG_0/entropy_cell_gen.2.neoTRNG_cell_inst/ring_osc_gen.0.latch[0]:CLK

SET Register to Register

No Path 

END SET Register to Register

----------------------------------------------------

SET External Setup

No Path 

END SET External Setup

----------------------------------------------------

SET Clock to Output

No Path 

END SET Clock to Output

----------------------------------------------------

SET FIC_0_PERIPHERALS_0/security_core_0/rng/neoTRNG_0/entropy_cell_gen.1.neoTRNG_cell_inst/sreg_6[0]:Q to FIC_0_PERIPHERALS_0/security_core_0/rng/neoTRNG_0/entropy_cell_gen.2.neoTRNG_cell_inst/sreg_0[0]:Q

No Path 

END SET FIC_0_PERIPHERALS_0/security_core_0/rng/neoTRNG_0/entropy_cell_gen.1.neoTRNG_cell_inst/sreg_6[0]:Q to FIC_0_PERIPHERALS_0/security_core_0/rng/neoTRNG_0/entropy_cell_gen.2.neoTRNG_cell_inst/sreg_0[0]:Q

----------------------------------------------------

SET FIC_0_PERIPHERALS_0/security_core_0/rng/neoTRNG_0/entropy_cell_gen.2.neoTRNG_cell_inst/sreg_8[0]:Q to FIC_0_PERIPHERALS_0/security_core_0/rng/neoTRNG_0/entropy_cell_gen.2.neoTRNG_cell_inst/sreg_0[0]:Q

No Path 

END SET FIC_0_PERIPHERALS_0/security_core_0/rng/neoTRNG_0/entropy_cell_gen.2.neoTRNG_cell_inst/sreg_8[0]:Q to FIC_0_PERIPHERALS_0/security_core_0/rng/neoTRNG_0/entropy_cell_gen.2.neoTRNG_cell_inst/sreg_0[0]:Q

----------------------------------------------------

SET Register to Asynchronous

No Path 

END SET Register to Asynchronous

----------------------------------------------------

SET External Recovery

No Path 

END SET External Recovery

----------------------------------------------------

SET Asynchronous to Register

No Path 

END SET Asynchronous to Register

----------------------------------------------------

SET CLOCKS_AND_RESETS_0/CCC_FIC_x_CLK/PF_CCC_C0_0/pll_inst_0/OUT0 to FIC_0_PERIPHERALS_0/security_core_0/rng/neoTRNG_0/entropy_cell_gen.2.neoTRNG_cell_inst/sreg_0[0]:Q

No Path 

END SET CLOCKS_AND_RESETS_0/CCC_FIC_x_CLK/PF_CCC_C0_0/pll_inst_0/OUT0 to FIC_0_PERIPHERALS_0/security_core_0/rng/neoTRNG_0/entropy_cell_gen.2.neoTRNG_cell_inst/sreg_0[0]:Q

----------------------------------------------------

Clock Domain FIC_0_PERIPHERALS_0/security_core_0/rng/neoTRNG_0/entropy_cell_gen.2.neoTRNG_cell_inst/sreg_1[0]:Q

Info: The maximum frequency of this clock domain is limited by the minimum pulse widths of pin FIC_0_PERIPHERALS_0/security_core_0/rng/neoTRNG_0/entropy_cell_gen.2.neoTRNG_cell_inst/ring_osc_gen.1.latch[1]:CLK

SET Register to Register

No Path 

END SET Register to Register

----------------------------------------------------

SET External Setup

No Path 

END SET External Setup

----------------------------------------------------

SET Clock to Output

No Path 

END SET Clock to Output

----------------------------------------------------

SET FIC_0_PERIPHERALS_0/security_core_0/rng/neoTRNG_0/entropy_cell_gen.1.neoTRNG_cell_inst/sreg_6[0]:Q to FIC_0_PERIPHERALS_0/security_core_0/rng/neoTRNG_0/entropy_cell_gen.2.neoTRNG_cell_inst/sreg_1[0]:Q

No Path 

END SET FIC_0_PERIPHERALS_0/security_core_0/rng/neoTRNG_0/entropy_cell_gen.1.neoTRNG_cell_inst/sreg_6[0]:Q to FIC_0_PERIPHERALS_0/security_core_0/rng/neoTRNG_0/entropy_cell_gen.2.neoTRNG_cell_inst/sreg_1[0]:Q

----------------------------------------------------

SET FIC_0_PERIPHERALS_0/security_core_0/rng/neoTRNG_0/entropy_cell_gen.2.neoTRNG_cell_inst/sreg_0[0]:Q to FIC_0_PERIPHERALS_0/security_core_0/rng/neoTRNG_0/entropy_cell_gen.2.neoTRNG_cell_inst/sreg_1[0]:Q

No Path 

END SET FIC_0_PERIPHERALS_0/security_core_0/rng/neoTRNG_0/entropy_cell_gen.2.neoTRNG_cell_inst/sreg_0[0]:Q to FIC_0_PERIPHERALS_0/security_core_0/rng/neoTRNG_0/entropy_cell_gen.2.neoTRNG_cell_inst/sreg_1[0]:Q

----------------------------------------------------

SET Register to Asynchronous

No Path 

END SET Register to Asynchronous

----------------------------------------------------

SET External Recovery

No Path 

END SET External Recovery

----------------------------------------------------

SET Asynchronous to Register

No Path 

END SET Asynchronous to Register

----------------------------------------------------

SET CLOCKS_AND_RESETS_0/CCC_FIC_x_CLK/PF_CCC_C0_0/pll_inst_0/OUT0 to FIC_0_PERIPHERALS_0/security_core_0/rng/neoTRNG_0/entropy_cell_gen.2.neoTRNG_cell_inst/sreg_1[0]:Q

No Path 

END SET CLOCKS_AND_RESETS_0/CCC_FIC_x_CLK/PF_CCC_C0_0/pll_inst_0/OUT0 to FIC_0_PERIPHERALS_0/security_core_0/rng/neoTRNG_0/entropy_cell_gen.2.neoTRNG_cell_inst/sreg_1[0]:Q

----------------------------------------------------

Clock Domain FIC_0_PERIPHERALS_0/security_core_0/rng/neoTRNG_0/entropy_cell_gen.2.neoTRNG_cell_inst/sreg_2[0]:Q

Info: The maximum frequency of this clock domain is limited by the minimum pulse widths of pin FIC_0_PERIPHERALS_0/security_core_0/rng/neoTRNG_0/entropy_cell_gen.2.neoTRNG_cell_inst/ring_osc_gen.2.latch[2]:CLK

SET Register to Register

No Path 

END SET Register to Register

----------------------------------------------------

SET External Setup

No Path 

END SET External Setup

----------------------------------------------------

SET Clock to Output

No Path 

END SET Clock to Output

----------------------------------------------------

SET FIC_0_PERIPHERALS_0/security_core_0/rng/neoTRNG_0/entropy_cell_gen.1.neoTRNG_cell_inst/sreg_6[0]:Q to FIC_0_PERIPHERALS_0/security_core_0/rng/neoTRNG_0/entropy_cell_gen.2.neoTRNG_cell_inst/sreg_2[0]:Q

No Path 

END SET FIC_0_PERIPHERALS_0/security_core_0/rng/neoTRNG_0/entropy_cell_gen.1.neoTRNG_cell_inst/sreg_6[0]:Q to FIC_0_PERIPHERALS_0/security_core_0/rng/neoTRNG_0/entropy_cell_gen.2.neoTRNG_cell_inst/sreg_2[0]:Q

----------------------------------------------------

SET FIC_0_PERIPHERALS_0/security_core_0/rng/neoTRNG_0/entropy_cell_gen.2.neoTRNG_cell_inst/sreg_1[0]:Q to FIC_0_PERIPHERALS_0/security_core_0/rng/neoTRNG_0/entropy_cell_gen.2.neoTRNG_cell_inst/sreg_2[0]:Q

No Path 

END SET FIC_0_PERIPHERALS_0/security_core_0/rng/neoTRNG_0/entropy_cell_gen.2.neoTRNG_cell_inst/sreg_1[0]:Q to FIC_0_PERIPHERALS_0/security_core_0/rng/neoTRNG_0/entropy_cell_gen.2.neoTRNG_cell_inst/sreg_2[0]:Q

----------------------------------------------------

SET Register to Asynchronous

No Path 

END SET Register to Asynchronous

----------------------------------------------------

SET External Recovery

No Path 

END SET External Recovery

----------------------------------------------------

SET Asynchronous to Register

No Path 

END SET Asynchronous to Register

----------------------------------------------------

SET CLOCKS_AND_RESETS_0/CCC_FIC_x_CLK/PF_CCC_C0_0/pll_inst_0/OUT0 to FIC_0_PERIPHERALS_0/security_core_0/rng/neoTRNG_0/entropy_cell_gen.2.neoTRNG_cell_inst/sreg_2[0]:Q

No Path 

END SET CLOCKS_AND_RESETS_0/CCC_FIC_x_CLK/PF_CCC_C0_0/pll_inst_0/OUT0 to FIC_0_PERIPHERALS_0/security_core_0/rng/neoTRNG_0/entropy_cell_gen.2.neoTRNG_cell_inst/sreg_2[0]:Q

----------------------------------------------------

Clock Domain FIC_0_PERIPHERALS_0/security_core_0/rng/neoTRNG_0/entropy_cell_gen.2.neoTRNG_cell_inst/sreg_3[0]:Q

Info: The maximum frequency of this clock domain is limited by the minimum pulse widths of pin FIC_0_PERIPHERALS_0/security_core_0/rng/neoTRNG_0/entropy_cell_gen.2.neoTRNG_cell_inst/ring_osc_gen.3.latch[3]:CLK

SET Register to Register

No Path 

END SET Register to Register

----------------------------------------------------

SET External Setup

No Path 

END SET External Setup

----------------------------------------------------

SET Clock to Output

No Path 

END SET Clock to Output

----------------------------------------------------

SET FIC_0_PERIPHERALS_0/security_core_0/rng/neoTRNG_0/entropy_cell_gen.1.neoTRNG_cell_inst/sreg_6[0]:Q to FIC_0_PERIPHERALS_0/security_core_0/rng/neoTRNG_0/entropy_cell_gen.2.neoTRNG_cell_inst/sreg_3[0]:Q

No Path 

END SET FIC_0_PERIPHERALS_0/security_core_0/rng/neoTRNG_0/entropy_cell_gen.1.neoTRNG_cell_inst/sreg_6[0]:Q to FIC_0_PERIPHERALS_0/security_core_0/rng/neoTRNG_0/entropy_cell_gen.2.neoTRNG_cell_inst/sreg_3[0]:Q

----------------------------------------------------

SET FIC_0_PERIPHERALS_0/security_core_0/rng/neoTRNG_0/entropy_cell_gen.2.neoTRNG_cell_inst/sreg_2[0]:Q to FIC_0_PERIPHERALS_0/security_core_0/rng/neoTRNG_0/entropy_cell_gen.2.neoTRNG_cell_inst/sreg_3[0]:Q

No Path 

END SET FIC_0_PERIPHERALS_0/security_core_0/rng/neoTRNG_0/entropy_cell_gen.2.neoTRNG_cell_inst/sreg_2[0]:Q to FIC_0_PERIPHERALS_0/security_core_0/rng/neoTRNG_0/entropy_cell_gen.2.neoTRNG_cell_inst/sreg_3[0]:Q

----------------------------------------------------

SET Register to Asynchronous

No Path 

END SET Register to Asynchronous

----------------------------------------------------

SET External Recovery

No Path 

END SET External Recovery

----------------------------------------------------

SET Asynchronous to Register

No Path 

END SET Asynchronous to Register

----------------------------------------------------

SET CLOCKS_AND_RESETS_0/CCC_FIC_x_CLK/PF_CCC_C0_0/pll_inst_0/OUT0 to FIC_0_PERIPHERALS_0/security_core_0/rng/neoTRNG_0/entropy_cell_gen.2.neoTRNG_cell_inst/sreg_3[0]:Q

No Path 

END SET CLOCKS_AND_RESETS_0/CCC_FIC_x_CLK/PF_CCC_C0_0/pll_inst_0/OUT0 to FIC_0_PERIPHERALS_0/security_core_0/rng/neoTRNG_0/entropy_cell_gen.2.neoTRNG_cell_inst/sreg_3[0]:Q

----------------------------------------------------

Clock Domain FIC_0_PERIPHERALS_0/security_core_0/rng/neoTRNG_0/entropy_cell_gen.2.neoTRNG_cell_inst/sreg_4[0]:Q

Info: The maximum frequency of this clock domain is limited by the minimum pulse widths of pin FIC_0_PERIPHERALS_0/security_core_0/rng/neoTRNG_0/entropy_cell_gen.2.neoTRNG_cell_inst/ring_osc_gen.4.latch[4]:CLK

SET Register to Register

No Path 

END SET Register to Register

----------------------------------------------------

SET External Setup

No Path 

END SET External Setup

----------------------------------------------------

SET Clock to Output

No Path 

END SET Clock to Output

----------------------------------------------------

SET FIC_0_PERIPHERALS_0/security_core_0/rng/neoTRNG_0/entropy_cell_gen.1.neoTRNG_cell_inst/sreg_6[0]:Q to FIC_0_PERIPHERALS_0/security_core_0/rng/neoTRNG_0/entropy_cell_gen.2.neoTRNG_cell_inst/sreg_4[0]:Q

No Path 

END SET FIC_0_PERIPHERALS_0/security_core_0/rng/neoTRNG_0/entropy_cell_gen.1.neoTRNG_cell_inst/sreg_6[0]:Q to FIC_0_PERIPHERALS_0/security_core_0/rng/neoTRNG_0/entropy_cell_gen.2.neoTRNG_cell_inst/sreg_4[0]:Q

----------------------------------------------------

SET FIC_0_PERIPHERALS_0/security_core_0/rng/neoTRNG_0/entropy_cell_gen.2.neoTRNG_cell_inst/sreg_3[0]:Q to FIC_0_PERIPHERALS_0/security_core_0/rng/neoTRNG_0/entropy_cell_gen.2.neoTRNG_cell_inst/sreg_4[0]:Q

No Path 

END SET FIC_0_PERIPHERALS_0/security_core_0/rng/neoTRNG_0/entropy_cell_gen.2.neoTRNG_cell_inst/sreg_3[0]:Q to FIC_0_PERIPHERALS_0/security_core_0/rng/neoTRNG_0/entropy_cell_gen.2.neoTRNG_cell_inst/sreg_4[0]:Q

----------------------------------------------------

SET Register to Asynchronous

No Path 

END SET Register to Asynchronous

----------------------------------------------------

SET External Recovery

No Path 

END SET External Recovery

----------------------------------------------------

SET Asynchronous to Register

No Path 

END SET Asynchronous to Register

----------------------------------------------------

SET CLOCKS_AND_RESETS_0/CCC_FIC_x_CLK/PF_CCC_C0_0/pll_inst_0/OUT0 to FIC_0_PERIPHERALS_0/security_core_0/rng/neoTRNG_0/entropy_cell_gen.2.neoTRNG_cell_inst/sreg_4[0]:Q

No Path 

END SET CLOCKS_AND_RESETS_0/CCC_FIC_x_CLK/PF_CCC_C0_0/pll_inst_0/OUT0 to FIC_0_PERIPHERALS_0/security_core_0/rng/neoTRNG_0/entropy_cell_gen.2.neoTRNG_cell_inst/sreg_4[0]:Q

----------------------------------------------------

Clock Domain FIC_0_PERIPHERALS_0/security_core_0/rng/neoTRNG_0/entropy_cell_gen.2.neoTRNG_cell_inst/sreg_5[0]:Q

Info: The maximum frequency of this clock domain is limited by the minimum pulse widths of pin FIC_0_PERIPHERALS_0/security_core_0/rng/neoTRNG_0/entropy_cell_gen.2.neoTRNG_cell_inst/ring_osc_gen.5.latch[5]:CLK

SET Register to Register

No Path 

END SET Register to Register

----------------------------------------------------

SET External Setup

No Path 

END SET External Setup

----------------------------------------------------

SET Clock to Output

No Path 

END SET Clock to Output

----------------------------------------------------

SET FIC_0_PERIPHERALS_0/security_core_0/rng/neoTRNG_0/entropy_cell_gen.1.neoTRNG_cell_inst/sreg_6[0]:Q to FIC_0_PERIPHERALS_0/security_core_0/rng/neoTRNG_0/entropy_cell_gen.2.neoTRNG_cell_inst/sreg_5[0]:Q

No Path 

END SET FIC_0_PERIPHERALS_0/security_core_0/rng/neoTRNG_0/entropy_cell_gen.1.neoTRNG_cell_inst/sreg_6[0]:Q to FIC_0_PERIPHERALS_0/security_core_0/rng/neoTRNG_0/entropy_cell_gen.2.neoTRNG_cell_inst/sreg_5[0]:Q

----------------------------------------------------

SET FIC_0_PERIPHERALS_0/security_core_0/rng/neoTRNG_0/entropy_cell_gen.2.neoTRNG_cell_inst/sreg_4[0]:Q to FIC_0_PERIPHERALS_0/security_core_0/rng/neoTRNG_0/entropy_cell_gen.2.neoTRNG_cell_inst/sreg_5[0]:Q

No Path 

END SET FIC_0_PERIPHERALS_0/security_core_0/rng/neoTRNG_0/entropy_cell_gen.2.neoTRNG_cell_inst/sreg_4[0]:Q to FIC_0_PERIPHERALS_0/security_core_0/rng/neoTRNG_0/entropy_cell_gen.2.neoTRNG_cell_inst/sreg_5[0]:Q

----------------------------------------------------

SET Register to Asynchronous

No Path 

END SET Register to Asynchronous

----------------------------------------------------

SET External Recovery

No Path 

END SET External Recovery

----------------------------------------------------

SET Asynchronous to Register

No Path 

END SET Asynchronous to Register

----------------------------------------------------

SET CLOCKS_AND_RESETS_0/CCC_FIC_x_CLK/PF_CCC_C0_0/pll_inst_0/OUT0 to FIC_0_PERIPHERALS_0/security_core_0/rng/neoTRNG_0/entropy_cell_gen.2.neoTRNG_cell_inst/sreg_5[0]:Q

No Path 

END SET CLOCKS_AND_RESETS_0/CCC_FIC_x_CLK/PF_CCC_C0_0/pll_inst_0/OUT0 to FIC_0_PERIPHERALS_0/security_core_0/rng/neoTRNG_0/entropy_cell_gen.2.neoTRNG_cell_inst/sreg_5[0]:Q

----------------------------------------------------

Clock Domain FIC_0_PERIPHERALS_0/security_core_0/rng/neoTRNG_0/entropy_cell_gen.2.neoTRNG_cell_inst/sreg_6[0]:Q

Info: The maximum frequency of this clock domain is limited by the minimum pulse widths of pin FIC_0_PERIPHERALS_0/security_core_0/rng/neoTRNG_0/entropy_cell_gen.2.neoTRNG_cell_inst/ring_osc_gen.6.latch[6]:CLK

SET Register to Register

No Path 

END SET Register to Register

----------------------------------------------------

SET External Setup

No Path 

END SET External Setup

----------------------------------------------------

SET Clock to Output

No Path 

END SET Clock to Output

----------------------------------------------------

SET FIC_0_PERIPHERALS_0/security_core_0/rng/neoTRNG_0/entropy_cell_gen.1.neoTRNG_cell_inst/sreg_6[0]:Q to FIC_0_PERIPHERALS_0/security_core_0/rng/neoTRNG_0/entropy_cell_gen.2.neoTRNG_cell_inst/sreg_6[0]:Q

No Path 

END SET FIC_0_PERIPHERALS_0/security_core_0/rng/neoTRNG_0/entropy_cell_gen.1.neoTRNG_cell_inst/sreg_6[0]:Q to FIC_0_PERIPHERALS_0/security_core_0/rng/neoTRNG_0/entropy_cell_gen.2.neoTRNG_cell_inst/sreg_6[0]:Q

----------------------------------------------------

SET FIC_0_PERIPHERALS_0/security_core_0/rng/neoTRNG_0/entropy_cell_gen.2.neoTRNG_cell_inst/sreg_5[0]:Q to FIC_0_PERIPHERALS_0/security_core_0/rng/neoTRNG_0/entropy_cell_gen.2.neoTRNG_cell_inst/sreg_6[0]:Q

No Path 

END SET FIC_0_PERIPHERALS_0/security_core_0/rng/neoTRNG_0/entropy_cell_gen.2.neoTRNG_cell_inst/sreg_5[0]:Q to FIC_0_PERIPHERALS_0/security_core_0/rng/neoTRNG_0/entropy_cell_gen.2.neoTRNG_cell_inst/sreg_6[0]:Q

----------------------------------------------------

SET Register to Asynchronous

No Path 

END SET Register to Asynchronous

----------------------------------------------------

SET External Recovery

No Path 

END SET External Recovery

----------------------------------------------------

SET Asynchronous to Register

No Path 

END SET Asynchronous to Register

----------------------------------------------------

SET CLOCKS_AND_RESETS_0/CCC_FIC_x_CLK/PF_CCC_C0_0/pll_inst_0/OUT0 to FIC_0_PERIPHERALS_0/security_core_0/rng/neoTRNG_0/entropy_cell_gen.2.neoTRNG_cell_inst/sreg_6[0]:Q

No Path 

END SET CLOCKS_AND_RESETS_0/CCC_FIC_x_CLK/PF_CCC_C0_0/pll_inst_0/OUT0 to FIC_0_PERIPHERALS_0/security_core_0/rng/neoTRNG_0/entropy_cell_gen.2.neoTRNG_cell_inst/sreg_6[0]:Q

----------------------------------------------------

Clock Domain FIC_0_PERIPHERALS_0/security_core_0/rng/neoTRNG_0/entropy_cell_gen.2.neoTRNG_cell_inst/sreg_7[0]:Q

Info: The maximum frequency of this clock domain is limited by the minimum pulse widths of pin FIC_0_PERIPHERALS_0/security_core_0/rng/neoTRNG_0/entropy_cell_gen.2.neoTRNG_cell_inst/ring_osc_gen.7.latch[7]:CLK

SET Register to Register

No Path 

END SET Register to Register

----------------------------------------------------

SET External Setup

No Path 

END SET External Setup

----------------------------------------------------

SET Clock to Output

No Path 

END SET Clock to Output

----------------------------------------------------

SET FIC_0_PERIPHERALS_0/security_core_0/rng/neoTRNG_0/entropy_cell_gen.1.neoTRNG_cell_inst/sreg_6[0]:Q to FIC_0_PERIPHERALS_0/security_core_0/rng/neoTRNG_0/entropy_cell_gen.2.neoTRNG_cell_inst/sreg_7[0]:Q

No Path 

END SET FIC_0_PERIPHERALS_0/security_core_0/rng/neoTRNG_0/entropy_cell_gen.1.neoTRNG_cell_inst/sreg_6[0]:Q to FIC_0_PERIPHERALS_0/security_core_0/rng/neoTRNG_0/entropy_cell_gen.2.neoTRNG_cell_inst/sreg_7[0]:Q

----------------------------------------------------

SET FIC_0_PERIPHERALS_0/security_core_0/rng/neoTRNG_0/entropy_cell_gen.2.neoTRNG_cell_inst/sreg_6[0]:Q to FIC_0_PERIPHERALS_0/security_core_0/rng/neoTRNG_0/entropy_cell_gen.2.neoTRNG_cell_inst/sreg_7[0]:Q

No Path 

END SET FIC_0_PERIPHERALS_0/security_core_0/rng/neoTRNG_0/entropy_cell_gen.2.neoTRNG_cell_inst/sreg_6[0]:Q to FIC_0_PERIPHERALS_0/security_core_0/rng/neoTRNG_0/entropy_cell_gen.2.neoTRNG_cell_inst/sreg_7[0]:Q

----------------------------------------------------

SET Register to Asynchronous

No Path 

END SET Register to Asynchronous

----------------------------------------------------

SET External Recovery

No Path 

END SET External Recovery

----------------------------------------------------

SET Asynchronous to Register

No Path 

END SET Asynchronous to Register

----------------------------------------------------

SET CLOCKS_AND_RESETS_0/CCC_FIC_x_CLK/PF_CCC_C0_0/pll_inst_0/OUT0 to FIC_0_PERIPHERALS_0/security_core_0/rng/neoTRNG_0/entropy_cell_gen.2.neoTRNG_cell_inst/sreg_7[0]:Q

No Path 

END SET CLOCKS_AND_RESETS_0/CCC_FIC_x_CLK/PF_CCC_C0_0/pll_inst_0/OUT0 to FIC_0_PERIPHERALS_0/security_core_0/rng/neoTRNG_0/entropy_cell_gen.2.neoTRNG_cell_inst/sreg_7[0]:Q

----------------------------------------------------

Clock Domain FIC_0_PERIPHERALS_0/security_core_0/rng/neoTRNG_0/entropy_cell_gen.2.neoTRNG_cell_inst/sreg_8[0]:Q

Info: The maximum frequency of this clock domain is limited by the minimum pulse widths of pin FIC_0_PERIPHERALS_0/security_core_0/rng/neoTRNG_0/entropy_cell_gen.2.neoTRNG_cell_inst/ring_osc_gen.8.latch[8]:CLK

SET Register to Register

No Path 

END SET Register to Register

----------------------------------------------------

SET External Setup

No Path 

END SET External Setup

----------------------------------------------------

SET Clock to Output

No Path 

END SET Clock to Output

----------------------------------------------------

SET FIC_0_PERIPHERALS_0/security_core_0/rng/neoTRNG_0/entropy_cell_gen.1.neoTRNG_cell_inst/sreg_6[0]:Q to FIC_0_PERIPHERALS_0/security_core_0/rng/neoTRNG_0/entropy_cell_gen.2.neoTRNG_cell_inst/sreg_8[0]:Q

No Path 

END SET FIC_0_PERIPHERALS_0/security_core_0/rng/neoTRNG_0/entropy_cell_gen.1.neoTRNG_cell_inst/sreg_6[0]:Q to FIC_0_PERIPHERALS_0/security_core_0/rng/neoTRNG_0/entropy_cell_gen.2.neoTRNG_cell_inst/sreg_8[0]:Q

----------------------------------------------------

SET FIC_0_PERIPHERALS_0/security_core_0/rng/neoTRNG_0/entropy_cell_gen.2.neoTRNG_cell_inst/sreg_7[0]:Q to FIC_0_PERIPHERALS_0/security_core_0/rng/neoTRNG_0/entropy_cell_gen.2.neoTRNG_cell_inst/sreg_8[0]:Q

No Path 

END SET FIC_0_PERIPHERALS_0/security_core_0/rng/neoTRNG_0/entropy_cell_gen.2.neoTRNG_cell_inst/sreg_7[0]:Q to FIC_0_PERIPHERALS_0/security_core_0/rng/neoTRNG_0/entropy_cell_gen.2.neoTRNG_cell_inst/sreg_8[0]:Q

----------------------------------------------------

SET Register to Asynchronous

No Path 

END SET Register to Asynchronous

----------------------------------------------------

SET External Recovery

No Path 

END SET External Recovery

----------------------------------------------------

SET Asynchronous to Register

No Path 

END SET Asynchronous to Register

----------------------------------------------------

SET CLOCKS_AND_RESETS_0/CCC_FIC_x_CLK/PF_CCC_C0_0/pll_inst_0/OUT0 to FIC_0_PERIPHERALS_0/security_core_0/rng/neoTRNG_0/entropy_cell_gen.2.neoTRNG_cell_inst/sreg_8[0]:Q

No Path 

END SET CLOCKS_AND_RESETS_0/CCC_FIC_x_CLK/PF_CCC_C0_0/pll_inst_0/OUT0 to FIC_0_PERIPHERALS_0/security_core_0/rng/neoTRNG_0/entropy_cell_gen.2.neoTRNG_cell_inst/sreg_8[0]:Q

----------------------------------------------------

Clock Domain MBUS_SPI_CLK

Info: The maximum frequency of this clock domain is limited by the period of pin MSS_WRAPPER_0/MPFS_DISCOVERY_KIT_MSS_0/I_MSS:SPI_0_CLK_F2M

SET Register to Register

No Path 

END SET Register to Register

----------------------------------------------------

SET External Setup

Path 1
  From: MBUS_SPI_MISO
  To:   MSS_WRAPPER_0/MPFS_DISCOVERY_KIT_MSS_0/I_MSS:SPI_0_DI_F2M
  Delay (ns):              3.847
  Arrival (ns):            3.847
  Setup (ns):              0.909
  External Setup (ns):     1.888
  Operating Conditions: slow_lv_lt


Expanded Path 1
  From: MBUS_SPI_MISO
  To: MSS_WRAPPER_0/MPFS_DISCOVERY_KIT_MSS_0/I_MSS:SPI_0_DI_F2M
  data required time                                    N/C
  data arrival time                          -        3.847
  slack                                                 N/C
  ________________________________________________________
  Data arrival time calculation
  0.000                        MBUS_SPI_MISO (r)
               +     0.000          net: MBUS_SPI_MISO
  0.000                        MBUS_SPI_MISO_ibuf/U_IOPAD:PAD (r)
               +     1.145          cell: ADLIB:IOPAD_IN
  1.145                        MBUS_SPI_MISO_ibuf/U_IOPAD:Y (r)
               +     0.000          net: MBUS_SPI_MISO_ibuf/YIN
  1.145                        MBUS_SPI_MISO_ibuf/U_IOIN:YIN (r)
               +     0.274          cell: ADLIB:IOIN_IB_E
  1.419                        MBUS_SPI_MISO_ibuf/U_IOIN:Y (r)
               +     2.428          net: MBUS_SPI_MISO_c
  3.847                        MSS_WRAPPER_0/MPFS_DISCOVERY_KIT_MSS_0/I_MSS:SPI_0_DI_F2M (r)
                                    
  3.847                        data arrival time
  ________________________________________________________
  Data required time calculation
  N/C                          MBUS_SPI_CLK
               +     0.000          Clock source
  N/C                          MBUS_SPI_CLK (r)
               +     0.992          cell: ADLIB:IOPAD_BI
  N/C                          MSS_WRAPPER_0/SPI_0_CLK_BIBUF/U_IOPAD:Y (r)
               +     0.000          net: MSS_WRAPPER_0/SPI_0_CLK_BIBUF/YIN
  N/C                          MSS_WRAPPER_0/SPI_0_CLK_BIBUF/U_IOBI:YIN (r)
               +     0.262          cell: ADLIB:IOBI_IB_OB_EB
  N/C                          MSS_WRAPPER_0/SPI_0_CLK_BIBUF/U_IOBI:Y (r)
               +     1.614          net: MSS_WRAPPER_0/SPI_0_CLK_BIBUF_Y
  N/C                          MSS_WRAPPER_0/MPFS_DISCOVERY_KIT_MSS_0/I_MSS:SPI_0_CLK_F2M (r)
               -     0.909          Library setup time: ADLIB:MSS
  N/C                          MSS_WRAPPER_0/MPFS_DISCOVERY_KIT_MSS_0/I_MSS:SPI_0_DI_F2M


Operating Conditions : slow_lv_lt

END SET External Setup

----------------------------------------------------

SET Clock to Output

Path 1
  From: MSS_WRAPPER_0/MPFS_DISCOVERY_KIT_MSS_0/I_MSS:SPI_0_CLK_F2M
  To:   MBUS_SPI_MOSI
  Delay (ns):             10.060
  Arrival (ns):           14.019
  Clock to Out (ns):      14.019
  Operating Conditions: slow_lv_ht


Expanded Path 1
  From: MSS_WRAPPER_0/MPFS_DISCOVERY_KIT_MSS_0/I_MSS:SPI_0_CLK_F2M
  To: MBUS_SPI_MOSI
  data required time                                    N/C
  data arrival time                          -       14.019
  slack                                                 N/C
  ________________________________________________________
  Data arrival time calculation
  0.000                        MBUS_SPI_CLK
               +     0.000          Clock source
  0.000                        MBUS_SPI_CLK (f)
               +     1.302          cell: ADLIB:IOPAD_BI
  1.302                        MSS_WRAPPER_0/SPI_0_CLK_BIBUF/U_IOPAD:Y (f)
               +     0.000          net: MSS_WRAPPER_0/SPI_0_CLK_BIBUF/YIN
  1.302                        MSS_WRAPPER_0/SPI_0_CLK_BIBUF/U_IOBI:YIN (f)
               +     0.338          cell: ADLIB:IOBI_IB_OB_EB
  1.640                        MSS_WRAPPER_0/SPI_0_CLK_BIBUF/U_IOBI:Y (f)
               +     2.319          net: MSS_WRAPPER_0/SPI_0_CLK_BIBUF_Y
  3.959                        MSS_WRAPPER_0/MPFS_DISCOVERY_KIT_MSS_0/I_MSS:SPI_0_CLK_F2M (f)
               +     3.145          cell: ADLIB:MSS
  7.104                        MSS_WRAPPER_0/MPFS_DISCOVERY_KIT_MSS_0/I_MSS:SPI_0_DO_M2F (f)
               +     2.881          net: MBUS_SPI_MOSI_c
  9.985                        MBUS_SPI_MOSI_obuf/U_IOTRI:D (f)
               +     0.918          cell: ADLIB:IOTRI_OB_EB
  10.903                       MBUS_SPI_MOSI_obuf/U_IOTRI:DOUT (f)
               +     0.000          net: MBUS_SPI_MOSI_obuf/DOUT
  10.903                       MBUS_SPI_MOSI_obuf/U_IOPAD:D (f)
               +     3.116          cell: ADLIB:IOPAD_TRI
  14.019                       MBUS_SPI_MOSI_obuf/U_IOPAD:PAD (f)
               +     0.000          net: MBUS_SPI_MOSI
  14.019                       MBUS_SPI_MOSI (f)
                                    
  14.019                       data arrival time
  ________________________________________________________
  Data required time calculation
  N/C                          MBUS_SPI_CLK
                                    
  N/C                          MBUS_SPI_MOSI (f)


Operating Conditions : slow_lv_ht

END SET Clock to Output

----------------------------------------------------

SET Register to Asynchronous

No Path 

END SET Register to Asynchronous

----------------------------------------------------

SET External Recovery

Path 1
  From: MBUS_SPI_CS
  To:   MSS_WRAPPER_0/MPFS_DISCOVERY_KIT_MSS_0/I_MSS:SPI_0_SS_F2M
  Delay (ns):              3.373
  Arrival (ns):            3.373
  Recovery (ns):           1.686
  External Recovery (ns):   2.204
  Operating Conditions: slow_lv_lt


Expanded Path 1
  From: MBUS_SPI_CS
  To: MSS_WRAPPER_0/MPFS_DISCOVERY_KIT_MSS_0/I_MSS:SPI_0_SS_F2M
  data required time                                    N/C
  data arrival time                          -        3.373
  slack                                                 N/C
  ________________________________________________________
  Data arrival time calculation
  0.000                        MBUS_SPI_CS (f)
               +     1.157          cell: ADLIB:IOPAD_BI
  1.157                        MSS_WRAPPER_0/SPI_0_SS_BIBUF/U_IOPAD:Y (f)
               +     0.000          net: MSS_WRAPPER_0/SPI_0_SS_BIBUF/YIN
  1.157                        MSS_WRAPPER_0/SPI_0_SS_BIBUF/U_IOBI:YIN (f)
               +     0.267          cell: ADLIB:IOBI_IB_OB_EB
  1.424                        MSS_WRAPPER_0/SPI_0_SS_BIBUF/U_IOBI:Y (f)
               +     1.949          net: MSS_WRAPPER_0/SPI_0_SS_BIBUF_Y
  3.373                        MSS_WRAPPER_0/MPFS_DISCOVERY_KIT_MSS_0/I_MSS:SPI_0_SS_F2M (f)
                                    
  3.373                        data arrival time
  ________________________________________________________
  Data required time calculation
  N/C                          MBUS_SPI_CLK
               +     0.000          Clock source
  N/C                          MBUS_SPI_CLK (f)
               +     1.003          cell: ADLIB:IOPAD_BI
  N/C                          MSS_WRAPPER_0/SPI_0_CLK_BIBUF/U_IOPAD:Y (f)
               +     0.000          net: MSS_WRAPPER_0/SPI_0_CLK_BIBUF/YIN
  N/C                          MSS_WRAPPER_0/SPI_0_CLK_BIBUF/U_IOBI:YIN (f)
               +     0.255          cell: ADLIB:IOBI_IB_OB_EB
  N/C                          MSS_WRAPPER_0/SPI_0_CLK_BIBUF/U_IOBI:Y (f)
               +     1.597          net: MSS_WRAPPER_0/SPI_0_CLK_BIBUF_Y
  N/C                          MSS_WRAPPER_0/MPFS_DISCOVERY_KIT_MSS_0/I_MSS:SPI_0_CLK_F2M (f)
               -     1.686          Library recovery time: ADLIB:MSS
  N/C                          MSS_WRAPPER_0/MPFS_DISCOVERY_KIT_MSS_0/I_MSS:SPI_0_SS_F2M


Operating Conditions : slow_lv_lt

END SET External Recovery

----------------------------------------------------

SET Asynchronous to Register

No Path 

END SET Asynchronous to Register

----------------------------------------------------

Clock Domain MIPI_CAMERA_0/PF_CCC_C1_0/PF_CCC_C1_0/pll_inst_0/OUT0

SET Register to Register

Path 1
  From: MIPI_CAMERA_0/VDMA_C0_0/VDMA_C0_0/dma_top_0/vdma_write_0/ddr_write_vdma/data_packer_vdma_0/s_data_valid_out:CLK
  To:   MIPI_CAMERA_0/VDMA_C0_0/VDMA_C0_0/dma_top_0/vdma_write_0/ddr_write_vdma/async_fifo_vdma_0/wfull:D
  Delay (ns):              3.995
  Slack (ns):             15.771
  Arrival (ns):           11.040
  Required (ns):          26.811
  Setup (ns):              0.000
  Minimum Period (ns):     4.094
  Operating Conditions: slow_lv_ht

Path 2
  From: MIPI_CAMERA_0/VDMA_C0_0/VDMA_C0_0/dma_top_0/vdma_write_0/ddr_write_vdma/async_fifo_vdma_0/wfull:CLK
  To:   MIPI_CAMERA_0/VDMA_C0_0/VDMA_C0_0/dma_top_0/vdma_write_0/ddr_write_vdma/async_fifo_vdma_0/wfull:D
  Delay (ns):              4.040
  Slack (ns):             15.825
  Arrival (ns):           11.080
  Required (ns):          26.905
  Setup (ns):              0.000
  Minimum Period (ns):     4.040
  Operating Conditions: slow_lv_ht

Path 3
  From: MIPI_CAMERA_0/VDMA_C0_0/VDMA_C0_0/dma_top_0/vdma_write_0/ddr_write_vdma/async_fifo_vdma_0/wbin[1]:CLK
  To:   MIPI_CAMERA_0/VDMA_C0_0/VDMA_C0_0/dma_top_0/vdma_write_0/ddr_write_vdma/async_fifo_vdma_0/wfull:D
  Delay (ns):              3.664
  Slack (ns):             16.123
  Arrival (ns):           10.737
  Required (ns):          26.860
  Setup (ns):              0.000
  Minimum Period (ns):     3.742
  Operating Conditions: slow_lv_ht

Path 4
  From: MIPI_CAMERA_0/VDMA_C0_0/VDMA_C0_0/dma_top_0/vdma_write_0/ddr_write_vdma/async_fifo_vdma_0/wbin[2]:CLK
  To:   MIPI_CAMERA_0/VDMA_C0_0/VDMA_C0_0/dma_top_0/vdma_write_0/ddr_write_vdma/async_fifo_vdma_0/wfull:D
  Delay (ns):              3.593
  Slack (ns):             16.194
  Arrival (ns):           10.666
  Required (ns):          26.860
  Setup (ns):              0.000
  Minimum Period (ns):     3.671
  Operating Conditions: slow_lv_ht

Path 5
  From: MIPI_CAMERA_0/VDMA_C0_0/VDMA_C0_0/dma_top_0/vdma_write_0/ddr_write_vdma/async_fifo_vdma_0/wbin[4]:CLK
  To:   MIPI_CAMERA_0/VDMA_C0_0/VDMA_C0_0/dma_top_0/vdma_write_0/ddr_write_vdma/async_fifo_vdma_0/wfull:D
  Delay (ns):              3.592
  Slack (ns):             16.195
  Arrival (ns):           10.665
  Required (ns):          26.860
  Setup (ns):              0.000
  Minimum Period (ns):     3.670
  Operating Conditions: slow_lv_ht


Expanded Path 1
  From: MIPI_CAMERA_0/VDMA_C0_0/VDMA_C0_0/dma_top_0/vdma_write_0/ddr_write_vdma/data_packer_vdma_0/s_data_valid_out:CLK
  To: MIPI_CAMERA_0/VDMA_C0_0/VDMA_C0_0/dma_top_0/vdma_write_0/ddr_write_vdma/async_fifo_vdma_0/wfull:D
  data required time                                 26.811
  data arrival time                          -       11.040
  slack                                              15.771
  ________________________________________________________
  Data arrival time calculation
  0.000                        MIPI_CAMERA_0/PF_CCC_C1_0/PF_CCC_C1_0/pll_inst_0/OUT0
               +     0.000          Clock source
  0.000                        MIPI_CAMERA_0/PF_CCC_C1_0/PF_CCC_C1_0/pll_inst_0:OUT0 (r)
               +     5.275          Clock generation
  5.275                        
               +     0.281          net: MIPI_CAMERA_0/PF_CCC_C1_0/PF_CCC_C1_0/pll_inst_0_clkint_0
  5.556                        MIPI_CAMERA_0/PF_CCC_C1_0/PF_CCC_C1_0/clkint_0_1:A (r)
               +     0.243          cell: ADLIB:ICB_CLKINT
  5.799                        MIPI_CAMERA_0/PF_CCC_C1_0/PF_CCC_C1_0/clkint_0_1:Y (r)
               +     0.150          net: MIPI_CAMERA_0/PF_CCC_C1_0/PF_CCC_C1_0/clkint_0_NET
  5.949                        MIPI_CAMERA_0/PF_CCC_C1_0/PF_CCC_C1_0/clkint_0:A (r)
               +     0.164          cell: ADLIB:GB
  6.113                        MIPI_CAMERA_0/PF_CCC_C1_0/PF_CCC_C1_0/clkint_0:Y (r)
               +     0.414          net: MIPI_CAMERA_0/PF_CCC_C1_0/PF_CCC_C1_0/clkint_0/U0_Y
  6.527                        MIPI_CAMERA_0/PF_CCC_C1_0/PF_CCC_C1_0/clkint_0/U0_RGB1_RGB1:A (r)
               +     0.058          cell: ADLIB:RGB
  6.585                        MIPI_CAMERA_0/PF_CCC_C1_0/PF_CCC_C1_0/clkint_0/U0_RGB1_RGB1:Y (f)
               +     0.460          net: MIPI_CAMERA_0/PF_CCC_C1_0/PF_CCC_C1_0/clkint_0/U0_RGB1_RGB1_rgb_net_1
  7.045                        MIPI_CAMERA_0/VDMA_C0_0/VDMA_C0_0/dma_top_0/vdma_write_0/ddr_write_vdma/data_packer_vdma_0/s_data_valid_out:CLK (r)
               +     0.209          cell: ADLIB:SLE
  7.254                        MIPI_CAMERA_0/VDMA_C0_0/VDMA_C0_0/dma_top_0/vdma_write_0/ddr_write_vdma/data_packer_vdma_0/s_data_valid_out:Q (r)
               +     0.532          net: MIPI_CAMERA_0/VDMA_C0_0/VDMA_C0_0/dma_top_0/vdma_write_0/ddr_write_vdma/w_data_valid
  7.786                        MIPI_CAMERA_0/VDMA_C0_0/VDMA_C0_0/dma_top_0/vdma_write_0/ddr_write_vdma/async_fifo_vdma_0/wfull_RNIABPB7:C (r)
               +     0.156          cell: ADLIB:ARI1_CC
  7.942                        MIPI_CAMERA_0/VDMA_C0_0/VDMA_C0_0/dma_top_0/vdma_write_0/ddr_write_vdma/async_fifo_vdma_0/wfull_RNIABPB7:P (r)
               +     0.012          net: NET_CC_CONFIG5829
  7.954                        MIPI_CAMERA_0/VDMA_C0_0/VDMA_C0_0/dma_top_0/vdma_write_0/ddr_write_vdma/async_fifo_vdma_0/wfull_RNIABPB7_CC_0:P[11] (r)
               +     0.153          cell: ADLIB:CC_CONFIG
  8.107                        MIPI_CAMERA_0/VDMA_C0_0/VDMA_C0_0/dma_top_0/vdma_write_0/ddr_write_vdma/async_fifo_vdma_0/wfull_RNIABPB7_CC_0:CO (f)
               +     0.008          net: CI_TO_CO5827
  8.115                        MIPI_CAMERA_0/VDMA_C0_0/VDMA_C0_0/dma_top_0/vdma_write_0/ddr_write_vdma/async_fifo_vdma_0/wfull_RNIABPB7_CC_1:CI (f)
               +     0.114          cell: ADLIB:CC_CONFIG
  8.229                        MIPI_CAMERA_0/VDMA_C0_0/VDMA_C0_0/dma_top_0/vdma_write_0/ddr_write_vdma/async_fifo_vdma_0/wfull_RNIABPB7_CC_1:CC[6] (r)
               +     0.000          net: NET_CC_CONFIG5860
  8.229                        MIPI_CAMERA_0/VDMA_C0_0/VDMA_C0_0/dma_top_0/vdma_write_0/ddr_write_vdma/async_fifo_vdma_0/wbin_RNING56O[6]:CC (r)
               +     0.063          cell: ADLIB:ARI1_CC
  8.292                        MIPI_CAMERA_0/VDMA_C0_0/VDMA_C0_0/dma_top_0/vdma_write_0/ddr_write_vdma/async_fifo_vdma_0/wbin_RNING56O[6]:S (r)
               +     0.716          net: MIPI_CAMERA_0/VDMA_C0_0/VDMA_C0_0/dma_top_0/vdma_write_0/ddr_write_vdma/async_fifo_vdma_0/wbin_RNING56O_S[6]
  9.008                        MIPI_CAMERA_0/VDMA_C0_0/VDMA_C0_0/dma_top_0/vdma_write_0/ddr_write_vdma/async_fifo_vdma_0/wbin_RNI0PDVD1[5]:A (r)
               +     0.078          cell: ADLIB:CFG2
  9.086                        MIPI_CAMERA_0/VDMA_C0_0/VDMA_C0_0/dma_top_0/vdma_write_0/ddr_write_vdma/async_fifo_vdma_0/wbin_RNI0PDVD1[5]:Y (r)
               +     0.587          net: MIPI_CAMERA_0/VDMA_C0_0/VDMA_C0_0/dma_top_0/vdma_write_0/ddr_write_vdma/async_fifo_vdma_0/wgnext[5]
  9.673                        MIPI_CAMERA_0/VDMA_C0_0/VDMA_C0_0/dma_top_0/vdma_write_0/ddr_write_vdma/async_fifo_vdma_0/wfull_7_RNO_3:C (r)
               +     0.156          cell: ADLIB:ARI1_CC
  9.829                        MIPI_CAMERA_0/VDMA_C0_0/VDMA_C0_0/dma_top_0/vdma_write_0/ddr_write_vdma/async_fifo_vdma_0/wfull_7_RNO_3:P (r)
               +     0.015          net: NET_CC_CONFIG17869
  9.844                        MIPI_CAMERA_0/VDMA_C0_0/VDMA_C0_0/dma_top_0/vdma_write_0/ddr_write_vdma/async_fifo_vdma_0/wfull_7_RNO_5_CC_0:P[2] (r)
               +     0.348          cell: ADLIB:CC_CONFIG
  10.192                       MIPI_CAMERA_0/VDMA_C0_0/VDMA_C0_0/dma_top_0/vdma_write_0/ddr_write_vdma/async_fifo_vdma_0/wfull_7_RNO_5_CC_0:CC[7] (r)
               +     0.000          net: NET_CC_CONFIG17892
  10.192                       MIPI_CAMERA_0/VDMA_C0_0/VDMA_C0_0/dma_top_0/vdma_write_0/ddr_write_vdma/async_fifo_vdma_0/wfull_7_RNO_FCINST1:CC (r)
               +     0.063          cell: ADLIB:FCEND_BUFF_CC
  10.255                       MIPI_CAMERA_0/VDMA_C0_0/VDMA_C0_0/dma_top_0/vdma_write_0/ddr_write_vdma/async_fifo_vdma_0/wfull_7_RNO_FCINST1:CO (r)
               +     0.708          net: MIPI_CAMERA_0/VDMA_C0_0/VDMA_C0_0/dma_top_0/vdma_write_0/ddr_write_vdma/async_fifo_vdma_0/wfull_7_RNO_FCO
  10.963                       MIPI_CAMERA_0/VDMA_C0_0/VDMA_C0_0/dma_top_0/vdma_write_0/ddr_write_vdma/async_fifo_vdma_0/wfull_7:A (r)
               +     0.051          cell: ADLIB:CFG2
  11.014                       MIPI_CAMERA_0/VDMA_C0_0/VDMA_C0_0/dma_top_0/vdma_write_0/ddr_write_vdma/async_fifo_vdma_0/wfull_7:Y (f)
               +     0.026          net: MIPI_CAMERA_0/VDMA_C0_0/VDMA_C0_0/dma_top_0/vdma_write_0/ddr_write_vdma/async_fifo_vdma_0/wfull_7_Z
  11.040                       MIPI_CAMERA_0/VDMA_C0_0/VDMA_C0_0/dma_top_0/vdma_write_0/ddr_write_vdma/async_fifo_vdma_0/wfull:D (f)
                                    
  11.040                       data arrival time
  ________________________________________________________
  Data required time calculation
  20.000                       MIPI_CAMERA_0/PF_CCC_C1_0/PF_CCC_C1_0/pll_inst_0/OUT0
               +     0.000          Clock source
  20.000                       MIPI_CAMERA_0/PF_CCC_C1_0/PF_CCC_C1_0/pll_inst_0:OUT0 (r)
               +     4.735          Clock generation
  24.735                       
               +     0.256          net: MIPI_CAMERA_0/PF_CCC_C1_0/PF_CCC_C1_0/pll_inst_0_clkint_0
  24.991                       MIPI_CAMERA_0/PF_CCC_C1_0/PF_CCC_C1_0/clkint_0_1:A (r)
               +     0.211          cell: ADLIB:ICB_CLKINT
  25.202                       MIPI_CAMERA_0/PF_CCC_C1_0/PF_CCC_C1_0/clkint_0_1:Y (r)
               +     0.136          net: MIPI_CAMERA_0/PF_CCC_C1_0/PF_CCC_C1_0/clkint_0_NET
  25.338                       MIPI_CAMERA_0/PF_CCC_C1_0/PF_CCC_C1_0/clkint_0:A (r)
               +     0.149          cell: ADLIB:GB
  25.487                       MIPI_CAMERA_0/PF_CCC_C1_0/PF_CCC_C1_0/clkint_0:Y (r)
               +     0.377          net: MIPI_CAMERA_0/PF_CCC_C1_0/PF_CCC_C1_0/clkint_0/U0_Y
  25.864                       MIPI_CAMERA_0/PF_CCC_C1_0/PF_CCC_C1_0/clkint_0/U0_RGB1_RGB0:A (r)
               +     0.052          cell: ADLIB:RGB
  25.916                       MIPI_CAMERA_0/PF_CCC_C1_0/PF_CCC_C1_0/clkint_0/U0_RGB1_RGB0:Y (f)
               +     0.401          net: MIPI_CAMERA_0/PF_CCC_C1_0/PF_CCC_C1_0/clkint_0/U0_RGB1_RGB0_rgb_net_1
  26.317                       MIPI_CAMERA_0/VDMA_C0_0/VDMA_C0_0/dma_top_0/vdma_write_0/ddr_write_vdma/async_fifo_vdma_0/wfull:CLK (r)
               +     0.629          
  26.946                       clock reconvergence pessimism
               -     0.135          
  26.811                       clock jitter
               -     0.000          Library setup time: ADLIB:SLE
  26.811                       MIPI_CAMERA_0/VDMA_C0_0/VDMA_C0_0/dma_top_0/vdma_write_0/ddr_write_vdma/async_fifo_vdma_0/wfull:D
                                    
  26.811                       data required time


Operating Conditions : slow_lv_ht

END SET Register to Register

----------------------------------------------------

SET External Setup

Path 1
  From: RXD_N[0]
  To:   MIPI_CAMERA_0/mipicsi2rxdecoderPF_C0_0/MSC_i_0/wait_cnt[1]:D
  Delay (ns):              3.441
  Arrival (ns):            3.441
  Setup (ns):              0.000
  External Setup (ns):    -0.653
  Operating Conditions: fast_hv_lt

Path 2
  From: RXD_N[0]
  To:   MIPI_CAMERA_0/mipicsi2rxdecoderPF_C0_0/MSC_i_0/wait_cnt[0]:D
  Delay (ns):              3.431
  Arrival (ns):            3.431
  Setup (ns):              0.000
  External Setup (ns):    -0.662
  Operating Conditions: fast_hv_lt

Path 3
  From: RXD_N[0]
  To:   MIPI_CAMERA_0/mipicsi2rxdecoderPF_C0_0/MSC_i_0/MIPI_CAM_LANES_CONFIG_r[0]:EN
  Delay (ns):              3.331
  Arrival (ns):            3.331
  Setup (ns):              0.067
  External Setup (ns):    -0.716
  Operating Conditions: fast_hv_lt

Path 4
  From: RXD_N[0]
  To:   MIPI_CAMERA_0/mipicsi2rxdecoderPF_C0_0/MSC_i_0/MIPI_CAM_LANES_CONFIG_r[1]:EN
  Delay (ns):              3.330
  Arrival (ns):            3.330
  Setup (ns):              0.067
  External Setup (ns):    -0.717
  Operating Conditions: fast_hv_lt

Path 5
  From: RXD_N[0]
  To:   MIPI_CAMERA_0/mipicsi2rxdecoderPF_C0_0/MSC_i_0/wait_cnt[2]:D
  Delay (ns):              3.306
  Arrival (ns):            3.306
  Setup (ns):              0.000
  External Setup (ns):    -0.788
  Operating Conditions: fast_hv_lt


Expanded Path 1
  From: RXD_N[0]
  To: MIPI_CAMERA_0/mipicsi2rxdecoderPF_C0_0/MSC_i_0/wait_cnt[1]:D
  data required time                                    N/C
  data arrival time                          -        3.441
  slack                                                 N/C
  ________________________________________________________
  Data arrival time calculation
  0.000                        RXD_N[0] (f)
               +     0.000          net: RXD_N[0]
  0.000                        MIPI_CAMERA_0/PF_IOD_GENERIC_RX_C0_0/PF_IOD_RX/I_INBUF_DIFF_MIPI_0/U_IOPADN:PAD (f)
               +     0.549          cell: ADLIB:IOPADN_IN
  0.549                        MIPI_CAMERA_0/PF_IOD_GENERIC_RX_C0_0/PF_IOD_RX/I_INBUF_DIFF_MIPI_0/U_IOPADN:Y (f)
               +     0.000          net: MIPI_CAMERA_0/PF_IOD_GENERIC_RX_C0_0/PF_IOD_RX/I_INBUF_DIFF_MIPI_0/U2_N2P
  0.549                        MIPI_CAMERA_0/PF_IOD_GENERIC_RX_C0_0/PF_IOD_RX/I_INBUF_DIFF_MIPI_0/U_ION:YIN (f)
               +     0.131          cell: ADLIB:IOIN_IB_E
  0.680                        MIPI_CAMERA_0/PF_IOD_GENERIC_RX_C0_0/PF_IOD_RX/I_INBUF_DIFF_MIPI_0/U_ION:Y (f)
               +     2.279          net: MIPI_CAMERA_0/PF_IOD_GENERIC_RX_C0_0_L0_LP_DATA_N
  2.959                        MIPI_CAMERA_0/mipicsi2rxdecoderPF_C0_0/MSC_i_0/wait_cnt_RNIA85TG[3]:B (f)
               +     0.064          cell: ADLIB:CFG3
  3.023                        MIPI_CAMERA_0/mipicsi2rxdecoderPF_C0_0/MSC_i_0/wait_cnt_RNIA85TG[3]:Y (r)
               +     0.091          net: MIPI_CAMERA_0/mipicsi2rxdecoderPF_C0_0/MSC_i_0/MSC_net_403
  3.114                        MIPI_CAMERA_0/mipicsi2rxdecoderPF_C0_0/MSC_i_0/wait_cnt_RNIEQ39Q[0]:B (r)
               +     0.103          cell: ADLIB:CFG3
  3.217                        MIPI_CAMERA_0/mipicsi2rxdecoderPF_C0_0/MSC_i_0/wait_cnt_RNIEQ39Q[0]:Y (r)
               +     0.082          net: MIPI_CAMERA_0/mipicsi2rxdecoderPF_C0_0/MSC_i_0/MSC_net_402
  3.299                        MIPI_CAMERA_0/mipicsi2rxdecoderPF_C0_0/MSC_i_0/wait_cnt_RNO[1]:C (r)
               +     0.063          cell: ADLIB:CFG3
  3.362                        MIPI_CAMERA_0/mipicsi2rxdecoderPF_C0_0/MSC_i_0/wait_cnt_RNO[1]:Y (r)
               +     0.079          net: MIPI_CAMERA_0/mipicsi2rxdecoderPF_C0_0/MSC_i_0/MSC_net_398
  3.441                        MIPI_CAMERA_0/mipicsi2rxdecoderPF_C0_0/MSC_i_0/wait_cnt[1]:D (r)
                                    
  3.441                        data arrival time
  ________________________________________________________
  Data required time calculation
  N/C                          MIPI_CAMERA_0/PF_CCC_C1_0/PF_CCC_C1_0/pll_inst_0/OUT0
               +     0.000          Clock source
  N/C                          MIPI_CAMERA_0/PF_CCC_C1_0/PF_CCC_C1_0/pll_inst_0:OUT0 (r)
               +     3.164          Clock generation
  N/C                          
               +     0.161          net: MIPI_CAMERA_0/PF_CCC_C1_0/PF_CCC_C1_0/pll_inst_0_clkint_0
  N/C                          MIPI_CAMERA_0/PF_CCC_C1_0/PF_CCC_C1_0/clkint_0_1:A (r)
               +     0.141          cell: ADLIB:ICB_CLKINT
  N/C                          MIPI_CAMERA_0/PF_CCC_C1_0/PF_CCC_C1_0/clkint_0_1:Y (r)
               +     0.096          net: MIPI_CAMERA_0/PF_CCC_C1_0/PF_CCC_C1_0/clkint_0_NET
  N/C                          MIPI_CAMERA_0/PF_CCC_C1_0/PF_CCC_C1_0/clkint_0:A (r)
               +     0.109          cell: ADLIB:GB
  N/C                          MIPI_CAMERA_0/PF_CCC_C1_0/PF_CCC_C1_0/clkint_0:Y (r)
               +     0.253          net: MIPI_CAMERA_0/PF_CCC_C1_0/PF_CCC_C1_0/clkint_0/U0_Y
  N/C                          MIPI_CAMERA_0/PF_CCC_C1_0/PF_CCC_C1_0/clkint_0/U0_RGB1_RGB3:A (r)
               +     0.038          cell: ADLIB:RGB
  N/C                          MIPI_CAMERA_0/PF_CCC_C1_0/PF_CCC_C1_0/clkint_0/U0_RGB1_RGB3:Y (f)
               +     0.267          net: MIPI_CAMERA_0/PF_CCC_C1_0/PF_CCC_C1_0/clkint_0/U0_RGB1_RGB3_rgb_net_1
  N/C                          MIPI_CAMERA_0/mipicsi2rxdecoderPF_C0_0/MSC_i_0/wait_cnt[1]:CLK (r)
               -     0.135          
  N/C                          clock jitter
               -     0.000          Library setup time: ADLIB:SLE
  N/C                          MIPI_CAMERA_0/mipicsi2rxdecoderPF_C0_0/MSC_i_0/wait_cnt[1]:D


Operating Conditions : fast_hv_lt

END SET External Setup

----------------------------------------------------

SET Clock to Output

No Path 

END SET Clock to Output

----------------------------------------------------

SET Register to Asynchronous

Path 1
  From: MIPI_CAMERA_0/VDMA_C0_0/VDMA_C0_0/dma_top_0/vdma_ip_reset_0/synchronizer_circuit_2stage_video_clk/sync_out_o:CLK
  To:   MIPI_CAMERA_0/VDMA_C0_0/VDMA_C0_0/dma_top_0/vdma_write_0/vdma_controller/r_buff_addr_fifo_data_valid_1[0]:ALn
  Delay (ns):              1.333
  Slack (ns):             18.267
  Arrival (ns):            8.391
  Required (ns):          26.658
  Recovery (ns):           0.196
  Minimum Period (ns):     1.598
  Skew (ns):               0.069
  Operating Conditions: slow_lv_ht

Path 2
  From: MIPI_CAMERA_0/VDMA_C0_0/VDMA_C0_0/dma_top_0/vdma_ip_reset_0/synchronizer_circuit_2stage_video_clk/sync_out_o:CLK
  To:   MIPI_CAMERA_0/VDMA_C0_0/VDMA_C0_0/dma_top_0/vdma_write_0/vdma_controller/r_buff_addr_fifo_data_valid_3[0]:ALn
  Delay (ns):              1.332
  Slack (ns):             18.268
  Arrival (ns):            8.390
  Required (ns):          26.658
  Recovery (ns):           0.196
  Minimum Period (ns):     1.597
  Skew (ns):               0.069
  Operating Conditions: slow_lv_ht

Path 3
  From: MIPI_CAMERA_0/VDMA_C0_0/VDMA_C0_0/dma_top_0/vdma_ip_reset_0/synchronizer_circuit_2stage_video_clk/sync_out_o:CLK
  To:   MIPI_CAMERA_0/VDMA_C0_0/VDMA_C0_0/dma_top_0/vdma_write_0/vdma_controller/r_buff_addr_fifo_data_valid_2[0]:ALn
  Delay (ns):              1.332
  Slack (ns):             18.268
  Arrival (ns):            8.390
  Required (ns):          26.658
  Recovery (ns):           0.196
  Minimum Period (ns):     1.597
  Skew (ns):               0.069
  Operating Conditions: slow_lv_ht

Path 4
  From: MIPI_CAMERA_0/VDMA_C0_0/VDMA_C0_0/dma_top_0/vdma_ip_reset_0/synchronizer_circuit_2stage_video_clk/sync_out_o:CLK
  To:   MIPI_CAMERA_0/VDMA_C0_0/VDMA_C0_0/dma_top_0/vdma_write_0/vdma_controller/ddr_wr_addr_valid_o:ALn
  Delay (ns):              1.332
  Slack (ns):             18.268
  Arrival (ns):            8.390
  Required (ns):          26.658
  Recovery (ns):           0.196
  Minimum Period (ns):     1.597
  Skew (ns):               0.069
  Operating Conditions: slow_lv_ht

Path 5
  From: MIPI_CAMERA_0/VDMA_C0_0/VDMA_C0_0/dma_top_0/vdma_ip_reset_0/synchronizer_circuit_2stage_video_clk/sync_out_o:CLK
  To:   MIPI_CAMERA_0/VDMA_C0_0/VDMA_C0_0/dma_top_0/vdma_write_0/buff_addr_fifo/RAM2PORT_ASYNC_FIFO_INST/ram_ram_0_0/INST_RAM1K20_IP:A_DOUT_ARST_N
  Delay (ns):              1.325
  Slack (ns):             18.319
  Arrival (ns):            8.383
  Required (ns):          26.702
  Recovery (ns):           0.281
  Minimum Period (ns):     1.546
  Skew (ns):              -0.060
  Operating Conditions: slow_lv_ht


Expanded Path 1
  From: MIPI_CAMERA_0/VDMA_C0_0/VDMA_C0_0/dma_top_0/vdma_ip_reset_0/synchronizer_circuit_2stage_video_clk/sync_out_o:CLK
  To: MIPI_CAMERA_0/VDMA_C0_0/VDMA_C0_0/dma_top_0/vdma_write_0/vdma_controller/r_buff_addr_fifo_data_valid_1[0]:ALn
  data required time                                 26.658
  data arrival time                          -        8.391
  slack                                              18.267
  ________________________________________________________
  Data arrival time calculation
  0.000                        MIPI_CAMERA_0/PF_CCC_C1_0/PF_CCC_C1_0/pll_inst_0/OUT0
               +     0.000          Clock source
  0.000                        MIPI_CAMERA_0/PF_CCC_C1_0/PF_CCC_C1_0/pll_inst_0:OUT0 (r)
               +     5.275          Clock generation
  5.275                        
               +     0.281          net: MIPI_CAMERA_0/PF_CCC_C1_0/PF_CCC_C1_0/pll_inst_0_clkint_0
  5.556                        MIPI_CAMERA_0/PF_CCC_C1_0/PF_CCC_C1_0/clkint_0_1:A (r)
               +     0.243          cell: ADLIB:ICB_CLKINT
  5.799                        MIPI_CAMERA_0/PF_CCC_C1_0/PF_CCC_C1_0/clkint_0_1:Y (r)
               +     0.150          net: MIPI_CAMERA_0/PF_CCC_C1_0/PF_CCC_C1_0/clkint_0_NET
  5.949                        MIPI_CAMERA_0/PF_CCC_C1_0/PF_CCC_C1_0/clkint_0:A (r)
               +     0.164          cell: ADLIB:GB
  6.113                        MIPI_CAMERA_0/PF_CCC_C1_0/PF_CCC_C1_0/clkint_0:Y (r)
               +     0.417          net: MIPI_CAMERA_0/PF_CCC_C1_0/PF_CCC_C1_0/clkint_0/U0_Y
  6.530                        MIPI_CAMERA_0/PF_CCC_C1_0/PF_CCC_C1_0/clkint_0/U0_RGB1_RGB0:A (r)
               +     0.058          cell: ADLIB:RGB
  6.588                        MIPI_CAMERA_0/PF_CCC_C1_0/PF_CCC_C1_0/clkint_0/U0_RGB1_RGB0:Y (f)
               +     0.470          net: MIPI_CAMERA_0/PF_CCC_C1_0/PF_CCC_C1_0/clkint_0/U0_RGB1_RGB0_rgb_net_1
  7.058                        MIPI_CAMERA_0/VDMA_C0_0/VDMA_C0_0/dma_top_0/vdma_ip_reset_0/synchronizer_circuit_2stage_video_clk/sync_out_o:CLK (r)
               +     0.201          cell: ADLIB:SLE
  7.259                        MIPI_CAMERA_0/VDMA_C0_0/VDMA_C0_0/dma_top_0/vdma_ip_reset_0/synchronizer_circuit_2stage_video_clk/sync_out_o:Q (r)
               +     1.132          net: MIPI_CAMERA_0/VDMA_C0_0/VDMA_C0_0/dma_top_0/sync_out_o_0
  8.391                        MIPI_CAMERA_0/VDMA_C0_0/VDMA_C0_0/dma_top_0/vdma_write_0/vdma_controller/r_buff_addr_fifo_data_valid_1[0]:ALn (r)
                                    
  8.391                        data arrival time
  ________________________________________________________
  Data required time calculation
  20.000                       MIPI_CAMERA_0/PF_CCC_C1_0/PF_CCC_C1_0/pll_inst_0/OUT0
               +     0.000          Clock source
  20.000                       MIPI_CAMERA_0/PF_CCC_C1_0/PF_CCC_C1_0/pll_inst_0:OUT0 (r)
               +     4.735          Clock generation
  24.735                       
               +     0.256          net: MIPI_CAMERA_0/PF_CCC_C1_0/PF_CCC_C1_0/pll_inst_0_clkint_0
  24.991                       MIPI_CAMERA_0/PF_CCC_C1_0/PF_CCC_C1_0/clkint_0_1:A (r)
               +     0.211          cell: ADLIB:ICB_CLKINT
  25.202                       MIPI_CAMERA_0/PF_CCC_C1_0/PF_CCC_C1_0/clkint_0_1:Y (r)
               +     0.136          net: MIPI_CAMERA_0/PF_CCC_C1_0/PF_CCC_C1_0/clkint_0_NET
  25.338                       MIPI_CAMERA_0/PF_CCC_C1_0/PF_CCC_C1_0/clkint_0:A (r)
               +     0.149          cell: ADLIB:GB
  25.487                       MIPI_CAMERA_0/PF_CCC_C1_0/PF_CCC_C1_0/clkint_0:Y (r)
               +     0.377          net: MIPI_CAMERA_0/PF_CCC_C1_0/PF_CCC_C1_0/clkint_0/U0_Y
  25.864                       MIPI_CAMERA_0/PF_CCC_C1_0/PF_CCC_C1_0/clkint_0/U0_RGB1_RGB0:A (r)
               +     0.052          cell: ADLIB:RGB
  25.916                       MIPI_CAMERA_0/PF_CCC_C1_0/PF_CCC_C1_0/clkint_0/U0_RGB1_RGB0:Y (f)
               +     0.395          net: MIPI_CAMERA_0/PF_CCC_C1_0/PF_CCC_C1_0/clkint_0/U0_RGB1_RGB0_rgb_net_1
  26.311                       MIPI_CAMERA_0/VDMA_C0_0/VDMA_C0_0/dma_top_0/vdma_write_0/vdma_controller/r_buff_addr_fifo_data_valid_1[0]:CLK (r)
               +     0.678          
  26.989                       clock reconvergence pessimism
               -     0.135          
  26.854                       clock jitter
               -     0.196          Library recovery time: ADLIB:SLE
  26.658                       MIPI_CAMERA_0/VDMA_C0_0/VDMA_C0_0/dma_top_0/vdma_write_0/vdma_controller/r_buff_addr_fifo_data_valid_1[0]:ALn
                                    
  26.658                       data required time


Operating Conditions : slow_lv_ht

END SET Register to Asynchronous

----------------------------------------------------

SET External Recovery

No Path 

END SET External Recovery

----------------------------------------------------

SET Asynchronous to Register

No Path 

END SET Asynchronous to Register

----------------------------------------------------

SET CLOCKS_AND_RESETS_0/CCC_FIC_x_CLK/PF_CCC_C0_0/pll_inst_0/OUT0 to MIPI_CAMERA_0/PF_CCC_C1_0/PF_CCC_C1_0/pll_inst_0/OUT0

Path 1
  From: CLOCKS_AND_RESETS_0/RESET_FIC_0_CLK/CORERESET_0/dff_15[0]:CLK
  To:   MIPI_CAMERA_0/mipicsi2rxdecoderPF_C0_0/MSC_i_0/MSC_i_4/MSC_i_10/MSC_i_12/genblk7.pixel_data_o[9]:ALn
  Delay (ns):              2.344
  Slack (ns):              0.029
  Arrival (ns):            9.945
  Required (ns):           9.974
  Operating Conditions: slow_lv_ht

Path 2
  From: CLOCKS_AND_RESETS_0/RESET_FIC_0_CLK/CORERESET_0/dff_15[0]:CLK
  To:   MIPI_CAMERA_0/mipicsi2rxdecoderPF_C0_0/MSC_i_0/MSC_i_4/MSC_i_10/MSC_i_12/genblk7.pixel_data_o[7]:ALn
  Delay (ns):              2.344
  Slack (ns):              0.029
  Arrival (ns):            9.945
  Required (ns):           9.974
  Operating Conditions: slow_lv_ht

Path 3
  From: CLOCKS_AND_RESETS_0/RESET_FIC_0_CLK/CORERESET_0/dff_15[0]:CLK
  To:   MIPI_CAMERA_0/mipicsi2rxdecoderPF_C0_0/MSC_i_0/MSC_i_4/MSC_i_10/MSC_i_12/genblk7.pixel_data_o[6]:ALn
  Delay (ns):              2.344
  Slack (ns):              0.029
  Arrival (ns):            9.945
  Required (ns):           9.974
  Operating Conditions: slow_lv_ht

Path 4
  From: CLOCKS_AND_RESETS_0/RESET_FIC_0_CLK/CORERESET_0/dff_15[0]:CLK
  To:   MIPI_CAMERA_0/mipicsi2rxdecoderPF_C0_0/MSC_i_0/MSC_i_4/MSC_i_10/MSC_i_12/MSC_i_13/rdaddr_r[1]:ALn
  Delay (ns):              2.311
  Slack (ns):              0.057
  Arrival (ns):            9.912
  Required (ns):           9.969
  Operating Conditions: slow_lv_ht

Path 5
  From: CLOCKS_AND_RESETS_0/RESET_FIC_0_CLK/CORERESET_0/dff_15[0]:CLK
  To:   MIPI_CAMERA_0/mipicsi2rxdecoderPF_C0_0/MSC_i_0/MSC_i_4/MSC_i_10/MSC_i_12/MSC_i_13/rdaddr_r[0]:ALn
  Delay (ns):              2.310
  Slack (ns):              0.058
  Arrival (ns):            9.911
  Required (ns):           9.969
  Operating Conditions: slow_lv_ht


Expanded Path 1
  From: CLOCKS_AND_RESETS_0/RESET_FIC_0_CLK/CORERESET_0/dff_15[0]:CLK
  To: MIPI_CAMERA_0/mipicsi2rxdecoderPF_C0_0/MSC_i_0/MSC_i_4/MSC_i_10/MSC_i_12/genblk7.pixel_data_o[9]:ALn
  data required time                                  9.974
  data arrival time                          -        9.945
  slack                                               0.029
  ________________________________________________________
  Data arrival time calculation
  0.000                        CLOCKS_AND_RESETS_0/CCC_FIC_x_CLK/PF_CCC_C0_0/pll_inst_0/OUT0
               +     0.000          Clock source
  0.000                        CLOCKS_AND_RESETS_0/CCC_FIC_x_CLK/PF_CCC_C0_0/pll_inst_0:OUT0 (r)
               +     4.312          Clock generation
  4.312                        
               +     1.709          net: CLOCKS_AND_RESETS_0/CCC_FIC_x_CLK/PF_CCC_C0_0/pll_inst_0_clkint_0
  6.021                        CLOCKS_AND_RESETS_0/CCC_FIC_x_CLK/PF_CCC_C0_0/clkint_0_1:A (r)
               +     0.150          cell: ADLIB:ICB_CLKINT
  6.171                        CLOCKS_AND_RESETS_0/CCC_FIC_x_CLK/PF_CCC_C0_0/clkint_0_1:Y (r)
               +     0.386          net: CLOCKS_AND_RESETS_0/CCC_FIC_x_CLK/PF_CCC_C0_0/clkint_0_NET
  6.557                        CLOCKS_AND_RESETS_0/CCC_FIC_x_CLK/PF_CCC_C0_0/clkint_0:A (r)
               +     0.161          cell: ADLIB:GB
  6.718                        CLOCKS_AND_RESETS_0/CCC_FIC_x_CLK/PF_CCC_C0_0/clkint_0:Y (r)
               +     0.387          net: CLOCKS_AND_RESETS_0/CCC_FIC_x_CLK/PF_CCC_C0_0/clkint_0/U0_Y
  7.105                        CLOCKS_AND_RESETS_0/CCC_FIC_x_CLK/PF_CCC_C0_0/clkint_0/U0_RGB1_RGB18:A (r)
               +     0.058          cell: ADLIB:RGB
  7.163                        CLOCKS_AND_RESETS_0/CCC_FIC_x_CLK/PF_CCC_C0_0/clkint_0/U0_RGB1_RGB18:Y (f)
               +     0.438          net: CLOCKS_AND_RESETS_0/CCC_FIC_x_CLK/PF_CCC_C0_0/clkint_0/U0_RGB1_RGB18_rgb_net_1
  7.601                        CLOCKS_AND_RESETS_0/RESET_FIC_0_CLK/CORERESET_0/dff_15[0]:CLK (r)
               +     0.201          cell: ADLIB:SLE
  7.802                        CLOCKS_AND_RESETS_0/RESET_FIC_0_CLK/CORERESET_0/dff_15[0]:Q (r)
               +     1.200          net: CLOCKS_AND_RESETS_0_RESET_FIC_0_CLK_CORERESET_0_dff
  9.002                        MIPI_CAMERA_0/mipicsi2rxdecoderPF_C0_0/MSC_i_0/reset_w:A (r)
               +     0.053          cell: ADLIB:CFG2
  9.055                        MIPI_CAMERA_0/mipicsi2rxdecoderPF_C0_0/MSC_i_0/reset_w:Y (r)
               +     0.890          net: MIPI_CAMERA_0/mipicsi2rxdecoderPF_C0_0/MSC_i_0/MSC_net_387
  9.945                        MIPI_CAMERA_0/mipicsi2rxdecoderPF_C0_0/MSC_i_0/MSC_i_4/MSC_i_10/MSC_i_12/genblk7.pixel_data_o[9]:ALn (r)
                                    
  9.945                        data arrival time
  ________________________________________________________
  Data required time calculation
  4.000                        MIPI_CAMERA_0/PF_CCC_C1_0/PF_CCC_C1_0/pll_inst_0/OUT0
               +     0.000          Clock source
  4.000                        MIPI_CAMERA_0/PF_CCC_C1_0/PF_CCC_C1_0/pll_inst_0:OUT0 (r)
               +     4.735          Clock generation
  8.735                        
               +     0.256          net: MIPI_CAMERA_0/PF_CCC_C1_0/PF_CCC_C1_0/pll_inst_0_clkint_0
  8.991                        MIPI_CAMERA_0/PF_CCC_C1_0/PF_CCC_C1_0/clkint_0_1:A (r)
               +     0.211          cell: ADLIB:ICB_CLKINT
  9.202                        MIPI_CAMERA_0/PF_CCC_C1_0/PF_CCC_C1_0/clkint_0_1:Y (r)
               +     0.136          net: MIPI_CAMERA_0/PF_CCC_C1_0/PF_CCC_C1_0/clkint_0_NET
  9.338                        MIPI_CAMERA_0/PF_CCC_C1_0/PF_CCC_C1_0/clkint_0:A (r)
               +     0.149          cell: ADLIB:GB
  9.487                        MIPI_CAMERA_0/PF_CCC_C1_0/PF_CCC_C1_0/clkint_0:Y (r)
               +     0.372          net: MIPI_CAMERA_0/PF_CCC_C1_0/PF_CCC_C1_0/clkint_0/U0_Y
  9.859                        MIPI_CAMERA_0/PF_CCC_C1_0/PF_CCC_C1_0/clkint_0/U0_RGB1_RGB2:A (r)
               +     0.052          cell: ADLIB:RGB
  9.911                        MIPI_CAMERA_0/PF_CCC_C1_0/PF_CCC_C1_0/clkint_0/U0_RGB1_RGB2:Y (f)
               +     0.394          net: MIPI_CAMERA_0/PF_CCC_C1_0/PF_CCC_C1_0/clkint_0/U0_RGB1_RGB2_rgb_net_1
  10.305                       MIPI_CAMERA_0/mipicsi2rxdecoderPF_C0_0/MSC_i_0/MSC_i_4/MSC_i_10/MSC_i_12/genblk7.pixel_data_o[9]:CLK (r)
               -     0.135          
  10.170                       clock jitter
               -     0.196          Library recovery time: ADLIB:SLE
  9.974                        MIPI_CAMERA_0/mipicsi2rxdecoderPF_C0_0/MSC_i_0/MSC_i_4/MSC_i_10/MSC_i_12/genblk7.pixel_data_o[9]:ALn
                                    
  9.974                        data required time


Operating Conditions : slow_lv_ht

END SET CLOCKS_AND_RESETS_0/CCC_FIC_x_CLK/PF_CCC_C0_0/pll_inst_0/OUT0 to MIPI_CAMERA_0/PF_CCC_C1_0/PF_CCC_C1_0/pll_inst_0/OUT0

----------------------------------------------------

SET CLOCKS_AND_RESETS_0/CCC_FIC_x_CLK/PF_CCC_C0_0/pll_inst_0/OUT1 to MIPI_CAMERA_0/PF_CCC_C1_0/PF_CCC_C1_0/pll_inst_0/OUT0

Path 1
  From: MIPI_CAMERA_0/VDMA_C0_0/VDMA_C0_0/dma_top_0/vdma_write_0/ddr_write_vdma/async_fifo_vdma_0/rptr[11]:CLK
  To:   MIPI_CAMERA_0/VDMA_C0_0/VDMA_C0_0/dma_top_0/vdma_write_0/ddr_write_vdma/async_fifo_vdma_0/wrptr1[11]:D
  Delay (ns):              0.890
  Slack (ns):              3.242
  Arrival (ns):            6.940
  Required (ns):          10.182
  Setup (ns):              0.000
  Operating Conditions: slow_lv_ht

Path 2
  From: MIPI_CAMERA_0/VDMA_C0_0/VDMA_C0_0/dma_top_0/vdma_write_0/ddr_write_vdma/async_fifo_vdma_0/rptr[8]:CLK
  To:   MIPI_CAMERA_0/VDMA_C0_0/VDMA_C0_0/dma_top_0/vdma_write_0/ddr_write_vdma/async_fifo_vdma_0/wrptr1[8]:D
  Delay (ns):              0.660
  Slack (ns):              3.490
  Arrival (ns):            6.706
  Required (ns):          10.196
  Setup (ns):              0.000
  Operating Conditions: slow_lv_ht

Path 3
  From: MIPI_CAMERA_0/VDMA_C0_0/VDMA_C0_0/dma_top_0/vdma_write_0/ddr_write_vdma/async_fifo_vdma_0/rbin[12]:CLK
  To:   MIPI_CAMERA_0/VDMA_C0_0/VDMA_C0_0/dma_top_0/vdma_write_0/ddr_write_vdma/async_fifo_vdma_0/wrptr1[12]:D
  Delay (ns):              0.606
  Slack (ns):              3.528
  Arrival (ns):            6.667
  Required (ns):          10.195
  Setup (ns):              0.000
  Operating Conditions: slow_lv_ht

Path 4
  From: MIPI_CAMERA_0/VDMA_C0_0/VDMA_C0_0/dma_top_0/vdma_write_0/ddr_write_vdma/async_fifo_vdma_0/rptr[0]:CLK
  To:   MIPI_CAMERA_0/VDMA_C0_0/VDMA_C0_0/dma_top_0/vdma_write_0/ddr_write_vdma/async_fifo_vdma_0/wrptr1[0]:D
  Delay (ns):              0.622
  Slack (ns):              3.544
  Arrival (ns):            6.654
  Required (ns):          10.198
  Setup (ns):              0.000
  Operating Conditions: slow_lv_ht

Path 5
  From: MIPI_CAMERA_0/VDMA_C0_0/VDMA_C0_0/dma_top_0/vdma_write_0/ddr_write_vdma/async_fifo_vdma_0/rptr[2]:CLK
  To:   MIPI_CAMERA_0/VDMA_C0_0/VDMA_C0_0/dma_top_0/vdma_write_0/ddr_write_vdma/async_fifo_vdma_0/wrptr1[2]:D
  Delay (ns):              0.616
  Slack (ns):              3.550
  Arrival (ns):            6.648
  Required (ns):          10.198
  Setup (ns):              0.000
  Operating Conditions: slow_lv_ht


Expanded Path 1
  From: MIPI_CAMERA_0/VDMA_C0_0/VDMA_C0_0/dma_top_0/vdma_write_0/ddr_write_vdma/async_fifo_vdma_0/rptr[11]:CLK
  To: MIPI_CAMERA_0/VDMA_C0_0/VDMA_C0_0/dma_top_0/vdma_write_0/ddr_write_vdma/async_fifo_vdma_0/wrptr1[11]:D
  data required time                                 10.182
  data arrival time                          -        6.940
  slack                                               3.242
  ________________________________________________________
  Data arrival time calculation
  0.000                        CLOCKS_AND_RESETS_0/CCC_FIC_x_CLK/PF_CCC_C0_0/pll_inst_0/OUT1
               +     0.000          Clock source
  0.000                        CLOCKS_AND_RESETS_0/CCC_FIC_x_CLK/PF_CCC_C0_0/pll_inst_0:OUT1 (r)
               +     4.311          Clock generation
  4.311                        
               +     0.256          net: CLOCKS_AND_RESETS_0/CCC_FIC_x_CLK/PF_CCC_C0_0/pll_inst_0_clkint_4
  4.567                        CLOCKS_AND_RESETS_0/CCC_FIC_x_CLK/PF_CCC_C0_0/clkint_4_1:A (r)
               +     0.234          cell: ADLIB:ICB_CLKINT
  4.801                        CLOCKS_AND_RESETS_0/CCC_FIC_x_CLK/PF_CCC_C0_0/clkint_4_1:Y (r)
               +     0.144          net: CLOCKS_AND_RESETS_0/CCC_FIC_x_CLK/PF_CCC_C0_0/clkint_4_NET
  4.945                        CLOCKS_AND_RESETS_0/CCC_FIC_x_CLK/PF_CCC_C0_0/clkint_4:A (r)
               +     0.162          cell: ADLIB:GB
  5.107                        CLOCKS_AND_RESETS_0/CCC_FIC_x_CLK/PF_CCC_C0_0/clkint_4:Y (r)
               +     0.413          net: CLOCKS_AND_RESETS_0/CCC_FIC_x_CLK/PF_CCC_C0_0/clkint_4/U0_Y
  5.520                        CLOCKS_AND_RESETS_0/CCC_FIC_x_CLK/PF_CCC_C0_0/clkint_4/U0_RGB1_RGB0:A (r)
               +     0.058          cell: ADLIB:RGB
  5.578                        CLOCKS_AND_RESETS_0/CCC_FIC_x_CLK/PF_CCC_C0_0/clkint_4/U0_RGB1_RGB0:Y (f)
               +     0.472          net: CLOCKS_AND_RESETS_0/CCC_FIC_x_CLK/PF_CCC_C0_0/clkint_4/U0_RGB1_RGB0_rgb_net_1
  6.050                        MIPI_CAMERA_0/VDMA_C0_0/VDMA_C0_0/dma_top_0/vdma_write_0/ddr_write_vdma/async_fifo_vdma_0/rptr[11]:CLK (r)
               +     0.201          cell: ADLIB:SLE
  6.251                        MIPI_CAMERA_0/VDMA_C0_0/VDMA_C0_0/dma_top_0/vdma_write_0/ddr_write_vdma/async_fifo_vdma_0/rptr[11]:Q (r)
               +     0.689          net: MIPI_CAMERA_0/VDMA_C0_0/VDMA_C0_0/dma_top_0/vdma_write_0/ddr_write_vdma/async_fifo_vdma_0/rptr_Z[11]
  6.940                        MIPI_CAMERA_0/VDMA_C0_0/VDMA_C0_0/dma_top_0/vdma_write_0/ddr_write_vdma/async_fifo_vdma_0/wrptr1[11]:D (r)
                                    
  6.940                        data arrival time
  ________________________________________________________
  Data required time calculation
  4.000                        MIPI_CAMERA_0/PF_CCC_C1_0/PF_CCC_C1_0/pll_inst_0/OUT0
               +     0.000          Clock source
  4.000                        MIPI_CAMERA_0/PF_CCC_C1_0/PF_CCC_C1_0/pll_inst_0:OUT0 (r)
               +     4.735          Clock generation
  8.735                        
               +     0.256          net: MIPI_CAMERA_0/PF_CCC_C1_0/PF_CCC_C1_0/pll_inst_0_clkint_0
  8.991                        MIPI_CAMERA_0/PF_CCC_C1_0/PF_CCC_C1_0/clkint_0_1:A (r)
               +     0.211          cell: ADLIB:ICB_CLKINT
  9.202                        MIPI_CAMERA_0/PF_CCC_C1_0/PF_CCC_C1_0/clkint_0_1:Y (r)
               +     0.136          net: MIPI_CAMERA_0/PF_CCC_C1_0/PF_CCC_C1_0/clkint_0_NET
  9.338                        MIPI_CAMERA_0/PF_CCC_C1_0/PF_CCC_C1_0/clkint_0:A (r)
               +     0.149          cell: ADLIB:GB
  9.487                        MIPI_CAMERA_0/PF_CCC_C1_0/PF_CCC_C1_0/clkint_0:Y (r)
               +     0.377          net: MIPI_CAMERA_0/PF_CCC_C1_0/PF_CCC_C1_0/clkint_0/U0_Y
  9.864                        MIPI_CAMERA_0/PF_CCC_C1_0/PF_CCC_C1_0/clkint_0/U0_RGB1_RGB0:A (r)
               +     0.052          cell: ADLIB:RGB
  9.916                        MIPI_CAMERA_0/PF_CCC_C1_0/PF_CCC_C1_0/clkint_0/U0_RGB1_RGB0:Y (f)
               +     0.401          net: MIPI_CAMERA_0/PF_CCC_C1_0/PF_CCC_C1_0/clkint_0/U0_RGB1_RGB0_rgb_net_1
  10.317                       MIPI_CAMERA_0/VDMA_C0_0/VDMA_C0_0/dma_top_0/vdma_write_0/ddr_write_vdma/async_fifo_vdma_0/wrptr1[11]:CLK (r)
               -     0.135          
  10.182                       clock jitter
               -     0.000          Library setup time: ADLIB:SLE
  10.182                       MIPI_CAMERA_0/VDMA_C0_0/VDMA_C0_0/dma_top_0/vdma_write_0/ddr_write_vdma/async_fifo_vdma_0/wrptr1[11]:D
                                    
  10.182                       data required time


Operating Conditions : slow_lv_ht

END SET CLOCKS_AND_RESETS_0/CCC_FIC_x_CLK/PF_CCC_C0_0/pll_inst_0/OUT1 to MIPI_CAMERA_0/PF_CCC_C1_0/PF_CCC_C1_0/pll_inst_0/OUT0

----------------------------------------------------

SET MIPI_CAMERA_0/PF_IOD_GENERIC_RX_C0_0/PF_CLK_DIV_FIFO/I_CDD/Y_DIV to MIPI_CAMERA_0/PF_CCC_C1_0/PF_CCC_C1_0/pll_inst_0/OUT0

Path 1
  From: MIPI_CAMERA_0/mipicsi2rxdecoderPF_C0_0/MSC_i_0/MSC_i_4/MSC_i_10/genblk2.dt_i[3]:CLK
  To:   MIPI_CAMERA_0/mipicsi2rxdecoderPF_C0_0/MSC_i_0/MSC_i_4/MSC_i_10/data_type_reg1_0[3]:D
  Delay (ns):              0.848
  Slack (ns):              4.883
  Arrival (ns):            3.442
  Required (ns):           8.325
  Setup (ns):              0.000
  Operating Conditions: fast_hv_lt

Path 2
  From: MIPI_CAMERA_0/mipicsi2rxdecoderPF_C0_0/MSC_i_0/MSC_i_4/MSC_i_10/genblk2.word_count_out[7]:CLK
  To:   MIPI_CAMERA_0/mipicsi2rxdecoderPF_C0_0/MSC_i_0/MSC_i_4/MSC_i_10/word_count_reg1_0[7]:D
  Delay (ns):              0.588
  Slack (ns):              5.133
  Arrival (ns):            3.176
  Required (ns):           8.309
  Setup (ns):              0.000
  Operating Conditions: fast_hv_lt

Path 3
  From: MIPI_CAMERA_0/mipicsi2rxdecoderPF_C0_0/MSC_i_0/MSC_i_4/MSC_i_10/genblk2.dt_i[5]:CLK
  To:   MIPI_CAMERA_0/mipicsi2rxdecoderPF_C0_0/MSC_i_0/MSC_i_4/MSC_i_10/data_type_reg1_0[5]:D
  Delay (ns):              0.502
  Slack (ns):              5.211
  Arrival (ns):            3.096
  Required (ns):           8.307
  Setup (ns):              0.000
  Operating Conditions: fast_hv_lt

Path 4
  From: MIPI_CAMERA_0/mipicsi2rxdecoderPF_C0_0/MSC_i_0/MSC_i_4/MSC_i_10/genblk2.word_count_out[2]:CLK
  To:   MIPI_CAMERA_0/mipicsi2rxdecoderPF_C0_0/MSC_i_0/MSC_i_4/MSC_i_10/word_count_reg1_0[2]:D
  Delay (ns):              0.515
  Slack (ns):              5.212
  Arrival (ns):            3.102
  Required (ns):           8.314
  Setup (ns):              0.000
  Operating Conditions: fast_hv_lt

Path 5
  From: MIPI_CAMERA_0/mipicsi2rxdecoderPF_C0_0/MSC_i_0/MSC_i_4/MSC_i_10/genblk2.dt_i[0]:CLK
  To:   MIPI_CAMERA_0/mipicsi2rxdecoderPF_C0_0/MSC_i_0/MSC_i_4/MSC_i_10/data_type_reg1_0[0]:D
  Delay (ns):              0.458
  Slack (ns):              5.261
  Arrival (ns):            3.046
  Required (ns):           8.307
  Setup (ns):              0.000
  Operating Conditions: fast_hv_lt


Expanded Path 1
  From: MIPI_CAMERA_0/mipicsi2rxdecoderPF_C0_0/MSC_i_0/MSC_i_4/MSC_i_10/genblk2.dt_i[3]:CLK
  To: MIPI_CAMERA_0/mipicsi2rxdecoderPF_C0_0/MSC_i_0/MSC_i_4/MSC_i_10/data_type_reg1_0[3]:D
  data required time                                  8.325
  data arrival time                          -        3.442
  slack                                               4.883
  ________________________________________________________
  Data arrival time calculation
  0.000                        MIPI_CAMERA_0/PF_IOD_GENERIC_RX_C0_0/PF_CLK_DIV_FIFO/I_CDD/Y_DIV
               +     0.000          Clock source
  0.000                        MIPI_CAMERA_0/PF_IOD_GENERIC_RX_C0_0/PF_CLK_DIV_FIFO/I_CDD:Y_DIV (r)
               +     1.217          Clock generation
  1.217                        
               +     0.354          net: MIPI_CAMERA_0/PF_IOD_GENERIC_RX_C0_0/PF_CLK_DIV_FIFO_CLK_DIV_OUT
  1.571                        MIPI_CAMERA_0/PF_IOD_GENERIC_RX_C0_0/CLKINT_0_1:A (r)
               +     0.162          cell: ADLIB:ICB_CLKINT
  1.733                        MIPI_CAMERA_0/PF_IOD_GENERIC_RX_C0_0/CLKINT_0_1:Y (r)
               +     0.099          net: MIPI_CAMERA_0/PF_IOD_GENERIC_RX_C0_0/CLKINT_0_NET
  1.832                        MIPI_CAMERA_0/PF_IOD_GENERIC_RX_C0_0/CLKINT_0:A (r)
               +     0.118          cell: ADLIB:GB
  1.950                        MIPI_CAMERA_0/PF_IOD_GENERIC_RX_C0_0/CLKINT_0:Y (r)
               +     0.281          net: MIPI_CAMERA_0/PF_IOD_GENERIC_RX_C0_0/CLKINT_0/U0_Y
  2.231                        MIPI_CAMERA_0/PF_IOD_GENERIC_RX_C0_0/CLKINT_0/U0_RGB1_RGB0:A (r)
               +     0.042          cell: ADLIB:RGB
  2.273                        MIPI_CAMERA_0/PF_IOD_GENERIC_RX_C0_0/CLKINT_0/U0_RGB1_RGB0:Y (f)
               +     0.321          net: MIPI_CAMERA_0/PF_IOD_GENERIC_RX_C0_0/CLKINT_0/U0_RGB1_RGB0_rgb_net_1
  2.594                        MIPI_CAMERA_0/mipicsi2rxdecoderPF_C0_0/MSC_i_0/MSC_i_4/MSC_i_10/genblk2.dt_i[3]:CLK (r)
               +     0.119          cell: ADLIB:SLE
  2.713                        MIPI_CAMERA_0/mipicsi2rxdecoderPF_C0_0/MSC_i_0/MSC_i_4/MSC_i_10/genblk2.dt_i[3]:Q (f)
               +     0.729          net: MIPI_CAMERA_0/mipicsi2rxdecoderPF_C0_0/MSC_i_0/MSC_i_4/MSC_i_10/MSC_net_142
  3.442                        MIPI_CAMERA_0/mipicsi2rxdecoderPF_C0_0/MSC_i_0/MSC_i_4/MSC_i_10/data_type_reg1_0[3]:D (f)
                                    
  3.442                        data arrival time
  ________________________________________________________
  Data required time calculation
  4.000                        MIPI_CAMERA_0/PF_CCC_C1_0/PF_CCC_C1_0/pll_inst_0/OUT0
               +     0.000          Clock source
  4.000                        MIPI_CAMERA_0/PF_CCC_C1_0/PF_CCC_C1_0/pll_inst_0:OUT0 (r)
               +     3.164          Clock generation
  7.164                        
               +     0.161          net: MIPI_CAMERA_0/PF_CCC_C1_0/PF_CCC_C1_0/pll_inst_0_clkint_0
  7.325                        MIPI_CAMERA_0/PF_CCC_C1_0/PF_CCC_C1_0/clkint_0_1:A (r)
               +     0.141          cell: ADLIB:ICB_CLKINT
  7.466                        MIPI_CAMERA_0/PF_CCC_C1_0/PF_CCC_C1_0/clkint_0_1:Y (r)
               +     0.096          net: MIPI_CAMERA_0/PF_CCC_C1_0/PF_CCC_C1_0/clkint_0_NET
  7.562                        MIPI_CAMERA_0/PF_CCC_C1_0/PF_CCC_C1_0/clkint_0:A (r)
               +     0.109          cell: ADLIB:GB
  7.671                        MIPI_CAMERA_0/PF_CCC_C1_0/PF_CCC_C1_0/clkint_0:Y (r)
               +     0.255          net: MIPI_CAMERA_0/PF_CCC_C1_0/PF_CCC_C1_0/clkint_0/U0_Y
  7.926                        MIPI_CAMERA_0/PF_CCC_C1_0/PF_CCC_C1_0/clkint_0/U0_RGB1_RGB2:A (r)
               +     0.038          cell: ADLIB:RGB
  7.964                        MIPI_CAMERA_0/PF_CCC_C1_0/PF_CCC_C1_0/clkint_0/U0_RGB1_RGB2:Y (f)
               +     0.274          net: MIPI_CAMERA_0/PF_CCC_C1_0/PF_CCC_C1_0/clkint_0/U0_RGB1_RGB2_rgb_net_1
  8.238                        MIPI_CAMERA_0/mipicsi2rxdecoderPF_C0_0/MSC_i_0/MSC_i_4/MSC_i_10/data_type_reg1_0[3]:CLK (r)
               +     0.222          
  8.460                        clock reconvergence pessimism
               -     0.135          
  8.325                        clock jitter
               -     0.000          Library setup time: ADLIB:SLE
  8.325                        MIPI_CAMERA_0/mipicsi2rxdecoderPF_C0_0/MSC_i_0/MSC_i_4/MSC_i_10/data_type_reg1_0[3]:D
                                    
  8.325                        data required time


Operating Conditions : fast_hv_lt

END SET MIPI_CAMERA_0/PF_IOD_GENERIC_RX_C0_0/PF_CLK_DIV_FIFO/I_CDD/Y_DIV to MIPI_CAMERA_0/PF_CCC_C1_0/PF_CCC_C1_0/pll_inst_0/OUT0

----------------------------------------------------

Clock Domain MIPI_CAMERA_0/PF_IOD_GENERIC_RX_C0_0/COREBCLKSCLKALIGN_0/PF_IOD_GENERIC_RX_C0_TR_0/genblk1.U_ICB_BCLKSCLKALIGN/RX_CLK_ALIGN_MOVE:Q

Info: The maximum frequency of this clock domain is limited by the period of pin MIPI_CAMERA_0/PF_IOD_GENERIC_RX_C0_0/PF_CLK_DIV_FIFO/I_CDD:DELAY_LINE_MOVE

SET Register to Register

No Path 

END SET Register to Register

----------------------------------------------------

SET External Setup

No Path 

END SET External Setup

----------------------------------------------------

SET Clock to Output

No Path 

END SET Clock to Output

----------------------------------------------------

SET Register to Asynchronous

No Path 

END SET Register to Asynchronous

----------------------------------------------------

SET External Recovery

No Path 

END SET External Recovery

----------------------------------------------------

SET Asynchronous to Register

No Path 

END SET Asynchronous to Register

----------------------------------------------------

SET MIPI_CAMERA_0/PF_IOD_GENERIC_RX_C0_0/PF_CLK_DIV_FIFO/I_CDD/Y_DIV to MIPI_CAMERA_0/PF_IOD_GENERIC_RX_C0_0/COREBCLKSCLKALIGN_0/PF_IOD_GENERIC_RX_C0_TR_0/genblk1.U_ICB_BCLKSCLKALIGN/RX_CLK_ALIGN_MOVE:Q

No Path 

END SET MIPI_CAMERA_0/PF_IOD_GENERIC_RX_C0_0/PF_CLK_DIV_FIFO/I_CDD/Y_DIV to MIPI_CAMERA_0/PF_IOD_GENERIC_RX_C0_0/COREBCLKSCLKALIGN_0/PF_IOD_GENERIC_RX_C0_TR_0/genblk1.U_ICB_BCLKSCLKALIGN/RX_CLK_ALIGN_MOVE:Q

----------------------------------------------------

Clock Domain MIPI_CAMERA_0/PF_IOD_GENERIC_RX_C0_0/PF_CLK_DIV_FIFO/I_CDD/Y_DIV

SET Register to Register

Path 1
  From: MIPI_CAMERA_0/PF_IOD_GENERIC_RX_C0_0/PF_LANECTRL_0/I_LANECTRL_PAUSE_SYNC/pipe_fall.pause_sync_0:CLK
  To:   MIPI_CAMERA_0/PF_IOD_GENERIC_RX_C0_0/PF_LANECTRL_0/I_LANECTRL_PAUSE_SYNC/pipe_fall.pause_sync:D
  Delay (ns):              0.703
  Slack (ns):              7.154
  Arrival (ns):            4.518
  Required (ns):          11.672
  Setup (ns):              0.000
  Minimum Period (ns):     1.474
  Operating Conditions: slow_lv_ht

Path 2
  From: MIPI_CAMERA_0/mipicsi2rxdecoderPF_C0_0/MSC_i_0/MSC_i_4/MSC_i_10/genblk2.dt_i[5]:CLK
  To:   MIPI_CAMERA_0/mipicsi2rxdecoderPF_C0_0/MSC_i_0/MSC_i_4/MSC_i_10/genblk2.ecc_error_out:D
  Delay (ns):              4.181
  Slack (ns):             11.659
  Arrival (ns):            7.978
  Required (ns):          19.637
  Setup (ns):              0.000
  Minimum Period (ns):     4.232
  Operating Conditions: slow_lv_ht

Path 3
  From: MIPI_CAMERA_0/mipicsi2rxdecoderPF_C0_0/MSC_i_0/MSC_i_4/MSC_i_10/genblk2.dt_i[2]:CLK
  To:   MIPI_CAMERA_0/mipicsi2rxdecoderPF_C0_0/MSC_i_0/MSC_i_4/MSC_i_10/genblk2.ecc_error_out:D
  Delay (ns):              3.967
  Slack (ns):             11.873
  Arrival (ns):            7.764
  Required (ns):          19.637
  Setup (ns):              0.000
  Minimum Period (ns):     4.018
  Operating Conditions: slow_lv_ht

Path 4
  From: MIPI_CAMERA_0/mipicsi2rxdecoderPF_C0_0/MSC_i_0/MSC_i_4/MSC_i_5/genblk1.L0_data_in_reg1[0]:CLK
  To:   MIPI_CAMERA_0/mipicsi2rxdecoderPF_C0_0/MSC_i_0/MSC_i_4/MSC_i_5/genblk1.L0_bit_adjust[2]:EN
  Delay (ns):              3.752
  Slack (ns):             11.980
  Arrival (ns):            7.489
  Required (ns):          19.469
  Setup (ns):              0.128
  Minimum Period (ns):     3.911
  Operating Conditions: slow_lv_ht

Path 5
  From: MIPI_CAMERA_0/mipicsi2rxdecoderPF_C0_0/MSC_i_0/MSC_i_4/MSC_i_5/genblk1.L0_data_in_reg1[0]:CLK
  To:   MIPI_CAMERA_0/mipicsi2rxdecoderPF_C0_0/MSC_i_0/MSC_i_4/MSC_i_5/genblk1.L0_bit_adjust[0]:EN
  Delay (ns):              3.751
  Slack (ns):             11.981
  Arrival (ns):            7.488
  Required (ns):          19.469
  Setup (ns):              0.128
  Minimum Period (ns):     3.910
  Operating Conditions: slow_lv_ht


Expanded Path 1
  From: MIPI_CAMERA_0/PF_IOD_GENERIC_RX_C0_0/PF_LANECTRL_0/I_LANECTRL_PAUSE_SYNC/pipe_fall.pause_sync_0:CLK
  To: MIPI_CAMERA_0/PF_IOD_GENERIC_RX_C0_0/PF_LANECTRL_0/I_LANECTRL_PAUSE_SYNC/pipe_fall.pause_sync:D
  data required time                                 11.672
  data arrival time                          -        4.518
  slack                                               7.154
  ________________________________________________________
  Data arrival time calculation
  0.000                        MIPI_CAMERA_0/PF_IOD_GENERIC_RX_C0_0/PF_CLK_DIV_FIFO/I_CDD/Y_DIV
               +     0.000          Clock source
  0.000                        MIPI_CAMERA_0/PF_IOD_GENERIC_RX_C0_0/PF_CLK_DIV_FIFO/I_CDD:Y_DIV (r)
               +     1.734          Clock generation
  1.734                        
               +     0.562          net: MIPI_CAMERA_0/PF_IOD_GENERIC_RX_C0_0/PF_CLK_DIV_FIFO_CLK_DIV_OUT
  2.296                        MIPI_CAMERA_0/PF_IOD_GENERIC_RX_C0_0/CLKINT_0_1:A (r)
               +     0.243          cell: ADLIB:ICB_CLKINT
  2.539                        MIPI_CAMERA_0/PF_IOD_GENERIC_RX_C0_0/CLKINT_0_1:Y (r)
               +     0.140          net: MIPI_CAMERA_0/PF_IOD_GENERIC_RX_C0_0/CLKINT_0_NET
  2.679                        MIPI_CAMERA_0/PF_IOD_GENERIC_RX_C0_0/CLKINT_0:A (r)
               +     0.162          cell: ADLIB:GB
  2.841                        MIPI_CAMERA_0/PF_IOD_GENERIC_RX_C0_0/CLKINT_0:Y (r)
               +     0.391          net: MIPI_CAMERA_0/PF_IOD_GENERIC_RX_C0_0/CLKINT_0/U0_Y
  3.232                        MIPI_CAMERA_0/PF_IOD_GENERIC_RX_C0_0/CLKINT_0/U0_RGB1_RGB2:A (r)
               +     0.058          cell: ADLIB:RGB
  3.290                        MIPI_CAMERA_0/PF_IOD_GENERIC_RX_C0_0/CLKINT_0/U0_RGB1_RGB2:Y (f)
               +     0.525          net: MIPI_CAMERA_0/PF_IOD_GENERIC_RX_C0_0/CLKINT_0/U0_RGB1_RGB2_rgb_net_1
  3.815                        MIPI_CAMERA_0/PF_IOD_GENERIC_RX_C0_0/PF_LANECTRL_0/I_LANECTRL_PAUSE_SYNC/pipe_fall.pause_sync_0:CLK (r)
               +     0.201          cell: ADLIB:SLE
  4.016                        MIPI_CAMERA_0/PF_IOD_GENERIC_RX_C0_0/PF_LANECTRL_0/I_LANECTRL_PAUSE_SYNC/pipe_fall.pause_sync_0:Q (r)
               +     0.502          net: MIPI_CAMERA_0/PF_IOD_GENERIC_RX_C0_0/PF_LANECTRL_0/I_LANECTRL_PAUSE_SYNC/pause_sync_0_i
  4.518                        MIPI_CAMERA_0/PF_IOD_GENERIC_RX_C0_0/PF_LANECTRL_0/I_LANECTRL_PAUSE_SYNC/pipe_fall.pause_sync:D (r)
                                    
  4.518                        data arrival time
  ________________________________________________________
  Data required time calculation
  8.000                        MIPI_CAMERA_0/PF_IOD_GENERIC_RX_C0_0/PF_CLK_DIV_FIFO/I_CDD/Y_DIV
               +     0.000          Clock source
  8.000                        MIPI_CAMERA_0/PF_IOD_GENERIC_RX_C0_0/PF_CLK_DIV_FIFO/I_CDD:Y_DIV (f)
               +     1.505          Clock generation
  9.505                        
               +     0.526          net: MIPI_CAMERA_0/PF_IOD_GENERIC_RX_C0_0/PF_CLK_DIV_FIFO_CLK_DIV_OUT
  10.031                       MIPI_CAMERA_0/PF_IOD_GENERIC_RX_C0_0/CLKINT_0_1:A (f)
               +     0.224          cell: ADLIB:ICB_CLKINT
  10.255                       MIPI_CAMERA_0/PF_IOD_GENERIC_RX_C0_0/CLKINT_0_1:Y (f)
               +     0.122          net: MIPI_CAMERA_0/PF_IOD_GENERIC_RX_C0_0/CLKINT_0_NET
  10.377                       MIPI_CAMERA_0/PF_IOD_GENERIC_RX_C0_0/CLKINT_0:A (f)
               +     0.141          cell: ADLIB:GB
  10.518                       MIPI_CAMERA_0/PF_IOD_GENERIC_RX_C0_0/CLKINT_0:Y (f)
               +     0.357          net: MIPI_CAMERA_0/PF_IOD_GENERIC_RX_C0_0/CLKINT_0/U0_Y
  10.875                       MIPI_CAMERA_0/PF_IOD_GENERIC_RX_C0_0/CLKINT_0/U0_RGB1_RGB2:A (f)
               +     0.054          cell: ADLIB:RGB
  10.929                       MIPI_CAMERA_0/PF_IOD_GENERIC_RX_C0_0/CLKINT_0/U0_RGB1_RGB2:Y (r)
               +     0.485          net: MIPI_CAMERA_0/PF_IOD_GENERIC_RX_C0_0/CLKINT_0/U0_RGB1_RGB2_rgb_net_1
  11.414                       MIPI_CAMERA_0/PF_IOD_GENERIC_RX_C0_0/PF_LANECTRL_0/I_LANECTRL_PAUSE_SYNC/pipe_fall.pause_sync:CLK (r)
               +     0.367          
  11.781                       clock reconvergence pessimism
               -     0.109          
  11.672                       clock jitter
               -     0.000          Library setup time: ADLIB:SLE
  11.672                       MIPI_CAMERA_0/PF_IOD_GENERIC_RX_C0_0/PF_LANECTRL_0/I_LANECTRL_PAUSE_SYNC/pipe_fall.pause_sync:D
                                    
  11.672                       data required time


Operating Conditions : slow_lv_ht

END SET Register to Register

----------------------------------------------------

SET External Setup

Path 1
  From: RXD_N[0]
  To:   MIPI_CAMERA_0/mipicsi2rxdecoderPF_C0_0/MSC_i_0/MSC_i_4/MSC_i_5/genblk1.state_0[0]:D
  Delay (ns):              6.420
  Arrival (ns):            6.420
  Setup (ns):              0.000
  External Setup (ns):     3.165
  Operating Conditions: slow_lv_ht

Path 2
  From: RXD_N[1]
  To:   MIPI_CAMERA_0/mipicsi2rxdecoderPF_C0_0/MSC_i_0/MSC_i_4/MSC_i_5/genblk2.L1_data_out[3]:D
  Delay (ns):              6.115
  Arrival (ns):            6.115
  Setup (ns):              0.000
  External Setup (ns):     2.906
  Operating Conditions: slow_lv_ht

Path 3
  From: RXD_N[0]
  To:   MIPI_CAMERA_0/mipicsi2rxdecoderPF_C0_0/MSC_i_0/MSC_i_4/MSC_i_5/genblk2.state_1[0]:D
  Delay (ns):              6.114
  Arrival (ns):            6.114
  Setup (ns):              0.000
  External Setup (ns):     2.879
  Operating Conditions: slow_lv_ht

Path 4
  From: RXD_N[1]
  To:   MIPI_CAMERA_0/mipicsi2rxdecoderPF_C0_0/MSC_i_0/MSC_i_4/MSC_i_5/genblk2.L1_data_out[1]:D
  Delay (ns):              6.062
  Arrival (ns):            6.062
  Setup (ns):              0.000
  External Setup (ns):     2.853
  Operating Conditions: slow_lv_ht

Path 5
  From: RXD_N[0]
  To:   MIPI_CAMERA_0/mipicsi2rxdecoderPF_C0_0/MSC_i_0/MSC_i_4/MSC_i_5/genblk1.state_0[1]:D
  Delay (ns):              6.076
  Arrival (ns):            6.076
  Setup (ns):              0.000
  External Setup (ns):     2.821
  Operating Conditions: slow_lv_ht


Expanded Path 1
  From: RXD_N[0]
  To: MIPI_CAMERA_0/mipicsi2rxdecoderPF_C0_0/MSC_i_0/MSC_i_4/MSC_i_5/genblk1.state_0[0]:D
  data required time                                    N/C
  data arrival time                          -        6.420
  slack                                                 N/C
  ________________________________________________________
  Data arrival time calculation
  0.000                        RXD_N[0] (f)
               +     0.000          net: RXD_N[0]
  0.000                        MIPI_CAMERA_0/PF_IOD_GENERIC_RX_C0_0/PF_IOD_RX/I_INBUF_DIFF_MIPI_0/U_IOPADN:PAD (f)
               +     0.660          cell: ADLIB:IOPADN_IN
  0.660                        MIPI_CAMERA_0/PF_IOD_GENERIC_RX_C0_0/PF_IOD_RX/I_INBUF_DIFF_MIPI_0/U_IOPADN:Y (f)
               +     0.000          net: MIPI_CAMERA_0/PF_IOD_GENERIC_RX_C0_0/PF_IOD_RX/I_INBUF_DIFF_MIPI_0/U2_N2P
  0.660                        MIPI_CAMERA_0/PF_IOD_GENERIC_RX_C0_0/PF_IOD_RX/I_INBUF_DIFF_MIPI_0/U_ION:YIN (f)
               +     0.338          cell: ADLIB:IOIN_IB_E
  0.998                        MIPI_CAMERA_0/PF_IOD_GENERIC_RX_C0_0/PF_IOD_RX/I_INBUF_DIFF_MIPI_0/U_ION:Y (f)
               +     3.430          net: MIPI_CAMERA_0/PF_IOD_GENERIC_RX_C0_0_L0_LP_DATA_N
  4.428                        MIPI_CAMERA_0/mipicsi2rxdecoderPF_C0_0/MSC_i_0/MSC_i_4/MSC_i_5/MSC_i_8/MSC_i_9/rstn_packet_1_iv_i:C (f)
               +     0.091          cell: ADLIB:CFG3
  4.519                        MIPI_CAMERA_0/mipicsi2rxdecoderPF_C0_0/MSC_i_0/MSC_i_4/MSC_i_5/MSC_i_8/MSC_i_9/rstn_packet_1_iv_i:Y (r)
               +     0.928          net: MIPI_CAMERA_0/mipicsi2rxdecoderPF_C0_0/MSC_i_0/MSC_i_4/MSC_i_5/MSC_net_426
  5.447                        MIPI_CAMERA_0/mipicsi2rxdecoderPF_C0_0/MSC_i_0/MSC_i_4/MSC_i_5/MSC_i_8/MSC_i_9/sync_start0_1_sqmuxa_0_a3:D (r)
               +     0.053          cell: ADLIB:CFG4
  5.500                        MIPI_CAMERA_0/mipicsi2rxdecoderPF_C0_0/MSC_i_0/MSC_i_4/MSC_i_5/MSC_i_8/MSC_i_9/sync_start0_1_sqmuxa_0_a3:Y (r)
               +     0.460          net: MIPI_CAMERA_0/mipicsi2rxdecoderPF_C0_0/MSC_i_0/MSC_i_4/MSC_i_5/MSC_net_452
  5.960                        MIPI_CAMERA_0/mipicsi2rxdecoderPF_C0_0/MSC_i_0/MSC_i_4/MSC_i_5/MSC_i_8/MSC_i_9/genblk1.state_0_ns_i_o2[0]:A (r)
               +     0.053          cell: ADLIB:CFG2
  6.013                        MIPI_CAMERA_0/mipicsi2rxdecoderPF_C0_0/MSC_i_0/MSC_i_4/MSC_i_5/MSC_i_8/MSC_i_9/genblk1.state_0_ns_i_o2[0]:Y (r)
               +     0.242          net: MIPI_CAMERA_0/mipicsi2rxdecoderPF_C0_0/MSC_i_0/MSC_i_4/MSC_i_5/MSC_i_8/MSC_i_9/MSC_net_548
  6.255                        MIPI_CAMERA_0/mipicsi2rxdecoderPF_C0_0/MSC_i_0/MSC_i_4/MSC_i_5/MSC_i_8/MSC_i_9/genblk1.state_0_ns_i_o2_RNIRUM4J[0]:B (r)
               +     0.142          cell: ADLIB:CFG4
  6.397                        MIPI_CAMERA_0/mipicsi2rxdecoderPF_C0_0/MSC_i_0/MSC_i_4/MSC_i_5/MSC_i_8/MSC_i_9/genblk1.state_0_ns_i_o2_RNIRUM4J[0]:Y (f)
               +     0.023          net: MIPI_CAMERA_0/mipicsi2rxdecoderPF_C0_0/MSC_i_0/MSC_i_4/MSC_i_5/MSC_net_444
  6.420                        MIPI_CAMERA_0/mipicsi2rxdecoderPF_C0_0/MSC_i_0/MSC_i_4/MSC_i_5/genblk1.state_0[0]:D (f)
                                    
  6.420                        data arrival time
  ________________________________________________________
  Data required time calculation
  N/C                          MIPI_CAMERA_0/PF_IOD_GENERIC_RX_C0_0/PF_CLK_DIV_FIFO/I_CDD/Y_DIV
               +     0.000          Clock source
  N/C                          MIPI_CAMERA_0/PF_IOD_GENERIC_RX_C0_0/PF_CLK_DIV_FIFO/I_CDD:Y_DIV (r)
               +     1.520          Clock generation
  N/C                          
               +     0.511          net: MIPI_CAMERA_0/PF_IOD_GENERIC_RX_C0_0/PF_CLK_DIV_FIFO_CLK_DIV_OUT
  N/C                          MIPI_CAMERA_0/PF_IOD_GENERIC_RX_C0_0/CLKINT_0_1:A (r)
               +     0.211          cell: ADLIB:ICB_CLKINT
  N/C                          MIPI_CAMERA_0/PF_IOD_GENERIC_RX_C0_0/CLKINT_0_1:Y (r)
               +     0.128          net: MIPI_CAMERA_0/PF_IOD_GENERIC_RX_C0_0/CLKINT_0_NET
  N/C                          MIPI_CAMERA_0/PF_IOD_GENERIC_RX_C0_0/CLKINT_0:A (r)
               +     0.147          cell: ADLIB:GB
  N/C                          MIPI_CAMERA_0/PF_IOD_GENERIC_RX_C0_0/CLKINT_0:Y (r)
               +     0.367          net: MIPI_CAMERA_0/PF_IOD_GENERIC_RX_C0_0/CLKINT_0/U0_Y
  N/C                          MIPI_CAMERA_0/PF_IOD_GENERIC_RX_C0_0/CLKINT_0/U0_RGB1_RGB1:A (r)
               +     0.052          cell: ADLIB:RGB
  N/C                          MIPI_CAMERA_0/PF_IOD_GENERIC_RX_C0_0/CLKINT_0/U0_RGB1_RGB1:Y (f)
               +     0.428          net: MIPI_CAMERA_0/PF_IOD_GENERIC_RX_C0_0/CLKINT_0/U0_RGB1_RGB1_rgb_net_1
  N/C                          MIPI_CAMERA_0/mipicsi2rxdecoderPF_C0_0/MSC_i_0/MSC_i_4/MSC_i_5/genblk1.state_0[0]:CLK (r)
               -     0.109          
  N/C                          clock jitter
               -     0.000          Library setup time: ADLIB:SLE
  N/C                          MIPI_CAMERA_0/mipicsi2rxdecoderPF_C0_0/MSC_i_0/MSC_i_4/MSC_i_5/genblk1.state_0[0]:D


Operating Conditions : slow_lv_ht

END SET External Setup

----------------------------------------------------

SET Clock to Output

No Path 

END SET Clock to Output

----------------------------------------------------

SET Register to Asynchronous

Path 1
  From: MIPI_CAMERA_0/mipicsi2rxdecoderPF_C0_0/MSC_i_0/MSC_i_4/MSC_i_5/genblk10.sync1_reg:CLK
  To:   MIPI_CAMERA_0/mipicsi2rxdecoderPF_C0_0/MSC_i_0/MSC_i_4/MSC_i_5/MSC_i_6/wraddr_rr[0]:ALn
  Delay (ns):              1.572
  Slack (ns):             14.097
  Arrival (ns):            5.331
  Required (ns):          19.428
  Recovery (ns):           0.196
  Minimum Period (ns):     1.794
  Skew (ns):               0.026
  Operating Conditions: slow_lv_ht

Path 2
  From: MIPI_CAMERA_0/mipicsi2rxdecoderPF_C0_0/MSC_i_0/MSC_i_4/MSC_i_5/genblk10.sync1_reg:CLK
  To:   MIPI_CAMERA_0/mipicsi2rxdecoderPF_C0_0/MSC_i_0/MSC_i_4/MSC_i_5/MSC_i_6/wraddr_rr[4]:ALn
  Delay (ns):              1.572
  Slack (ns):             14.098
  Arrival (ns):            5.331
  Required (ns):          19.429
  Recovery (ns):           0.196
  Minimum Period (ns):     1.793
  Skew (ns):               0.025
  Operating Conditions: slow_lv_ht

Path 3
  From: MIPI_CAMERA_0/mipicsi2rxdecoderPF_C0_0/MSC_i_0/MSC_i_4/MSC_i_5/genblk10.sync1_reg:CLK
  To:   MIPI_CAMERA_0/mipicsi2rxdecoderPF_C0_0/MSC_i_0/MSC_i_4/MSC_i_5/MSC_i_6/wraddr_plus2_r[3]:ALn
  Delay (ns):              1.205
  Slack (ns):             14.464
  Arrival (ns):            4.964
  Required (ns):          19.428
  Recovery (ns):           0.209
  Minimum Period (ns):     1.427
  Skew (ns):               0.013
  Operating Conditions: slow_lv_ht

Path 4
  From: MIPI_CAMERA_0/mipicsi2rxdecoderPF_C0_0/MSC_i_0/MSC_i_4/MSC_i_5/genblk10.sync1_reg:CLK
  To:   MIPI_CAMERA_0/mipicsi2rxdecoderPF_C0_0/MSC_i_0/MSC_i_4/MSC_i_5/MSC_i_6/wraddr_plus2_r[2]:ALn
  Delay (ns):              1.205
  Slack (ns):             14.464
  Arrival (ns):            4.964
  Required (ns):          19.428
  Recovery (ns):           0.209
  Minimum Period (ns):     1.427
  Skew (ns):               0.013
  Operating Conditions: slow_lv_ht

Path 5
  From: MIPI_CAMERA_0/mipicsi2rxdecoderPF_C0_0/MSC_i_0/MSC_i_4/MSC_i_5/genblk10.sync1_reg:CLK
  To:   MIPI_CAMERA_0/mipicsi2rxdecoderPF_C0_0/MSC_i_0/MSC_i_4/MSC_i_5/MSC_i_6/wraddr_plus2_r[0]:ALn
  Delay (ns):              1.205
  Slack (ns):             14.464
  Arrival (ns):            4.964
  Required (ns):          19.428
  Recovery (ns):           0.209
  Minimum Period (ns):     1.427
  Skew (ns):               0.013
  Operating Conditions: slow_lv_ht


Expanded Path 1
  From: MIPI_CAMERA_0/mipicsi2rxdecoderPF_C0_0/MSC_i_0/MSC_i_4/MSC_i_5/genblk10.sync1_reg:CLK
  To: MIPI_CAMERA_0/mipicsi2rxdecoderPF_C0_0/MSC_i_0/MSC_i_4/MSC_i_5/MSC_i_6/wraddr_rr[0]:ALn
  data required time                                 19.428
  data arrival time                          -        5.331
  slack                                              14.097
  ________________________________________________________
  Data arrival time calculation
  0.000                        MIPI_CAMERA_0/PF_IOD_GENERIC_RX_C0_0/PF_CLK_DIV_FIFO/I_CDD/Y_DIV
               +     0.000          Clock source
  0.000                        MIPI_CAMERA_0/PF_IOD_GENERIC_RX_C0_0/PF_CLK_DIV_FIFO/I_CDD:Y_DIV (r)
               +     1.734          Clock generation
  1.734                        
               +     0.562          net: MIPI_CAMERA_0/PF_IOD_GENERIC_RX_C0_0/PF_CLK_DIV_FIFO_CLK_DIV_OUT
  2.296                        MIPI_CAMERA_0/PF_IOD_GENERIC_RX_C0_0/CLKINT_0_1:A (r)
               +     0.243          cell: ADLIB:ICB_CLKINT
  2.539                        MIPI_CAMERA_0/PF_IOD_GENERIC_RX_C0_0/CLKINT_0_1:Y (r)
               +     0.140          net: MIPI_CAMERA_0/PF_IOD_GENERIC_RX_C0_0/CLKINT_0_NET
  2.679                        MIPI_CAMERA_0/PF_IOD_GENERIC_RX_C0_0/CLKINT_0:A (r)
               +     0.162          cell: ADLIB:GB
  2.841                        MIPI_CAMERA_0/PF_IOD_GENERIC_RX_C0_0/CLKINT_0:Y (r)
               +     0.405          net: MIPI_CAMERA_0/PF_IOD_GENERIC_RX_C0_0/CLKINT_0/U0_Y
  3.246                        MIPI_CAMERA_0/PF_IOD_GENERIC_RX_C0_0/CLKINT_0/U0_RGB1_RGB1:A (r)
               +     0.058          cell: ADLIB:RGB
  3.304                        MIPI_CAMERA_0/PF_IOD_GENERIC_RX_C0_0/CLKINT_0/U0_RGB1_RGB1:Y (f)
               +     0.455          net: MIPI_CAMERA_0/PF_IOD_GENERIC_RX_C0_0/CLKINT_0/U0_RGB1_RGB1_rgb_net_1
  3.759                        MIPI_CAMERA_0/mipicsi2rxdecoderPF_C0_0/MSC_i_0/MSC_i_4/MSC_i_5/genblk10.sync1_reg:CLK (r)
               +     0.209          cell: ADLIB:SLE
  3.968                        MIPI_CAMERA_0/mipicsi2rxdecoderPF_C0_0/MSC_i_0/MSC_i_4/MSC_i_5/genblk10.sync1_reg:Q (r)
               +     1.363          net: MIPI_CAMERA_0/mipicsi2rxdecoderPF_C0_0/MSC_i_0/MSC_i_4/MSC_i_5/MSC_net_417
  5.331                        MIPI_CAMERA_0/mipicsi2rxdecoderPF_C0_0/MSC_i_0/MSC_i_4/MSC_i_5/MSC_i_6/wraddr_rr[0]:ALn (r)
                                    
  5.331                        data arrival time
  ________________________________________________________
  Data required time calculation
  16.000                       MIPI_CAMERA_0/PF_IOD_GENERIC_RX_C0_0/PF_CLK_DIV_FIFO/I_CDD/Y_DIV
               +     0.000          Clock source
  16.000                       MIPI_CAMERA_0/PF_IOD_GENERIC_RX_C0_0/PF_CLK_DIV_FIFO/I_CDD:Y_DIV (r)
               +     1.520          Clock generation
  17.520                       
               +     0.511          net: MIPI_CAMERA_0/PF_IOD_GENERIC_RX_C0_0/PF_CLK_DIV_FIFO_CLK_DIV_OUT
  18.031                       MIPI_CAMERA_0/PF_IOD_GENERIC_RX_C0_0/CLKINT_0_1:A (r)
               +     0.211          cell: ADLIB:ICB_CLKINT
  18.242                       MIPI_CAMERA_0/PF_IOD_GENERIC_RX_C0_0/CLKINT_0_1:Y (r)
               +     0.128          net: MIPI_CAMERA_0/PF_IOD_GENERIC_RX_C0_0/CLKINT_0_NET
  18.370                       MIPI_CAMERA_0/PF_IOD_GENERIC_RX_C0_0/CLKINT_0:A (r)
               +     0.147          cell: ADLIB:GB
  18.517                       MIPI_CAMERA_0/PF_IOD_GENERIC_RX_C0_0/CLKINT_0:Y (r)
               +     0.367          net: MIPI_CAMERA_0/PF_IOD_GENERIC_RX_C0_0/CLKINT_0/U0_Y
  18.884                       MIPI_CAMERA_0/PF_IOD_GENERIC_RX_C0_0/CLKINT_0/U0_RGB1_RGB1:A (r)
               +     0.052          cell: ADLIB:RGB
  18.936                       MIPI_CAMERA_0/PF_IOD_GENERIC_RX_C0_0/CLKINT_0/U0_RGB1_RGB1:Y (f)
               +     0.421          net: MIPI_CAMERA_0/PF_IOD_GENERIC_RX_C0_0/CLKINT_0/U0_RGB1_RGB1_rgb_net_1
  19.357                       MIPI_CAMERA_0/mipicsi2rxdecoderPF_C0_0/MSC_i_0/MSC_i_4/MSC_i_5/MSC_i_6/wraddr_rr[0]:CLK (r)
               +     0.376          
  19.733                       clock reconvergence pessimism
               -     0.109          
  19.624                       clock jitter
               -     0.196          Library recovery time: ADLIB:SLE
  19.428                       MIPI_CAMERA_0/mipicsi2rxdecoderPF_C0_0/MSC_i_0/MSC_i_4/MSC_i_5/MSC_i_6/wraddr_rr[0]:ALn
                                    
  19.428                       data required time


Operating Conditions : slow_lv_ht

END SET Register to Asynchronous

----------------------------------------------------

SET External Recovery

No Path 

END SET External Recovery

----------------------------------------------------

SET Asynchronous to Register

No Path 

END SET Asynchronous to Register

----------------------------------------------------

SET CLOCKS_AND_RESETS_0/CCC_FIC_x_CLK/PF_CCC_C0_0/pll_inst_0/OUT0 to MIPI_CAMERA_0/PF_IOD_GENERIC_RX_C0_0/PF_CLK_DIV_FIFO/I_CDD/Y_DIV

Path 1
  From: CLOCKS_AND_RESETS_0/RESET_FIC_0_CLK/CORERESET_0/dff_15[0]:CLK
  To:   MIPI_CAMERA_0/mipicsi2rxdecoderPF_C0_0/MSC_i_0/MSC_i_4/MSC_i_5/genblk2.L1_data_out[0]:ALn
  Delay (ns):              2.681
  Slack (ns):              0.730
  Arrival (ns):           10.282
  Required (ns):          11.012
  Operating Conditions: slow_lv_ht

Path 2
  From: CLOCKS_AND_RESETS_0/RESET_FIC_0_CLK/CORERESET_0/dff_15[0]:CLK
  To:   MIPI_CAMERA_0/mipicsi2rxdecoderPF_C0_0/MSC_i_0/MSC_i_4/MSC_i_5/genblk2.L1_data_in_reg6[7]:ALn
  Delay (ns):              2.681
  Slack (ns):              0.730
  Arrival (ns):           10.282
  Required (ns):          11.012
  Operating Conditions: slow_lv_ht

Path 3
  From: CLOCKS_AND_RESETS_0/RESET_FIC_0_CLK/CORERESET_0/dff_15[0]:CLK
  To:   MIPI_CAMERA_0/mipicsi2rxdecoderPF_C0_0/MSC_i_0/MSC_i_4/MSC_i_5/genblk2.L1_data_in_reg6[4]:ALn
  Delay (ns):              2.681
  Slack (ns):              0.730
  Arrival (ns):           10.282
  Required (ns):          11.012
  Operating Conditions: slow_lv_ht

Path 4
  From: CLOCKS_AND_RESETS_0/RESET_FIC_0_CLK/CORERESET_0/dff_15[0]:CLK
  To:   MIPI_CAMERA_0/mipicsi2rxdecoderPF_C0_0/MSC_i_0/MSC_i_4/MSC_i_5/genblk2.L1_data_in_reg6[3]:ALn
  Delay (ns):              2.681
  Slack (ns):              0.730
  Arrival (ns):           10.282
  Required (ns):          11.012
  Operating Conditions: slow_lv_ht

Path 5
  From: CLOCKS_AND_RESETS_0/RESET_FIC_0_CLK/CORERESET_0/dff_15[0]:CLK
  To:   MIPI_CAMERA_0/mipicsi2rxdecoderPF_C0_0/MSC_i_0/MSC_i_4/MSC_i_5/genblk2.L1_data_in_reg6[0]:ALn
  Delay (ns):              2.681
  Slack (ns):              0.730
  Arrival (ns):           10.282
  Required (ns):          11.012
  Operating Conditions: slow_lv_ht


Expanded Path 1
  From: CLOCKS_AND_RESETS_0/RESET_FIC_0_CLK/CORERESET_0/dff_15[0]:CLK
  To: MIPI_CAMERA_0/mipicsi2rxdecoderPF_C0_0/MSC_i_0/MSC_i_4/MSC_i_5/genblk2.L1_data_out[0]:ALn
  data required time                                 11.012
  data arrival time                          -       10.282
  slack                                               0.730
  ________________________________________________________
  Data arrival time calculation
  0.000                        CLOCKS_AND_RESETS_0/CCC_FIC_x_CLK/PF_CCC_C0_0/pll_inst_0/OUT0
               +     0.000          Clock source
  0.000                        CLOCKS_AND_RESETS_0/CCC_FIC_x_CLK/PF_CCC_C0_0/pll_inst_0:OUT0 (r)
               +     4.312          Clock generation
  4.312                        
               +     1.709          net: CLOCKS_AND_RESETS_0/CCC_FIC_x_CLK/PF_CCC_C0_0/pll_inst_0_clkint_0
  6.021                        CLOCKS_AND_RESETS_0/CCC_FIC_x_CLK/PF_CCC_C0_0/clkint_0_1:A (r)
               +     0.150          cell: ADLIB:ICB_CLKINT
  6.171                        CLOCKS_AND_RESETS_0/CCC_FIC_x_CLK/PF_CCC_C0_0/clkint_0_1:Y (r)
               +     0.386          net: CLOCKS_AND_RESETS_0/CCC_FIC_x_CLK/PF_CCC_C0_0/clkint_0_NET
  6.557                        CLOCKS_AND_RESETS_0/CCC_FIC_x_CLK/PF_CCC_C0_0/clkint_0:A (r)
               +     0.161          cell: ADLIB:GB
  6.718                        CLOCKS_AND_RESETS_0/CCC_FIC_x_CLK/PF_CCC_C0_0/clkint_0:Y (r)
               +     0.387          net: CLOCKS_AND_RESETS_0/CCC_FIC_x_CLK/PF_CCC_C0_0/clkint_0/U0_Y
  7.105                        CLOCKS_AND_RESETS_0/CCC_FIC_x_CLK/PF_CCC_C0_0/clkint_0/U0_RGB1_RGB18:A (r)
               +     0.058          cell: ADLIB:RGB
  7.163                        CLOCKS_AND_RESETS_0/CCC_FIC_x_CLK/PF_CCC_C0_0/clkint_0/U0_RGB1_RGB18:Y (f)
               +     0.438          net: CLOCKS_AND_RESETS_0/CCC_FIC_x_CLK/PF_CCC_C0_0/clkint_0/U0_RGB1_RGB18_rgb_net_1
  7.601                        CLOCKS_AND_RESETS_0/RESET_FIC_0_CLK/CORERESET_0/dff_15[0]:CLK (r)
               +     0.201          cell: ADLIB:SLE
  7.802                        CLOCKS_AND_RESETS_0/RESET_FIC_0_CLK/CORERESET_0/dff_15[0]:Q (r)
               +     1.200          net: CLOCKS_AND_RESETS_0_RESET_FIC_0_CLK_CORERESET_0_dff
  9.002                        MIPI_CAMERA_0/mipicsi2rxdecoderPF_C0_0/MSC_i_0/reset_w:A (r)
               +     0.053          cell: ADLIB:CFG2
  9.055                        MIPI_CAMERA_0/mipicsi2rxdecoderPF_C0_0/MSC_i_0/reset_w:Y (r)
               +     1.227          net: MIPI_CAMERA_0/mipicsi2rxdecoderPF_C0_0/MSC_i_0/MSC_net_387
  10.282                       MIPI_CAMERA_0/mipicsi2rxdecoderPF_C0_0/MSC_i_0/MSC_i_4/MSC_i_5/genblk2.L1_data_out[0]:ALn (r)
                                    
  10.282                       data arrival time
  ________________________________________________________
  Data required time calculation
  8.000                        MIPI_CAMERA_0/PF_IOD_GENERIC_RX_C0_0/PF_CLK_DIV_FIFO/I_CDD/Y_DIV
               +     0.000          Clock source
  8.000                        MIPI_CAMERA_0/PF_IOD_GENERIC_RX_C0_0/PF_CLK_DIV_FIFO/I_CDD:Y_DIV (r)
               +     1.520          Clock generation
  9.520                        
               +     0.511          net: MIPI_CAMERA_0/PF_IOD_GENERIC_RX_C0_0/PF_CLK_DIV_FIFO_CLK_DIV_OUT
  10.031                       MIPI_CAMERA_0/PF_IOD_GENERIC_RX_C0_0/CLKINT_0_1:A (r)
               +     0.211          cell: ADLIB:ICB_CLKINT
  10.242                       MIPI_CAMERA_0/PF_IOD_GENERIC_RX_C0_0/CLKINT_0_1:Y (r)
               +     0.128          net: MIPI_CAMERA_0/PF_IOD_GENERIC_RX_C0_0/CLKINT_0_NET
  10.370                       MIPI_CAMERA_0/PF_IOD_GENERIC_RX_C0_0/CLKINT_0:A (r)
               +     0.147          cell: ADLIB:GB
  10.517                       MIPI_CAMERA_0/PF_IOD_GENERIC_RX_C0_0/CLKINT_0:Y (r)
               +     0.355          net: MIPI_CAMERA_0/PF_IOD_GENERIC_RX_C0_0/CLKINT_0/U0_Y
  10.872                       MIPI_CAMERA_0/PF_IOD_GENERIC_RX_C0_0/CLKINT_0/U0_RGB1_RGB3:A (r)
               +     0.052          cell: ADLIB:RGB
  10.924                       MIPI_CAMERA_0/PF_IOD_GENERIC_RX_C0_0/CLKINT_0/U0_RGB1_RGB3:Y (f)
               +     0.393          net: MIPI_CAMERA_0/PF_IOD_GENERIC_RX_C0_0/CLKINT_0/U0_RGB1_RGB3_rgb_net_1
  11.317                       MIPI_CAMERA_0/mipicsi2rxdecoderPF_C0_0/MSC_i_0/MSC_i_4/MSC_i_5/genblk2.L1_data_out[0]:CLK (r)
               -     0.109          
  11.208                       clock jitter
               -     0.196          Library recovery time: ADLIB:SLE
  11.012                       MIPI_CAMERA_0/mipicsi2rxdecoderPF_C0_0/MSC_i_0/MSC_i_4/MSC_i_5/genblk2.L1_data_out[0]:ALn
                                    
  11.012                       data required time


Operating Conditions : slow_lv_ht

END SET CLOCKS_AND_RESETS_0/CCC_FIC_x_CLK/PF_CCC_C0_0/pll_inst_0/OUT0 to MIPI_CAMERA_0/PF_IOD_GENERIC_RX_C0_0/PF_CLK_DIV_FIFO/I_CDD/Y_DIV

----------------------------------------------------

SET MIPI_CAMERA_0/PF_CCC_C1_0/PF_CCC_C1_0/pll_inst_0/OUT0 to MIPI_CAMERA_0/PF_IOD_GENERIC_RX_C0_0/PF_CLK_DIV_FIFO/I_CDD/Y_DIV

Path 1
  From: MIPI_CAMERA_0/mipicsi2rxdecoderPF_C0_0/MSC_i_0/sot_r1_pclk:CLK
  To:   MIPI_CAMERA_0/mipicsi2rxdecoderPF_C0_0/MSC_i_0/sot_r0_cclk:EN
  Delay (ns):              0.621
  Slack (ns):             -0.224
  Arrival (ns):            7.659
  Required (ns):           7.435
  Setup (ns):              0.128
  Operating Conditions: slow_lv_ht

Path 2
  From: MIPI_CAMERA_0/mipicsi2rxdecoderPF_C0_0/MSC_i_0/sot_r1_pclk:CLK
  To:   MIPI_CAMERA_0/mipicsi2rxdecoderPF_C0_0/MSC_i_0/sot_r0_cclk:D
  Delay (ns):              0.438
  Slack (ns):              0.087
  Arrival (ns):            7.476
  Required (ns):           7.563
  Setup (ns):              0.000
  Operating Conditions: slow_lv_ht

Path 3
  From: MIPI_CAMERA_0/mipicsi2rxdecoderPF_C0_0/MSC_i_0/MSC_i_4/MSC_i_10/crc_error_reg1:CLK
  To:   MIPI_CAMERA_0/mipicsi2rxdecoderPF_C0_0/MSC_i_0/MSC_i_4/MSC_i_10/crc_err_done_clk_reg0:D
  Delay (ns):              0.354
  Slack (ns):              0.162
  Arrival (ns):            7.399
  Required (ns):           7.561
  Setup (ns):              0.000
  Operating Conditions: slow_lv_ht

Path 4
  From: MIPI_CAMERA_0/mipicsi2rxdecoderPF_C0_0/MSC_i_0/MSC_i_4/MSC_i_10/ecc_error_reg1:CLK
  To:   MIPI_CAMERA_0/mipicsi2rxdecoderPF_C0_0/MSC_i_0/MSC_i_4/MSC_i_10/error_done_cclk_reg0:D
  Delay (ns):              0.345
  Slack (ns):              0.173
  Arrival (ns):            7.399
  Required (ns):           7.572
  Setup (ns):              0.000
  Operating Conditions: slow_lv_ht


Expanded Path 1
  From: MIPI_CAMERA_0/mipicsi2rxdecoderPF_C0_0/MSC_i_0/sot_r1_pclk:CLK
  To: MIPI_CAMERA_0/mipicsi2rxdecoderPF_C0_0/MSC_i_0/sot_r0_cclk:EN
  data required time                                  7.435
  data arrival time                          -        7.659
  slack                                              -0.224
  ________________________________________________________
  Data arrival time calculation
  0.000                        MIPI_CAMERA_0/PF_CCC_C1_0/PF_CCC_C1_0/pll_inst_0/OUT0
               +     0.000          Clock source
  0.000                        MIPI_CAMERA_0/PF_CCC_C1_0/PF_CCC_C1_0/pll_inst_0:OUT0 (r)
               +     5.275          Clock generation
  5.275                        
               +     0.281          net: MIPI_CAMERA_0/PF_CCC_C1_0/PF_CCC_C1_0/pll_inst_0_clkint_0
  5.556                        MIPI_CAMERA_0/PF_CCC_C1_0/PF_CCC_C1_0/clkint_0_1:A (r)
               +     0.243          cell: ADLIB:ICB_CLKINT
  5.799                        MIPI_CAMERA_0/PF_CCC_C1_0/PF_CCC_C1_0/clkint_0_1:Y (r)
               +     0.150          net: MIPI_CAMERA_0/PF_CCC_C1_0/PF_CCC_C1_0/clkint_0_NET
  5.949                        MIPI_CAMERA_0/PF_CCC_C1_0/PF_CCC_C1_0/clkint_0:A (r)
               +     0.164          cell: ADLIB:GB
  6.113                        MIPI_CAMERA_0/PF_CCC_C1_0/PF_CCC_C1_0/clkint_0:Y (r)
               +     0.407          net: MIPI_CAMERA_0/PF_CCC_C1_0/PF_CCC_C1_0/clkint_0/U0_Y
  6.520                        MIPI_CAMERA_0/PF_CCC_C1_0/PF_CCC_C1_0/clkint_0/U0_RGB1_RGB3:A (r)
               +     0.058          cell: ADLIB:RGB
  6.578                        MIPI_CAMERA_0/PF_CCC_C1_0/PF_CCC_C1_0/clkint_0/U0_RGB1_RGB3:Y (f)
               +     0.460          net: MIPI_CAMERA_0/PF_CCC_C1_0/PF_CCC_C1_0/clkint_0/U0_RGB1_RGB3_rgb_net_1
  7.038                        MIPI_CAMERA_0/mipicsi2rxdecoderPF_C0_0/MSC_i_0/sot_r1_pclk:CLK (r)
               +     0.201          cell: ADLIB:SLE
  7.239                        MIPI_CAMERA_0/mipicsi2rxdecoderPF_C0_0/MSC_i_0/sot_r1_pclk:Q (r)
               +     0.162          net: MIPI_CAMERA_0/mipicsi2rxdecoderPF_C0_0/MSC_i_0/MSC_net_397
  7.401                        MIPI_CAMERA_0/mipicsi2rxdecoderPF_C0_0/MSC_i_0/sot_r0_cclk_RNO_0:A (r)
               +     0.053          cell: ADLIB:CFG2
  7.454                        MIPI_CAMERA_0/mipicsi2rxdecoderPF_C0_0/MSC_i_0/sot_r0_cclk_RNO_0:Y (r)
               +     0.205          net: MIPI_CAMERA_0/mipicsi2rxdecoderPF_C0_0/MSC_i_0/MSC_net_407
  7.659                        MIPI_CAMERA_0/mipicsi2rxdecoderPF_C0_0/MSC_i_0/sot_r0_cclk:EN (r)
                                    
  7.659                        data arrival time
  ________________________________________________________
  Data required time calculation
  4.000                        MIPI_CAMERA_0/PF_IOD_GENERIC_RX_C0_0/PF_CLK_DIV_FIFO/I_CDD/Y_DIV
               +     0.000          Clock source
  4.000                        MIPI_CAMERA_0/PF_IOD_GENERIC_RX_C0_0/PF_CLK_DIV_FIFO/I_CDD:Y_DIV (r)
               +     1.520          Clock generation
  5.520                        
               +     0.511          net: MIPI_CAMERA_0/PF_IOD_GENERIC_RX_C0_0/PF_CLK_DIV_FIFO_CLK_DIV_OUT
  6.031                        MIPI_CAMERA_0/PF_IOD_GENERIC_RX_C0_0/CLKINT_0_1:A (r)
               +     0.211          cell: ADLIB:ICB_CLKINT
  6.242                        MIPI_CAMERA_0/PF_IOD_GENERIC_RX_C0_0/CLKINT_0_1:Y (r)
               +     0.128          net: MIPI_CAMERA_0/PF_IOD_GENERIC_RX_C0_0/CLKINT_0_NET
  6.370                        MIPI_CAMERA_0/PF_IOD_GENERIC_RX_C0_0/CLKINT_0:A (r)
               +     0.147          cell: ADLIB:GB
  6.517                        MIPI_CAMERA_0/PF_IOD_GENERIC_RX_C0_0/CLKINT_0:Y (r)
               +     0.367          net: MIPI_CAMERA_0/PF_IOD_GENERIC_RX_C0_0/CLKINT_0/U0_Y
  6.884                        MIPI_CAMERA_0/PF_IOD_GENERIC_RX_C0_0/CLKINT_0/U0_RGB1_RGB1:A (r)
               +     0.052          cell: ADLIB:RGB
  6.936                        MIPI_CAMERA_0/PF_IOD_GENERIC_RX_C0_0/CLKINT_0/U0_RGB1_RGB1:Y (f)
               +     0.409          net: MIPI_CAMERA_0/PF_IOD_GENERIC_RX_C0_0/CLKINT_0/U0_RGB1_RGB1_rgb_net_1
  7.345                        MIPI_CAMERA_0/mipicsi2rxdecoderPF_C0_0/MSC_i_0/sot_r0_cclk:CLK (r)
               +     0.327          
  7.672                        clock reconvergence pessimism
               -     0.109          
  7.563                        clock jitter
               -     0.128          Library setup time: ADLIB:SLE
  7.435                        MIPI_CAMERA_0/mipicsi2rxdecoderPF_C0_0/MSC_i_0/sot_r0_cclk:EN
                                    
  7.435                        data required time


Operating Conditions : slow_lv_ht

END SET MIPI_CAMERA_0/PF_CCC_C1_0/PF_CCC_C1_0/pll_inst_0/OUT0 to MIPI_CAMERA_0/PF_IOD_GENERIC_RX_C0_0/PF_CLK_DIV_FIFO/I_CDD/Y_DIV

----------------------------------------------------

SET MIPI_CAMERA_0/PF_IOD_GENERIC_RX_C0_0/COREBCLKSCLKALIGN_0/PF_IOD_GENERIC_RX_C0_TR_0/genblk1.U_ICB_BCLKSCLKALIGN/RX_CLK_ALIGN_MOVE:Q to MIPI_CAMERA_0/PF_IOD_GENERIC_RX_C0_0/PF_CLK_DIV_FIFO/I_CDD/Y_DIV

No Path 

END SET MIPI_CAMERA_0/PF_IOD_GENERIC_RX_C0_0/COREBCLKSCLKALIGN_0/PF_IOD_GENERIC_RX_C0_TR_0/genblk1.U_ICB_BCLKSCLKALIGN/RX_CLK_ALIGN_MOVE:Q to MIPI_CAMERA_0/PF_IOD_GENERIC_RX_C0_0/PF_CLK_DIV_FIFO/I_CDD/Y_DIV

----------------------------------------------------

Clock Domain MSS_WRAPPER_0/MPFS_DISCOVERY_KIT_MSS_0/I_MSS:SPI_0_CLK_M2F

SET Register to Register

No Path 

END SET Register to Register

----------------------------------------------------

SET External Setup

No Path 

END SET External Setup

----------------------------------------------------

SET Clock to Output

No Path 

END SET Clock to Output

----------------------------------------------------

SET Register to Asynchronous

No Path 

END SET Register to Asynchronous

----------------------------------------------------

SET External Recovery

No Path 

END SET External Recovery

----------------------------------------------------

SET Asynchronous to Register

No Path 

END SET Asynchronous to Register

----------------------------------------------------

Clock Domain MSS_WRAPPER_0/MPFS_DISCOVERY_KIT_MSS_0/I_MSS:SPI_0_CLK_M2F

SET Register to Register

No Path 

END SET Register to Register

----------------------------------------------------

SET External Setup

No Path 

END SET External Setup

----------------------------------------------------

SET Clock to Output

No Path 

END SET Clock to Output

----------------------------------------------------

SET Register to Asynchronous

No Path 

END SET Register to Asynchronous

----------------------------------------------------

SET External Recovery

No Path 

END SET External Recovery

----------------------------------------------------

SET Asynchronous to Register

No Path 

END SET Asynchronous to Register

----------------------------------------------------

Clock Domain REF_CLK_50MHz

Info: The maximum frequency of this clock domain is limited by the minimum pulse widths of pin REF_CLK_50MHz_ibuf/U_IOPAD:PAD

SET Register to Register

No Path 

END SET Register to Register

----------------------------------------------------

SET External Setup

No Path 

END SET External Setup

----------------------------------------------------

SET Clock to Output

No Path 

END SET Clock to Output

----------------------------------------------------

SET Register to Asynchronous

No Path 

END SET Register to Asynchronous

----------------------------------------------------

SET External Recovery

No Path 

END SET External Recovery

----------------------------------------------------

SET Asynchronous to Register

No Path 

END SET Asynchronous to Register

----------------------------------------------------

Clock Domain RX_CLK_P

Info: The maximum frequency of this clock domain is limited by the minimum pulse widths of pin MIPI_CAMERA_0/PF_IOD_GENERIC_RX_C0_0/CLK_0/U_IOPADP:PAD

SET Register to Register

No Path 

END SET Register to Register

----------------------------------------------------

SET External Setup

Path 1
  From: RXD[1]
  To:   MIPI_CAMERA_0/PF_IOD_GENERIC_RX_C0_0/PF_IOD_RX/I_IOD_1:RX_P
  Delay (ns):              0.599
  Arrival (ns):            0.599
  Setup (ns):              1.611
  External Setup (ns):    -0.349
  Operating Conditions: slow_lv_lt

Path 2
  From: RXD[0]
  To:   MIPI_CAMERA_0/PF_IOD_GENERIC_RX_C0_0/PF_IOD_RX/I_IOD_0:RX_P
  Delay (ns):              0.599
  Arrival (ns):            0.599
  Setup (ns):              1.611
  External Setup (ns):    -0.349
  Operating Conditions: slow_lv_lt


Expanded Path 1
  From: RXD[1]
  To: MIPI_CAMERA_0/PF_IOD_GENERIC_RX_C0_0/PF_IOD_RX/I_IOD_1:RX_P
  data required time                                    N/C
  data arrival time                          -        0.599
  slack                                                 N/C
  ________________________________________________________
  Data arrival time calculation
  0.000                        RXD[1] (f)
               +     0.000          net: RXD[1]
  0.000                        MIPI_CAMERA_0/PF_IOD_GENERIC_RX_C0_0/PF_IOD_RX/I_INBUF_DIFF_MIPI_1/U_IOPADP:PAD (f)
               +     0.599          cell: ADLIB:IOPADP_IN_MIPI
  0.599                        MIPI_CAMERA_0/PF_IOD_GENERIC_RX_C0_0/PF_IOD_RX/I_INBUF_DIFF_MIPI_1/U_IOPADP:Y (f)
               +     0.000          net: MIPI_CAMERA_0/PF_IOD_GENERIC_RX_C0_0/PF_IOD_RX/Y_I_INBUF_DIFF_MIPI_1_net
  0.599                        MIPI_CAMERA_0/PF_IOD_GENERIC_RX_C0_0/PF_IOD_RX/I_IOD_1:RX_P (f)
                                    
  0.599                        data arrival time
  ________________________________________________________
  Data required time calculation
  N/C                          RX_CLK_P
               +     0.000          Clock source
  N/C                          RX_CLK_P (f)
               +     0.000          net: RX_CLK_P
  N/C                          MIPI_CAMERA_0/PF_IOD_GENERIC_RX_C0_0/CLK_0/U_IOPADP:PAD (f)
               +     0.519          cell: ADLIB:IOPADP_IN
  N/C                          MIPI_CAMERA_0/PF_IOD_GENERIC_RX_C0_0/CLK_0/U_IOPADP:Y (f)
               +     0.113          net: MIPI_CAMERA_0/PF_IOD_GENERIC_RX_C0_0/CLK_0_Y
  N/C                          MIPI_CAMERA_0/PF_IOD_GENERIC_RX_C0_0/HS_IO_CLK_CASCADED:A (f)
               +     0.168          cell: ADLIB:HS_IO_CLK
  N/C                          MIPI_CAMERA_0/PF_IOD_GENERIC_RX_C0_0/HS_IO_CLK_CASCADED:Y (f)
               +     0.278          net: MIPI_CAMERA_0/PF_IOD_GENERIC_RX_C0_0/Y_1
  N/C                          MIPI_CAMERA_0/PF_IOD_GENERIC_RX_C0_0/PF_CLK_DIV_RXCLK/I_CDD:A (f)
               +     0.538          cell: ADLIB:ICB_CLKDIVDELAY
  N/C                          MIPI_CAMERA_0/PF_IOD_GENERIC_RX_C0_0/PF_CLK_DIV_RXCLK/I_CDD:Y_FB (f)
               +     0.075          net: MIPI_CAMERA_0/PF_IOD_GENERIC_RX_C0_0/PF_CLK_DIV_RXCLK_CLK_OUT_HS_IO_CLK
  N/C                          MIPI_CAMERA_0/PF_IOD_GENERIC_RX_C0_0/HS_IO_CLK_RX:A (f)
               +     0.267          cell: ADLIB:HS_IO_CLK
  N/C                          MIPI_CAMERA_0/PF_IOD_GENERIC_RX_C0_0/HS_IO_CLK_RX:Y (f)
               +     0.056          net: MIPI_CAMERA_0/PF_IOD_GENERIC_RX_C0_0/HS_IO_CLK_RX_Y
  N/C                          MIPI_CAMERA_0/PF_IOD_GENERIC_RX_C0_0/PF_LANECTRL_0/I_LANECTRL:HS_IO_CLK[1] (f)
               +     0.654          cell: ADLIB:LANECTRL
  N/C                          MIPI_CAMERA_0/PF_IOD_GENERIC_RX_C0_0/PF_LANECTRL_0/I_LANECTRL:RX_DQS_90[0] (f)
               +     0.000          net: MIPI_CAMERA_0/PF_IOD_GENERIC_RX_C0_0/PF_LANECTRL_0/RX_DQS_90[0]
  N/C                          MIPI_CAMERA_0/PF_IOD_GENERIC_RX_C0_0/PF_IOD_RX/I_IOD_1:RX_DQS_90[0] (f)
               -     0.109          
  N/C                          clock jitter
               -     1.611          Library setup time: ADLIB:IOD
  N/C                          MIPI_CAMERA_0/PF_IOD_GENERIC_RX_C0_0/PF_IOD_RX/I_IOD_1:RX_P


Operating Conditions : slow_lv_lt

END SET External Setup

----------------------------------------------------

SET Clock to Output

No Path 

END SET Clock to Output

----------------------------------------------------

SET Register to Asynchronous

No Path 

END SET Register to Asynchronous

----------------------------------------------------

SET External Recovery

No Path 

END SET External Recovery

----------------------------------------------------

SET Asynchronous to Register

No Path 

END SET Asynchronous to Register

----------------------------------------------------

Clock Domain CLOCKS_AND_RESETS_0/CCC_FIC_x_CLK/PF_CCC_C0_0/pll_inst_0/OUT2

Info: The maximum frequency of this clock domain is limited by the period of pin MSS_WRAPPER_0/MPFS_DISCOVERY_KIT_MSS_0/I_MSS:FIC_2_ACLK

SET Register to Register

No Path 

END SET Register to Register

----------------------------------------------------

SET External Setup

No Path 

END SET External Setup

----------------------------------------------------

SET Clock to Output

No Path 

END SET Clock to Output

----------------------------------------------------

SET Register to Asynchronous

No Path 

END SET Register to Asynchronous

----------------------------------------------------

SET External Recovery

No Path 

END SET External Recovery

----------------------------------------------------

SET Asynchronous to Register

No Path 

END SET Asynchronous to Register

----------------------------------------------------

Path set Pin to Pin

SET Input to Output

No Path 

END SET Input to Output

----------------------------------------------------

