Timing Report Max Delay Analysis

SmartTime Version 2025.2
Microchip Technology Inc. - Microchip Libero Software Release 2025.2 (Version 2025.2.0.14)
Date: Sat Apr 11 22:01:35 2026


Design: MPFS_DISCOVERY_KIT
Family: PolarFireSoC
Die: MPFS095T
Package: FCSG325
Temperature Range: 0 - 100 C
Voltage Range: 0.97 - 1.03 V
Speed Grade: -1
Design State: Post-Layout
Data source: Production
Multi Corner Report Operating Conditions: slow_lv_lt,fast_hv_lt,slow_lv_ht


-----------------------------------------------------
SUMMARY

Clock Domain:               CLOCKS_AND_RESETS_0/CCC_FIC_x_CLK/PF_CCC_C0_0/pll_inst_0/OUT0
Required Period (ns):       8.000
Required Frequency (MHz):   125.000
Worst Slack (ns):           -0.136
Operating Conditions:       slow_lv_ht

Clock Domain:               CLOCKS_AND_RESETS_0/CCC_FIC_x_CLK/PF_CCC_C0_0/pll_inst_0/OUT1
Required Period (ns):       8.000
Required Frequency (MHz):   125.000
Worst Slack (ns):           0.221
Operating Conditions:       slow_lv_ht

Clock Domain:               CLOCKS_AND_RESETS_0/CCC_FIC_x_CLK/PF_CCC_C0_0/pll_inst_0/OUT3
Required Period (ns):       20.000
Required Frequency (MHz):   50.000
Worst Slack (ns):           2.990
Operating Conditions:       slow_lv_ht

Clock Domain:               FIC_0_PERIPHERALS_0/security_core_0/rng/neoTRNG_0/entropy_cell_gen.0.neoTRNG_cell_inst/sreg_0[0]:Q
Required Period (ns):       N/A
Required Frequency (MHz):   N/A
Worst Slack (ns):           
Operating Conditions:       

Clock Domain:               FIC_0_PERIPHERALS_0/security_core_0/rng/neoTRNG_0/entropy_cell_gen.0.neoTRNG_cell_inst/sreg_1[0]:Q
Required Period (ns):       N/A
Required Frequency (MHz):   N/A
Worst Slack (ns):           
Operating Conditions:       

Clock Domain:               FIC_0_PERIPHERALS_0/security_core_0/rng/neoTRNG_0/entropy_cell_gen.0.neoTRNG_cell_inst/sreg_2[0]:Q
Required Period (ns):       N/A
Required Frequency (MHz):   N/A
Worst Slack (ns):           
Operating Conditions:       

Clock Domain:               FIC_0_PERIPHERALS_0/security_core_0/rng/neoTRNG_0/entropy_cell_gen.0.neoTRNG_cell_inst/sreg_3[0]:Q
Required Period (ns):       N/A
Required Frequency (MHz):   N/A
Worst Slack (ns):           
Operating Conditions:       

Clock Domain:               FIC_0_PERIPHERALS_0/security_core_0/rng/neoTRNG_0/entropy_cell_gen.0.neoTRNG_cell_inst/sreg_4[0]:Q
Required Period (ns):       N/A
Required Frequency (MHz):   N/A
Worst Slack (ns):           
Operating Conditions:       

Clock Domain:               FIC_0_PERIPHERALS_0/security_core_0/rng/neoTRNG_0/entropy_cell_gen.1.neoTRNG_cell_inst/sreg_0[0]:Q
Required Period (ns):       N/A
Required Frequency (MHz):   N/A
Worst Slack (ns):           
Operating Conditions:       

Clock Domain:               FIC_0_PERIPHERALS_0/security_core_0/rng/neoTRNG_0/entropy_cell_gen.1.neoTRNG_cell_inst/sreg_1[0]:Q
Required Period (ns):       N/A
Required Frequency (MHz):   N/A
Worst Slack (ns):           
Operating Conditions:       

Clock Domain:               FIC_0_PERIPHERALS_0/security_core_0/rng/neoTRNG_0/entropy_cell_gen.1.neoTRNG_cell_inst/sreg_2[0]:Q
Required Period (ns):       N/A
Required Frequency (MHz):   N/A
Worst Slack (ns):           
Operating Conditions:       

Clock Domain:               FIC_0_PERIPHERALS_0/security_core_0/rng/neoTRNG_0/entropy_cell_gen.1.neoTRNG_cell_inst/sreg_3[0]:Q
Required Period (ns):       N/A
Required Frequency (MHz):   N/A
Worst Slack (ns):           
Operating Conditions:       

Clock Domain:               FIC_0_PERIPHERALS_0/security_core_0/rng/neoTRNG_0/entropy_cell_gen.1.neoTRNG_cell_inst/sreg_4[0]:Q
Required Period (ns):       N/A
Required Frequency (MHz):   N/A
Worst Slack (ns):           
Operating Conditions:       

Clock Domain:               FIC_0_PERIPHERALS_0/security_core_0/rng/neoTRNG_0/entropy_cell_gen.1.neoTRNG_cell_inst/sreg_5[0]:Q
Required Period (ns):       N/A
Required Frequency (MHz):   N/A
Worst Slack (ns):           
Operating Conditions:       

Clock Domain:               FIC_0_PERIPHERALS_0/security_core_0/rng/neoTRNG_0/entropy_cell_gen.1.neoTRNG_cell_inst/sreg_6[0]:Q
Required Period (ns):       N/A
Required Frequency (MHz):   N/A
Worst Slack (ns):           
Operating Conditions:       

Clock Domain:               FIC_0_PERIPHERALS_0/security_core_0/rng/neoTRNG_0/entropy_cell_gen.2.neoTRNG_cell_inst/sreg_0[0]:Q
Required Period (ns):       N/A
Required Frequency (MHz):   N/A
Worst Slack (ns):           
Operating Conditions:       

Clock Domain:               FIC_0_PERIPHERALS_0/security_core_0/rng/neoTRNG_0/entropy_cell_gen.2.neoTRNG_cell_inst/sreg_1[0]:Q
Required Period (ns):       N/A
Required Frequency (MHz):   N/A
Worst Slack (ns):           
Operating Conditions:       

Clock Domain:               FIC_0_PERIPHERALS_0/security_core_0/rng/neoTRNG_0/entropy_cell_gen.2.neoTRNG_cell_inst/sreg_2[0]:Q
Required Period (ns):       N/A
Required Frequency (MHz):   N/A
Worst Slack (ns):           
Operating Conditions:       

Clock Domain:               FIC_0_PERIPHERALS_0/security_core_0/rng/neoTRNG_0/entropy_cell_gen.2.neoTRNG_cell_inst/sreg_3[0]:Q
Required Period (ns):       N/A
Required Frequency (MHz):   N/A
Worst Slack (ns):           
Operating Conditions:       

Clock Domain:               FIC_0_PERIPHERALS_0/security_core_0/rng/neoTRNG_0/entropy_cell_gen.2.neoTRNG_cell_inst/sreg_4[0]:Q
Required Period (ns):       N/A
Required Frequency (MHz):   N/A
Worst Slack (ns):           
Operating Conditions:       

Clock Domain:               FIC_0_PERIPHERALS_0/security_core_0/rng/neoTRNG_0/entropy_cell_gen.2.neoTRNG_cell_inst/sreg_5[0]:Q
Required Period (ns):       N/A
Required Frequency (MHz):   N/A
Worst Slack (ns):           
Operating Conditions:       

Clock Domain:               FIC_0_PERIPHERALS_0/security_core_0/rng/neoTRNG_0/entropy_cell_gen.2.neoTRNG_cell_inst/sreg_6[0]:Q
Required Period (ns):       N/A
Required Frequency (MHz):   N/A
Worst Slack (ns):           
Operating Conditions:       

Clock Domain:               FIC_0_PERIPHERALS_0/security_core_0/rng/neoTRNG_0/entropy_cell_gen.2.neoTRNG_cell_inst/sreg_7[0]:Q
Required Period (ns):       N/A
Required Frequency (MHz):   N/A
Worst Slack (ns):           
Operating Conditions:       

Clock Domain:               FIC_0_PERIPHERALS_0/security_core_0/rng/neoTRNG_0/entropy_cell_gen.2.neoTRNG_cell_inst/sreg_8[0]:Q
Required Period (ns):       N/A
Required Frequency (MHz):   N/A
Worst Slack (ns):           
Operating Conditions:       

Clock Domain:               MBUS_SPI_CLK
Required Period (ns):       N/A
Required Frequency (MHz):   N/A
Worst Slack (ns):           
Operating Conditions:       

Clock Domain:               MIPI_CAMERA_0/PF_CCC_C1_0/PF_CCC_C1_0/pll_inst_0/OUT0
Required Period (ns):       20.000
Required Frequency (MHz):   50.000
Worst Slack (ns):           -0.466
Operating Conditions:       slow_lv_ht

Clock Domain:               MIPI_CAMERA_0/PF_IOD_GENERIC_RX_C0_0/COREBCLKSCLKALIGN_0/PF_IOD_GENERIC_RX_C0_TR_0/genblk1.U_ICB_BCLKSCLKALIGN/RX_CLK_ALIGN_MOVE:Q
Required Period (ns):       N/A
Required Frequency (MHz):   N/A
Worst Slack (ns):           
Operating Conditions:       

Clock Domain:               MIPI_CAMERA_0/PF_IOD_GENERIC_RX_C0_0/PF_CLK_DIV_FIFO/I_CDD/Y_DIV
Required Period (ns):       16.000
Required Frequency (MHz):   62.500
Worst Slack (ns):           -0.285
Operating Conditions:       slow_lv_ht

Clock Domain:               MSS_WRAPPER_0/MPFS_DISCOVERY_KIT_MSS_0/I_MSS:SPI_0_CLK_M2F
Required Period (ns):       N/A
Required Frequency (MHz):   N/A
Worst Slack (ns):           
Operating Conditions:       

Clock Domain:               MSS_WRAPPER_0/MPFS_DISCOVERY_KIT_MSS_0/I_MSS:SPI_0_CLK_M2F
Required Period (ns):       N/A
Required Frequency (MHz):   N/A
Worst Slack (ns):           
Operating Conditions:       

Clock Domain:               REF_CLK_50MHz
Required Period (ns):       20.000
Required Frequency (MHz):   50.000
Worst Slack (ns):           
Operating Conditions:       

Clock Domain:               RX_CLK_P
Required Period (ns):       4.000
Required Frequency (MHz):   250.000
Worst Slack (ns):           
Operating Conditions:       

Clock Domain:               CLOCKS_AND_RESETS_0/CCC_FIC_x_CLK/PF_CCC_C0_0/pll_inst_0/OUT2
Required Period (ns):       8.000
Required Frequency (MHz):   125.000
Worst Slack (ns):           
Operating Conditions:       

                            Input to Output
Max Delay (ns):             N/A

END SUMMARY
-----------------------------------------------------

Clock Domain CLOCKS_AND_RESETS_0/CCC_FIC_x_CLK/PF_CCC_C0_0/pll_inst_0/OUT0

SET Register to Register

Path 1
  From: FIC_0_PERIPHERALS_0/security_core_0/hash_core/t_fast[1]:CLK
  To:   FIC_0_PERIPHERALS_0/security_core_0/hash_core/a[31]:D
  Delay (ns):              7.916
  Slack (ns):             -0.136
  Arrival (ns):           15.545
  Required (ns):          15.409
  Setup (ns):              0.000
  Minimum Period (ns):     8.001
  Operating Conditions: slow_lv_ht

Path 2
  From: FIC_0_PERIPHERALS_0/security_core_0/hash_core/t_fast[1]:CLK
  To:   FIC_0_PERIPHERALS_0/security_core_0/hash_core/a[28]:D
  Delay (ns):              7.895
  Slack (ns):             -0.115
  Arrival (ns):           15.524
  Required (ns):          15.409
  Setup (ns):              0.000
  Minimum Period (ns):     7.980
  Operating Conditions: slow_lv_ht

Path 3
  From: FIC_0_PERIPHERALS_0/security_core_0/hash_core/t_Z[5]:CLK
  To:   FIC_0_PERIPHERALS_0/security_core_0/hash_core/a[31]:D
  Delay (ns):              7.888
  Slack (ns):             -0.108
  Arrival (ns):           15.517
  Required (ns):          15.409
  Setup (ns):              0.000
  Minimum Period (ns):     7.973
  Operating Conditions: slow_lv_ht

Path 4
  From: FIC_0_PERIPHERALS_0/security_core_0/hash_core/t_Z[5]:CLK
  To:   FIC_0_PERIPHERALS_0/security_core_0/hash_core/a[28]:D
  Delay (ns):              7.867
  Slack (ns):             -0.087
  Arrival (ns):           15.496
  Required (ns):          15.409
  Setup (ns):              0.000
  Minimum Period (ns):     7.952
  Operating Conditions: slow_lv_ht

Path 5
  From: FIC_0_PERIPHERALS_0/security_core_0/hash_core/t_fast[1]:CLK
  To:   FIC_0_PERIPHERALS_0/security_core_0/hash_core/a[26]:D
  Delay (ns):              7.858
  Slack (ns):             -0.076
  Arrival (ns):           15.487
  Required (ns):          15.411
  Setup (ns):              0.000
  Minimum Period (ns):     7.941
  Operating Conditions: slow_lv_ht


Expanded Path 1
  From: FIC_0_PERIPHERALS_0/security_core_0/hash_core/t_fast[1]:CLK
  To: FIC_0_PERIPHERALS_0/security_core_0/hash_core/a[31]:D
  data required time                                 15.409
  data arrival time                          -       15.545
  slack                                              -0.136
  ________________________________________________________
  Data arrival time calculation
  0.000                        CLOCKS_AND_RESETS_0/CCC_FIC_x_CLK/PF_CCC_C0_0/pll_inst_0/OUT0
               +     0.000          Clock source
  0.000                        CLOCKS_AND_RESETS_0/CCC_FIC_x_CLK/PF_CCC_C0_0/pll_inst_0:OUT0 (r)
               +     4.312          Clock generation
  4.312                        
               +     1.709          net: CLOCKS_AND_RESETS_0/CCC_FIC_x_CLK/PF_CCC_C0_0/pll_inst_0_clkint_0
  6.021                        CLOCKS_AND_RESETS_0/CCC_FIC_x_CLK/PF_CCC_C0_0/clkint_0_1:A (r)
               +     0.150          cell: ADLIB:ICB_CLKINT
  6.171                        CLOCKS_AND_RESETS_0/CCC_FIC_x_CLK/PF_CCC_C0_0/clkint_0_1:Y (r)
               +     0.386          net: CLOCKS_AND_RESETS_0/CCC_FIC_x_CLK/PF_CCC_C0_0/clkint_0_NET
  6.557                        CLOCKS_AND_RESETS_0/CCC_FIC_x_CLK/PF_CCC_C0_0/clkint_0:A (r)
               +     0.161          cell: ADLIB:GB
  6.718                        CLOCKS_AND_RESETS_0/CCC_FIC_x_CLK/PF_CCC_C0_0/clkint_0:Y (r)
               +     0.387          net: CLOCKS_AND_RESETS_0/CCC_FIC_x_CLK/PF_CCC_C0_0/clkint_0/U0_Y
  7.105                        CLOCKS_AND_RESETS_0/CCC_FIC_x_CLK/PF_CCC_C0_0/clkint_0/U0_RGB1_RGB21:A (r)
               +     0.058          cell: ADLIB:RGB
  7.163                        CLOCKS_AND_RESETS_0/CCC_FIC_x_CLK/PF_CCC_C0_0/clkint_0/U0_RGB1_RGB21:Y (f)
               +     0.466          net: CLOCKS_AND_RESETS_0/CCC_FIC_x_CLK/PF_CCC_C0_0/clkint_0/U0_RGB1_RGB21_rgb_net_1
  7.629                        FIC_0_PERIPHERALS_0/security_core_0/hash_core/t_fast[1]:CLK (r)
               +     0.201          cell: ADLIB:SLE
  7.830                        FIC_0_PERIPHERALS_0/security_core_0/hash_core/t_fast[1]:Q (r)
               +     0.426          net: FIC_0_PERIPHERALS_0_security_core_0_hash_core_t[1]
  8.256                        FIC_0_PERIPHERALS_0/security_core_0/hash_core/_l0.ROUND_0.Ki_2_31_0_.m94:C (r)
               +     0.090          cell: ADLIB:CFG3
  8.346                        FIC_0_PERIPHERALS_0/security_core_0/hash_core/_l0.ROUND_0.Ki_2_31_0_.m94:Y (r)
               +     0.062          net: FIC_0_PERIPHERALS_0/security_core_0/hash_core/N_95
  8.408                        FIC_0_PERIPHERALS_0/security_core_0/hash_core/_l0.ROUND_0.Ki_2_31_0_.m43_1_0:B (r)
               +     0.090          cell: ADLIB:CFG3
  8.498                        FIC_0_PERIPHERALS_0/security_core_0/hash_core/_l0.ROUND_0.Ki_2_31_0_.m43_1_0:Y (r)
               +     0.118          net: FIC_0_PERIPHERALS_0/security_core_0/hash_core/N_44_1
  8.616                        FIC_0_PERIPHERALS_0/security_core_0/hash_core/_l0.ROUND_0.Ki_2_31_0_.N_45_i:C (r)
               +     0.051          cell: ADLIB:CFG4
  8.667                        FIC_0_PERIPHERALS_0/security_core_0/hash_core/_l0.ROUND_0.Ki_2_31_0_.N_45_i:Y (f)
               +     0.620          net: FIC_0_PERIPHERALS_0/security_core_0/hash_core/N_45_i
  9.287                        FIC_0_PERIPHERALS_0/security_core_0/hash_core/un1_ROUND_7_cry_5:B (f)
               +     0.151          cell: ADLIB:ARI1_CC
  9.438                        FIC_0_PERIPHERALS_0/security_core_0/hash_core/un1_ROUND_7_cry_5:P (f)
               +     0.016          net: NET_CC_CONFIG14350
  9.454                        FIC_0_PERIPHERALS_0/security_core_0/hash_core/un1_ROUND_7_cry_0_CC_0:P[6] (f)
               +     0.310          cell: ADLIB:CC_CONFIG
  9.764                        FIC_0_PERIPHERALS_0/security_core_0/hash_core/un1_ROUND_7_cry_0_CC_0:CC[9] (r)
               +     0.000          net: NET_CC_CONFIG14365
  9.764                        FIC_0_PERIPHERALS_0/security_core_0/hash_core/un1_ROUND_7_cry_8:CC (r)
               +     0.063          cell: ADLIB:ARI1_CC
  9.827                        FIC_0_PERIPHERALS_0/security_core_0/hash_core/un1_ROUND_7_cry_8:S (r)
               +     0.466          net: FIC_0_PERIPHERALS_0/security_core_0/hash_core/un1_ROUND_7_Z[8]
  10.293                       FIC_0_PERIPHERALS_0/security_core_0/hash_core/un1_ROUND_7_cry_8_RNI413JF11:B (r)
               +     0.156          cell: ADLIB:ARI1_CC
  10.449                       FIC_0_PERIPHERALS_0/security_core_0/hash_core/un1_ROUND_7_cry_8_RNI413JF11:Y (r)
               +     0.067          net: FIC_0_PERIPHERALS_0/security_core_0/hash_core/un1_ROUND_7_cry_8_RNI413JF11_Y
  10.516                       FIC_0_PERIPHERALS_0/security_core_0/hash_core/un1_ROUND_7_cry_9_RNIT97GAK2:A (r)
               +     0.051          cell: ADLIB:ARI1_CC
  10.567                       FIC_0_PERIPHERALS_0/security_core_0/hash_core/un1_ROUND_7_cry_9_RNIT97GAK2:P (f)
               +     0.015          net: NET_CC_CONFIG2061
  10.582                       FIC_0_PERIPHERALS_0/security_core_0/hash_core/un1_ROUND_7_cry_0_RNI4KQTK_CC_1:P[7] (f)
               +     0.424          cell: ADLIB:CC_CONFIG
  11.006                       FIC_0_PERIPHERALS_0/security_core_0/hash_core/un1_ROUND_7_cry_0_RNI4KQTK_CC_1:CC[11] (r)
               +     0.000          net: NET_CC_CONFIG2080
  11.006                       FIC_0_PERIPHERALS_0/security_core_0/hash_core/un1_ROUND_7_cry_11_RNIA56NMD3:CC (r)
               +     0.063          cell: ADLIB:ARI1_CC
  11.069                       FIC_0_PERIPHERALS_0/security_core_0/hash_core/un1_ROUND_7_cry_11_RNIA56NMD3:S (r)
               +     0.488          net: FIC_0_PERIPHERALS_0/security_core_0/hash_core/un1_ROUND_7_cry_11_RNIA56NMD3_S
  11.557                       FIC_0_PERIPHERALS_0/security_core_0/hash_core/un8_T1__v[11]:B (r)
               +     0.053          cell: ADLIB:CFG3
  11.610                       FIC_0_PERIPHERALS_0/security_core_0/hash_core/un8_T1__v[11]:Y (r)
               +     0.364          net: FIC_0_PERIPHERALS_0/security_core_0/hash_core/CH[11]
  11.974                       FIC_0_PERIPHERALS_0/security_core_0/hash_core/un8_T1__v_RNI0VGQL73[11]:C (r)
               +     0.094          cell: ADLIB:ARI1_CC
  12.068                       FIC_0_PERIPHERALS_0/security_core_0/hash_core/un8_T1__v_RNI0VGQL73[11]:P (f)
               +     0.016          net: NET_CC_CONFIG7494
  12.084                       FIC_0_PERIPHERALS_0/security_core_0/hash_core/un8_T1__v_RNID94AR1[0]_CC_2:P[1] (f)
               +     0.373          cell: ADLIB:CC_CONFIG
  12.457                       FIC_0_PERIPHERALS_0/security_core_0/hash_core/un8_T1__v_RNID94AR1[0]_CC_2:CO (f)
               +     0.008          net: CI_TO_CO7403
  12.465                       FIC_0_PERIPHERALS_0/security_core_0/hash_core/un8_T1__v_RNID94AR1[0]_CC_3:CI (f)
               +     0.223          cell: ADLIB:CC_CONFIG
  12.688                       FIC_0_PERIPHERALS_0/security_core_0/hash_core/un8_T1__v_RNID94AR1[0]_CC_3:CC[11] (r)
               +     0.000          net: NET_CC_CONFIG7585
  12.688                       FIC_0_PERIPHERALS_0/security_core_0/hash_core/un8_T1__v_RNIIMC5973[22]:CC (r)
               +     0.063          cell: ADLIB:ARI1_CC
  12.751                       FIC_0_PERIPHERALS_0/security_core_0/hash_core/un8_T1__v_RNIIMC5973[22]:S (r)
               +     0.451          net: FIC_0_PERIPHERALS_0/security_core_0/hash_core/un9_ROUND_8[22]
  13.202                       FIC_0_PERIPHERALS_0/security_core_0/hash_core/EP1_RNIQG5FBQ1[22]:B (r)
               +     0.156          cell: ADLIB:ARI1_CC
  13.358                       FIC_0_PERIPHERALS_0/security_core_0/hash_core/EP1_RNIQG5FBQ1[22]:Y (r)
               +     0.067          net: FIC_0_PERIPHERALS_0/security_core_0/hash_core/EP1_RNIQG5FBQ1_Y[22]
  13.425                       FIC_0_PERIPHERALS_0/security_core_0/hash_core/EP1_RNIMTHBE82[23]:A (r)
               +     0.051          cell: ADLIB:ARI1_CC
  13.476                       FIC_0_PERIPHERALS_0/security_core_0/hash_core/EP1_RNIMTHBE82[23]:P (f)
               +     0.014          net: NET_CC_CONFIG9644
  13.490                       FIC_0_PERIPHERALS_0/security_core_0/hash_core/EP1_RNIGRGI32[0]_CC_3:P[11] (f)
               +     0.164          cell: ADLIB:CC_CONFIG
  13.654                       FIC_0_PERIPHERALS_0/security_core_0/hash_core/EP1_RNIGRGI32[0]_CC_3:CO (f)
               +     0.008          net: CI_TO_CO9458
  13.662                       FIC_0_PERIPHERALS_0/security_core_0/hash_core/EP1_RNIGRGI32[0]_CC_4:CI (f)
               +     0.223          cell: ADLIB:CC_CONFIG
  13.885                       FIC_0_PERIPHERALS_0/security_core_0/hash_core/EP1_RNIGRGI32[0]_CC_4:CC[11] (r)
               +     0.000          net: NET_CC_CONFIG9695
  13.885                       FIC_0_PERIPHERALS_0/security_core_0/hash_core/EP1_RNIAMMOL83[29]:CC (r)
               +     0.063          cell: ADLIB:ARI1_CC
  13.948                       FIC_0_PERIPHERALS_0/security_core_0/hash_core/EP1_RNIAMMOL83[29]:S (r)
               +     0.366          net: FIC_0_PERIPHERALS_0/security_core_0/hash_core/un9_ROUND_6[29]
  14.314                       FIC_0_PERIPHERALS_0/security_core_0/hash_core/MAJ_RNI2TJ7JV1[29]:C (r)
               +     0.156          cell: ADLIB:ARI1_CC
  14.470                       FIC_0_PERIPHERALS_0/security_core_0/hash_core/MAJ_RNI2TJ7JV1[29]:Y (r)
               +     0.438          net: FIC_0_PERIPHERALS_0/security_core_0/hash_core/MAJ_RNI2TJ7JV1_Y[29]
  14.908                       FIC_0_PERIPHERALS_0/security_core_0/hash_core/MAJ_RNIR9OHNI1[30]:A (r)
               +     0.051          cell: ADLIB:ARI1_CC
  14.959                       FIC_0_PERIPHERALS_0/security_core_0/hash_core/MAJ_RNIR9OHNI1[30]:P (f)
               +     0.014          net: NET_CC_CONFIG8830
  14.973                       FIC_0_PERIPHERALS_0/security_core_0/hash_core/EP0_RNI32NOE2[0]_CC_5:P[0] (f)
               +     0.191          cell: ADLIB:CC_CONFIG
  15.164                       FIC_0_PERIPHERALS_0/security_core_0/hash_core/EP0_RNI32NOE2[0]_CC_5:CC[2] (r)
               +     0.000          net: NET_CC_CONFIG8841
  15.164                       FIC_0_PERIPHERALS_0/security_core_0/hash_core/a_7_3_RNO[31]:CC (r)
               +     0.063          cell: ADLIB:ARI1_CC
  15.227                       FIC_0_PERIPHERALS_0/security_core_0/hash_core/a_7_3_RNO[31]:S (r)
               +     0.242          net: FIC_0_PERIPHERALS_0/security_core_0/hash_core/a_7_3_RNO_S[31]
  15.469                       FIC_0_PERIPHERALS_0/security_core_0/hash_core/a_7_3[31]:C (r)
               +     0.053          cell: ADLIB:CFG4
  15.522                       FIC_0_PERIPHERALS_0/security_core_0/hash_core/a_7_3[31]:Y (r)
               +     0.023          net: FIC_0_PERIPHERALS_0/security_core_0/hash_core/a_7[31]
  15.545                       FIC_0_PERIPHERALS_0/security_core_0/hash_core/a[31]:D (r)
                                    
  15.545                       data arrival time
  ________________________________________________________
  Data required time calculation
  8.000                        CLOCKS_AND_RESETS_0/CCC_FIC_x_CLK/PF_CCC_C0_0/pll_inst_0/OUT0
               +     0.000          Clock source
  8.000                        CLOCKS_AND_RESETS_0/CCC_FIC_x_CLK/PF_CCC_C0_0/pll_inst_0:OUT0 (r)
               +     3.893          Clock generation
  11.893                       
               +     1.555          net: CLOCKS_AND_RESETS_0/CCC_FIC_x_CLK/PF_CCC_C0_0/pll_inst_0_clkint_0
  13.448                       CLOCKS_AND_RESETS_0/CCC_FIC_x_CLK/PF_CCC_C0_0/clkint_0_1:A (r)
               +     0.130          cell: ADLIB:ICB_CLKINT
  13.578                       CLOCKS_AND_RESETS_0/CCC_FIC_x_CLK/PF_CCC_C0_0/clkint_0_1:Y (r)
               +     0.352          net: CLOCKS_AND_RESETS_0/CCC_FIC_x_CLK/PF_CCC_C0_0/clkint_0_NET
  13.930                       CLOCKS_AND_RESETS_0/CCC_FIC_x_CLK/PF_CCC_C0_0/clkint_0/U0_GB0:A (r)
               +     0.152          cell: ADLIB:GB
  14.082                       CLOCKS_AND_RESETS_0/CCC_FIC_x_CLK/PF_CCC_C0_0/clkint_0/U0_GB0:Y (r)
               +     0.358          net: CLOCKS_AND_RESETS_0/CCC_FIC_x_CLK/PF_CCC_C0_0/clkint_0/U0_gbs_1
  14.440                       CLOCKS_AND_RESETS_0/CCC_FIC_x_CLK/PF_CCC_C0_0/clkint_0/U0_RGB1_RGB18:A (r)
               +     0.052          cell: ADLIB:RGB
  14.492                       CLOCKS_AND_RESETS_0/CCC_FIC_x_CLK/PF_CCC_C0_0/clkint_0/U0_RGB1_RGB18:Y (f)
               +     0.425          net: CLOCKS_AND_RESETS_0/CCC_FIC_x_CLK/PF_CCC_C0_0/clkint_0/U0_RGB1_RGB18_rgb_net_1
  14.917                       FIC_0_PERIPHERALS_0/security_core_0/hash_core/a[31]:CLK (r)
               +     0.627          
  15.544                       clock reconvergence pessimism
               -     0.135          
  15.409                       clock jitter
               -     0.000          Library setup time: ADLIB:SLE
  15.409                       FIC_0_PERIPHERALS_0/security_core_0/hash_core/a[31]:D
                                    
  15.409                       data required time


Operating Conditions : slow_lv_ht

END SET Register to Register

----------------------------------------------------

SET External Setup

No Path 

END SET External Setup

----------------------------------------------------

SET Clock to Output

Path 1
  From: timer_0/out:CLK
  To:   CAM_EN
  Delay (ns):              3.692
  Arrival (ns):           11.339
  Clock to Out (ns):      11.339
  Operating Conditions: slow_lv_ht


Expanded Path 1
  From: timer_0/out:CLK
  To: CAM_EN
  data required time                                    N/C
  data arrival time                          -       11.339
  slack                                                 N/C
  ________________________________________________________
  Data arrival time calculation
  0.000                        CLOCKS_AND_RESETS_0/CCC_FIC_x_CLK/PF_CCC_C0_0/pll_inst_0/OUT0
               +     0.000          Clock source
  0.000                        CLOCKS_AND_RESETS_0/CCC_FIC_x_CLK/PF_CCC_C0_0/pll_inst_0:OUT0 (r)
               +     4.312          Clock generation
  4.312                        
               +     1.709          net: CLOCKS_AND_RESETS_0/CCC_FIC_x_CLK/PF_CCC_C0_0/pll_inst_0_clkint_0
  6.021                        CLOCKS_AND_RESETS_0/CCC_FIC_x_CLK/PF_CCC_C0_0/clkint_0_1:A (r)
               +     0.150          cell: ADLIB:ICB_CLKINT
  6.171                        CLOCKS_AND_RESETS_0/CCC_FIC_x_CLK/PF_CCC_C0_0/clkint_0_1:Y (r)
               +     0.386          net: CLOCKS_AND_RESETS_0/CCC_FIC_x_CLK/PF_CCC_C0_0/clkint_0_NET
  6.557                        CLOCKS_AND_RESETS_0/CCC_FIC_x_CLK/PF_CCC_C0_0/clkint_0/U0_GB0:A (r)
               +     0.167          cell: ADLIB:GB
  6.724                        CLOCKS_AND_RESETS_0/CCC_FIC_x_CLK/PF_CCC_C0_0/clkint_0/U0_GB0:Y (r)
               +     0.407          net: CLOCKS_AND_RESETS_0/CCC_FIC_x_CLK/PF_CCC_C0_0/clkint_0/U0_gbs_1
  7.131                        CLOCKS_AND_RESETS_0/CCC_FIC_x_CLK/PF_CCC_C0_0/clkint_0/U0_RGB1_RGB1:A (r)
               +     0.058          cell: ADLIB:RGB
  7.189                        CLOCKS_AND_RESETS_0/CCC_FIC_x_CLK/PF_CCC_C0_0/clkint_0/U0_RGB1_RGB1:Y (f)
               +     0.458          net: CLOCKS_AND_RESETS_0/CCC_FIC_x_CLK/PF_CCC_C0_0/clkint_0/U0_RGB1_RGB1_rgb_net_1
  7.647                        timer_0/out:CLK (r)
               +     0.194          cell: ADLIB:SLE
  7.841                        timer_0/out:Q (f)
               +     0.512          net: CAM_EN_c
  8.353                        CAM_EN_obuf/U_IOTRI:D (f)
               +     0.918          cell: ADLIB:IOTRI_OB_EB
  9.271                        CAM_EN_obuf/U_IOTRI:DOUT (f)
               +     0.000          net: CAM_EN_obuf/DOUT
  9.271                        CAM_EN_obuf/U_IOPAD:D (f)
               +     2.068          cell: ADLIB:IOPAD_TRI
  11.339                       CAM_EN_obuf/U_IOPAD:PAD (f)
               +     0.000          net: CAM_EN
  11.339                       CAM_EN (f)
                                    
  11.339                       data arrival time
  ________________________________________________________
  Data required time calculation
  N/C                          CLOCKS_AND_RESETS_0/CCC_FIC_x_CLK/PF_CCC_C0_0/pll_inst_0/OUT0
                                    
  N/C                          CAM_EN (f)


Operating Conditions : slow_lv_ht

END SET Clock to Output

----------------------------------------------------

SET Register to Asynchronous

Path 1
  From: CLOCKS_AND_RESETS_0/RESET_FIC_0_CLK/CORERESET_0/dff_15[0]:CLK
  To:   FIC_0_PERIPHERALS_0/DMA_CONTROLLER_inst_0/DMA_CONTROLLER_0/U_bufferDescriptors/BYTE_CNT_RAM/genblk1.genblk1.LI_ram_wrapper_bd/ram_bd/DMA_CONTROLLER_DMA_CONTROLLER_0_SRAM_bd_R0C0/INST_RAM1K20_IP:A_DOUT_ARST_N
  Delay (ns):              4.286
  Slack (ns):              3.422
  Arrival (ns):           11.881
  Required (ns):          15.303
  Recovery (ns):           0.281
  Minimum Period (ns):     4.443
  Skew (ns):              -0.124
  Operating Conditions: slow_lv_ht

Path 2
  From: CLOCKS_AND_RESETS_0/RESET_FIC_0_CLK/CORERESET_0/dff_15[0]:CLK
  To:   FIC_0_PERIPHERALS_0/DMA_CONTROLLER_inst_0/DMA_CONTROLLER_0/U_bufferDescriptors/NEXT_DSCRPTR_RAM/genblk1.genblk1.LI_ram_wrapper_bd/ram_bd/DMA_CONTROLLER_DMA_CONTROLLER_0_SRAM_bd_R0C0/INST_RAM1K20_IP:A_DOUT_ARST_N
  Delay (ns):              4.267
  Slack (ns):              3.438
  Arrival (ns):           11.862
  Required (ns):          15.300
  Recovery (ns):           0.281
  Minimum Period (ns):     4.427
  Skew (ns):              -0.121
  Operating Conditions: slow_lv_ht

Path 3
  From: CLOCKS_AND_RESETS_0/RESET_FIC_0_CLK/CORERESET_0/dff_15[0]:CLK
  To:   FIC_0_PERIPHERALS_0/DMA_CONTROLLER_inst_0/DMA_CONTROLLER_0/U_bufferDescriptors/CONFIG_RAM/genblk1.genblk1.LI_ram_wrapper_bd/ram_bd/DMA_CONTROLLER_DMA_CONTROLLER_0_SRAM_bd_R0C0/INST_RAM1K20_IP:A_DOUT_ARST_N
  Delay (ns):              3.991
  Slack (ns):              3.716
  Arrival (ns):           11.586
  Required (ns):          15.302
  Recovery (ns):           0.281
  Minimum Period (ns):     4.149
  Skew (ns):              -0.123
  Operating Conditions: slow_lv_ht

Path 4
  From: CLOCKS_AND_RESETS_0/RESET_FIC_0_CLK/CORERESET_0/dff_15[0]:CLK
  To:   FIC_0_PERIPHERALS_0/DMA_CONTROLLER_inst_0/DMA_CONTROLLER_0/U_memoryMapDMACache/genblk1.genblk1.UI_ram_wrapper_cache1/ram_cache/DMA_CONTROLLER_DMA_CONTROLLER_0_SRAM_cache_R0C0/INST_RAM1K20_IP:A_DOUT_ARST_N
  Delay (ns):              3.853
  Slack (ns):              3.841
  Arrival (ns):           11.448
  Required (ns):          15.289
  Recovery (ns):           0.281
  Minimum Period (ns):     4.024
  Skew (ns):              -0.110
  Operating Conditions: slow_lv_ht

Path 5
  From: CLOCKS_AND_RESETS_0/RESET_FIC_0_CLK/CORERESET_0/dff_15[0]:CLK
  To:   FIC_0_PERIPHERALS_0/DMA_CONTROLLER_inst_0/DMA_CONTROLLER_0/U_bufferDescriptors/SRC_ADDR_RAM/genblk1.genblk1.LI_ram_wrapper_bd/ram_bd/DMA_CONTROLLER_DMA_CONTROLLER_0_SRAM_bd_R0C0/INST_RAM1K20_IP:A_DOUT_ARST_N
  Delay (ns):              3.851
  Slack (ns):              3.855
  Arrival (ns):           11.446
  Required (ns):          15.301
  Recovery (ns):           0.281
  Minimum Period (ns):     4.010
  Skew (ns):              -0.122
  Operating Conditions: slow_lv_ht


Expanded Path 1
  From: CLOCKS_AND_RESETS_0/RESET_FIC_0_CLK/CORERESET_0/dff_15[0]:CLK
  To: FIC_0_PERIPHERALS_0/DMA_CONTROLLER_inst_0/DMA_CONTROLLER_0/U_bufferDescriptors/BYTE_CNT_RAM/genblk1.genblk1.LI_ram_wrapper_bd/ram_bd/DMA_CONTROLLER_DMA_CONTROLLER_0_SRAM_bd_R0C0/INST_RAM1K20_IP:A_DOUT_ARST_N
  data required time                                 15.303
  data arrival time                          -       11.881
  slack                                               3.422
  ________________________________________________________
  Data arrival time calculation
  0.000                        CLOCKS_AND_RESETS_0/CCC_FIC_x_CLK/PF_CCC_C0_0/pll_inst_0/OUT0
               +     0.000          Clock source
  0.000                        CLOCKS_AND_RESETS_0/CCC_FIC_x_CLK/PF_CCC_C0_0/pll_inst_0:OUT0 (r)
               +     4.312          Clock generation
  4.312                        
               +     1.709          net: CLOCKS_AND_RESETS_0/CCC_FIC_x_CLK/PF_CCC_C0_0/pll_inst_0_clkint_0
  6.021                        CLOCKS_AND_RESETS_0/CCC_FIC_x_CLK/PF_CCC_C0_0/clkint_0_1:A (r)
               +     0.150          cell: ADLIB:ICB_CLKINT
  6.171                        CLOCKS_AND_RESETS_0/CCC_FIC_x_CLK/PF_CCC_C0_0/clkint_0_1:Y (r)
               +     0.386          net: CLOCKS_AND_RESETS_0/CCC_FIC_x_CLK/PF_CCC_C0_0/clkint_0_NET
  6.557                        CLOCKS_AND_RESETS_0/CCC_FIC_x_CLK/PF_CCC_C0_0/clkint_0:A (r)
               +     0.161          cell: ADLIB:GB
  6.718                        CLOCKS_AND_RESETS_0/CCC_FIC_x_CLK/PF_CCC_C0_0/clkint_0:Y (r)
               +     0.387          net: CLOCKS_AND_RESETS_0/CCC_FIC_x_CLK/PF_CCC_C0_0/clkint_0/U0_Y
  7.105                        CLOCKS_AND_RESETS_0/CCC_FIC_x_CLK/PF_CCC_C0_0/clkint_0/U0_RGB1_RGB20:A (r)
               +     0.058          cell: ADLIB:RGB
  7.163                        CLOCKS_AND_RESETS_0/CCC_FIC_x_CLK/PF_CCC_C0_0/clkint_0/U0_RGB1_RGB20:Y (f)
               +     0.432          net: CLOCKS_AND_RESETS_0/CCC_FIC_x_CLK/PF_CCC_C0_0/clkint_0/U0_RGB1_RGB20_rgb_net_1
  7.595                        CLOCKS_AND_RESETS_0/RESET_FIC_0_CLK/CORERESET_0/dff_15[0]:CLK (r)
               +     0.201          cell: ADLIB:SLE
  7.796                        CLOCKS_AND_RESETS_0/RESET_FIC_0_CLK/CORERESET_0/dff_15[0]:Q (r)
               +     4.085          net: CLOCKS_AND_RESETS_0_RESET_FIC_0_CLK_CORERESET_0_dff
  11.881                       FIC_0_PERIPHERALS_0/DMA_CONTROLLER_inst_0/DMA_CONTROLLER_0/U_bufferDescriptors/BYTE_CNT_RAM/genblk1.genblk1.LI_ram_wrapper_bd/ram_bd/DMA_CONTROLLER_DMA_CONTROLLER_0_SRAM_bd_R0C0/INST_RAM1K20_IP:A_DOUT_ARST_N (r)
                                    
  11.881                       data arrival time
  ________________________________________________________
  Data required time calculation
  8.000                        CLOCKS_AND_RESETS_0/CCC_FIC_x_CLK/PF_CCC_C0_0/pll_inst_0/OUT0
               +     0.000          Clock source
  8.000                        CLOCKS_AND_RESETS_0/CCC_FIC_x_CLK/PF_CCC_C0_0/pll_inst_0:OUT0 (r)
               +     3.893          Clock generation
  11.893                       
               +     1.555          net: CLOCKS_AND_RESETS_0/CCC_FIC_x_CLK/PF_CCC_C0_0/pll_inst_0_clkint_0
  13.448                       CLOCKS_AND_RESETS_0/CCC_FIC_x_CLK/PF_CCC_C0_0/clkint_0_1:A (r)
               +     0.130          cell: ADLIB:ICB_CLKINT
  13.578                       CLOCKS_AND_RESETS_0/CCC_FIC_x_CLK/PF_CCC_C0_0/clkint_0_1:Y (r)
               +     0.352          net: CLOCKS_AND_RESETS_0/CCC_FIC_x_CLK/PF_CCC_C0_0/clkint_0_NET
  13.930                       CLOCKS_AND_RESETS_0/CCC_FIC_x_CLK/PF_CCC_C0_0/clkint_0:A (r)
               +     0.147          cell: ADLIB:GB
  14.077                       CLOCKS_AND_RESETS_0/CCC_FIC_x_CLK/PF_CCC_C0_0/clkint_0:Y (r)
               +     0.375          net: CLOCKS_AND_RESETS_0/CCC_FIC_x_CLK/PF_CCC_C0_0/clkint_0/U0_Y
  14.452                       CLOCKS_AND_RESETS_0/CCC_FIC_x_CLK/PF_CCC_C0_0/clkint_0/U0_RGB1_RGB2:A (r)
               +     0.052          cell: ADLIB:RGB
  14.504                       CLOCKS_AND_RESETS_0/CCC_FIC_x_CLK/PF_CCC_C0_0/clkint_0/U0_RGB1_RGB2:Y (f)
               +     0.571          net: CLOCKS_AND_RESETS_0/CCC_FIC_x_CLK/PF_CCC_C0_0/clkint_0/U0_RGB1_RGB2_rgb_net_1
  15.075                       FIC_0_PERIPHERALS_0/DMA_CONTROLLER_inst_0/DMA_CONTROLLER_0/U_bufferDescriptors/BYTE_CNT_RAM/genblk1.genblk1.LI_ram_wrapper_bd/ram_bd/DMA_CONTROLLER_DMA_CONTROLLER_0_SRAM_bd_R0C0/INST_RAM1K20_IP:A_CLK (r)
               +     0.644          
  15.719                       clock reconvergence pessimism
               -     0.135          
  15.584                       clock jitter
               -     0.281          Library recovery time: ADLIB:RAM1K20_IP
  15.303                       FIC_0_PERIPHERALS_0/DMA_CONTROLLER_inst_0/DMA_CONTROLLER_0/U_bufferDescriptors/BYTE_CNT_RAM/genblk1.genblk1.LI_ram_wrapper_bd/ram_bd/DMA_CONTROLLER_DMA_CONTROLLER_0_SRAM_bd_R0C0/INST_RAM1K20_IP:A_DOUT_ARST_N
                                    
  15.303                       data required time


Operating Conditions : slow_lv_ht

END SET Register to Asynchronous

----------------------------------------------------

SET External Recovery

Path 1
  From: SWITCH2
  To:   CLOCKS_AND_RESETS_0/RESET_FIC_0_CLK/CORERESET_0/dff_4[0]:ALn
  Delay (ns):              8.924
  Arrival (ns):            8.924
  Recovery (ns):           0.196
  External Recovery (ns):   2.370
  Operating Conditions: slow_lv_ht

Path 2
  From: SWITCH2
  To:   CLOCKS_AND_RESETS_0/RESET_FIC_0_CLK/CORERESET_0/dff_8[0]:ALn
  Delay (ns):              8.923
  Arrival (ns):            8.923
  Recovery (ns):           0.196
  External Recovery (ns):   2.369
  Operating Conditions: slow_lv_ht

Path 3
  From: SWITCH2
  To:   CLOCKS_AND_RESETS_0/RESET_FIC_0_CLK/CORERESET_0/dff_6[0]:ALn
  Delay (ns):              8.923
  Arrival (ns):            8.923
  Recovery (ns):           0.196
  External Recovery (ns):   2.369
  Operating Conditions: slow_lv_ht

Path 4
  From: SWITCH2
  To:   CLOCKS_AND_RESETS_0/RESET_FIC_0_CLK/CORERESET_0/dff_5[0]:ALn
  Delay (ns):              8.923
  Arrival (ns):            8.923
  Recovery (ns):           0.196
  External Recovery (ns):   2.369
  Operating Conditions: slow_lv_ht

Path 5
  From: SWITCH2
  To:   CLOCKS_AND_RESETS_0/RESET_FIC_0_CLK/CORERESET_0/dff_0[0]:ALn
  Delay (ns):              8.923
  Arrival (ns):            8.923
  Recovery (ns):           0.196
  External Recovery (ns):   2.369
  Operating Conditions: slow_lv_ht


Expanded Path 1
  From: SWITCH2
  To: CLOCKS_AND_RESETS_0/RESET_FIC_0_CLK/CORERESET_0/dff_4[0]:ALn
  data required time                                    N/C
  data arrival time                          -        8.924
  slack                                                 N/C
  ________________________________________________________
  Data arrival time calculation
  0.000                        SWITCH2 (r)
               +     0.000          net: SWITCH2
  0.000                        SWITCH2_ibuf/U_IOPAD:PAD (r)
               +     0.610          cell: ADLIB:IOPAD_IN
  0.610                        SWITCH2_ibuf/U_IOPAD:Y (r)
               +     0.000          net: SWITCH2_ibuf/YIN
  0.610                        SWITCH2_ibuf/U_IOIN:YIN (r)
               +     0.336          cell: ADLIB:IOIN_IB_E
  0.946                        SWITCH2_ibuf/U_IOIN:Y (r)
               +     4.462          net: SWITCH2_c
  5.408                        CLOCKS_AND_RESETS_0/AND3_0:A (r)
               +     0.156          cell: ADLIB:CFG3
  5.564                        CLOCKS_AND_RESETS_0/AND3_0:Y (r)
               +     1.593          net: CLOCKS_AND_RESETS_0/AND3_0_Y
  7.157                        CLOCKS_AND_RESETS_0/RESET_FIC_0_CLK/CORERESET_0/un1_EXT_RST_N_2:C (r)
               +     0.053          cell: ADLIB:CFG3
  7.210                        CLOCKS_AND_RESETS_0/RESET_FIC_0_CLK/CORERESET_0/un1_EXT_RST_N_2:Y (r)
               +     1.714          net: CLOCKS_AND_RESETS_0/un1_EXT_RST_N_2
  8.924                        CLOCKS_AND_RESETS_0/RESET_FIC_0_CLK/CORERESET_0/dff_4[0]:ALn (r)
                                    
  8.924                        data arrival time
  ________________________________________________________
  Data required time calculation
  N/C                          CLOCKS_AND_RESETS_0/CCC_FIC_x_CLK/PF_CCC_C0_0/pll_inst_0/OUT0
               +     0.000          Clock source
  N/C                          CLOCKS_AND_RESETS_0/CCC_FIC_x_CLK/PF_CCC_C0_0/pll_inst_0:OUT0 (r)
               +     3.893          Clock generation
  N/C                          
               +     1.555          net: CLOCKS_AND_RESETS_0/CCC_FIC_x_CLK/PF_CCC_C0_0/pll_inst_0_clkint_0
  N/C                          CLOCKS_AND_RESETS_0/CCC_FIC_x_CLK/PF_CCC_C0_0/clkint_0_1:A (r)
               +     0.130          cell: ADLIB:ICB_CLKINT
  N/C                          CLOCKS_AND_RESETS_0/CCC_FIC_x_CLK/PF_CCC_C0_0/clkint_0_1:Y (r)
               +     0.352          net: CLOCKS_AND_RESETS_0/CCC_FIC_x_CLK/PF_CCC_C0_0/clkint_0_NET
  N/C                          CLOCKS_AND_RESETS_0/CCC_FIC_x_CLK/PF_CCC_C0_0/clkint_0:A (r)
               +     0.147          cell: ADLIB:GB
  N/C                          CLOCKS_AND_RESETS_0/CCC_FIC_x_CLK/PF_CCC_C0_0/clkint_0:Y (r)
               +     0.371          net: CLOCKS_AND_RESETS_0/CCC_FIC_x_CLK/PF_CCC_C0_0/clkint_0/U0_Y
  N/C                          CLOCKS_AND_RESETS_0/CCC_FIC_x_CLK/PF_CCC_C0_0/clkint_0/U0_RGB1_RGB11:A (r)
               +     0.052          cell: ADLIB:RGB
  N/C                          CLOCKS_AND_RESETS_0/CCC_FIC_x_CLK/PF_CCC_C0_0/clkint_0/U0_RGB1_RGB11:Y (f)
               +     0.385          net: CLOCKS_AND_RESETS_0/CCC_FIC_x_CLK/PF_CCC_C0_0/clkint_0/U0_RGB1_RGB11_rgb_net_1
  N/C                          CLOCKS_AND_RESETS_0/RESET_FIC_0_CLK/CORERESET_0/dff_4[0]:CLK (r)
               -     0.135          
  N/C                          clock jitter
               -     0.196          Library recovery time: ADLIB:SLE
  N/C                          CLOCKS_AND_RESETS_0/RESET_FIC_0_CLK/CORERESET_0/dff_4[0]:ALn


Operating Conditions : slow_lv_ht

END SET External Recovery

----------------------------------------------------

SET Asynchronous to Register

No Path 

END SET Asynchronous to Register

----------------------------------------------------

SET FIC_0_PERIPHERALS_0/security_core_0/rng/neoTRNG_0/entropy_cell_gen.0.neoTRNG_cell_inst/sreg_0[0]:Q to CLOCKS_AND_RESETS_0/CCC_FIC_x_CLK/PF_CCC_C0_0/pll_inst_0/OUT0

No Path 

END SET FIC_0_PERIPHERALS_0/security_core_0/rng/neoTRNG_0/entropy_cell_gen.0.neoTRNG_cell_inst/sreg_0[0]:Q to CLOCKS_AND_RESETS_0/CCC_FIC_x_CLK/PF_CCC_C0_0/pll_inst_0/OUT0

----------------------------------------------------

SET FIC_0_PERIPHERALS_0/security_core_0/rng/neoTRNG_0/entropy_cell_gen.0.neoTRNG_cell_inst/sreg_1[0]:Q to CLOCKS_AND_RESETS_0/CCC_FIC_x_CLK/PF_CCC_C0_0/pll_inst_0/OUT0

No Path 

END SET FIC_0_PERIPHERALS_0/security_core_0/rng/neoTRNG_0/entropy_cell_gen.0.neoTRNG_cell_inst/sreg_1[0]:Q to CLOCKS_AND_RESETS_0/CCC_FIC_x_CLK/PF_CCC_C0_0/pll_inst_0/OUT0

----------------------------------------------------

SET FIC_0_PERIPHERALS_0/security_core_0/rng/neoTRNG_0/entropy_cell_gen.0.neoTRNG_cell_inst/sreg_2[0]:Q to CLOCKS_AND_RESETS_0/CCC_FIC_x_CLK/PF_CCC_C0_0/pll_inst_0/OUT0

No Path 

END SET FIC_0_PERIPHERALS_0/security_core_0/rng/neoTRNG_0/entropy_cell_gen.0.neoTRNG_cell_inst/sreg_2[0]:Q to CLOCKS_AND_RESETS_0/CCC_FIC_x_CLK/PF_CCC_C0_0/pll_inst_0/OUT0

----------------------------------------------------

SET FIC_0_PERIPHERALS_0/security_core_0/rng/neoTRNG_0/entropy_cell_gen.0.neoTRNG_cell_inst/sreg_3[0]:Q to CLOCKS_AND_RESETS_0/CCC_FIC_x_CLK/PF_CCC_C0_0/pll_inst_0/OUT0

No Path 

END SET FIC_0_PERIPHERALS_0/security_core_0/rng/neoTRNG_0/entropy_cell_gen.0.neoTRNG_cell_inst/sreg_3[0]:Q to CLOCKS_AND_RESETS_0/CCC_FIC_x_CLK/PF_CCC_C0_0/pll_inst_0/OUT0

----------------------------------------------------

SET FIC_0_PERIPHERALS_0/security_core_0/rng/neoTRNG_0/entropy_cell_gen.0.neoTRNG_cell_inst/sreg_4[0]:Q to CLOCKS_AND_RESETS_0/CCC_FIC_x_CLK/PF_CCC_C0_0/pll_inst_0/OUT0

No Path 

END SET FIC_0_PERIPHERALS_0/security_core_0/rng/neoTRNG_0/entropy_cell_gen.0.neoTRNG_cell_inst/sreg_4[0]:Q to CLOCKS_AND_RESETS_0/CCC_FIC_x_CLK/PF_CCC_C0_0/pll_inst_0/OUT0

----------------------------------------------------

SET FIC_0_PERIPHERALS_0/security_core_0/rng/neoTRNG_0/entropy_cell_gen.1.neoTRNG_cell_inst/sreg_0[0]:Q to CLOCKS_AND_RESETS_0/CCC_FIC_x_CLK/PF_CCC_C0_0/pll_inst_0/OUT0

No Path 

END SET FIC_0_PERIPHERALS_0/security_core_0/rng/neoTRNG_0/entropy_cell_gen.1.neoTRNG_cell_inst/sreg_0[0]:Q to CLOCKS_AND_RESETS_0/CCC_FIC_x_CLK/PF_CCC_C0_0/pll_inst_0/OUT0

----------------------------------------------------

SET FIC_0_PERIPHERALS_0/security_core_0/rng/neoTRNG_0/entropy_cell_gen.1.neoTRNG_cell_inst/sreg_1[0]:Q to CLOCKS_AND_RESETS_0/CCC_FIC_x_CLK/PF_CCC_C0_0/pll_inst_0/OUT0

No Path 

END SET FIC_0_PERIPHERALS_0/security_core_0/rng/neoTRNG_0/entropy_cell_gen.1.neoTRNG_cell_inst/sreg_1[0]:Q to CLOCKS_AND_RESETS_0/CCC_FIC_x_CLK/PF_CCC_C0_0/pll_inst_0/OUT0

----------------------------------------------------

SET FIC_0_PERIPHERALS_0/security_core_0/rng/neoTRNG_0/entropy_cell_gen.1.neoTRNG_cell_inst/sreg_2[0]:Q to CLOCKS_AND_RESETS_0/CCC_FIC_x_CLK/PF_CCC_C0_0/pll_inst_0/OUT0

No Path 

END SET FIC_0_PERIPHERALS_0/security_core_0/rng/neoTRNG_0/entropy_cell_gen.1.neoTRNG_cell_inst/sreg_2[0]:Q to CLOCKS_AND_RESETS_0/CCC_FIC_x_CLK/PF_CCC_C0_0/pll_inst_0/OUT0

----------------------------------------------------

SET FIC_0_PERIPHERALS_0/security_core_0/rng/neoTRNG_0/entropy_cell_gen.1.neoTRNG_cell_inst/sreg_3[0]:Q to CLOCKS_AND_RESETS_0/CCC_FIC_x_CLK/PF_CCC_C0_0/pll_inst_0/OUT0

No Path 

END SET FIC_0_PERIPHERALS_0/security_core_0/rng/neoTRNG_0/entropy_cell_gen.1.neoTRNG_cell_inst/sreg_3[0]:Q to CLOCKS_AND_RESETS_0/CCC_FIC_x_CLK/PF_CCC_C0_0/pll_inst_0/OUT0

----------------------------------------------------

SET FIC_0_PERIPHERALS_0/security_core_0/rng/neoTRNG_0/entropy_cell_gen.1.neoTRNG_cell_inst/sreg_4[0]:Q to CLOCKS_AND_RESETS_0/CCC_FIC_x_CLK/PF_CCC_C0_0/pll_inst_0/OUT0

No Path 

END SET FIC_0_PERIPHERALS_0/security_core_0/rng/neoTRNG_0/entropy_cell_gen.1.neoTRNG_cell_inst/sreg_4[0]:Q to CLOCKS_AND_RESETS_0/CCC_FIC_x_CLK/PF_CCC_C0_0/pll_inst_0/OUT0

----------------------------------------------------

SET FIC_0_PERIPHERALS_0/security_core_0/rng/neoTRNG_0/entropy_cell_gen.1.neoTRNG_cell_inst/sreg_5[0]:Q to CLOCKS_AND_RESETS_0/CCC_FIC_x_CLK/PF_CCC_C0_0/pll_inst_0/OUT0

No Path 

END SET FIC_0_PERIPHERALS_0/security_core_0/rng/neoTRNG_0/entropy_cell_gen.1.neoTRNG_cell_inst/sreg_5[0]:Q to CLOCKS_AND_RESETS_0/CCC_FIC_x_CLK/PF_CCC_C0_0/pll_inst_0/OUT0

----------------------------------------------------

SET FIC_0_PERIPHERALS_0/security_core_0/rng/neoTRNG_0/entropy_cell_gen.1.neoTRNG_cell_inst/sreg_6[0]:Q to CLOCKS_AND_RESETS_0/CCC_FIC_x_CLK/PF_CCC_C0_0/pll_inst_0/OUT0

No Path 

END SET FIC_0_PERIPHERALS_0/security_core_0/rng/neoTRNG_0/entropy_cell_gen.1.neoTRNG_cell_inst/sreg_6[0]:Q to CLOCKS_AND_RESETS_0/CCC_FIC_x_CLK/PF_CCC_C0_0/pll_inst_0/OUT0

----------------------------------------------------

SET FIC_0_PERIPHERALS_0/security_core_0/rng/neoTRNG_0/entropy_cell_gen.2.neoTRNG_cell_inst/sreg_0[0]:Q to CLOCKS_AND_RESETS_0/CCC_FIC_x_CLK/PF_CCC_C0_0/pll_inst_0/OUT0

No Path 

END SET FIC_0_PERIPHERALS_0/security_core_0/rng/neoTRNG_0/entropy_cell_gen.2.neoTRNG_cell_inst/sreg_0[0]:Q to CLOCKS_AND_RESETS_0/CCC_FIC_x_CLK/PF_CCC_C0_0/pll_inst_0/OUT0

----------------------------------------------------

SET FIC_0_PERIPHERALS_0/security_core_0/rng/neoTRNG_0/entropy_cell_gen.2.neoTRNG_cell_inst/sreg_1[0]:Q to CLOCKS_AND_RESETS_0/CCC_FIC_x_CLK/PF_CCC_C0_0/pll_inst_0/OUT0

No Path 

END SET FIC_0_PERIPHERALS_0/security_core_0/rng/neoTRNG_0/entropy_cell_gen.2.neoTRNG_cell_inst/sreg_1[0]:Q to CLOCKS_AND_RESETS_0/CCC_FIC_x_CLK/PF_CCC_C0_0/pll_inst_0/OUT0

----------------------------------------------------

SET FIC_0_PERIPHERALS_0/security_core_0/rng/neoTRNG_0/entropy_cell_gen.2.neoTRNG_cell_inst/sreg_2[0]:Q to CLOCKS_AND_RESETS_0/CCC_FIC_x_CLK/PF_CCC_C0_0/pll_inst_0/OUT0

No Path 

END SET FIC_0_PERIPHERALS_0/security_core_0/rng/neoTRNG_0/entropy_cell_gen.2.neoTRNG_cell_inst/sreg_2[0]:Q to CLOCKS_AND_RESETS_0/CCC_FIC_x_CLK/PF_CCC_C0_0/pll_inst_0/OUT0

----------------------------------------------------

SET FIC_0_PERIPHERALS_0/security_core_0/rng/neoTRNG_0/entropy_cell_gen.2.neoTRNG_cell_inst/sreg_3[0]:Q to CLOCKS_AND_RESETS_0/CCC_FIC_x_CLK/PF_CCC_C0_0/pll_inst_0/OUT0

No Path 

END SET FIC_0_PERIPHERALS_0/security_core_0/rng/neoTRNG_0/entropy_cell_gen.2.neoTRNG_cell_inst/sreg_3[0]:Q to CLOCKS_AND_RESETS_0/CCC_FIC_x_CLK/PF_CCC_C0_0/pll_inst_0/OUT0

----------------------------------------------------

SET FIC_0_PERIPHERALS_0/security_core_0/rng/neoTRNG_0/entropy_cell_gen.2.neoTRNG_cell_inst/sreg_4[0]:Q to CLOCKS_AND_RESETS_0/CCC_FIC_x_CLK/PF_CCC_C0_0/pll_inst_0/OUT0

No Path 

END SET FIC_0_PERIPHERALS_0/security_core_0/rng/neoTRNG_0/entropy_cell_gen.2.neoTRNG_cell_inst/sreg_4[0]:Q to CLOCKS_AND_RESETS_0/CCC_FIC_x_CLK/PF_CCC_C0_0/pll_inst_0/OUT0

----------------------------------------------------

SET FIC_0_PERIPHERALS_0/security_core_0/rng/neoTRNG_0/entropy_cell_gen.2.neoTRNG_cell_inst/sreg_5[0]:Q to CLOCKS_AND_RESETS_0/CCC_FIC_x_CLK/PF_CCC_C0_0/pll_inst_0/OUT0

No Path 

END SET FIC_0_PERIPHERALS_0/security_core_0/rng/neoTRNG_0/entropy_cell_gen.2.neoTRNG_cell_inst/sreg_5[0]:Q to CLOCKS_AND_RESETS_0/CCC_FIC_x_CLK/PF_CCC_C0_0/pll_inst_0/OUT0

----------------------------------------------------

SET FIC_0_PERIPHERALS_0/security_core_0/rng/neoTRNG_0/entropy_cell_gen.2.neoTRNG_cell_inst/sreg_6[0]:Q to CLOCKS_AND_RESETS_0/CCC_FIC_x_CLK/PF_CCC_C0_0/pll_inst_0/OUT0

No Path 

END SET FIC_0_PERIPHERALS_0/security_core_0/rng/neoTRNG_0/entropy_cell_gen.2.neoTRNG_cell_inst/sreg_6[0]:Q to CLOCKS_AND_RESETS_0/CCC_FIC_x_CLK/PF_CCC_C0_0/pll_inst_0/OUT0

----------------------------------------------------

SET FIC_0_PERIPHERALS_0/security_core_0/rng/neoTRNG_0/entropy_cell_gen.2.neoTRNG_cell_inst/sreg_7[0]:Q to CLOCKS_AND_RESETS_0/CCC_FIC_x_CLK/PF_CCC_C0_0/pll_inst_0/OUT0

No Path 

END SET FIC_0_PERIPHERALS_0/security_core_0/rng/neoTRNG_0/entropy_cell_gen.2.neoTRNG_cell_inst/sreg_7[0]:Q to CLOCKS_AND_RESETS_0/CCC_FIC_x_CLK/PF_CCC_C0_0/pll_inst_0/OUT0

----------------------------------------------------

SET FIC_0_PERIPHERALS_0/security_core_0/rng/neoTRNG_0/entropy_cell_gen.2.neoTRNG_cell_inst/sreg_8[0]:Q to CLOCKS_AND_RESETS_0/CCC_FIC_x_CLK/PF_CCC_C0_0/pll_inst_0/OUT0

No Path 

END SET FIC_0_PERIPHERALS_0/security_core_0/rng/neoTRNG_0/entropy_cell_gen.2.neoTRNG_cell_inst/sreg_8[0]:Q to CLOCKS_AND_RESETS_0/CCC_FIC_x_CLK/PF_CCC_C0_0/pll_inst_0/OUT0

----------------------------------------------------

SET CLOCKS_AND_RESETS_0/CCC_FIC_x_CLK/PF_CCC_C0_0/pll_inst_0/OUT1 to CLOCKS_AND_RESETS_0/CCC_FIC_x_CLK/PF_CCC_C0_0/pll_inst_0/OUT0

Path 1
  From: MIPI_CAMERA_0/VDMA_C0_0/VDMA_C0_0/dma_top_0/vdma_write_0/ddr_write_vdma/ddr_write_controller_vdma_0/int_dma:CLK
  To:   MIPI_CAMERA_0/VDMA_C0_0/VDMA_C0_0/dma_top_0/interrupt_controller_vdma_0/interrupt_event_dly[0][0]:D
  Delay (ns):              0.836
  Slack (ns):              8.320
  Arrival (ns):            6.868
  Required (ns):          15.188
  Setup (ns):              0.000
  Operating Conditions: slow_lv_ht

Path 2
  From: MIPI_CAMERA_0/VDMA_C0_0/VDMA_C0_0/dma_top_0/vdma_write_0/frame_size_fifo/wfull:CLK
  To:   MIPI_CAMERA_0/VDMA_C0_0/VDMA_C0_0/dma_top_0/interrupt_controller_vdma_0/synchronizer_circuit_2stage_frame_size/s_data_in:D
  Delay (ns):              0.353
  Slack (ns):              8.517
  Arrival (ns):            4.397
  Required (ns):          12.914
  Setup (ns):              0.000
  Operating Conditions: fast_hv_lt

Path 3
  From: MIPI_CAMERA_0/VDMA_C0_0/VDMA_C0_0/dma_top_0/vdma_write_0/frame_size_fifo/wbin[5]:CLK
  To:   MIPI_CAMERA_0/VDMA_C0_0/VDMA_C0_0/dma_top_0/vdma_write_0/frame_size_fifo/rwptr1[5]:D
  Delay (ns):              0.339
  Slack (ns):              8.528
  Arrival (ns):            4.383
  Required (ns):          12.911
  Setup (ns):              0.000
  Operating Conditions: fast_hv_lt

Path 4
  From: MIPI_CAMERA_0/VDMA_C0_0/VDMA_C0_0/dma_top_0/vdma_write_0/frame_size_fifo/wptr[4]:CLK
  To:   MIPI_CAMERA_0/VDMA_C0_0/VDMA_C0_0/dma_top_0/vdma_write_0/frame_size_fifo/rwptr1[4]:D
  Delay (ns):              0.337
  Slack (ns):              8.530
  Arrival (ns):            4.381
  Required (ns):          12.911
  Setup (ns):              0.000
  Operating Conditions: fast_hv_lt

Path 5
  From: MIPI_CAMERA_0/VDMA_C0_0/VDMA_C0_0/dma_top_0/vdma_write_0/frame_size_fifo/wptr[0]:CLK
  To:   MIPI_CAMERA_0/VDMA_C0_0/VDMA_C0_0/dma_top_0/vdma_write_0/frame_size_fifo/rwptr1[0]:D
  Delay (ns):              0.275
  Slack (ns):              8.594
  Arrival (ns):            4.319
  Required (ns):          12.913
  Setup (ns):              0.000
  Operating Conditions: fast_hv_lt


Expanded Path 1
  From: MIPI_CAMERA_0/VDMA_C0_0/VDMA_C0_0/dma_top_0/vdma_write_0/ddr_write_vdma/ddr_write_controller_vdma_0/int_dma:CLK
  To: MIPI_CAMERA_0/VDMA_C0_0/VDMA_C0_0/dma_top_0/interrupt_controller_vdma_0/interrupt_event_dly[0][0]:D
  data required time                                 15.188
  data arrival time                          -        6.868
  slack                                               8.320
  ________________________________________________________
  Data arrival time calculation
  0.000                        CLOCKS_AND_RESETS_0/CCC_FIC_x_CLK/PF_CCC_C0_0/pll_inst_0/OUT1
               +     0.000          Clock source
  0.000                        CLOCKS_AND_RESETS_0/CCC_FIC_x_CLK/PF_CCC_C0_0/pll_inst_0:OUT1 (r)
               +     4.311          Clock generation
  4.311                        
               +     0.256          net: CLOCKS_AND_RESETS_0/CCC_FIC_x_CLK/PF_CCC_C0_0/pll_inst_0_clkint_4
  4.567                        CLOCKS_AND_RESETS_0/CCC_FIC_x_CLK/PF_CCC_C0_0/clkint_4_1:A (r)
               +     0.234          cell: ADLIB:ICB_CLKINT
  4.801                        CLOCKS_AND_RESETS_0/CCC_FIC_x_CLK/PF_CCC_C0_0/clkint_4_1:Y (r)
               +     0.144          net: CLOCKS_AND_RESETS_0/CCC_FIC_x_CLK/PF_CCC_C0_0/clkint_4_NET
  4.945                        CLOCKS_AND_RESETS_0/CCC_FIC_x_CLK/PF_CCC_C0_0/clkint_4:A (r)
               +     0.162          cell: ADLIB:GB
  5.107                        CLOCKS_AND_RESETS_0/CCC_FIC_x_CLK/PF_CCC_C0_0/clkint_4:Y (r)
               +     0.413          net: CLOCKS_AND_RESETS_0/CCC_FIC_x_CLK/PF_CCC_C0_0/clkint_4/U0_Y
  5.520                        CLOCKS_AND_RESETS_0/CCC_FIC_x_CLK/PF_CCC_C0_0/clkint_4/U0_RGB1_RGB0:A (r)
               +     0.058          cell: ADLIB:RGB
  5.578                        CLOCKS_AND_RESETS_0/CCC_FIC_x_CLK/PF_CCC_C0_0/clkint_4/U0_RGB1_RGB0:Y (f)
               +     0.454          net: CLOCKS_AND_RESETS_0/CCC_FIC_x_CLK/PF_CCC_C0_0/clkint_4/U0_RGB1_RGB0_rgb_net_1
  6.032                        MIPI_CAMERA_0/VDMA_C0_0/VDMA_C0_0/dma_top_0/vdma_write_0/ddr_write_vdma/ddr_write_controller_vdma_0/int_dma:CLK (r)
               +     0.201          cell: ADLIB:SLE
  6.233                        MIPI_CAMERA_0/VDMA_C0_0/VDMA_C0_0/dma_top_0/vdma_write_0/ddr_write_vdma/ddr_write_controller_vdma_0/int_dma:Q (r)
               +     0.635          net: MIPI_CAMERA_0/VDMA_C0_0/VDMA_C0_0/dma_top_0/vdma_write_0_int_dma_o
  6.868                        MIPI_CAMERA_0/VDMA_C0_0/VDMA_C0_0/dma_top_0/interrupt_controller_vdma_0/interrupt_event_dly[0][0]:D (r)
                                    
  6.868                        data arrival time
  ________________________________________________________
  Data required time calculation
  8.000                        CLOCKS_AND_RESETS_0/CCC_FIC_x_CLK/PF_CCC_C0_0/pll_inst_0/OUT0
               +     0.000          Clock source
  8.000                        CLOCKS_AND_RESETS_0/CCC_FIC_x_CLK/PF_CCC_C0_0/pll_inst_0:OUT0 (r)
               +     3.893          Clock generation
  11.893                       
               +     1.555          net: CLOCKS_AND_RESETS_0/CCC_FIC_x_CLK/PF_CCC_C0_0/pll_inst_0_clkint_0
  13.448                       CLOCKS_AND_RESETS_0/CCC_FIC_x_CLK/PF_CCC_C0_0/clkint_0_1:A (r)
               +     0.130          cell: ADLIB:ICB_CLKINT
  13.578                       CLOCKS_AND_RESETS_0/CCC_FIC_x_CLK/PF_CCC_C0_0/clkint_0_1:Y (r)
               +     0.352          net: CLOCKS_AND_RESETS_0/CCC_FIC_x_CLK/PF_CCC_C0_0/clkint_0_NET
  13.930                       CLOCKS_AND_RESETS_0/CCC_FIC_x_CLK/PF_CCC_C0_0/clkint_0:A (r)
               +     0.147          cell: ADLIB:GB
  14.077                       CLOCKS_AND_RESETS_0/CCC_FIC_x_CLK/PF_CCC_C0_0/clkint_0:Y (r)
               +     0.374          net: CLOCKS_AND_RESETS_0/CCC_FIC_x_CLK/PF_CCC_C0_0/clkint_0/U0_Y
  14.451                       CLOCKS_AND_RESETS_0/CCC_FIC_x_CLK/PF_CCC_C0_0/clkint_0/U0_RGB1_RGB5:A (r)
               +     0.052          cell: ADLIB:RGB
  14.503                       CLOCKS_AND_RESETS_0/CCC_FIC_x_CLK/PF_CCC_C0_0/clkint_0/U0_RGB1_RGB5:Y (f)
               +     0.415          net: CLOCKS_AND_RESETS_0/CCC_FIC_x_CLK/PF_CCC_C0_0/clkint_0/U0_RGB1_RGB5_rgb_net_1
  14.918                       MIPI_CAMERA_0/VDMA_C0_0/VDMA_C0_0/dma_top_0/interrupt_controller_vdma_0/interrupt_event_dly[0][0]:CLK (r)
               +     0.405          
  15.323                       clock reconvergence pessimism
               -     0.135          
  15.188                       clock jitter
               -     0.000          Library setup time: ADLIB:SLE
  15.188                       MIPI_CAMERA_0/VDMA_C0_0/VDMA_C0_0/dma_top_0/interrupt_controller_vdma_0/interrupt_event_dly[0][0]:D
                                    
  15.188                       data required time


Operating Conditions : slow_lv_ht

END SET CLOCKS_AND_RESETS_0/CCC_FIC_x_CLK/PF_CCC_C0_0/pll_inst_0/OUT1 to CLOCKS_AND_RESETS_0/CCC_FIC_x_CLK/PF_CCC_C0_0/pll_inst_0/OUT0

----------------------------------------------------

SET MIPI_CAMERA_0/PF_CCC_C1_0/PF_CCC_C1_0/pll_inst_0/OUT0 to CLOCKS_AND_RESETS_0/CCC_FIC_x_CLK/PF_CCC_C0_0/pll_inst_0/OUT0

Path 1
  From: MIPI_CAMERA_0/mipicsi2rxdecoderPF_C0_0/MSC_i_0/r_int_dly3:CLK
  To:   MIPI_CAMERA_0/mipicsi2rxdecoderPF_C0_0/MSC_i_0/MSC_i_1/interrupt_event_dly[0][0]:D
  Delay (ns):              0.686
  Slack (ns):              3.019
  Arrival (ns):            7.753
  Required (ns):          10.772
  Setup (ns):              0.000
  Operating Conditions: slow_lv_ht

Path 2
  From: MIPI_CAMERA_0/mipicsi2rxdecoderPF_C0_0/MSC_i_0/r_int_dly1:CLK
  To:   MIPI_CAMERA_0/mipicsi2rxdecoderPF_C0_0/MSC_i_0/MSC_i_1/interrupt_event_dly[0][0]:D
  Delay (ns):              0.656
  Slack (ns):              3.049
  Arrival (ns):            7.723
  Required (ns):          10.772
  Setup (ns):              0.000
  Operating Conditions: slow_lv_ht

Path 3
  From: MIPI_CAMERA_0/mipicsi2rxdecoderPF_C0_0/MSC_i_0/r_int_dly2:CLK
  To:   MIPI_CAMERA_0/mipicsi2rxdecoderPF_C0_0/MSC_i_0/MSC_i_1/interrupt_event_dly[0][0]:D
  Delay (ns):              0.628
  Slack (ns):              3.077
  Arrival (ns):            7.695
  Required (ns):          10.772
  Setup (ns):              0.000
  Operating Conditions: slow_lv_ht

Path 4
  From: MIPI_CAMERA_0/mipicsi2rxdecoderPF_C0_0/MSC_i_0/r_int_dly4:CLK
  To:   MIPI_CAMERA_0/mipicsi2rxdecoderPF_C0_0/MSC_i_0/MSC_i_1/interrupt_event_dly[0][0]:D
  Delay (ns):              0.583
  Slack (ns):              3.122
  Arrival (ns):            7.650
  Required (ns):          10.772
  Setup (ns):              0.000
  Operating Conditions: slow_lv_ht

Path 5
  From: MIPI_CAMERA_0/VDMA_C0_0/VDMA_C0_0/dma_top_0/vdma_write_0/buff_addr_fifo/rempty:CLK
  To:   MIPI_CAMERA_0/VDMA_C0_0/VDMA_C0_0/dma_top_0/interrupt_controller_vdma_0/synchronizer_circuit_2stage_buff_addr/s_data_in:D
  Delay (ns):              0.570
  Slack (ns):              3.145
  Arrival (ns):            7.643
  Required (ns):          10.788
  Setup (ns):              0.000
  Operating Conditions: slow_lv_ht


Expanded Path 1
  From: MIPI_CAMERA_0/mipicsi2rxdecoderPF_C0_0/MSC_i_0/r_int_dly3:CLK
  To: MIPI_CAMERA_0/mipicsi2rxdecoderPF_C0_0/MSC_i_0/MSC_i_1/interrupt_event_dly[0][0]:D
  data required time                                 10.772
  data arrival time                          -        7.753
  slack                                               3.019
  ________________________________________________________
  Data arrival time calculation
  0.000                        MIPI_CAMERA_0/PF_CCC_C1_0/PF_CCC_C1_0/pll_inst_0/OUT0
               +     0.000          Clock source
  0.000                        MIPI_CAMERA_0/PF_CCC_C1_0/PF_CCC_C1_0/pll_inst_0:OUT0 (r)
               +     5.275          Clock generation
  5.275                        
               +     0.281          net: MIPI_CAMERA_0/PF_CCC_C1_0/PF_CCC_C1_0/pll_inst_0_clkint_0
  5.556                        MIPI_CAMERA_0/PF_CCC_C1_0/PF_CCC_C1_0/clkint_0_1:A (r)
               +     0.243          cell: ADLIB:ICB_CLKINT
  5.799                        MIPI_CAMERA_0/PF_CCC_C1_0/PF_CCC_C1_0/clkint_0_1:Y (r)
               +     0.150          net: MIPI_CAMERA_0/PF_CCC_C1_0/PF_CCC_C1_0/clkint_0_NET
  5.949                        MIPI_CAMERA_0/PF_CCC_C1_0/PF_CCC_C1_0/clkint_0:A (r)
               +     0.164          cell: ADLIB:GB
  6.113                        MIPI_CAMERA_0/PF_CCC_C1_0/PF_CCC_C1_0/clkint_0:Y (r)
               +     0.414          net: MIPI_CAMERA_0/PF_CCC_C1_0/PF_CCC_C1_0/clkint_0/U0_Y
  6.527                        MIPI_CAMERA_0/PF_CCC_C1_0/PF_CCC_C1_0/clkint_0/U0_RGB1_RGB1:A (r)
               +     0.058          cell: ADLIB:RGB
  6.585                        MIPI_CAMERA_0/PF_CCC_C1_0/PF_CCC_C1_0/clkint_0/U0_RGB1_RGB1:Y (f)
               +     0.482          net: MIPI_CAMERA_0/PF_CCC_C1_0/PF_CCC_C1_0/clkint_0/U0_RGB1_RGB1_rgb_net_1
  7.067                        MIPI_CAMERA_0/mipicsi2rxdecoderPF_C0_0/MSC_i_0/r_int_dly3:CLK (r)
               +     0.209          cell: ADLIB:SLE
  7.276                        MIPI_CAMERA_0/mipicsi2rxdecoderPF_C0_0/MSC_i_0/r_int_dly3:Q (r)
               +     0.161          net: MIPI_CAMERA_0/mipicsi2rxdecoderPF_C0_0/MSC_i_0/MSC_net_378
  7.437                        MIPI_CAMERA_0/mipicsi2rxdecoderPF_C0_0/MSC_i_0/ISR_w_1[0]:B (r)
               +     0.135          cell: ADLIB:CFG2
  7.572                        MIPI_CAMERA_0/mipicsi2rxdecoderPF_C0_0/MSC_i_0/ISR_w_1[0]:Y (r)
               +     0.073          net: MIPI_CAMERA_0/mipicsi2rxdecoderPF_C0_0/MSC_i_0/MSC_net_337
  7.645                        MIPI_CAMERA_0/mipicsi2rxdecoderPF_C0_0/MSC_i_0/ISR_w[0]:C (r)
               +     0.078          cell: ADLIB:CFG4
  7.723                        MIPI_CAMERA_0/mipicsi2rxdecoderPF_C0_0/MSC_i_0/ISR_w[0]:Y (r)
               +     0.030          net: MIPI_CAMERA_0/mipicsi2rxdecoderPF_C0_0/MSC_i_0/MSC_net_299
  7.753                        MIPI_CAMERA_0/mipicsi2rxdecoderPF_C0_0/MSC_i_0/MSC_i_1/interrupt_event_dly[0][0]:D (r)
                                    
  7.753                        data arrival time
  ________________________________________________________
  Data required time calculation
  4.000                        CLOCKS_AND_RESETS_0/CCC_FIC_x_CLK/PF_CCC_C0_0/pll_inst_0/OUT0
               +     0.000          Clock source
  4.000                        CLOCKS_AND_RESETS_0/CCC_FIC_x_CLK/PF_CCC_C0_0/pll_inst_0:OUT0 (r)
               +     3.893          Clock generation
  7.893                        
               +     1.555          net: CLOCKS_AND_RESETS_0/CCC_FIC_x_CLK/PF_CCC_C0_0/pll_inst_0_clkint_0
  9.448                        CLOCKS_AND_RESETS_0/CCC_FIC_x_CLK/PF_CCC_C0_0/clkint_0_1:A (r)
               +     0.130          cell: ADLIB:ICB_CLKINT
  9.578                        CLOCKS_AND_RESETS_0/CCC_FIC_x_CLK/PF_CCC_C0_0/clkint_0_1:Y (r)
               +     0.352          net: CLOCKS_AND_RESETS_0/CCC_FIC_x_CLK/PF_CCC_C0_0/clkint_0_NET
  9.930                        CLOCKS_AND_RESETS_0/CCC_FIC_x_CLK/PF_CCC_C0_0/clkint_0:A (r)
               +     0.147          cell: ADLIB:GB
  10.077                       CLOCKS_AND_RESETS_0/CCC_FIC_x_CLK/PF_CCC_C0_0/clkint_0:Y (r)
               +     0.371          net: CLOCKS_AND_RESETS_0/CCC_FIC_x_CLK/PF_CCC_C0_0/clkint_0/U0_Y
  10.448                       CLOCKS_AND_RESETS_0/CCC_FIC_x_CLK/PF_CCC_C0_0/clkint_0/U0_RGB1_RGB11:A (r)
               +     0.052          cell: ADLIB:RGB
  10.500                       CLOCKS_AND_RESETS_0/CCC_FIC_x_CLK/PF_CCC_C0_0/clkint_0/U0_RGB1_RGB11:Y (f)
               +     0.407          net: CLOCKS_AND_RESETS_0/CCC_FIC_x_CLK/PF_CCC_C0_0/clkint_0/U0_RGB1_RGB11_rgb_net_1
  10.907                       MIPI_CAMERA_0/mipicsi2rxdecoderPF_C0_0/MSC_i_0/MSC_i_1/interrupt_event_dly[0][0]:CLK (r)
               -     0.135          
  10.772                       clock jitter
               -     0.000          Library setup time: ADLIB:SLE
  10.772                       MIPI_CAMERA_0/mipicsi2rxdecoderPF_C0_0/MSC_i_0/MSC_i_1/interrupt_event_dly[0][0]:D
                                    
  10.772                       data required time


Operating Conditions : slow_lv_ht

END SET MIPI_CAMERA_0/PF_CCC_C1_0/PF_CCC_C1_0/pll_inst_0/OUT0 to CLOCKS_AND_RESETS_0/CCC_FIC_x_CLK/PF_CCC_C0_0/pll_inst_0/OUT0

----------------------------------------------------

SET MIPI_CAMERA_0/PF_IOD_GENERIC_RX_C0_0/PF_CLK_DIV_FIFO/I_CDD/Y_DIV to CLOCKS_AND_RESETS_0/CCC_FIC_x_CLK/PF_CCC_C0_0/pll_inst_0/OUT0

Path 1
  From: MIPI_CAMERA_0/PF_IOD_GENERIC_RX_C0_0/COREBCLKSCLKALIGN_0/PF_IOD_GENERIC_RX_C0_TR_0/genblk1.U_ICB_BCLKSCLKALIGN/RX_CLK_ALIGN_DONE:CLK
  To:   MIPI_CAMERA_0/mipicsi2rxdecoderPF_C0_0/MSC_i_0/MSC_i_1/interrupt_event_dly[0][3]:D
  Delay (ns):              2.149
  Slack (ns):              7.902
  Arrival (ns):            4.740
  Required (ns):          12.642
  Setup (ns):              0.000
  Operating Conditions: fast_hv_lt


Expanded Path 1
  From: MIPI_CAMERA_0/PF_IOD_GENERIC_RX_C0_0/COREBCLKSCLKALIGN_0/PF_IOD_GENERIC_RX_C0_TR_0/genblk1.U_ICB_BCLKSCLKALIGN/RX_CLK_ALIGN_DONE:CLK
  To: MIPI_CAMERA_0/mipicsi2rxdecoderPF_C0_0/MSC_i_0/MSC_i_1/interrupt_event_dly[0][3]:D
  data required time                                 12.642
  data arrival time                          -        4.740
  slack                                               7.902
  ________________________________________________________
  Data arrival time calculation
  0.000                        MIPI_CAMERA_0/PF_IOD_GENERIC_RX_C0_0/PF_CLK_DIV_FIFO/I_CDD/Y_DIV
               +     0.000          Clock source
  0.000                        MIPI_CAMERA_0/PF_IOD_GENERIC_RX_C0_0/PF_CLK_DIV_FIFO/I_CDD:Y_DIV (r)
               +     1.217          Clock generation
  1.217                        
               +     0.354          net: MIPI_CAMERA_0/PF_IOD_GENERIC_RX_C0_0/PF_CLK_DIV_FIFO_CLK_DIV_OUT
  1.571                        MIPI_CAMERA_0/PF_IOD_GENERIC_RX_C0_0/CLKINT_0_1:A (r)
               +     0.162          cell: ADLIB:ICB_CLKINT
  1.733                        MIPI_CAMERA_0/PF_IOD_GENERIC_RX_C0_0/CLKINT_0_1:Y (r)
               +     0.099          net: MIPI_CAMERA_0/PF_IOD_GENERIC_RX_C0_0/CLKINT_0_NET
  1.832                        MIPI_CAMERA_0/PF_IOD_GENERIC_RX_C0_0/CLKINT_0:A (r)
               +     0.118          cell: ADLIB:GB
  1.950                        MIPI_CAMERA_0/PF_IOD_GENERIC_RX_C0_0/CLKINT_0:Y (r)
               +     0.266          net: MIPI_CAMERA_0/PF_IOD_GENERIC_RX_C0_0/CLKINT_0/U0_Y
  2.216                        MIPI_CAMERA_0/PF_IOD_GENERIC_RX_C0_0/CLKINT_0/U0_RGB1_RGB2:A (r)
               +     0.042          cell: ADLIB:RGB
  2.258                        MIPI_CAMERA_0/PF_IOD_GENERIC_RX_C0_0/CLKINT_0/U0_RGB1_RGB2:Y (f)
               +     0.333          net: MIPI_CAMERA_0/PF_IOD_GENERIC_RX_C0_0/CLKINT_0/U0_RGB1_RGB2_rgb_net_1
  2.591                        MIPI_CAMERA_0/PF_IOD_GENERIC_RX_C0_0/COREBCLKSCLKALIGN_0/PF_IOD_GENERIC_RX_C0_TR_0/genblk1.U_ICB_BCLKSCLKALIGN/RX_CLK_ALIGN_DONE:CLK (r)
               +     0.119          cell: ADLIB:SLE
  2.710                        MIPI_CAMERA_0/PF_IOD_GENERIC_RX_C0_0/COREBCLKSCLKALIGN_0/PF_IOD_GENERIC_RX_C0_TR_0/genblk1.U_ICB_BCLKSCLKALIGN/RX_CLK_ALIGN_DONE:Q (f)
               +     1.982          net: MIPI_CAMERA_0/PF_IOD_GENERIC_RX_C0_0_CLK_TRAIN_DONE
  4.692                        MIPI_CAMERA_0/mipicsi2rxdecoderPF_C0_0/MSC_i_0/MSC_i_1/un1_diff_cnt[3]_1.un8_ISR_w:A (f)
               +     0.034          cell: ADLIB:CFG2
  4.726                        MIPI_CAMERA_0/mipicsi2rxdecoderPF_C0_0/MSC_i_0/MSC_i_1/un1_diff_cnt[3]_1.un8_ISR_w:Y (r)
               +     0.014          net: MIPI_CAMERA_0/mipicsi2rxdecoderPF_C0_0/MSC_i_0/MSC_i_1/un8_ISR_w
  4.740                        MIPI_CAMERA_0/mipicsi2rxdecoderPF_C0_0/MSC_i_0/MSC_i_1/interrupt_event_dly[0][3]:D (r)
                                    
  4.740                        data arrival time
  ________________________________________________________
  Data required time calculation
  8.000                        CLOCKS_AND_RESETS_0/CCC_FIC_x_CLK/PF_CCC_C0_0/pll_inst_0/OUT0
               +     0.000          Clock source
  8.000                        CLOCKS_AND_RESETS_0/CCC_FIC_x_CLK/PF_CCC_C0_0/pll_inst_0:OUT0 (r)
               +     2.591          Clock generation
  10.591                       
               +     1.184          net: CLOCKS_AND_RESETS_0/CCC_FIC_x_CLK/PF_CCC_C0_0/pll_inst_0_clkint_0
  11.775                       CLOCKS_AND_RESETS_0/CCC_FIC_x_CLK/PF_CCC_C0_0/clkint_0_1:A (r)
               +     0.089          cell: ADLIB:ICB_CLKINT
  11.864                       CLOCKS_AND_RESETS_0/CCC_FIC_x_CLK/PF_CCC_C0_0/clkint_0_1:Y (r)
               +     0.243          net: CLOCKS_AND_RESETS_0/CCC_FIC_x_CLK/PF_CCC_C0_0/clkint_0_NET
  12.107                       CLOCKS_AND_RESETS_0/CCC_FIC_x_CLK/PF_CCC_C0_0/clkint_0:A (r)
               +     0.111          cell: ADLIB:GB
  12.218                       CLOCKS_AND_RESETS_0/CCC_FIC_x_CLK/PF_CCC_C0_0/clkint_0:Y (r)
               +     0.256          net: CLOCKS_AND_RESETS_0/CCC_FIC_x_CLK/PF_CCC_C0_0/clkint_0/U0_Y
  12.474                       CLOCKS_AND_RESETS_0/CCC_FIC_x_CLK/PF_CCC_C0_0/clkint_0/U0_RGB1_RGB11:A (r)
               +     0.038          cell: ADLIB:RGB
  12.512                       CLOCKS_AND_RESETS_0/CCC_FIC_x_CLK/PF_CCC_C0_0/clkint_0/U0_RGB1_RGB11:Y (f)
               +     0.265          net: CLOCKS_AND_RESETS_0/CCC_FIC_x_CLK/PF_CCC_C0_0/clkint_0/U0_RGB1_RGB11_rgb_net_1
  12.777                       MIPI_CAMERA_0/mipicsi2rxdecoderPF_C0_0/MSC_i_0/MSC_i_1/interrupt_event_dly[0][3]:CLK (r)
               -     0.135          
  12.642                       clock jitter
               -     0.000          Library setup time: ADLIB:SLE
  12.642                       MIPI_CAMERA_0/mipicsi2rxdecoderPF_C0_0/MSC_i_0/MSC_i_1/interrupt_event_dly[0][3]:D
                                    
  12.642                       data required time


Operating Conditions : fast_hv_lt

END SET MIPI_CAMERA_0/PF_IOD_GENERIC_RX_C0_0/PF_CLK_DIV_FIFO/I_CDD/Y_DIV to CLOCKS_AND_RESETS_0/CCC_FIC_x_CLK/PF_CCC_C0_0/pll_inst_0/OUT0

----------------------------------------------------

Clock Domain CLOCKS_AND_RESETS_0/CCC_FIC_x_CLK/PF_CCC_C0_0/pll_inst_0/OUT1

SET Register to Register

Path 1
  From: MIPI_CAMERA_0/VDMA_C0_0/VDMA_C0_0/dma_top_0/vdma_write_0/ddr_write_vdma/async_fifo_vdma_0/rwptr2[4]:CLK
  To:   MIPI_CAMERA_0/VDMA_C0_0/VDMA_C0_0/dma_top_0/vdma_write_0/ddr_write_vdma/async_fifo_vdma_0/rdata_count[3]:D
  Delay (ns):              3.908
  Slack (ns):              3.915
  Arrival (ns):            9.964
  Required (ns):          13.879
  Setup (ns):              0.000
  Minimum Period (ns):     3.950
  Operating Conditions: slow_lv_ht

Path 2
  From: MIPI_CAMERA_0/VDMA_C0_0/VDMA_C0_0/dma_top_0/vdma_write_0/ddr_write_vdma/async_fifo_vdma_0/rwptr2[1]:CLK
  To:   MIPI_CAMERA_0/VDMA_C0_0/VDMA_C0_0/dma_top_0/vdma_write_0/ddr_write_vdma/async_fifo_vdma_0/rdata_count[4]:D
  Delay (ns):              3.898
  Slack (ns):              3.925
  Arrival (ns):            9.954
  Required (ns):          13.879
  Setup (ns):              0.000
  Minimum Period (ns):     3.940
  Operating Conditions: slow_lv_ht

Path 3
  From: MIPI_CAMERA_0/VDMA_C0_0/VDMA_C0_0/dma_top_0/vdma_write_0/ddr_write_vdma/async_fifo_vdma_0/rwptr2[2]:CLK
  To:   MIPI_CAMERA_0/VDMA_C0_0/VDMA_C0_0/dma_top_0/vdma_write_0/ddr_write_vdma/async_fifo_vdma_0/rdata_count[3]:D
  Delay (ns):              3.878
  Slack (ns):              3.945
  Arrival (ns):            9.934
  Required (ns):          13.879
  Setup (ns):              0.000
  Minimum Period (ns):     3.920
  Operating Conditions: slow_lv_ht

Path 4
  From: MSS_WRAPPER_0/MPFS_DISCOVERY_KIT_MSS_0/I_MSS:FIC_1_ACLK
  To:   MIPI_CAMERA_0/VDMA_C0_0/VDMA_C0_0/ddr_axi4_arbiter_vdma_0/genblk1.ddr_axi4_arbiter_native_vdma_0/ddr_rw_arbiter_vdma_0/wr_len_fifo_ren:EN
  Delay (ns):              3.418
  Slack (ns):              3.947
  Arrival (ns):            9.474
  Required (ns):          13.421
  Setup (ns):              0.127
  Minimum Period (ns):     3.918
  Operating Conditions: slow_lv_lt

Path 5
  From: MIPI_CAMERA_0/VDMA_C0_0/VDMA_C0_0/dma_top_0/vdma_write_0/ddr_write_vdma/async_fifo_vdma_0/rwptr2[3]:CLK
  To:   MIPI_CAMERA_0/VDMA_C0_0/VDMA_C0_0/dma_top_0/vdma_write_0/ddr_write_vdma/async_fifo_vdma_0/rdata_count[4]:D
  Delay (ns):              3.856
  Slack (ns):              3.967
  Arrival (ns):            9.912
  Required (ns):          13.879
  Setup (ns):              0.000
  Minimum Period (ns):     3.898
  Operating Conditions: slow_lv_ht


Expanded Path 1
  From: MIPI_CAMERA_0/VDMA_C0_0/VDMA_C0_0/dma_top_0/vdma_write_0/ddr_write_vdma/async_fifo_vdma_0/rwptr2[4]:CLK
  To: MIPI_CAMERA_0/VDMA_C0_0/VDMA_C0_0/dma_top_0/vdma_write_0/ddr_write_vdma/async_fifo_vdma_0/rdata_count[3]:D
  data required time                                 13.879
  data arrival time                          -        9.964
  slack                                               3.915
  ________________________________________________________
  Data arrival time calculation
  0.000                        CLOCKS_AND_RESETS_0/CCC_FIC_x_CLK/PF_CCC_C0_0/pll_inst_0/OUT1
               +     0.000          Clock source
  0.000                        CLOCKS_AND_RESETS_0/CCC_FIC_x_CLK/PF_CCC_C0_0/pll_inst_0:OUT1 (r)
               +     4.311          Clock generation
  4.311                        
               +     0.256          net: CLOCKS_AND_RESETS_0/CCC_FIC_x_CLK/PF_CCC_C0_0/pll_inst_0_clkint_4
  4.567                        CLOCKS_AND_RESETS_0/CCC_FIC_x_CLK/PF_CCC_C0_0/clkint_4_1:A (r)
               +     0.234          cell: ADLIB:ICB_CLKINT
  4.801                        CLOCKS_AND_RESETS_0/CCC_FIC_x_CLK/PF_CCC_C0_0/clkint_4_1:Y (r)
               +     0.144          net: CLOCKS_AND_RESETS_0/CCC_FIC_x_CLK/PF_CCC_C0_0/clkint_4_NET
  4.945                        CLOCKS_AND_RESETS_0/CCC_FIC_x_CLK/PF_CCC_C0_0/clkint_4:A (r)
               +     0.162          cell: ADLIB:GB
  5.107                        CLOCKS_AND_RESETS_0/CCC_FIC_x_CLK/PF_CCC_C0_0/clkint_4:Y (r)
               +     0.413          net: CLOCKS_AND_RESETS_0/CCC_FIC_x_CLK/PF_CCC_C0_0/clkint_4/U0_Y
  5.520                        CLOCKS_AND_RESETS_0/CCC_FIC_x_CLK/PF_CCC_C0_0/clkint_4/U0_RGB1_RGB0:A (r)
               +     0.058          cell: ADLIB:RGB
  5.578                        CLOCKS_AND_RESETS_0/CCC_FIC_x_CLK/PF_CCC_C0_0/clkint_4/U0_RGB1_RGB0:Y (f)
               +     0.478          net: CLOCKS_AND_RESETS_0/CCC_FIC_x_CLK/PF_CCC_C0_0/clkint_4/U0_RGB1_RGB0_rgb_net_1
  6.056                        MIPI_CAMERA_0/VDMA_C0_0/VDMA_C0_0/dma_top_0/vdma_write_0/ddr_write_vdma/async_fifo_vdma_0/rwptr2[4]:CLK (r)
               +     0.201          cell: ADLIB:SLE
  6.257                        MIPI_CAMERA_0/VDMA_C0_0/VDMA_C0_0/dma_top_0/vdma_write_0/ddr_write_vdma/async_fifo_vdma_0/rwptr2[4]:Q (r)
               +     0.486          net: MIPI_CAMERA_0/VDMA_C0_0/VDMA_C0_0/dma_top_0/vdma_write_0/ddr_write_vdma/async_fifo_vdma_0/rwptr2_Z[4]
  6.743                        MIPI_CAMERA_0/VDMA_C0_0/VDMA_C0_0/dma_top_0/vdma_write_0/ddr_write_vdma/async_fifo_vdma_0/un27_rdata_count_v_i_o3[2]:C (r)
               +     0.135          cell: ADLIB:CFG3
  6.878                        MIPI_CAMERA_0/VDMA_C0_0/VDMA_C0_0/dma_top_0/vdma_write_0/ddr_write_vdma/async_fifo_vdma_0/un27_rdata_count_v_i_o3[2]:Y (r)
               +     0.639          net: MIPI_CAMERA_0/VDMA_C0_0/VDMA_C0_0/dma_top_0/vdma_write_0/ddr_write_vdma/async_fifo_vdma_0/rwbin_21_0_0_0[2]
  7.517                        MIPI_CAMERA_0/VDMA_C0_0/VDMA_C0_0/dma_top_0/vdma_write_0/ddr_write_vdma/async_fifo_vdma_0/un27_rdata_count_11_cry_0:B (r)
               +     0.094          cell: ADLIB:ARI1_CC
  7.611                        MIPI_CAMERA_0/VDMA_C0_0/VDMA_C0_0/dma_top_0/vdma_write_0/ddr_write_vdma/async_fifo_vdma_0/un27_rdata_count_11_cry_0:P (f)
               +     0.014          net: NET_CC_CONFIG8854
  7.625                        MIPI_CAMERA_0/VDMA_C0_0/VDMA_C0_0/dma_top_0/vdma_write_0/ddr_write_vdma/async_fifo_vdma_0/un27_rdata_count_11_cry_0_CC_0:P[0] (f)
               +     0.304          cell: ADLIB:CC_CONFIG
  7.929                        MIPI_CAMERA_0/VDMA_C0_0/VDMA_C0_0/dma_top_0/vdma_write_0/ddr_write_vdma/async_fifo_vdma_0/un27_rdata_count_11_cry_0_CC_0:CC[3] (r)
               +     0.000          net: NET_CC_CONFIG8869
  7.929                        MIPI_CAMERA_0/VDMA_C0_0/VDMA_C0_0/dma_top_0/vdma_write_0/ddr_write_vdma/async_fifo_vdma_0/un27_rdata_count_11_cry_3:CC (r)
               +     0.063          cell: ADLIB:ARI1_CC
  7.992                        MIPI_CAMERA_0/VDMA_C0_0/VDMA_C0_0/dma_top_0/vdma_write_0/ddr_write_vdma/async_fifo_vdma_0/un27_rdata_count_11_cry_3:S (r)
               +     0.473          net: MIPI_CAMERA_0/VDMA_C0_0/VDMA_C0_0/dma_top_0/vdma_write_0/ddr_write_vdma/async_fifo_vdma_0/un27_rdata_count1101[3]
  8.465                        MIPI_CAMERA_0/VDMA_C0_0/VDMA_C0_0/dma_top_0/vdma_write_0/ddr_write_vdma/async_fifo_vdma_0/un27_rdata_count_1_m_0_1_0_wmux[3]:D (r)
               +     0.171          cell: ADLIB:CFG4A
  8.636                        MIPI_CAMERA_0/VDMA_C0_0/VDMA_C0_0/dma_top_0/vdma_write_0/ddr_write_vdma/async_fifo_vdma_0/un27_rdata_count_1_m_0_1_0_wmux[3]:Y (r)
               +     0.076          net: MIPI_CAMERA_0/VDMA_C0_0/VDMA_C0_0/dma_top_0/vdma_write_0/ddr_write_vdma/async_fifo_vdma_0/un27_rdata_count_1_m_0_1_0_y0[3]
  8.712                        MIPI_CAMERA_0/VDMA_C0_0/VDMA_C0_0/dma_top_0/vdma_write_0/ddr_write_vdma/async_fifo_vdma_0/un27_rdata_count_1_m_0_1_wmux_0[3]:A (r)
               +     0.078          cell: ADLIB:CFG4A
  8.790                        MIPI_CAMERA_0/VDMA_C0_0/VDMA_C0_0/dma_top_0/vdma_write_0/ddr_write_vdma/async_fifo_vdma_0/un27_rdata_count_1_m_0_1_wmux_0[3]:Y (r)
               +     0.097          net: MIPI_CAMERA_0/VDMA_C0_0/VDMA_C0_0/dma_top_0/vdma_write_0/ddr_write_vdma/async_fifo_vdma_0/un27_rdata_count11[3]
  8.887                        MIPI_CAMERA_0/VDMA_C0_0/VDMA_C0_0/dma_top_0/vdma_write_0/ddr_write_vdma/async_fifo_vdma_0/rdata_count_7_0[3]:C (r)
               +     0.135          cell: ADLIB:CFG3
  9.022                        MIPI_CAMERA_0/VDMA_C0_0/VDMA_C0_0/dma_top_0/vdma_write_0/ddr_write_vdma/async_fifo_vdma_0/rdata_count_7_0[3]:Y (r)
               +     0.866          net: MIPI_CAMERA_0/VDMA_C0_0/VDMA_C0_0/dma_top_0/vdma_write_0/ddr_write_vdma/async_fifo_vdma_0/N_262
  9.888                        MIPI_CAMERA_0/VDMA_C0_0/VDMA_C0_0/dma_top_0/vdma_write_0/ddr_write_vdma/async_fifo_vdma_0/rdata_count_7[3]:B (r)
               +     0.053          cell: ADLIB:CFG4
  9.941                        MIPI_CAMERA_0/VDMA_C0_0/VDMA_C0_0/dma_top_0/vdma_write_0/ddr_write_vdma/async_fifo_vdma_0/rdata_count_7[3]:Y (r)
               +     0.023          net: MIPI_CAMERA_0/VDMA_C0_0/VDMA_C0_0/dma_top_0/vdma_write_0/ddr_write_vdma/async_fifo_vdma_0/rdata_count_7_Z[3]
  9.964                        MIPI_CAMERA_0/VDMA_C0_0/VDMA_C0_0/dma_top_0/vdma_write_0/ddr_write_vdma/async_fifo_vdma_0/rdata_count[3]:D (r)
                                    
  9.964                        data arrival time
  ________________________________________________________
  Data required time calculation
  8.000                        CLOCKS_AND_RESETS_0/CCC_FIC_x_CLK/PF_CCC_C0_0/pll_inst_0/OUT1
               +     0.000          Clock source
  8.000                        CLOCKS_AND_RESETS_0/CCC_FIC_x_CLK/PF_CCC_C0_0/pll_inst_0:OUT1 (r)
               +     3.892          Clock generation
  11.892                       
               +     0.233          net: CLOCKS_AND_RESETS_0/CCC_FIC_x_CLK/PF_CCC_C0_0/pll_inst_0_clkint_4
  12.125                       CLOCKS_AND_RESETS_0/CCC_FIC_x_CLK/PF_CCC_C0_0/clkint_4_1:A (r)
               +     0.203          cell: ADLIB:ICB_CLKINT
  12.328                       CLOCKS_AND_RESETS_0/CCC_FIC_x_CLK/PF_CCC_C0_0/clkint_4_1:Y (r)
               +     0.132          net: CLOCKS_AND_RESETS_0/CCC_FIC_x_CLK/PF_CCC_C0_0/clkint_4_NET
  12.460                       CLOCKS_AND_RESETS_0/CCC_FIC_x_CLK/PF_CCC_C0_0/clkint_4:A (r)
               +     0.147          cell: ADLIB:GB
  12.607                       CLOCKS_AND_RESETS_0/CCC_FIC_x_CLK/PF_CCC_C0_0/clkint_4:Y (r)
               +     0.374          net: CLOCKS_AND_RESETS_0/CCC_FIC_x_CLK/PF_CCC_C0_0/clkint_4/U0_Y
  12.981                       CLOCKS_AND_RESETS_0/CCC_FIC_x_CLK/PF_CCC_C0_0/clkint_4/U0_RGB1_RGB0:A (r)
               +     0.052          cell: ADLIB:RGB
  13.033                       CLOCKS_AND_RESETS_0/CCC_FIC_x_CLK/PF_CCC_C0_0/clkint_4/U0_RGB1_RGB0:Y (f)
               +     0.414          net: CLOCKS_AND_RESETS_0/CCC_FIC_x_CLK/PF_CCC_C0_0/clkint_4/U0_RGB1_RGB0_rgb_net_1
  13.447                       MIPI_CAMERA_0/VDMA_C0_0/VDMA_C0_0/dma_top_0/vdma_write_0/ddr_write_vdma/async_fifo_vdma_0/rdata_count[3]:CLK (r)
               +     0.567          
  14.014                       clock reconvergence pessimism
               -     0.135          
  13.879                       clock jitter
               -     0.000          Library setup time: ADLIB:SLE
  13.879                       MIPI_CAMERA_0/VDMA_C0_0/VDMA_C0_0/dma_top_0/vdma_write_0/ddr_write_vdma/async_fifo_vdma_0/rdata_count[3]:D
                                    
  13.879                       data required time


Operating Conditions : slow_lv_ht

END SET Register to Register

----------------------------------------------------

SET External Setup

No Path 

END SET External Setup

----------------------------------------------------

SET Clock to Output

No Path 

END SET Clock to Output

----------------------------------------------------

SET Register to Asynchronous

Path 1
  From: MIPI_CAMERA_0/VDMA_C0_0/VDMA_C0_0/dma_top_0/vdma_ip_reset_0/synchronizer_circuit_2stage_ddr_clk/sync_out_o:CLK
  To:   MIPI_CAMERA_0/VDMA_C0_0/VDMA_C0_0/dma_top_0/vdma_write_0/ddr_write_vdma/ddr_write_controller_vdma_0/s_eof_sync_reg_9[0]:ALn
  Delay (ns):              1.509
  Slack (ns):              6.030
  Arrival (ns):            7.563
  Required (ns):          13.593
  Recovery (ns):           0.209
  Minimum Period (ns):     1.835
  Skew (ns):               0.117
  Operating Conditions: slow_lv_ht

Path 2
  From: MIPI_CAMERA_0/VDMA_C0_0/VDMA_C0_0/dma_top_0/vdma_ip_reset_0/synchronizer_circuit_2stage_ddr_clk/sync_out_o:CLK
  To:   MIPI_CAMERA_0/VDMA_C0_0/VDMA_C0_0/dma_top_0/vdma_write_0/ddr_write_vdma/ddr_write_controller_vdma_0/s_eof_sync_reg[5]:ALn
  Delay (ns):              1.509
  Slack (ns):              6.030
  Arrival (ns):            7.563
  Required (ns):          13.593
  Recovery (ns):           0.209
  Minimum Period (ns):     1.835
  Skew (ns):               0.117
  Operating Conditions: slow_lv_ht

Path 3
  From: MIPI_CAMERA_0/VDMA_C0_0/VDMA_C0_0/dma_top_0/vdma_ip_reset_0/synchronizer_circuit_2stage_ddr_clk/sync_out_o:CLK
  To:   MIPI_CAMERA_0/VDMA_C0_0/VDMA_C0_0/dma_top_0/vdma_write_0/ddr_write_vdma/ddr_write_controller_vdma_0/s_clr_eof_cnt[1]:ALn
  Delay (ns):              1.509
  Slack (ns):              6.030
  Arrival (ns):            7.563
  Required (ns):          13.593
  Recovery (ns):           0.209
  Minimum Period (ns):     1.835
  Skew (ns):               0.117
  Operating Conditions: slow_lv_ht

Path 4
  From: MIPI_CAMERA_0/VDMA_C0_0/VDMA_C0_0/dma_top_0/vdma_ip_reset_0/synchronizer_circuit_2stage_ddr_clk/sync_out_o:CLK
  To:   MIPI_CAMERA_0/VDMA_C0_0/VDMA_C0_0/dma_top_0/vdma_write_0/ddr_write_vdma/ddr_write_controller_vdma_0/frame_size_fifo_wr:ALn
  Delay (ns):              1.509
  Slack (ns):              6.030
  Arrival (ns):            7.563
  Required (ns):          13.593
  Recovery (ns):           0.209
  Minimum Period (ns):     1.835
  Skew (ns):               0.117
  Operating Conditions: slow_lv_ht

Path 5
  From: MIPI_CAMERA_0/VDMA_C0_0/VDMA_C0_0/dma_top_0/vdma_ip_reset_0/synchronizer_circuit_2stage_ddr_clk/sync_out_o:CLK
  To:   MIPI_CAMERA_0/VDMA_C0_0/VDMA_C0_0/dma_top_0/vdma_write_0/ddr_write_vdma/ddr_write_controller_vdma_0/s_eof_sync_reg[4]:ALn
  Delay (ns):              1.508
  Slack (ns):              6.031
  Arrival (ns):            7.562
  Required (ns):          13.593
  Recovery (ns):           0.209
  Minimum Period (ns):     1.834
  Skew (ns):               0.117
  Operating Conditions: slow_lv_ht


Expanded Path 1
  From: MIPI_CAMERA_0/VDMA_C0_0/VDMA_C0_0/dma_top_0/vdma_ip_reset_0/synchronizer_circuit_2stage_ddr_clk/sync_out_o:CLK
  To: MIPI_CAMERA_0/VDMA_C0_0/VDMA_C0_0/dma_top_0/vdma_write_0/ddr_write_vdma/ddr_write_controller_vdma_0/s_eof_sync_reg_9[0]:ALn
  data required time                                 13.593
  data arrival time                          -        7.563
  slack                                               6.030
  ________________________________________________________
  Data arrival time calculation
  0.000                        CLOCKS_AND_RESETS_0/CCC_FIC_x_CLK/PF_CCC_C0_0/pll_inst_0/OUT1
               +     0.000          Clock source
  0.000                        CLOCKS_AND_RESETS_0/CCC_FIC_x_CLK/PF_CCC_C0_0/pll_inst_0:OUT1 (r)
               +     4.311          Clock generation
  4.311                        
               +     0.256          net: CLOCKS_AND_RESETS_0/CCC_FIC_x_CLK/PF_CCC_C0_0/pll_inst_0_clkint_4
  4.567                        CLOCKS_AND_RESETS_0/CCC_FIC_x_CLK/PF_CCC_C0_0/clkint_4_1:A (r)
               +     0.234          cell: ADLIB:ICB_CLKINT
  4.801                        CLOCKS_AND_RESETS_0/CCC_FIC_x_CLK/PF_CCC_C0_0/clkint_4_1:Y (r)
               +     0.144          net: CLOCKS_AND_RESETS_0/CCC_FIC_x_CLK/PF_CCC_C0_0/clkint_4_NET
  4.945                        CLOCKS_AND_RESETS_0/CCC_FIC_x_CLK/PF_CCC_C0_0/clkint_4:A (r)
               +     0.162          cell: ADLIB:GB
  5.107                        CLOCKS_AND_RESETS_0/CCC_FIC_x_CLK/PF_CCC_C0_0/clkint_4:Y (r)
               +     0.415          net: CLOCKS_AND_RESETS_0/CCC_FIC_x_CLK/PF_CCC_C0_0/clkint_4/U0_Y
  5.522                        CLOCKS_AND_RESETS_0/CCC_FIC_x_CLK/PF_CCC_C0_0/clkint_4/U0_RGB1:A (r)
               +     0.058          cell: ADLIB:RGB
  5.580                        CLOCKS_AND_RESETS_0/CCC_FIC_x_CLK/PF_CCC_C0_0/clkint_4/U0_RGB1:Y (f)
               +     0.474          net: CLOCKS_AND_RESETS_0_FIC_1_CLK
  6.054                        MIPI_CAMERA_0/VDMA_C0_0/VDMA_C0_0/dma_top_0/vdma_ip_reset_0/synchronizer_circuit_2stage_ddr_clk/sync_out_o:CLK (r)
               +     0.201          cell: ADLIB:SLE
  6.255                        MIPI_CAMERA_0/VDMA_C0_0/VDMA_C0_0/dma_top_0/vdma_ip_reset_0/synchronizer_circuit_2stage_ddr_clk/sync_out_o:Q (r)
               +     1.308          net: MIPI_CAMERA_0/VDMA_C0_0/VDMA_C0_0/dma_top_0/sync_out_o_1
  7.563                        MIPI_CAMERA_0/VDMA_C0_0/VDMA_C0_0/dma_top_0/vdma_write_0/ddr_write_vdma/ddr_write_controller_vdma_0/s_eof_sync_reg_9[0]:ALn (r)
                                    
  7.563                        data arrival time
  ________________________________________________________
  Data required time calculation
  8.000                        CLOCKS_AND_RESETS_0/CCC_FIC_x_CLK/PF_CCC_C0_0/pll_inst_0/OUT1
               +     0.000          Clock source
  8.000                        CLOCKS_AND_RESETS_0/CCC_FIC_x_CLK/PF_CCC_C0_0/pll_inst_0:OUT1 (r)
               +     3.892          Clock generation
  11.892                       
               +     0.233          net: CLOCKS_AND_RESETS_0/CCC_FIC_x_CLK/PF_CCC_C0_0/pll_inst_0_clkint_4
  12.125                       CLOCKS_AND_RESETS_0/CCC_FIC_x_CLK/PF_CCC_C0_0/clkint_4_1:A (r)
               +     0.203          cell: ADLIB:ICB_CLKINT
  12.328                       CLOCKS_AND_RESETS_0/CCC_FIC_x_CLK/PF_CCC_C0_0/clkint_4_1:Y (r)
               +     0.132          net: CLOCKS_AND_RESETS_0/CCC_FIC_x_CLK/PF_CCC_C0_0/clkint_4_NET
  12.460                       CLOCKS_AND_RESETS_0/CCC_FIC_x_CLK/PF_CCC_C0_0/clkint_4:A (r)
               +     0.147          cell: ADLIB:GB
  12.607                       CLOCKS_AND_RESETS_0/CCC_FIC_x_CLK/PF_CCC_C0_0/clkint_4:Y (r)
               +     0.374          net: CLOCKS_AND_RESETS_0/CCC_FIC_x_CLK/PF_CCC_C0_0/clkint_4/U0_Y
  12.981                       CLOCKS_AND_RESETS_0/CCC_FIC_x_CLK/PF_CCC_C0_0/clkint_4/U0_RGB1_RGB0:A (r)
               +     0.052          cell: ADLIB:RGB
  13.033                       CLOCKS_AND_RESETS_0/CCC_FIC_x_CLK/PF_CCC_C0_0/clkint_4/U0_RGB1_RGB0:Y (f)
               +     0.401          net: CLOCKS_AND_RESETS_0/CCC_FIC_x_CLK/PF_CCC_C0_0/clkint_4/U0_RGB1_RGB0_rgb_net_1
  13.434                       MIPI_CAMERA_0/VDMA_C0_0/VDMA_C0_0/dma_top_0/vdma_write_0/ddr_write_vdma/ddr_write_controller_vdma_0/s_eof_sync_reg_9[0]:CLK (r)
               +     0.503          
  13.937                       clock reconvergence pessimism
               -     0.135          
  13.802                       clock jitter
               -     0.209          Library recovery time: ADLIB:SLE
  13.593                       MIPI_CAMERA_0/VDMA_C0_0/VDMA_C0_0/dma_top_0/vdma_write_0/ddr_write_vdma/ddr_write_controller_vdma_0/s_eof_sync_reg_9[0]:ALn
                                    
  13.593                       data required time


Operating Conditions : slow_lv_ht

END SET Register to Asynchronous

----------------------------------------------------

SET External Recovery

No Path 

END SET External Recovery

----------------------------------------------------

SET Asynchronous to Register

No Path 

END SET Asynchronous to Register

----------------------------------------------------

SET CLOCKS_AND_RESETS_0/CCC_FIC_x_CLK/PF_CCC_C0_0/pll_inst_0/OUT0 to CLOCKS_AND_RESETS_0/CCC_FIC_x_CLK/PF_CCC_C0_0/pll_inst_0/OUT1

Path 1
  From: CLOCKS_AND_RESETS_0/RESET_FIC_0_CLK/CORERESET_0/dff_15[0]:CLK
  To:   MIPI_CAMERA_0/VDMA_C0_0/VDMA_C0_0/dma_top_0/vdma_write_0/ddr_write_vdma/ddr_write_controller_vdma_0/write_start_addr_o_1[28]:EN
  Delay (ns):              3.707
  Slack (ns):              2.287
  Arrival (ns):           11.302
  Required (ns):          13.589
  Setup (ns):              0.128
  Operating Conditions: slow_lv_ht

Path 2
  From: CLOCKS_AND_RESETS_0/RESET_FIC_0_CLK/CORERESET_0/dff_15[0]:CLK
  To:   MIPI_CAMERA_0/VDMA_C0_0/VDMA_C0_0/dma_top_0/vdma_write_0/ddr_write_vdma/ddr_write_controller_vdma_0/write_start_addr_o_1[27]:EN
  Delay (ns):              3.707
  Slack (ns):              2.287
  Arrival (ns):           11.302
  Required (ns):          13.589
  Setup (ns):              0.128
  Operating Conditions: slow_lv_ht

Path 3
  From: CLOCKS_AND_RESETS_0/RESET_FIC_0_CLK/CORERESET_0/dff_15[0]:CLK
  To:   MIPI_CAMERA_0/VDMA_C0_0/VDMA_C0_0/dma_top_0/vdma_write_0/ddr_write_vdma/ddr_write_controller_vdma_0/write_start_addr_o_1[14]:EN
  Delay (ns):              3.706
  Slack (ns):              2.287
  Arrival (ns):           11.301
  Required (ns):          13.588
  Setup (ns):              0.128
  Operating Conditions: slow_lv_ht

Path 4
  From: CLOCKS_AND_RESETS_0/RESET_FIC_0_CLK/CORERESET_0/dff_15[0]:CLK
  To:   MIPI_CAMERA_0/VDMA_C0_0/VDMA_C0_0/dma_top_0/vdma_write_0/ddr_write_vdma/ddr_write_controller_vdma_0/write_start_addr_o_1[12]:EN
  Delay (ns):              3.706
  Slack (ns):              2.287
  Arrival (ns):           11.301
  Required (ns):          13.588
  Setup (ns):              0.128
  Operating Conditions: slow_lv_ht

Path 5
  From: CLOCKS_AND_RESETS_0/RESET_FIC_0_CLK/CORERESET_0/dff_15[0]:CLK
  To:   MIPI_CAMERA_0/VDMA_C0_0/VDMA_C0_0/dma_top_0/vdma_write_0/ddr_write_vdma/ddr_write_controller_vdma_0/write_start_addr_o_1[10]:EN
  Delay (ns):              3.706
  Slack (ns):              2.287
  Arrival (ns):           11.301
  Required (ns):          13.588
  Setup (ns):              0.128
  Operating Conditions: slow_lv_ht


Expanded Path 1
  From: CLOCKS_AND_RESETS_0/RESET_FIC_0_CLK/CORERESET_0/dff_15[0]:CLK
  To: MIPI_CAMERA_0/VDMA_C0_0/VDMA_C0_0/dma_top_0/vdma_write_0/ddr_write_vdma/ddr_write_controller_vdma_0/write_start_addr_o_1[28]:EN
  data required time                                 13.589
  data arrival time                          -       11.302
  slack                                               2.287
  ________________________________________________________
  Data arrival time calculation
  0.000                        CLOCKS_AND_RESETS_0/CCC_FIC_x_CLK/PF_CCC_C0_0/pll_inst_0/OUT0
               +     0.000          Clock source
  0.000                        CLOCKS_AND_RESETS_0/CCC_FIC_x_CLK/PF_CCC_C0_0/pll_inst_0:OUT0 (r)
               +     4.312          Clock generation
  4.312                        
               +     1.709          net: CLOCKS_AND_RESETS_0/CCC_FIC_x_CLK/PF_CCC_C0_0/pll_inst_0_clkint_0
  6.021                        CLOCKS_AND_RESETS_0/CCC_FIC_x_CLK/PF_CCC_C0_0/clkint_0_1:A (r)
               +     0.150          cell: ADLIB:ICB_CLKINT
  6.171                        CLOCKS_AND_RESETS_0/CCC_FIC_x_CLK/PF_CCC_C0_0/clkint_0_1:Y (r)
               +     0.386          net: CLOCKS_AND_RESETS_0/CCC_FIC_x_CLK/PF_CCC_C0_0/clkint_0_NET
  6.557                        CLOCKS_AND_RESETS_0/CCC_FIC_x_CLK/PF_CCC_C0_0/clkint_0:A (r)
               +     0.161          cell: ADLIB:GB
  6.718                        CLOCKS_AND_RESETS_0/CCC_FIC_x_CLK/PF_CCC_C0_0/clkint_0:Y (r)
               +     0.387          net: CLOCKS_AND_RESETS_0/CCC_FIC_x_CLK/PF_CCC_C0_0/clkint_0/U0_Y
  7.105                        CLOCKS_AND_RESETS_0/CCC_FIC_x_CLK/PF_CCC_C0_0/clkint_0/U0_RGB1_RGB20:A (r)
               +     0.058          cell: ADLIB:RGB
  7.163                        CLOCKS_AND_RESETS_0/CCC_FIC_x_CLK/PF_CCC_C0_0/clkint_0/U0_RGB1_RGB20:Y (f)
               +     0.432          net: CLOCKS_AND_RESETS_0/CCC_FIC_x_CLK/PF_CCC_C0_0/clkint_0/U0_RGB1_RGB20_rgb_net_1
  7.595                        CLOCKS_AND_RESETS_0/RESET_FIC_0_CLK/CORERESET_0/dff_15[0]:CLK (r)
               +     0.201          cell: ADLIB:SLE
  7.796                        CLOCKS_AND_RESETS_0/RESET_FIC_0_CLK/CORERESET_0/dff_15[0]:Q (r)
               +     2.341          net: CLOCKS_AND_RESETS_0_RESET_FIC_0_CLK_CORERESET_0_dff
  10.137                       MIPI_CAMERA_0/VDMA_C0_0/VDMA_C0_0/ddr_axi4_arbiter_vdma_0/genblk1.ddr_axi4_arbiter_native_vdma_0/write_top_vdma_0/write_demux_vdma_0/w0_done_o:B (r)
               +     0.090          cell: ADLIB:CFG3
  10.227                       MIPI_CAMERA_0/VDMA_C0_0/VDMA_C0_0/ddr_axi4_arbiter_vdma_0/genblk1.ddr_axi4_arbiter_native_vdma_0/write_top_vdma_0/write_demux_vdma_0/w0_done_o:Y (r)
               +     0.549          net: MIPI_CAMERA_0/VDMA_C0_0/VDMA_C0_0/DDR_AXI4_ARBITER_PF_0_w0_done_o
  10.776                       MIPI_CAMERA_0/VDMA_C0_0/VDMA_C0_0/dma_top_0/vdma_write_0/ddr_write_vdma/ddr_write_controller_vdma_0/un1_s_clr_eof_reg_0_sqmuxa:C (r)
               +     0.053          cell: ADLIB:CFG4
  10.829                       MIPI_CAMERA_0/VDMA_C0_0/VDMA_C0_0/dma_top_0/vdma_write_0/ddr_write_vdma/ddr_write_controller_vdma_0/un1_s_clr_eof_reg_0_sqmuxa:Y (r)
               +     0.473          net: MIPI_CAMERA_0/VDMA_C0_0/VDMA_C0_0/dma_top_0/vdma_write_0/ddr_write_vdma/ddr_write_controller_vdma_0/un1_s_clr_eof_reg_0_sqmuxa_Z
  11.302                       MIPI_CAMERA_0/VDMA_C0_0/VDMA_C0_0/dma_top_0/vdma_write_0/ddr_write_vdma/ddr_write_controller_vdma_0/write_start_addr_o_1[28]:EN (r)
                                    
  11.302                       data arrival time
  ________________________________________________________
  Data required time calculation
  8.000                        CLOCKS_AND_RESETS_0/CCC_FIC_x_CLK/PF_CCC_C0_0/pll_inst_0/OUT1
               +     0.000          Clock source
  8.000                        CLOCKS_AND_RESETS_0/CCC_FIC_x_CLK/PF_CCC_C0_0/pll_inst_0:OUT1 (r)
               +     3.892          Clock generation
  11.892                       
               +     0.233          net: CLOCKS_AND_RESETS_0/CCC_FIC_x_CLK/PF_CCC_C0_0/pll_inst_0_clkint_4
  12.125                       CLOCKS_AND_RESETS_0/CCC_FIC_x_CLK/PF_CCC_C0_0/clkint_4_1:A (r)
               +     0.203          cell: ADLIB:ICB_CLKINT
  12.328                       CLOCKS_AND_RESETS_0/CCC_FIC_x_CLK/PF_CCC_C0_0/clkint_4_1:Y (r)
               +     0.132          net: CLOCKS_AND_RESETS_0/CCC_FIC_x_CLK/PF_CCC_C0_0/clkint_4_NET
  12.460                       CLOCKS_AND_RESETS_0/CCC_FIC_x_CLK/PF_CCC_C0_0/clkint_4:A (r)
               +     0.147          cell: ADLIB:GB
  12.607                       CLOCKS_AND_RESETS_0/CCC_FIC_x_CLK/PF_CCC_C0_0/clkint_4:Y (r)
               +     0.376          net: CLOCKS_AND_RESETS_0/CCC_FIC_x_CLK/PF_CCC_C0_0/clkint_4/U0_Y
  12.983                       CLOCKS_AND_RESETS_0/CCC_FIC_x_CLK/PF_CCC_C0_0/clkint_4/U0_RGB1:A (r)
               +     0.052          cell: ADLIB:RGB
  13.035                       CLOCKS_AND_RESETS_0/CCC_FIC_x_CLK/PF_CCC_C0_0/clkint_4/U0_RGB1:Y (f)
               +     0.412          net: CLOCKS_AND_RESETS_0_FIC_1_CLK
  13.447                       MIPI_CAMERA_0/VDMA_C0_0/VDMA_C0_0/dma_top_0/vdma_write_0/ddr_write_vdma/ddr_write_controller_vdma_0/write_start_addr_o_1[28]:CLK (r)
               +     0.405          
  13.852                       clock reconvergence pessimism
               -     0.135          
  13.717                       clock jitter
               -     0.128          Library setup time: ADLIB:SLE
  13.589                       MIPI_CAMERA_0/VDMA_C0_0/VDMA_C0_0/dma_top_0/vdma_write_0/ddr_write_vdma/ddr_write_controller_vdma_0/write_start_addr_o_1[28]:EN
                                    
  13.589                       data required time


Operating Conditions : slow_lv_ht

END SET CLOCKS_AND_RESETS_0/CCC_FIC_x_CLK/PF_CCC_C0_0/pll_inst_0/OUT0 to CLOCKS_AND_RESETS_0/CCC_FIC_x_CLK/PF_CCC_C0_0/pll_inst_0/OUT1

----------------------------------------------------

SET MIPI_CAMERA_0/PF_CCC_C1_0/PF_CCC_C1_0/pll_inst_0/OUT0 to CLOCKS_AND_RESETS_0/CCC_FIC_x_CLK/PF_CCC_C0_0/pll_inst_0/OUT1

Path 1
  From: MIPI_CAMERA_0/VDMA_C0_0/VDMA_C0_0/dma_top_0/vdma_write_0/buff_addr_fifo/RAM2PORT_ASYNC_FIFO_INST/ram_ram_0_0/INST_RAM1K20_IP:A_CLK
  To:   MIPI_CAMERA_0/VDMA_C0_0/VDMA_C0_0/dma_top_0/vdma_write_0/ddr_write_vdma/ddr_write_controller_vdma_0/write_start_addr_o_1[35]:D
  Delay (ns):              1.864
  Slack (ns):              0.221
  Arrival (ns):            9.091
  Required (ns):           9.312
  Setup (ns):              0.000
  Operating Conditions: slow_lv_ht

Path 2
  From: MIPI_CAMERA_0/VDMA_C0_0/VDMA_C0_0/dma_top_0/vdma_write_0/buff_addr_fifo/RAM2PORT_ASYNC_FIFO_INST/ram_ram_0_0/INST_RAM1K20_IP:A_CLK
  To:   MIPI_CAMERA_0/VDMA_C0_0/VDMA_C0_0/dma_top_0/vdma_write_0/ddr_write_vdma/ddr_write_controller_vdma_0/write_start_addr_o_1[37]:D
  Delay (ns):              1.861
  Slack (ns):              0.225
  Arrival (ns):            9.088
  Required (ns):           9.313
  Setup (ns):              0.000
  Operating Conditions: slow_lv_ht

Path 3
  From: MIPI_CAMERA_0/VDMA_C0_0/VDMA_C0_0/dma_top_0/vdma_write_0/buff_addr_fifo/RAM2PORT_ASYNC_FIFO_INST/ram_ram_0_0/INST_RAM1K20_IP:A_CLK
  To:   MIPI_CAMERA_0/VDMA_C0_0/VDMA_C0_0/dma_top_0/vdma_write_0/ddr_write_vdma/ddr_write_controller_vdma_0/write_start_addr_o_1[34]:D
  Delay (ns):              1.831
  Slack (ns):              0.254
  Arrival (ns):            9.058
  Required (ns):           9.312
  Setup (ns):              0.000
  Operating Conditions: slow_lv_ht

Path 4
  From: MIPI_CAMERA_0/VDMA_C0_0/VDMA_C0_0/dma_top_0/vdma_write_0/buff_addr_fifo/RAM2PORT_ASYNC_FIFO_INST/ram_ram_0_0/INST_RAM1K20_IP:A_CLK
  To:   MIPI_CAMERA_0/VDMA_C0_0/VDMA_C0_0/dma_top_0/vdma_write_0/ddr_write_vdma/ddr_write_controller_vdma_0/write_start_addr_o_1[32]:D
  Delay (ns):              1.831
  Slack (ns):              0.254
  Arrival (ns):            9.058
  Required (ns):           9.312
  Setup (ns):              0.000
  Operating Conditions: slow_lv_ht

Path 5
  From: MIPI_CAMERA_0/VDMA_C0_0/VDMA_C0_0/dma_top_0/vdma_write_0/buff_addr_fifo/RAM2PORT_ASYNC_FIFO_INST/ram_ram_0_0/INST_RAM1K20_IP:A_CLK
  To:   MIPI_CAMERA_0/VDMA_C0_0/VDMA_C0_0/dma_top_0/vdma_write_0/ddr_write_vdma/ddr_write_controller_vdma_0/write_start_addr_o_1[36]:D
  Delay (ns):              1.809
  Slack (ns):              0.277
  Arrival (ns):            9.036
  Required (ns):           9.313
  Setup (ns):              0.000
  Operating Conditions: slow_lv_ht


Expanded Path 1
  From: MIPI_CAMERA_0/VDMA_C0_0/VDMA_C0_0/dma_top_0/vdma_write_0/buff_addr_fifo/RAM2PORT_ASYNC_FIFO_INST/ram_ram_0_0/INST_RAM1K20_IP:A_CLK
  To: MIPI_CAMERA_0/VDMA_C0_0/VDMA_C0_0/dma_top_0/vdma_write_0/ddr_write_vdma/ddr_write_controller_vdma_0/write_start_addr_o_1[35]:D
  data required time                                  9.312
  data arrival time                          -        9.091
  slack                                               0.221
  ________________________________________________________
  Data arrival time calculation
  0.000                        MIPI_CAMERA_0/PF_CCC_C1_0/PF_CCC_C1_0/pll_inst_0/OUT0
               +     0.000          Clock source
  0.000                        MIPI_CAMERA_0/PF_CCC_C1_0/PF_CCC_C1_0/pll_inst_0:OUT0 (r)
               +     5.275          Clock generation
  5.275                        
               +     0.281          net: MIPI_CAMERA_0/PF_CCC_C1_0/PF_CCC_C1_0/pll_inst_0_clkint_0
  5.556                        MIPI_CAMERA_0/PF_CCC_C1_0/PF_CCC_C1_0/clkint_0_1:A (r)
               +     0.243          cell: ADLIB:ICB_CLKINT
  5.799                        MIPI_CAMERA_0/PF_CCC_C1_0/PF_CCC_C1_0/clkint_0_1:Y (r)
               +     0.150          net: MIPI_CAMERA_0/PF_CCC_C1_0/PF_CCC_C1_0/clkint_0_NET
  5.949                        MIPI_CAMERA_0/PF_CCC_C1_0/PF_CCC_C1_0/clkint_0:A (r)
               +     0.164          cell: ADLIB:GB
  6.113                        MIPI_CAMERA_0/PF_CCC_C1_0/PF_CCC_C1_0/clkint_0:Y (r)
               +     0.419          net: MIPI_CAMERA_0/PF_CCC_C1_0/PF_CCC_C1_0/clkint_0/U0_Y
  6.532                        MIPI_CAMERA_0/PF_CCC_C1_0/PF_CCC_C1_0/clkint_0/U0_RGB1:A (r)
               +     0.058          cell: ADLIB:RGB
  6.590                        MIPI_CAMERA_0/PF_CCC_C1_0/PF_CCC_C1_0/clkint_0/U0_RGB1:Y (f)
               +     0.637          net: MIPI_CAMERA_0/PF_CCC_C1_0_OUT0_FABCLK_0
  7.227                        MIPI_CAMERA_0/VDMA_C0_0/VDMA_C0_0/dma_top_0/vdma_write_0/buff_addr_fifo/RAM2PORT_ASYNC_FIFO_INST/ram_ram_0_0/INST_RAM1K20_IP:A_CLK (r)
               +     0.535          cell: ADLIB:RAM1K20_IP
  7.762                        MIPI_CAMERA_0/VDMA_C0_0/VDMA_C0_0/dma_top_0/vdma_write_0/buff_addr_fifo/RAM2PORT_ASYNC_FIFO_INST/ram_ram_0_0/INST_RAM1K20_IP:B_DOUT[10] (r)
               +     0.613          net: MIPI_CAMERA_0/VDMA_C0_0/VDMA_C0_0/dma_top_0/vdma_write_0/w_ddr_wr_addr[10]
  8.375                        MIPI_CAMERA_0/VDMA_C0_0/VDMA_C0_0/dma_top_0/vdma_write_0/ddr_write_vdma/ddr_write_controller_vdma_0/write_start_addr_o_6_cry_13_0:A (r)
               +     0.053          cell: ADLIB:ARI1_CC
  8.428                        MIPI_CAMERA_0/VDMA_C0_0/VDMA_C0_0/dma_top_0/vdma_write_0/ddr_write_vdma/ddr_write_controller_vdma_0/write_start_addr_o_6_cry_13_0:P (r)
               +     0.014          net: NET_CC_CONFIG13788
  8.442                        MIPI_CAMERA_0/VDMA_C0_0/VDMA_C0_0/dma_top_0/vdma_write_0/ddr_write_vdma/ddr_write_controller_vdma_0/write_start_addr_o_6_cry_0_0_CC_1:P[1] (r)
               +     0.357          cell: ADLIB:CC_CONFIG
  8.799                        MIPI_CAMERA_0/VDMA_C0_0/VDMA_C0_0/dma_top_0/vdma_write_0/ddr_write_vdma/ddr_write_controller_vdma_0/write_start_addr_o_6_cry_0_0_CC_1:CO (f)
               +     0.008          net: CI_TO_CO13735
  8.807                        MIPI_CAMERA_0/VDMA_C0_0/VDMA_C0_0/dma_top_0/vdma_write_0/ddr_write_vdma/ddr_write_controller_vdma_0/write_start_addr_o_6_cry_0_0_CC_2:CI (f)
               +     0.196          cell: ADLIB:CC_CONFIG
  9.003                        MIPI_CAMERA_0/VDMA_C0_0/VDMA_C0_0/dma_top_0/vdma_write_0/ddr_write_vdma/ddr_write_controller_vdma_0/write_start_addr_o_6_cry_0_0_CC_2:CC[8] (r)
               +     0.000          net: NET_CC_CONFIG13867
  9.003                        MIPI_CAMERA_0/VDMA_C0_0/VDMA_C0_0/dma_top_0/vdma_write_0/ddr_write_vdma/ddr_write_controller_vdma_0/write_start_addr_o_6_cry_32_0:CC (r)
               +     0.063          cell: ADLIB:ARI1_CC
  9.066                        MIPI_CAMERA_0/VDMA_C0_0/VDMA_C0_0/dma_top_0/vdma_write_0/ddr_write_vdma/ddr_write_controller_vdma_0/write_start_addr_o_6_cry_32_0:S (r)
               +     0.025          net: MIPI_CAMERA_0/VDMA_C0_0/VDMA_C0_0/dma_top_0/vdma_write_0/ddr_write_vdma/ddr_write_controller_vdma_0/write_start_addr_o_6[35]
  9.091                        MIPI_CAMERA_0/VDMA_C0_0/VDMA_C0_0/dma_top_0/vdma_write_0/ddr_write_vdma/ddr_write_controller_vdma_0/write_start_addr_o_1[35]:D (r)
                                    
  9.091                        data arrival time
  ________________________________________________________
  Data required time calculation
  4.000                        CLOCKS_AND_RESETS_0/CCC_FIC_x_CLK/PF_CCC_C0_0/pll_inst_0/OUT1
               +     0.000          Clock source
  4.000                        CLOCKS_AND_RESETS_0/CCC_FIC_x_CLK/PF_CCC_C0_0/pll_inst_0:OUT1 (r)
               +     3.892          Clock generation
  7.892                        
               +     0.233          net: CLOCKS_AND_RESETS_0/CCC_FIC_x_CLK/PF_CCC_C0_0/pll_inst_0_clkint_4
  8.125                        CLOCKS_AND_RESETS_0/CCC_FIC_x_CLK/PF_CCC_C0_0/clkint_4_1:A (r)
               +     0.203          cell: ADLIB:ICB_CLKINT
  8.328                        CLOCKS_AND_RESETS_0/CCC_FIC_x_CLK/PF_CCC_C0_0/clkint_4_1:Y (r)
               +     0.132          net: CLOCKS_AND_RESETS_0/CCC_FIC_x_CLK/PF_CCC_C0_0/clkint_4_NET
  8.460                        CLOCKS_AND_RESETS_0/CCC_FIC_x_CLK/PF_CCC_C0_0/clkint_4:A (r)
               +     0.147          cell: ADLIB:GB
  8.607                        CLOCKS_AND_RESETS_0/CCC_FIC_x_CLK/PF_CCC_C0_0/clkint_4:Y (r)
               +     0.376          net: CLOCKS_AND_RESETS_0/CCC_FIC_x_CLK/PF_CCC_C0_0/clkint_4/U0_Y
  8.983                        CLOCKS_AND_RESETS_0/CCC_FIC_x_CLK/PF_CCC_C0_0/clkint_4/U0_RGB1:A (r)
               +     0.052          cell: ADLIB:RGB
  9.035                        CLOCKS_AND_RESETS_0/CCC_FIC_x_CLK/PF_CCC_C0_0/clkint_4/U0_RGB1:Y (f)
               +     0.412          net: CLOCKS_AND_RESETS_0_FIC_1_CLK
  9.447                        MIPI_CAMERA_0/VDMA_C0_0/VDMA_C0_0/dma_top_0/vdma_write_0/ddr_write_vdma/ddr_write_controller_vdma_0/write_start_addr_o_1[35]:CLK (r)
               -     0.135          
  9.312                        clock jitter
               -     0.000          Library setup time: ADLIB:SLE
  9.312                        MIPI_CAMERA_0/VDMA_C0_0/VDMA_C0_0/dma_top_0/vdma_write_0/ddr_write_vdma/ddr_write_controller_vdma_0/write_start_addr_o_1[35]:D
                                    
  9.312                        data required time


Operating Conditions : slow_lv_ht

END SET MIPI_CAMERA_0/PF_CCC_C1_0/PF_CCC_C1_0/pll_inst_0/OUT0 to CLOCKS_AND_RESETS_0/CCC_FIC_x_CLK/PF_CCC_C0_0/pll_inst_0/OUT1

----------------------------------------------------

Clock Domain CLOCKS_AND_RESETS_0/CCC_FIC_x_CLK/PF_CCC_C0_0/pll_inst_0/OUT3

SET Register to Register

Path 1
  From: MSS_WRAPPER_0/MPFS_DISCOVERY_KIT_MSS_0/I_MSS:FIC_3_PCLK
  To:   MSS_WRAPPER_0/MPFS_DISCOVERY_KIT_MSS_0/I_MSS:FIC_3_APB_M_PRDATA[11]
  Delay (ns):              6.914
  Slack (ns):              2.990
  Arrival (ns):           13.937
  Required (ns):          16.927
  Setup (ns):             -0.078
  Minimum Period (ns):    13.750
  Operating Conditions: slow_lv_ht

Path 2
  From: MSS_WRAPPER_0/MPFS_DISCOVERY_KIT_MSS_0/I_MSS:FIC_3_PCLK
  To:   MSS_WRAPPER_0/MPFS_DISCOVERY_KIT_MSS_0/I_MSS:FIC_3_APB_M_PRDATA[4]
  Delay (ns):              6.899
  Slack (ns):              3.071
  Arrival (ns):           13.922
  Required (ns):          16.993
  Setup (ns):             -0.144
  Minimum Period (ns):    13.588
  Operating Conditions: slow_lv_ht

Path 3
  From: MSS_WRAPPER_0/MPFS_DISCOVERY_KIT_MSS_0/I_MSS:FIC_3_PCLK
  To:   MSS_WRAPPER_0/MPFS_DISCOVERY_KIT_MSS_0/I_MSS:FIC_3_APB_M_PRDATA[1]
  Delay (ns):              6.905
  Slack (ns):              3.071
  Arrival (ns):           13.928
  Required (ns):          16.999
  Setup (ns):             -0.150
  Minimum Period (ns):    13.588
  Operating Conditions: slow_lv_ht

Path 4
  From: MSS_WRAPPER_0/MPFS_DISCOVERY_KIT_MSS_0/I_MSS:FIC_3_PCLK
  To:   MSS_WRAPPER_0/MPFS_DISCOVERY_KIT_MSS_0/I_MSS:FIC_3_APB_M_PRDATA[18]
  Delay (ns):              6.991
  Slack (ns):              3.084
  Arrival (ns):           14.014
  Required (ns):          17.098
  Setup (ns):             -0.249
  Minimum Period (ns):    13.562
  Operating Conditions: slow_lv_ht

Path 5
  From: MSS_WRAPPER_0/MPFS_DISCOVERY_KIT_MSS_0/I_MSS:FIC_3_PCLK
  To:   MSS_WRAPPER_0/MPFS_DISCOVERY_KIT_MSS_0/I_MSS:FIC_3_APB_M_PRDATA[3]
  Delay (ns):              6.874
  Slack (ns):              3.101
  Arrival (ns):           13.897
  Required (ns):          16.998
  Setup (ns):             -0.149
  Minimum Period (ns):    13.528
  Operating Conditions: slow_lv_ht


Expanded Path 1
  From: MSS_WRAPPER_0/MPFS_DISCOVERY_KIT_MSS_0/I_MSS:FIC_3_PCLK
  To: MSS_WRAPPER_0/MPFS_DISCOVERY_KIT_MSS_0/I_MSS:FIC_3_APB_M_PRDATA[11]
  data required time                                 16.927
  data arrival time                          -       13.937
  slack                                               2.990
  ________________________________________________________
  Data arrival time calculation
  0.000                        CLOCKS_AND_RESETS_0/CCC_FIC_x_CLK/PF_CCC_C0_0/pll_inst_0/OUT3
               +     0.000          Clock source
  0.000                        CLOCKS_AND_RESETS_0/CCC_FIC_x_CLK/PF_CCC_C0_0/pll_inst_0:OUT3 (r)
               +     4.322          Clock generation
  4.322                        
               +     0.969          net: CLOCKS_AND_RESETS_0/CCC_FIC_x_CLK/PF_CCC_C0_0/pll_inst_0_clkint_12
  5.291                        CLOCKS_AND_RESETS_0/CCC_FIC_x_CLK/PF_CCC_C0_0/clkint_12_1:A (r)
               +     0.243          cell: ADLIB:ICB_CLKINT
  5.534                        CLOCKS_AND_RESETS_0/CCC_FIC_x_CLK/PF_CCC_C0_0/clkint_12_1:Y (r)
               +     0.145          net: CLOCKS_AND_RESETS_0/CCC_FIC_x_CLK/PF_CCC_C0_0/clkint_12_NET
  5.679                        CLOCKS_AND_RESETS_0/CCC_FIC_x_CLK/PF_CCC_C0_0/clkint_12:A (r)
               +     0.163          cell: ADLIB:GB
  5.842                        CLOCKS_AND_RESETS_0/CCC_FIC_x_CLK/PF_CCC_C0_0/clkint_12:Y (r)
               +     0.410          net: CLOCKS_AND_RESETS_0/CCC_FIC_x_CLK/PF_CCC_C0_0/clkint_12/U0_Y
  6.252                        CLOCKS_AND_RESETS_0/CCC_FIC_x_CLK/PF_CCC_C0_0/clkint_12/U0_RGB1_RGB0:A (r)
               +     0.058          cell: ADLIB:RGB
  6.310                        CLOCKS_AND_RESETS_0/CCC_FIC_x_CLK/PF_CCC_C0_0/clkint_12/U0_RGB1_RGB0:Y (f)
               +     0.713          net: CLOCKS_AND_RESETS_0/CCC_FIC_x_CLK/PF_CCC_C0_0/clkint_12/U0_RGB1_RGB0_rgb_net_1
  7.023                        MSS_WRAPPER_0/MPFS_DISCOVERY_KIT_MSS_0/I_MSS:FIC_3_PCLK (r)
               +     1.768          cell: ADLIB:MSS
  8.791                        MSS_WRAPPER_0/MPFS_DISCOVERY_KIT_MSS_0/I_MSS:FIC_3_APB_M_PADDR[25] (f)
               +     1.382          net: MSS_WRAPPER_0_FIC_3_APB_INITIATOR_PADDR[25]
  10.173                       FIC_3_PERIPHERALS_0/FIC_3_ADDRESS_GENERATION_1/FIC_3_0x4xxx_xxxx_0/FIC_3_0x4xxx_xxxx_0/iPSELS_raw_2_2_0_.m2:B (f)
               +     0.136          cell: ADLIB:CFG3
  10.309                       FIC_3_PERIPHERALS_0/FIC_3_ADDRESS_GENERATION_1/FIC_3_0x4xxx_xxxx_0/FIC_3_0x4xxx_xxxx_0/iPSELS_raw_2_2_0_.m2:Y (r)
               +     0.068          net: FIC_3_PERIPHERALS_0/FIC_3_ADDRESS_GENERATION_1/FIC_3_0x4xxx_xxxx_0/FIC_3_0x4xxx_xxxx_0/N_9_mux
  10.377                       FIC_3_PERIPHERALS_0/FIC_3_ADDRESS_GENERATION_1/FIC_3_0x4xxx_xxxx_0/FIC_3_0x4xxx_xxxx_0/iPSELS[0]:D (r)
               +     0.053          cell: ADLIB:CFG4
  10.430                       FIC_3_PERIPHERALS_0/FIC_3_ADDRESS_GENERATION_1/FIC_3_0x4xxx_xxxx_0/FIC_3_0x4xxx_xxxx_0/iPSELS[0]:Y (r)
               +     0.542          net: FIC_3_PERIPHERALS_0/FIC_3_0x4xxx_xxxx_0_APBmslave0_PSELx
  10.972                       FIC_3_PERIPHERALS_0/FIC_3_ADDRESS_GENERATION_1/FIC_3_0x4000_0xxx_0/FIC_3_0x4000_0xxx_0/iPSELS_0_a2[2]:C (r)
               +     0.053          cell: ADLIB:CFG4
  11.025                       FIC_3_PERIPHERALS_0/FIC_3_ADDRESS_GENERATION_1/FIC_3_0x4000_0xxx_0/FIC_3_0x4000_0xxx_0/iPSELS_0_a2[2]:Y (r)
               +     0.104          net: FIC_3_PERIPHERALS_0/FIC_3_ADDRESS_GENERATION_1_FIC_3_0x4000_02xx_PSELx
  11.129                       FIC_3_PERIPHERALS_0/FIC_3_ADDRESS_GENERATION_1/FIC_3_0x4000_0xxx_0/FIC_3_0x4000_0xxx_0/u_mux_p_to_b3/PSELSBUS[1]:C (r)
               +     0.200          cell: ADLIB:CFG3
  11.329                       FIC_3_PERIPHERALS_0/FIC_3_ADDRESS_GENERATION_1/FIC_3_0x4000_0xxx_0/FIC_3_0x4000_0xxx_0/u_mux_p_to_b3/PSELSBUS[1]:Y (r)
               +     0.169          net: FIC_3_PERIPHERALS_0/FIC_3_ADDRESS_GENERATION_1/FIC_3_0x4000_0xxx_0/FIC_3_0x4000_0xxx_0/u_mux_p_to_b3/PSELSBUS_Z[1]
  11.498                       FIC_3_PERIPHERALS_0/FIC_3_ADDRESS_GENERATION_1/FIC_3_0x4000_0xxx_0/FIC_3_0x4000_0xxx_0/u_mux_p_to_b3/iPRDATA_0_sqmuxa:D (r)
               +     0.247          cell: ADLIB:CFG4
  11.745                       FIC_3_PERIPHERALS_0/FIC_3_ADDRESS_GENERATION_1/FIC_3_0x4000_0xxx_0/FIC_3_0x4000_0xxx_0/u_mux_p_to_b3/iPRDATA_0_sqmuxa:Y (f)
               +     0.713          net: FIC_3_PERIPHERALS_0/FIC_3_ADDRESS_GENERATION_1/iPRDATA_0_sqmuxa
  12.458                       FIC_3_PERIPHERALS_0/FIC_3_ADDRESS_GENERATION_1/FIC_3_0x4xxx_xxxx_0/FIC_3_0x4xxx_xxxx_0/u_mux_p_to_b3/PRDATA_0[11]:D (f)
               +     0.052          cell: ADLIB:CFG4
  12.510                       FIC_3_PERIPHERALS_0/FIC_3_ADDRESS_GENERATION_1/FIC_3_0x4xxx_xxxx_0/FIC_3_0x4xxx_xxxx_0/u_mux_p_to_b3/PRDATA_0[11]:Y (f)
               +     0.214          net: FIC_3_PERIPHERALS_0/FIC_3_ADDRESS_GENERATION_1/N_235
  12.724                       FIC_3_PERIPHERALS_0/FIC_3_ADDRESS_GENERATION_1/APB_ARBITER_0/in_prdata[11]:A (f)
               +     0.085          cell: ADLIB:CFG3
  12.809                       FIC_3_PERIPHERALS_0/FIC_3_ADDRESS_GENERATION_1/APB_ARBITER_0/in_prdata[11]:Y (f)
               +     1.128          net: MSS_WRAPPER_0_FIC_3_APB_INITIATOR_PRDATA[11]
  13.937                       MSS_WRAPPER_0/MPFS_DISCOVERY_KIT_MSS_0/I_MSS:FIC_3_APB_M_PRDATA[11] (f)
                                    
  13.937                       data arrival time
  ________________________________________________________
  Data required time calculation
  10.000                       CLOCKS_AND_RESETS_0/CCC_FIC_x_CLK/PF_CCC_C0_0/pll_inst_0/OUT3
               +     0.000          Clock source
  10.000                       CLOCKS_AND_RESETS_0/CCC_FIC_x_CLK/PF_CCC_C0_0/pll_inst_0:OUT3 (f)
               +     3.894          Clock generation
  13.894                       
               +     0.869          net: CLOCKS_AND_RESETS_0/CCC_FIC_x_CLK/PF_CCC_C0_0/pll_inst_0_clkint_12
  14.763                       CLOCKS_AND_RESETS_0/CCC_FIC_x_CLK/PF_CCC_C0_0/clkint_12_1:A (f)
               +     0.224          cell: ADLIB:ICB_CLKINT
  14.987                       CLOCKS_AND_RESETS_0/CCC_FIC_x_CLK/PF_CCC_C0_0/clkint_12_1:Y (f)
               +     0.125          net: CLOCKS_AND_RESETS_0/CCC_FIC_x_CLK/PF_CCC_C0_0/clkint_12_NET
  15.112                       CLOCKS_AND_RESETS_0/CCC_FIC_x_CLK/PF_CCC_C0_0/clkint_12:A (f)
               +     0.141          cell: ADLIB:GB
  15.253                       CLOCKS_AND_RESETS_0/CCC_FIC_x_CLK/PF_CCC_C0_0/clkint_12:Y (f)
               +     0.372          net: CLOCKS_AND_RESETS_0/CCC_FIC_x_CLK/PF_CCC_C0_0/clkint_12/U0_Y
  15.625                       CLOCKS_AND_RESETS_0/CCC_FIC_x_CLK/PF_CCC_C0_0/clkint_12/U0_RGB1_RGB0:A (f)
               +     0.054          cell: ADLIB:RGB
  15.679                       CLOCKS_AND_RESETS_0/CCC_FIC_x_CLK/PF_CCC_C0_0/clkint_12/U0_RGB1_RGB0:Y (r)
               +     0.514          net: CLOCKS_AND_RESETS_0/CCC_FIC_x_CLK/PF_CCC_C0_0/clkint_12/U0_RGB1_RGB0_rgb_net_1
  16.193                       MSS_WRAPPER_0/MPFS_DISCOVERY_KIT_MSS_0/I_MSS:FIC_3_PCLK (f)
               +     0.791          
  16.984                       clock reconvergence pessimism
               -     0.135          
  16.849                       clock jitter
               -    -0.078          Library setup time: ADLIB:MSS
  16.927                       MSS_WRAPPER_0/MPFS_DISCOVERY_KIT_MSS_0/I_MSS:FIC_3_APB_M_PRDATA[11]
                                    
  16.927                       data required time


Operating Conditions : slow_lv_ht

END SET Register to Register

----------------------------------------------------

SET External Setup

Path 1
  From: RPI_I2C_SCL
  To:   FIC_3_PERIPHERALS_0/CORE_I2C_C0_0_WRAPPER_1/COREI2C_C0_0/COREI2C_C0_0/I2C_NUM_GENERATION[0].ui2c/SCLI_ff_reg_0[8]:D
  Delay (ns):              2.957
  Arrival (ns):            2.957
  Setup (ns):              0.000
  External Setup (ns):    -0.958
  Operating Conditions: fast_hv_lt

Path 2
  From: RPI_I2C_SCL
  To:   FIC_3_PERIPHERALS_0/CORE_I2C_C0_0_WRAPPER_1/COREI2C_C0_0/COREI2C_C0_0/I2C_NUM_GENERATION[0].ui2c/SCLI_ff_reg_0[6]:D
  Delay (ns):              2.919
  Arrival (ns):            2.919
  Setup (ns):              0.000
  External Setup (ns):    -0.996
  Operating Conditions: fast_hv_lt

Path 3
  From: RPI_I2C_SCL
  To:   FIC_3_PERIPHERALS_0/CORE_I2C_C0_0_WRAPPER_1/COREI2C_C0_0/COREI2C_C0_0/I2C_NUM_GENERATION[0].ui2c/SCLI_ff_reg_0[9]:D
  Delay (ns):              2.824
  Arrival (ns):            2.824
  Setup (ns):              0.000
  External Setup (ns):    -1.091
  Operating Conditions: fast_hv_lt

Path 4
  From: RPI_I2C_SCL
  To:   FIC_3_PERIPHERALS_0/CORE_I2C_C0_0_WRAPPER_1/COREI2C_C0_0/COREI2C_C0_0/I2C_NUM_GENERATION[0].ui2c/SCLI_ff_reg_0[7]:D
  Delay (ns):              2.766
  Arrival (ns):            2.766
  Setup (ns):              0.000
  External Setup (ns):    -1.149
  Operating Conditions: fast_hv_lt

Path 5
  From: RPI_I2C_SCL
  To:   FIC_3_PERIPHERALS_0/CORE_I2C_C0_0_WRAPPER_1/COREI2C_C0_0/COREI2C_C0_0/I2C_NUM_GENERATION[0].ui2c/SCLI_ff_reg_0[5]:D
  Delay (ns):              2.690
  Arrival (ns):            2.690
  Setup (ns):              0.000
  External Setup (ns):    -1.222
  Operating Conditions: fast_hv_lt


Expanded Path 1
  From: RPI_I2C_SCL
  To: FIC_3_PERIPHERALS_0/CORE_I2C_C0_0_WRAPPER_1/COREI2C_C0_0/COREI2C_C0_0/I2C_NUM_GENERATION[0].ui2c/SCLI_ff_reg_0[8]:D
  data required time                                    N/C
  data arrival time                          -        2.957
  slack                                                 N/C
  ________________________________________________________
  Data arrival time calculation
  0.000                        RPI_I2C_SCL (f)
               +     0.987          cell: ADLIB:IOPAD_BI
  0.987                        FIC_3_PERIPHERALS_0/CORE_I2C_C0_0_WRAPPER_1/COREI2C_C0_0_SCL_BIBUF/U_IOPAD:Y (f)
               +     0.000          net: FIC_3_PERIPHERALS_0/CORE_I2C_C0_0_WRAPPER_1/COREI2C_C0_0_SCL_BIBUF/YIN
  0.987                        FIC_3_PERIPHERALS_0/CORE_I2C_C0_0_WRAPPER_1/COREI2C_C0_0_SCL_BIBUF/U_IOBI:YIN (f)
               +     0.131          cell: ADLIB:IOBI_IB_OB_EB
  1.118                        FIC_3_PERIPHERALS_0/CORE_I2C_C0_0_WRAPPER_1/COREI2C_C0_0_SCL_BIBUF/U_IOBI:Y (f)
               +     1.068          net: FIC_3_PERIPHERALS_0/CORE_I2C_C0_0_WRAPPER_1/COREI2C_C0_0_SCL_BIBUF_Y
  2.186                        FIC_3_PERIPHERALS_0/CORE_I2C_C0_0_WRAPPER_1/COREI2C_C0_0/COREI2C_C0_0/I2C_NUM_GENERATION[0].ui2c/SCLI_ff_reg_0_4[0]:B (f)
               +     0.082          cell: ADLIB:CFG2
  2.268                        FIC_3_PERIPHERALS_0/CORE_I2C_C0_0_WRAPPER_1/COREI2C_C0_0/COREI2C_C0_0/I2C_NUM_GENERATION[0].ui2c/SCLI_ff_reg_0_4[0]:Y (f)
               +     0.270          net: FIC_3_PERIPHERALS_0/CORE_I2C_C0_0_WRAPPER_1/COREI2C_C0_0/COREI2C_C0_0/I2C_NUM_GENERATION[0].ui2c/SCLI_ff_reg_0_4_Z[0]
  2.538                        FIC_3_PERIPHERALS_0/CORE_I2C_C0_0_WRAPPER_1/COREI2C_C0_0/COREI2C_C0_0/I2C_NUM_GENERATION[0].ui2c/SCLI_ff_reg_0_ns_i_0_o3[12]:B (f)
               +     0.107          cell: ADLIB:CFG2
  2.645                        FIC_3_PERIPHERALS_0/CORE_I2C_C0_0_WRAPPER_1/COREI2C_C0_0/COREI2C_C0_0/I2C_NUM_GENERATION[0].ui2c/SCLI_ff_reg_0_ns_i_0_o3[12]:Y (f)
               +     0.209          net: FIC_3_PERIPHERALS_0/CORE_I2C_C0_0_WRAPPER_1/COREI2C_C0_0/COREI2C_C0_0/I2C_NUM_GENERATION[0].ui2c/N_254
  2.854                        FIC_3_PERIPHERALS_0/CORE_I2C_C0_0_WRAPPER_1/COREI2C_C0_0/COREI2C_C0_0/I2C_NUM_GENERATION[0].ui2c/SCLI_ff_reg_0_RNO[8]:C (f)
               +     0.085          cell: ADLIB:CFG4
  2.939                        FIC_3_PERIPHERALS_0/CORE_I2C_C0_0_WRAPPER_1/COREI2C_C0_0/COREI2C_C0_0/I2C_NUM_GENERATION[0].ui2c/SCLI_ff_reg_0_RNO[8]:Y (r)
               +     0.018          net: FIC_3_PERIPHERALS_0/CORE_I2C_C0_0_WRAPPER_1/COREI2C_C0_0/COREI2C_C0_0/I2C_NUM_GENERATION[0].ui2c/N_861_i
  2.957                        FIC_3_PERIPHERALS_0/CORE_I2C_C0_0_WRAPPER_1/COREI2C_C0_0/COREI2C_C0_0/I2C_NUM_GENERATION[0].ui2c/SCLI_ff_reg_0[8]:D (r)
                                    
  2.957                        data arrival time
  ________________________________________________________
  Data required time calculation
  N/C                          CLOCKS_AND_RESETS_0/CCC_FIC_x_CLK/PF_CCC_C0_0/pll_inst_0/OUT3
               +     0.000          Clock source
  N/C                          CLOCKS_AND_RESETS_0/CCC_FIC_x_CLK/PF_CCC_C0_0/pll_inst_0:OUT3 (r)
               +     2.583          Clock generation
  N/C                          
               +     0.594          net: CLOCKS_AND_RESETS_0/CCC_FIC_x_CLK/PF_CCC_C0_0/pll_inst_0_clkint_12
  N/C                          CLOCKS_AND_RESETS_0/CCC_FIC_x_CLK/PF_CCC_C0_0/clkint_12_1:A (r)
               +     0.141          cell: ADLIB:ICB_CLKINT
  N/C                          CLOCKS_AND_RESETS_0/CCC_FIC_x_CLK/PF_CCC_C0_0/clkint_12_1:Y (r)
               +     0.093          net: CLOCKS_AND_RESETS_0/CCC_FIC_x_CLK/PF_CCC_C0_0/clkint_12_NET
  N/C                          CLOCKS_AND_RESETS_0/CCC_FIC_x_CLK/PF_CCC_C0_0/clkint_12:A (r)
               +     0.108          cell: ADLIB:GB
  N/C                          CLOCKS_AND_RESETS_0/CCC_FIC_x_CLK/PF_CCC_C0_0/clkint_12:Y (r)
               +     0.244          net: CLOCKS_AND_RESETS_0/CCC_FIC_x_CLK/PF_CCC_C0_0/clkint_12/U0_Y
  N/C                          CLOCKS_AND_RESETS_0/CCC_FIC_x_CLK/PF_CCC_C0_0/clkint_12/U0_RGB1_RGB3:A (r)
               +     0.038          cell: ADLIB:RGB
  N/C                          CLOCKS_AND_RESETS_0/CCC_FIC_x_CLK/PF_CCC_C0_0/clkint_12/U0_RGB1_RGB3:Y (f)
               +     0.249          net: CLOCKS_AND_RESETS_0/CCC_FIC_x_CLK/PF_CCC_C0_0/clkint_12/U0_RGB1_RGB3_rgb_net_1
  N/C                          FIC_3_PERIPHERALS_0/CORE_I2C_C0_0_WRAPPER_1/COREI2C_C0_0/COREI2C_C0_0/I2C_NUM_GENERATION[0].ui2c/SCLI_ff_reg_0[8]:CLK (r)
               -     0.135          
  N/C                          clock jitter
               -     0.000          Library setup time: ADLIB:SLE
  N/C                          FIC_3_PERIPHERALS_0/CORE_I2C_C0_0_WRAPPER_1/COREI2C_C0_0/COREI2C_C0_0/I2C_NUM_GENERATION[0].ui2c/SCLI_ff_reg_0[8]:D


Operating Conditions : fast_hv_lt

END SET External Setup

----------------------------------------------------

SET Clock to Output

Path 1
  From: FIC_3_PERIPHERALS_0/SPI_FOR_7_SEG_0/SPI_FOR_7_SEG_0/USPI/URF/control1[1]:CLK
  To:   SPISDO
  Delay (ns):              9.705
  Arrival (ns):           16.488
  Clock to Out (ns):      16.488
  Operating Conditions: slow_lv_ht

Path 2
  From: FIC_3_PERIPHERALS_0/SPI_FOR_7_SEG_0/SPI_FOR_7_SEG_0/USPI/UCC/stxs_direct:CLK
  To:   SPISDO
  Delay (ns):              9.585
  Arrival (ns):           16.351
  Clock to Out (ns):      16.351
  Operating Conditions: slow_lv_ht

Path 3
  From: FIC_3_PERIPHERALS_0/SPI_FOR_7_SEG_0/SPI_FOR_7_SEG_0/USPI/UCC/stxs_txzeros:CLK
  To:   SPISDO
  Delay (ns):              9.374
  Arrival (ns):           16.140
  Clock to Out (ns):      16.140
  Operating Conditions: slow_lv_ht

Path 4
  From: FIC_3_PERIPHERALS_0/SPI_FOR_7_SEG_0/SPI_FOR_7_SEG_0/USPI/UCC/stxs_datareg[15]:CLK
  To:   SPISDO
  Delay (ns):              9.107
  Arrival (ns):           15.866
  Clock to Out (ns):      15.866
  Operating Conditions: slow_lv_ht

Path 5
  From: FIC_3_PERIPHERALS_0/SPI_FOR_7_SEG_0/SPI_FOR_7_SEG_0/USPI/UCC/txfifo_datadelay[15]:CLK
  To:   SPISDO
  Delay (ns):              8.944
  Arrival (ns):           15.709
  Clock to Out (ns):      15.709
  Operating Conditions: slow_lv_ht


Expanded Path 1
  From: FIC_3_PERIPHERALS_0/SPI_FOR_7_SEG_0/SPI_FOR_7_SEG_0/USPI/URF/control1[1]:CLK
  To: SPISDO
  data required time                                    N/C
  data arrival time                          -       16.488
  slack                                                 N/C
  ________________________________________________________
  Data arrival time calculation
  0.000                        CLOCKS_AND_RESETS_0/CCC_FIC_x_CLK/PF_CCC_C0_0/pll_inst_0/OUT3
               +     0.000          Clock source
  0.000                        CLOCKS_AND_RESETS_0/CCC_FIC_x_CLK/PF_CCC_C0_0/pll_inst_0:OUT3 (r)
               +     4.322          Clock generation
  4.322                        
               +     0.969          net: CLOCKS_AND_RESETS_0/CCC_FIC_x_CLK/PF_CCC_C0_0/pll_inst_0_clkint_12
  5.291                        CLOCKS_AND_RESETS_0/CCC_FIC_x_CLK/PF_CCC_C0_0/clkint_12_1:A (r)
               +     0.243          cell: ADLIB:ICB_CLKINT
  5.534                        CLOCKS_AND_RESETS_0/CCC_FIC_x_CLK/PF_CCC_C0_0/clkint_12_1:Y (r)
               +     0.145          net: CLOCKS_AND_RESETS_0/CCC_FIC_x_CLK/PF_CCC_C0_0/clkint_12_NET
  5.679                        CLOCKS_AND_RESETS_0/CCC_FIC_x_CLK/PF_CCC_C0_0/clkint_12:A (r)
               +     0.163          cell: ADLIB:GB
  5.842                        CLOCKS_AND_RESETS_0/CCC_FIC_x_CLK/PF_CCC_C0_0/clkint_12:Y (r)
               +     0.410          net: CLOCKS_AND_RESETS_0/CCC_FIC_x_CLK/PF_CCC_C0_0/clkint_12/U0_Y
  6.252                        CLOCKS_AND_RESETS_0/CCC_FIC_x_CLK/PF_CCC_C0_0/clkint_12/U0_RGB1_RGB0:A (r)
               +     0.058          cell: ADLIB:RGB
  6.310                        CLOCKS_AND_RESETS_0/CCC_FIC_x_CLK/PF_CCC_C0_0/clkint_12/U0_RGB1_RGB0:Y (f)
               +     0.473          net: CLOCKS_AND_RESETS_0/CCC_FIC_x_CLK/PF_CCC_C0_0/clkint_12/U0_RGB1_RGB0_rgb_net_1
  6.783                        FIC_3_PERIPHERALS_0/SPI_FOR_7_SEG_0/SPI_FOR_7_SEG_0/USPI/URF/control1[1]:CLK (r)
               +     0.201          cell: ADLIB:SLE
  6.984                        FIC_3_PERIPHERALS_0/SPI_FOR_7_SEG_0/SPI_FOR_7_SEG_0/USPI/URF/control1[1]:Q (r)
               +     0.794          net: FIC_3_PERIPHERALS_0/SPI_FOR_7_SEG_0/SPI_FOR_7_SEG_0/USPI/SPIMODE
  7.778                        FIC_3_PERIPHERALS_0/SPI_FOR_7_SEG_0/SPI_FOR_7_SEG_0/USPI/UCC/spi_data_out_u_2_0_RNO:A (r)
               +     0.051          cell: ADLIB:CFG2
  7.829                        FIC_3_PERIPHERALS_0/SPI_FOR_7_SEG_0/SPI_FOR_7_SEG_0/USPI/UCC/spi_data_out_u_2_0_RNO:Y (f)
               +     0.072          net: FIC_3_PERIPHERALS_0/SPI_FOR_7_SEG_0/SPI_FOR_7_SEG_0/USPI/UCC/spi_data_out_sn_N_3
  7.901                        FIC_3_PERIPHERALS_0/SPI_FOR_7_SEG_0/SPI_FOR_7_SEG_0/USPI/UCC/spi_data_out_u_2_0:D (f)
               +     0.085          cell: ADLIB:CFG4
  7.986                        FIC_3_PERIPHERALS_0/SPI_FOR_7_SEG_0/SPI_FOR_7_SEG_0/USPI/UCC/spi_data_out_u_2_0:Y (f)
               +     0.116          net: FIC_3_PERIPHERALS_0/SPI_FOR_7_SEG_0/SPI_FOR_7_SEG_0/USPI/UCC/SPISDO_c_2
  8.102                        FIC_3_PERIPHERALS_0/SPI_FOR_7_SEG_0/SPI_FOR_7_SEG_0/USPI/UCC/spi_data_out_u:A (f)
               +     0.085          cell: ADLIB:CFG3
  8.187                        FIC_3_PERIPHERALS_0/SPI_FOR_7_SEG_0/SPI_FOR_7_SEG_0/USPI/UCC/spi_data_out_u:Y (f)
               +     5.315          net: SPISDO_c
  13.502                       SPISDO_obuf/U_IOTRI:D (f)
               +     0.918          cell: ADLIB:IOTRI_OB_EB
  14.420                       SPISDO_obuf/U_IOTRI:DOUT (f)
               +     0.000          net: SPISDO_obuf/DOUT
  14.420                       SPISDO_obuf/U_IOPAD:D (f)
               +     2.068          cell: ADLIB:IOPAD_TRI
  16.488                       SPISDO_obuf/U_IOPAD:PAD (f)
               +     0.000          net: SPISDO
  16.488                       SPISDO (f)
                                    
  16.488                       data arrival time
  ________________________________________________________
  Data required time calculation
  N/C                          CLOCKS_AND_RESETS_0/CCC_FIC_x_CLK/PF_CCC_C0_0/pll_inst_0/OUT3
                                    
  N/C                          SPISDO (f)


Operating Conditions : slow_lv_ht

END SET Clock to Output

----------------------------------------------------

SET Register to Asynchronous

Path 1
  From: CLOCKS_AND_RESETS_0/RESET_FIC_3_CLK/CORERESET_0/dff_15_rep[0]:CLK
  To:   FIC_3_PERIPHERALS_0/SPI_FOR_7_SEG_0/SPI_FOR_7_SEG_0/USPI/UCC/stxp_lastframe:ALn
  Delay (ns):              2.976
  Slack (ns):             16.608
  Arrival (ns):            9.743
  Required (ns):          26.351
  Recovery (ns):           0.209
  Minimum Period (ns):     3.257
  Skew (ns):               0.072
  Operating Conditions: slow_lv_ht

Path 2
  From: CLOCKS_AND_RESETS_0/RESET_FIC_3_CLK/CORERESET_0/dff_15_rep[0]:CLK
  To:   FIC_3_PERIPHERALS_0/SPI_FOR_7_SEG_0/SPI_FOR_7_SEG_0/USPI/UCC/msrxs_first:ALn
  Delay (ns):              2.976
  Slack (ns):             16.608
  Arrival (ns):            9.743
  Required (ns):          26.351
  Recovery (ns):           0.209
  Minimum Period (ns):     3.257
  Skew (ns):               0.072
  Operating Conditions: slow_lv_ht

Path 3
  From: CLOCKS_AND_RESETS_0/RESET_FIC_3_CLK/CORERESET_0/dff_15_rep[0]:CLK
  To:   FIC_3_PERIPHERALS_0/SPI_FOR_7_SEG_0/SPI_FOR_7_SEG_0/USPI/UCC/msrxp_strobe:ALn
  Delay (ns):              2.976
  Slack (ns):             16.608
  Arrival (ns):            9.743
  Required (ns):          26.351
  Recovery (ns):           0.209
  Minimum Period (ns):     3.257
  Skew (ns):               0.072
  Operating Conditions: slow_lv_ht

Path 4
  From: CLOCKS_AND_RESETS_0/RESET_FIC_3_CLK/CORERESET_0/dff_15_rep[0]:CLK
  To:   FIC_3_PERIPHERALS_0/SPI_FOR_7_SEG_0/SPI_FOR_7_SEG_0/USPI/UCC/SYNC3_msrxp_strobe:ALn
  Delay (ns):              2.976
  Slack (ns):             16.608
  Arrival (ns):            9.743
  Required (ns):          26.351
  Recovery (ns):           0.209
  Minimum Period (ns):     3.257
  Skew (ns):               0.072
  Operating Conditions: slow_lv_ht

Path 5
  From: CLOCKS_AND_RESETS_0/RESET_FIC_3_CLK/CORERESET_0/dff_15_rep[0]:CLK
  To:   FIC_3_PERIPHERALS_0/CORE_I2C_C0_0_WRAPPER_1/COREI2C_C0_0/COREI2C_C0_0/g_seradr0_reg_bits.genblk1.seradr0apb[3]:ALn
  Delay (ns):              2.927
  Slack (ns):             16.609
  Arrival (ns):            9.694
  Required (ns):          26.303
  Recovery (ns):           0.209
  Minimum Period (ns):     3.256
  Skew (ns):               0.120
  Operating Conditions: slow_lv_ht


Expanded Path 1
  From: CLOCKS_AND_RESETS_0/RESET_FIC_3_CLK/CORERESET_0/dff_15_rep[0]:CLK
  To: FIC_3_PERIPHERALS_0/SPI_FOR_7_SEG_0/SPI_FOR_7_SEG_0/USPI/UCC/stxp_lastframe:ALn
  data required time                                 26.351
  data arrival time                          -        9.743
  slack                                              16.608
  ________________________________________________________
  Data arrival time calculation
  0.000                        CLOCKS_AND_RESETS_0/CCC_FIC_x_CLK/PF_CCC_C0_0/pll_inst_0/OUT3
               +     0.000          Clock source
  0.000                        CLOCKS_AND_RESETS_0/CCC_FIC_x_CLK/PF_CCC_C0_0/pll_inst_0:OUT3 (r)
               +     4.322          Clock generation
  4.322                        
               +     0.969          net: CLOCKS_AND_RESETS_0/CCC_FIC_x_CLK/PF_CCC_C0_0/pll_inst_0_clkint_12
  5.291                        CLOCKS_AND_RESETS_0/CCC_FIC_x_CLK/PF_CCC_C0_0/clkint_12_1:A (r)
               +     0.243          cell: ADLIB:ICB_CLKINT
  5.534                        CLOCKS_AND_RESETS_0/CCC_FIC_x_CLK/PF_CCC_C0_0/clkint_12_1:Y (r)
               +     0.145          net: CLOCKS_AND_RESETS_0/CCC_FIC_x_CLK/PF_CCC_C0_0/clkint_12_NET
  5.679                        CLOCKS_AND_RESETS_0/CCC_FIC_x_CLK/PF_CCC_C0_0/clkint_12:A (r)
               +     0.163          cell: ADLIB:GB
  5.842                        CLOCKS_AND_RESETS_0/CCC_FIC_x_CLK/PF_CCC_C0_0/clkint_12:Y (r)
               +     0.406          net: CLOCKS_AND_RESETS_0/CCC_FIC_x_CLK/PF_CCC_C0_0/clkint_12/U0_Y
  6.248                        CLOCKS_AND_RESETS_0/CCC_FIC_x_CLK/PF_CCC_C0_0/clkint_12/U0_RGB1_RGB1:A (r)
               +     0.058          cell: ADLIB:RGB
  6.306                        CLOCKS_AND_RESETS_0/CCC_FIC_x_CLK/PF_CCC_C0_0/clkint_12/U0_RGB1_RGB1:Y (f)
               +     0.461          net: CLOCKS_AND_RESETS_0/CCC_FIC_x_CLK/PF_CCC_C0_0/clkint_12/U0_RGB1_RGB1_rgb_net_1
  6.767                        CLOCKS_AND_RESETS_0/RESET_FIC_3_CLK/CORERESET_0/dff_15_rep[0]:CLK (r)
               +     0.201          cell: ADLIB:SLE
  6.968                        CLOCKS_AND_RESETS_0/RESET_FIC_3_CLK/CORERESET_0/dff_15_rep[0]:Q (r)
               +     1.676          net: CLOCKS_AND_RESETS_0/RESET_FIC_3_CLK/CORERESET_0/dff_15_rep_Z[0]
  8.644                        CLOCKS_AND_RESETS_0/RESET_FIC_3_CLK/CORERESET_0/dff_15_rep_RNIS9V04[0]:A (r)
               +     0.140          cell: ADLIB:GB
  8.784                        CLOCKS_AND_RESETS_0/RESET_FIC_3_CLK/CORERESET_0/dff_15_rep_RNIS9V04[0]:Y (r)
               +     0.405          net: CLOCKS_AND_RESETS_0/RESET_FIC_3_CLK/CORERESET_0/dff_15_rep_RNIS9V04[0]/U0_Y
  9.189                        CLOCKS_AND_RESETS_0/RESET_FIC_3_CLK/CORERESET_0/dff_15_rep_RNIS9V04[0]/U0_RGB1_RGB0:A (r)
               +     0.058          cell: ADLIB:RGB
  9.247                        CLOCKS_AND_RESETS_0/RESET_FIC_3_CLK/CORERESET_0/dff_15_rep_RNIS9V04[0]/U0_RGB1_RGB0:Y (f)
               +     0.496          net: CLOCKS_AND_RESETS_0/RESET_FIC_3_CLK/CORERESET_0/dff_15_rep_RNIS9V04[0]/U0_RGB1_RGB0_rgb_net_1
  9.743                        FIC_3_PERIPHERALS_0/SPI_FOR_7_SEG_0/SPI_FOR_7_SEG_0/USPI/UCC/stxp_lastframe:ALn (r)
                                    
  9.743                        data arrival time
  ________________________________________________________
  Data required time calculation
  20.000                       CLOCKS_AND_RESETS_0/CCC_FIC_x_CLK/PF_CCC_C0_0/pll_inst_0/OUT3
               +     0.000          Clock source
  20.000                       CLOCKS_AND_RESETS_0/CCC_FIC_x_CLK/PF_CCC_C0_0/pll_inst_0:OUT3 (r)
               +     3.902          Clock generation
  23.902                       
               +     0.882          net: CLOCKS_AND_RESETS_0/CCC_FIC_x_CLK/PF_CCC_C0_0/pll_inst_0_clkint_12
  24.784                       CLOCKS_AND_RESETS_0/CCC_FIC_x_CLK/PF_CCC_C0_0/clkint_12_1:A (r)
               +     0.211          cell: ADLIB:ICB_CLKINT
  24.995                       CLOCKS_AND_RESETS_0/CCC_FIC_x_CLK/PF_CCC_C0_0/clkint_12_1:Y (r)
               +     0.132          net: CLOCKS_AND_RESETS_0/CCC_FIC_x_CLK/PF_CCC_C0_0/clkint_12_NET
  25.127                       CLOCKS_AND_RESETS_0/CCC_FIC_x_CLK/PF_CCC_C0_0/clkint_12:A (r)
               +     0.148          cell: ADLIB:GB
  25.275                       CLOCKS_AND_RESETS_0/CCC_FIC_x_CLK/PF_CCC_C0_0/clkint_12:Y (r)
               +     0.372          net: CLOCKS_AND_RESETS_0/CCC_FIC_x_CLK/PF_CCC_C0_0/clkint_12/U0_Y
  25.647                       CLOCKS_AND_RESETS_0/CCC_FIC_x_CLK/PF_CCC_C0_0/clkint_12/U0_RGB1_RGB0:A (r)
               +     0.052          cell: ADLIB:RGB
  25.699                       CLOCKS_AND_RESETS_0/CCC_FIC_x_CLK/PF_CCC_C0_0/clkint_12/U0_RGB1_RGB0:Y (f)
               +     0.425          net: CLOCKS_AND_RESETS_0/CCC_FIC_x_CLK/PF_CCC_C0_0/clkint_12/U0_RGB1_RGB0_rgb_net_1
  26.124                       FIC_3_PERIPHERALS_0/SPI_FOR_7_SEG_0/SPI_FOR_7_SEG_0/USPI/UCC/stxp_lastframe:CLK (r)
               +     0.571          
  26.695                       clock reconvergence pessimism
               -     0.135          
  26.560                       clock jitter
               -     0.209          Library recovery time: ADLIB:SLE
  26.351                       FIC_3_PERIPHERALS_0/SPI_FOR_7_SEG_0/SPI_FOR_7_SEG_0/USPI/UCC/stxp_lastframe:ALn
                                    
  26.351                       data required time


Operating Conditions : slow_lv_ht

END SET Register to Asynchronous

----------------------------------------------------

SET External Recovery

Path 1
  From: SWITCH2
  To:   CLOCKS_AND_RESETS_0/RESET_FIC_3_CLK/CORERESET_0/dff_12[0]:ALn
  Delay (ns):              9.015
  Arrival (ns):            9.015
  Recovery (ns):           0.196
  External Recovery (ns):   3.243
  Operating Conditions: slow_lv_ht

Path 2
  From: SWITCH2
  To:   CLOCKS_AND_RESETS_0/RESET_FIC_3_CLK/CORERESET_0/dff_11[0]:ALn
  Delay (ns):              9.015
  Arrival (ns):            9.015
  Recovery (ns):           0.196
  External Recovery (ns):   3.243
  Operating Conditions: slow_lv_ht

Path 3
  From: SWITCH2
  To:   CLOCKS_AND_RESETS_0/RESET_FIC_3_CLK/CORERESET_0/dff_13[0]:ALn
  Delay (ns):              9.014
  Arrival (ns):            9.014
  Recovery (ns):           0.196
  External Recovery (ns):   3.242
  Operating Conditions: slow_lv_ht

Path 4
  From: SWITCH2
  To:   CLOCKS_AND_RESETS_0/RESET_FIC_3_CLK/CORERESET_0/dff_15[0]:ALn
  Delay (ns):              9.013
  Arrival (ns):            9.013
  Recovery (ns):           0.196
  External Recovery (ns):   3.241
  Operating Conditions: slow_lv_ht

Path 5
  From: SWITCH2
  To:   CLOCKS_AND_RESETS_0/RESET_FIC_3_CLK/CORERESET_0/dff_14[0]:ALn
  Delay (ns):              9.013
  Arrival (ns):            9.013
  Recovery (ns):           0.196
  External Recovery (ns):   3.241
  Operating Conditions: slow_lv_ht


Expanded Path 1
  From: SWITCH2
  To: CLOCKS_AND_RESETS_0/RESET_FIC_3_CLK/CORERESET_0/dff_12[0]:ALn
  data required time                                    N/C
  data arrival time                          -        9.015
  slack                                                 N/C
  ________________________________________________________
  Data arrival time calculation
  0.000                        SWITCH2 (r)
               +     0.000          net: SWITCH2
  0.000                        SWITCH2_ibuf/U_IOPAD:PAD (r)
               +     0.610          cell: ADLIB:IOPAD_IN
  0.610                        SWITCH2_ibuf/U_IOPAD:Y (r)
               +     0.000          net: SWITCH2_ibuf/YIN
  0.610                        SWITCH2_ibuf/U_IOIN:YIN (r)
               +     0.336          cell: ADLIB:IOIN_IB_E
  0.946                        SWITCH2_ibuf/U_IOIN:Y (r)
               +     4.462          net: SWITCH2_c
  5.408                        CLOCKS_AND_RESETS_0/AND3_0:A (r)
               +     0.156          cell: ADLIB:CFG3
  5.564                        CLOCKS_AND_RESETS_0/AND3_0:Y (r)
               +     1.593          net: CLOCKS_AND_RESETS_0/AND3_0_Y
  7.157                        CLOCKS_AND_RESETS_0/RESET_FIC_0_CLK/CORERESET_0/un1_EXT_RST_N_2:C (r)
               +     0.053          cell: ADLIB:CFG3
  7.210                        CLOCKS_AND_RESETS_0/RESET_FIC_0_CLK/CORERESET_0/un1_EXT_RST_N_2:Y (r)
               +     1.805          net: CLOCKS_AND_RESETS_0/un1_EXT_RST_N_2
  9.015                        CLOCKS_AND_RESETS_0/RESET_FIC_3_CLK/CORERESET_0/dff_12[0]:ALn (r)
                                    
  9.015                        data arrival time
  ________________________________________________________
  Data required time calculation
  N/C                          CLOCKS_AND_RESETS_0/CCC_FIC_x_CLK/PF_CCC_C0_0/pll_inst_0/OUT3
               +     0.000          Clock source
  N/C                          CLOCKS_AND_RESETS_0/CCC_FIC_x_CLK/PF_CCC_C0_0/pll_inst_0:OUT3 (r)
               +     3.902          Clock generation
  N/C                          
               +     0.882          net: CLOCKS_AND_RESETS_0/CCC_FIC_x_CLK/PF_CCC_C0_0/pll_inst_0_clkint_12
  N/C                          CLOCKS_AND_RESETS_0/CCC_FIC_x_CLK/PF_CCC_C0_0/clkint_12_1:A (r)
               +     0.211          cell: ADLIB:ICB_CLKINT
  N/C                          CLOCKS_AND_RESETS_0/CCC_FIC_x_CLK/PF_CCC_C0_0/clkint_12_1:Y (r)
               +     0.132          net: CLOCKS_AND_RESETS_0/CCC_FIC_x_CLK/PF_CCC_C0_0/clkint_12_NET
  N/C                          CLOCKS_AND_RESETS_0/CCC_FIC_x_CLK/PF_CCC_C0_0/clkint_12:A (r)
               +     0.148          cell: ADLIB:GB
  N/C                          CLOCKS_AND_RESETS_0/CCC_FIC_x_CLK/PF_CCC_C0_0/clkint_12:Y (r)
               +     0.369          net: CLOCKS_AND_RESETS_0/CCC_FIC_x_CLK/PF_CCC_C0_0/clkint_12/U0_Y
  N/C                          CLOCKS_AND_RESETS_0/CCC_FIC_x_CLK/PF_CCC_C0_0/clkint_12/U0_RGB1_RGB1:A (r)
               +     0.052          cell: ADLIB:RGB
  N/C                          CLOCKS_AND_RESETS_0/CCC_FIC_x_CLK/PF_CCC_C0_0/clkint_12/U0_RGB1_RGB1:Y (f)
               +     0.407          net: CLOCKS_AND_RESETS_0/CCC_FIC_x_CLK/PF_CCC_C0_0/clkint_12/U0_RGB1_RGB1_rgb_net_1
  N/C                          CLOCKS_AND_RESETS_0/RESET_FIC_3_CLK/CORERESET_0/dff_12[0]:CLK (r)
               -     0.135          
  N/C                          clock jitter
               -     0.196          Library recovery time: ADLIB:SLE
  N/C                          CLOCKS_AND_RESETS_0/RESET_FIC_3_CLK/CORERESET_0/dff_12[0]:ALn


Operating Conditions : slow_lv_ht

END SET External Recovery

----------------------------------------------------

SET Asynchronous to Register

No Path 

END SET Asynchronous to Register

----------------------------------------------------

Clock Domain FIC_0_PERIPHERALS_0/security_core_0/rng/neoTRNG_0/entropy_cell_gen.0.neoTRNG_cell_inst/sreg_0[0]:Q

Info: The maximum frequency of this clock domain is limited by the minimum pulse widths of pin FIC_0_PERIPHERALS_0/security_core_0/rng/neoTRNG_0/entropy_cell_gen.0.neoTRNG_cell_inst/ring_osc_gen.0.latch[0]:CLK

SET Register to Register

No Path 

END SET Register to Register

----------------------------------------------------

SET External Setup

No Path 

END SET External Setup

----------------------------------------------------

SET Clock to Output

No Path 

END SET Clock to Output

----------------------------------------------------

SET FIC_0_PERIPHERALS_0/security_core_0/rng/neoTRNG_0/entropy_cell_gen.0.neoTRNG_cell_inst/sreg_4[0]:Q to FIC_0_PERIPHERALS_0/security_core_0/rng/neoTRNG_0/entropy_cell_gen.0.neoTRNG_cell_inst/sreg_0[0]:Q

No Path 

END SET FIC_0_PERIPHERALS_0/security_core_0/rng/neoTRNG_0/entropy_cell_gen.0.neoTRNG_cell_inst/sreg_4[0]:Q to FIC_0_PERIPHERALS_0/security_core_0/rng/neoTRNG_0/entropy_cell_gen.0.neoTRNG_cell_inst/sreg_0[0]:Q

----------------------------------------------------

SET Register to Asynchronous

No Path 

END SET Register to Asynchronous

----------------------------------------------------

SET External Recovery

No Path 

END SET External Recovery

----------------------------------------------------

SET Asynchronous to Register

No Path 

END SET Asynchronous to Register

----------------------------------------------------

SET CLOCKS_AND_RESETS_0/CCC_FIC_x_CLK/PF_CCC_C0_0/pll_inst_0/OUT0 to FIC_0_PERIPHERALS_0/security_core_0/rng/neoTRNG_0/entropy_cell_gen.0.neoTRNG_cell_inst/sreg_0[0]:Q

No Path 

END SET CLOCKS_AND_RESETS_0/CCC_FIC_x_CLK/PF_CCC_C0_0/pll_inst_0/OUT0 to FIC_0_PERIPHERALS_0/security_core_0/rng/neoTRNG_0/entropy_cell_gen.0.neoTRNG_cell_inst/sreg_0[0]:Q

----------------------------------------------------

Clock Domain FIC_0_PERIPHERALS_0/security_core_0/rng/neoTRNG_0/entropy_cell_gen.0.neoTRNG_cell_inst/sreg_1[0]:Q

Info: The maximum frequency of this clock domain is limited by the minimum pulse widths of pin FIC_0_PERIPHERALS_0/security_core_0/rng/neoTRNG_0/entropy_cell_gen.0.neoTRNG_cell_inst/ring_osc_gen.1.latch[1]:CLK

SET Register to Register

No Path 

END SET Register to Register

----------------------------------------------------

SET External Setup

No Path 

END SET External Setup

----------------------------------------------------

SET Clock to Output

No Path 

END SET Clock to Output

----------------------------------------------------

SET FIC_0_PERIPHERALS_0/security_core_0/rng/neoTRNG_0/entropy_cell_gen.0.neoTRNG_cell_inst/sreg_0[0]:Q to FIC_0_PERIPHERALS_0/security_core_0/rng/neoTRNG_0/entropy_cell_gen.0.neoTRNG_cell_inst/sreg_1[0]:Q

No Path 

END SET FIC_0_PERIPHERALS_0/security_core_0/rng/neoTRNG_0/entropy_cell_gen.0.neoTRNG_cell_inst/sreg_0[0]:Q to FIC_0_PERIPHERALS_0/security_core_0/rng/neoTRNG_0/entropy_cell_gen.0.neoTRNG_cell_inst/sreg_1[0]:Q

----------------------------------------------------

SET Register to Asynchronous

No Path 

END SET Register to Asynchronous

----------------------------------------------------

SET External Recovery

No Path 

END SET External Recovery

----------------------------------------------------

SET Asynchronous to Register

No Path 

END SET Asynchronous to Register

----------------------------------------------------

SET CLOCKS_AND_RESETS_0/CCC_FIC_x_CLK/PF_CCC_C0_0/pll_inst_0/OUT0 to FIC_0_PERIPHERALS_0/security_core_0/rng/neoTRNG_0/entropy_cell_gen.0.neoTRNG_cell_inst/sreg_1[0]:Q

No Path 

END SET CLOCKS_AND_RESETS_0/CCC_FIC_x_CLK/PF_CCC_C0_0/pll_inst_0/OUT0 to FIC_0_PERIPHERALS_0/security_core_0/rng/neoTRNG_0/entropy_cell_gen.0.neoTRNG_cell_inst/sreg_1[0]:Q

----------------------------------------------------

Clock Domain FIC_0_PERIPHERALS_0/security_core_0/rng/neoTRNG_0/entropy_cell_gen.0.neoTRNG_cell_inst/sreg_2[0]:Q

Info: The maximum frequency of this clock domain is limited by the minimum pulse widths of pin FIC_0_PERIPHERALS_0/security_core_0/rng/neoTRNG_0/entropy_cell_gen.0.neoTRNG_cell_inst/ring_osc_gen.2.latch[2]:CLK

SET Register to Register

No Path 

END SET Register to Register

----------------------------------------------------

SET External Setup

No Path 

END SET External Setup

----------------------------------------------------

SET Clock to Output

No Path 

END SET Clock to Output

----------------------------------------------------

SET FIC_0_PERIPHERALS_0/security_core_0/rng/neoTRNG_0/entropy_cell_gen.0.neoTRNG_cell_inst/sreg_1[0]:Q to FIC_0_PERIPHERALS_0/security_core_0/rng/neoTRNG_0/entropy_cell_gen.0.neoTRNG_cell_inst/sreg_2[0]:Q

No Path 

END SET FIC_0_PERIPHERALS_0/security_core_0/rng/neoTRNG_0/entropy_cell_gen.0.neoTRNG_cell_inst/sreg_1[0]:Q to FIC_0_PERIPHERALS_0/security_core_0/rng/neoTRNG_0/entropy_cell_gen.0.neoTRNG_cell_inst/sreg_2[0]:Q

----------------------------------------------------

SET Register to Asynchronous

No Path 

END SET Register to Asynchronous

----------------------------------------------------

SET External Recovery

No Path 

END SET External Recovery

----------------------------------------------------

SET Asynchronous to Register

No Path 

END SET Asynchronous to Register

----------------------------------------------------

SET CLOCKS_AND_RESETS_0/CCC_FIC_x_CLK/PF_CCC_C0_0/pll_inst_0/OUT0 to FIC_0_PERIPHERALS_0/security_core_0/rng/neoTRNG_0/entropy_cell_gen.0.neoTRNG_cell_inst/sreg_2[0]:Q

No Path 

END SET CLOCKS_AND_RESETS_0/CCC_FIC_x_CLK/PF_CCC_C0_0/pll_inst_0/OUT0 to FIC_0_PERIPHERALS_0/security_core_0/rng/neoTRNG_0/entropy_cell_gen.0.neoTRNG_cell_inst/sreg_2[0]:Q

----------------------------------------------------

Clock Domain FIC_0_PERIPHERALS_0/security_core_0/rng/neoTRNG_0/entropy_cell_gen.0.neoTRNG_cell_inst/sreg_3[0]:Q

Info: The maximum frequency of this clock domain is limited by the minimum pulse widths of pin FIC_0_PERIPHERALS_0/security_core_0/rng/neoTRNG_0/entropy_cell_gen.0.neoTRNG_cell_inst/ring_osc_gen.3.latch[3]:CLK

SET Register to Register

No Path 

END SET Register to Register

----------------------------------------------------

SET External Setup

No Path 

END SET External Setup

----------------------------------------------------

SET Clock to Output

No Path 

END SET Clock to Output

----------------------------------------------------

SET FIC_0_PERIPHERALS_0/security_core_0/rng/neoTRNG_0/entropy_cell_gen.0.neoTRNG_cell_inst/sreg_2[0]:Q to FIC_0_PERIPHERALS_0/security_core_0/rng/neoTRNG_0/entropy_cell_gen.0.neoTRNG_cell_inst/sreg_3[0]:Q

No Path 

END SET FIC_0_PERIPHERALS_0/security_core_0/rng/neoTRNG_0/entropy_cell_gen.0.neoTRNG_cell_inst/sreg_2[0]:Q to FIC_0_PERIPHERALS_0/security_core_0/rng/neoTRNG_0/entropy_cell_gen.0.neoTRNG_cell_inst/sreg_3[0]:Q

----------------------------------------------------

SET Register to Asynchronous

No Path 

END SET Register to Asynchronous

----------------------------------------------------

SET External Recovery

No Path 

END SET External Recovery

----------------------------------------------------

SET Asynchronous to Register

No Path 

END SET Asynchronous to Register

----------------------------------------------------

SET CLOCKS_AND_RESETS_0/CCC_FIC_x_CLK/PF_CCC_C0_0/pll_inst_0/OUT0 to FIC_0_PERIPHERALS_0/security_core_0/rng/neoTRNG_0/entropy_cell_gen.0.neoTRNG_cell_inst/sreg_3[0]:Q

No Path 

END SET CLOCKS_AND_RESETS_0/CCC_FIC_x_CLK/PF_CCC_C0_0/pll_inst_0/OUT0 to FIC_0_PERIPHERALS_0/security_core_0/rng/neoTRNG_0/entropy_cell_gen.0.neoTRNG_cell_inst/sreg_3[0]:Q

----------------------------------------------------

Clock Domain FIC_0_PERIPHERALS_0/security_core_0/rng/neoTRNG_0/entropy_cell_gen.0.neoTRNG_cell_inst/sreg_4[0]:Q

Info: The maximum frequency of this clock domain is limited by the minimum pulse widths of pin FIC_0_PERIPHERALS_0/security_core_0/rng/neoTRNG_0/entropy_cell_gen.0.neoTRNG_cell_inst/ring_osc_gen.4.latch[4]:CLK

SET Register to Register

No Path 

END SET Register to Register

----------------------------------------------------

SET External Setup

No Path 

END SET External Setup

----------------------------------------------------

SET Clock to Output

No Path 

END SET Clock to Output

----------------------------------------------------

SET FIC_0_PERIPHERALS_0/security_core_0/rng/neoTRNG_0/entropy_cell_gen.0.neoTRNG_cell_inst/sreg_3[0]:Q to FIC_0_PERIPHERALS_0/security_core_0/rng/neoTRNG_0/entropy_cell_gen.0.neoTRNG_cell_inst/sreg_4[0]:Q

No Path 

END SET FIC_0_PERIPHERALS_0/security_core_0/rng/neoTRNG_0/entropy_cell_gen.0.neoTRNG_cell_inst/sreg_3[0]:Q to FIC_0_PERIPHERALS_0/security_core_0/rng/neoTRNG_0/entropy_cell_gen.0.neoTRNG_cell_inst/sreg_4[0]:Q

----------------------------------------------------

SET Register to Asynchronous

No Path 

END SET Register to Asynchronous

----------------------------------------------------

SET External Recovery

No Path 

END SET External Recovery

----------------------------------------------------

SET Asynchronous to Register

No Path 

END SET Asynchronous to Register

----------------------------------------------------

SET CLOCKS_AND_RESETS_0/CCC_FIC_x_CLK/PF_CCC_C0_0/pll_inst_0/OUT0 to FIC_0_PERIPHERALS_0/security_core_0/rng/neoTRNG_0/entropy_cell_gen.0.neoTRNG_cell_inst/sreg_4[0]:Q

No Path 

END SET CLOCKS_AND_RESETS_0/CCC_FIC_x_CLK/PF_CCC_C0_0/pll_inst_0/OUT0 to FIC_0_PERIPHERALS_0/security_core_0/rng/neoTRNG_0/entropy_cell_gen.0.neoTRNG_cell_inst/sreg_4[0]:Q

----------------------------------------------------

Clock Domain FIC_0_PERIPHERALS_0/security_core_0/rng/neoTRNG_0/entropy_cell_gen.1.neoTRNG_cell_inst/sreg_0[0]:Q

Info: The maximum frequency of this clock domain is limited by the minimum pulse widths of pin FIC_0_PERIPHERALS_0/security_core_0/rng/neoTRNG_0/entropy_cell_gen.1.neoTRNG_cell_inst/ring_osc_gen.0.latch[0]:CLK

SET Register to Register

No Path 

END SET Register to Register

----------------------------------------------------

SET External Setup

No Path 

END SET External Setup

----------------------------------------------------

SET Clock to Output

No Path 

END SET Clock to Output

----------------------------------------------------

SET FIC_0_PERIPHERALS_0/security_core_0/rng/neoTRNG_0/entropy_cell_gen.0.neoTRNG_cell_inst/sreg_4[0]:Q to FIC_0_PERIPHERALS_0/security_core_0/rng/neoTRNG_0/entropy_cell_gen.1.neoTRNG_cell_inst/sreg_0[0]:Q

No Path 

END SET FIC_0_PERIPHERALS_0/security_core_0/rng/neoTRNG_0/entropy_cell_gen.0.neoTRNG_cell_inst/sreg_4[0]:Q to FIC_0_PERIPHERALS_0/security_core_0/rng/neoTRNG_0/entropy_cell_gen.1.neoTRNG_cell_inst/sreg_0[0]:Q

----------------------------------------------------

SET FIC_0_PERIPHERALS_0/security_core_0/rng/neoTRNG_0/entropy_cell_gen.1.neoTRNG_cell_inst/sreg_6[0]:Q to FIC_0_PERIPHERALS_0/security_core_0/rng/neoTRNG_0/entropy_cell_gen.1.neoTRNG_cell_inst/sreg_0[0]:Q

No Path 

END SET FIC_0_PERIPHERALS_0/security_core_0/rng/neoTRNG_0/entropy_cell_gen.1.neoTRNG_cell_inst/sreg_6[0]:Q to FIC_0_PERIPHERALS_0/security_core_0/rng/neoTRNG_0/entropy_cell_gen.1.neoTRNG_cell_inst/sreg_0[0]:Q

----------------------------------------------------

SET Register to Asynchronous

No Path 

END SET Register to Asynchronous

----------------------------------------------------

SET External Recovery

No Path 

END SET External Recovery

----------------------------------------------------

SET Asynchronous to Register

No Path 

END SET Asynchronous to Register

----------------------------------------------------

SET CLOCKS_AND_RESETS_0/CCC_FIC_x_CLK/PF_CCC_C0_0/pll_inst_0/OUT0 to FIC_0_PERIPHERALS_0/security_core_0/rng/neoTRNG_0/entropy_cell_gen.1.neoTRNG_cell_inst/sreg_0[0]:Q

No Path 

END SET CLOCKS_AND_RESETS_0/CCC_FIC_x_CLK/PF_CCC_C0_0/pll_inst_0/OUT0 to FIC_0_PERIPHERALS_0/security_core_0/rng/neoTRNG_0/entropy_cell_gen.1.neoTRNG_cell_inst/sreg_0[0]:Q

----------------------------------------------------

Clock Domain FIC_0_PERIPHERALS_0/security_core_0/rng/neoTRNG_0/entropy_cell_gen.1.neoTRNG_cell_inst/sreg_1[0]:Q

Info: The maximum frequency of this clock domain is limited by the minimum pulse widths of pin FIC_0_PERIPHERALS_0/security_core_0/rng/neoTRNG_0/entropy_cell_gen.1.neoTRNG_cell_inst/ring_osc_gen.1.latch[1]:CLK

SET Register to Register

No Path 

END SET Register to Register

----------------------------------------------------

SET External Setup

No Path 

END SET External Setup

----------------------------------------------------

SET Clock to Output

No Path 

END SET Clock to Output

----------------------------------------------------

SET FIC_0_PERIPHERALS_0/security_core_0/rng/neoTRNG_0/entropy_cell_gen.0.neoTRNG_cell_inst/sreg_4[0]:Q to FIC_0_PERIPHERALS_0/security_core_0/rng/neoTRNG_0/entropy_cell_gen.1.neoTRNG_cell_inst/sreg_1[0]:Q

No Path 

END SET FIC_0_PERIPHERALS_0/security_core_0/rng/neoTRNG_0/entropy_cell_gen.0.neoTRNG_cell_inst/sreg_4[0]:Q to FIC_0_PERIPHERALS_0/security_core_0/rng/neoTRNG_0/entropy_cell_gen.1.neoTRNG_cell_inst/sreg_1[0]:Q

----------------------------------------------------

SET FIC_0_PERIPHERALS_0/security_core_0/rng/neoTRNG_0/entropy_cell_gen.1.neoTRNG_cell_inst/sreg_0[0]:Q to FIC_0_PERIPHERALS_0/security_core_0/rng/neoTRNG_0/entropy_cell_gen.1.neoTRNG_cell_inst/sreg_1[0]:Q

No Path 

END SET FIC_0_PERIPHERALS_0/security_core_0/rng/neoTRNG_0/entropy_cell_gen.1.neoTRNG_cell_inst/sreg_0[0]:Q to FIC_0_PERIPHERALS_0/security_core_0/rng/neoTRNG_0/entropy_cell_gen.1.neoTRNG_cell_inst/sreg_1[0]:Q

----------------------------------------------------

SET Register to Asynchronous

No Path 

END SET Register to Asynchronous

----------------------------------------------------

SET External Recovery

No Path 

END SET External Recovery

----------------------------------------------------

SET Asynchronous to Register

No Path 

END SET Asynchronous to Register

----------------------------------------------------

SET CLOCKS_AND_RESETS_0/CCC_FIC_x_CLK/PF_CCC_C0_0/pll_inst_0/OUT0 to FIC_0_PERIPHERALS_0/security_core_0/rng/neoTRNG_0/entropy_cell_gen.1.neoTRNG_cell_inst/sreg_1[0]:Q

No Path 

END SET CLOCKS_AND_RESETS_0/CCC_FIC_x_CLK/PF_CCC_C0_0/pll_inst_0/OUT0 to FIC_0_PERIPHERALS_0/security_core_0/rng/neoTRNG_0/entropy_cell_gen.1.neoTRNG_cell_inst/sreg_1[0]:Q

----------------------------------------------------

Clock Domain FIC_0_PERIPHERALS_0/security_core_0/rng/neoTRNG_0/entropy_cell_gen.1.neoTRNG_cell_inst/sreg_2[0]:Q

Info: The maximum frequency of this clock domain is limited by the minimum pulse widths of pin FIC_0_PERIPHERALS_0/security_core_0/rng/neoTRNG_0/entropy_cell_gen.1.neoTRNG_cell_inst/ring_osc_gen.2.latch[2]:CLK

SET Register to Register

No Path 

END SET Register to Register

----------------------------------------------------

SET External Setup

No Path 

END SET External Setup

----------------------------------------------------

SET Clock to Output

No Path 

END SET Clock to Output

----------------------------------------------------

SET FIC_0_PERIPHERALS_0/security_core_0/rng/neoTRNG_0/entropy_cell_gen.0.neoTRNG_cell_inst/sreg_4[0]:Q to FIC_0_PERIPHERALS_0/security_core_0/rng/neoTRNG_0/entropy_cell_gen.1.neoTRNG_cell_inst/sreg_2[0]:Q

No Path 

END SET FIC_0_PERIPHERALS_0/security_core_0/rng/neoTRNG_0/entropy_cell_gen.0.neoTRNG_cell_inst/sreg_4[0]:Q to FIC_0_PERIPHERALS_0/security_core_0/rng/neoTRNG_0/entropy_cell_gen.1.neoTRNG_cell_inst/sreg_2[0]:Q

----------------------------------------------------

SET FIC_0_PERIPHERALS_0/security_core_0/rng/neoTRNG_0/entropy_cell_gen.1.neoTRNG_cell_inst/sreg_1[0]:Q to FIC_0_PERIPHERALS_0/security_core_0/rng/neoTRNG_0/entropy_cell_gen.1.neoTRNG_cell_inst/sreg_2[0]:Q

No Path 

END SET FIC_0_PERIPHERALS_0/security_core_0/rng/neoTRNG_0/entropy_cell_gen.1.neoTRNG_cell_inst/sreg_1[0]:Q to FIC_0_PERIPHERALS_0/security_core_0/rng/neoTRNG_0/entropy_cell_gen.1.neoTRNG_cell_inst/sreg_2[0]:Q

----------------------------------------------------

SET Register to Asynchronous

No Path 

END SET Register to Asynchronous

----------------------------------------------------

SET External Recovery

No Path 

END SET External Recovery

----------------------------------------------------

SET Asynchronous to Register

No Path 

END SET Asynchronous to Register

----------------------------------------------------

SET CLOCKS_AND_RESETS_0/CCC_FIC_x_CLK/PF_CCC_C0_0/pll_inst_0/OUT0 to FIC_0_PERIPHERALS_0/security_core_0/rng/neoTRNG_0/entropy_cell_gen.1.neoTRNG_cell_inst/sreg_2[0]:Q

No Path 

END SET CLOCKS_AND_RESETS_0/CCC_FIC_x_CLK/PF_CCC_C0_0/pll_inst_0/OUT0 to FIC_0_PERIPHERALS_0/security_core_0/rng/neoTRNG_0/entropy_cell_gen.1.neoTRNG_cell_inst/sreg_2[0]:Q

----------------------------------------------------

Clock Domain FIC_0_PERIPHERALS_0/security_core_0/rng/neoTRNG_0/entropy_cell_gen.1.neoTRNG_cell_inst/sreg_3[0]:Q

Info: The maximum frequency of this clock domain is limited by the minimum pulse widths of pin FIC_0_PERIPHERALS_0/security_core_0/rng/neoTRNG_0/entropy_cell_gen.1.neoTRNG_cell_inst/ring_osc_gen.3.latch[3]:CLK

SET Register to Register

No Path 

END SET Register to Register

----------------------------------------------------

SET External Setup

No Path 

END SET External Setup

----------------------------------------------------

SET Clock to Output

No Path 

END SET Clock to Output

----------------------------------------------------

SET FIC_0_PERIPHERALS_0/security_core_0/rng/neoTRNG_0/entropy_cell_gen.0.neoTRNG_cell_inst/sreg_4[0]:Q to FIC_0_PERIPHERALS_0/security_core_0/rng/neoTRNG_0/entropy_cell_gen.1.neoTRNG_cell_inst/sreg_3[0]:Q

No Path 

END SET FIC_0_PERIPHERALS_0/security_core_0/rng/neoTRNG_0/entropy_cell_gen.0.neoTRNG_cell_inst/sreg_4[0]:Q to FIC_0_PERIPHERALS_0/security_core_0/rng/neoTRNG_0/entropy_cell_gen.1.neoTRNG_cell_inst/sreg_3[0]:Q

----------------------------------------------------

SET FIC_0_PERIPHERALS_0/security_core_0/rng/neoTRNG_0/entropy_cell_gen.1.neoTRNG_cell_inst/sreg_2[0]:Q to FIC_0_PERIPHERALS_0/security_core_0/rng/neoTRNG_0/entropy_cell_gen.1.neoTRNG_cell_inst/sreg_3[0]:Q

No Path 

END SET FIC_0_PERIPHERALS_0/security_core_0/rng/neoTRNG_0/entropy_cell_gen.1.neoTRNG_cell_inst/sreg_2[0]:Q to FIC_0_PERIPHERALS_0/security_core_0/rng/neoTRNG_0/entropy_cell_gen.1.neoTRNG_cell_inst/sreg_3[0]:Q

----------------------------------------------------

SET Register to Asynchronous

No Path 

END SET Register to Asynchronous

----------------------------------------------------

SET External Recovery

No Path 

END SET External Recovery

----------------------------------------------------

SET Asynchronous to Register

No Path 

END SET Asynchronous to Register

----------------------------------------------------

SET CLOCKS_AND_RESETS_0/CCC_FIC_x_CLK/PF_CCC_C0_0/pll_inst_0/OUT0 to FIC_0_PERIPHERALS_0/security_core_0/rng/neoTRNG_0/entropy_cell_gen.1.neoTRNG_cell_inst/sreg_3[0]:Q

No Path 

END SET CLOCKS_AND_RESETS_0/CCC_FIC_x_CLK/PF_CCC_C0_0/pll_inst_0/OUT0 to FIC_0_PERIPHERALS_0/security_core_0/rng/neoTRNG_0/entropy_cell_gen.1.neoTRNG_cell_inst/sreg_3[0]:Q

----------------------------------------------------

Clock Domain FIC_0_PERIPHERALS_0/security_core_0/rng/neoTRNG_0/entropy_cell_gen.1.neoTRNG_cell_inst/sreg_4[0]:Q

Info: The maximum frequency of this clock domain is limited by the minimum pulse widths of pin FIC_0_PERIPHERALS_0/security_core_0/rng/neoTRNG_0/entropy_cell_gen.1.neoTRNG_cell_inst/ring_osc_gen.4.latch[4]:CLK

SET Register to Register

No Path 

END SET Register to Register

----------------------------------------------------

SET External Setup

No Path 

END SET External Setup

----------------------------------------------------

SET Clock to Output

No Path 

END SET Clock to Output

----------------------------------------------------

SET FIC_0_PERIPHERALS_0/security_core_0/rng/neoTRNG_0/entropy_cell_gen.0.neoTRNG_cell_inst/sreg_4[0]:Q to FIC_0_PERIPHERALS_0/security_core_0/rng/neoTRNG_0/entropy_cell_gen.1.neoTRNG_cell_inst/sreg_4[0]:Q

No Path 

END SET FIC_0_PERIPHERALS_0/security_core_0/rng/neoTRNG_0/entropy_cell_gen.0.neoTRNG_cell_inst/sreg_4[0]:Q to FIC_0_PERIPHERALS_0/security_core_0/rng/neoTRNG_0/entropy_cell_gen.1.neoTRNG_cell_inst/sreg_4[0]:Q

----------------------------------------------------

SET FIC_0_PERIPHERALS_0/security_core_0/rng/neoTRNG_0/entropy_cell_gen.1.neoTRNG_cell_inst/sreg_3[0]:Q to FIC_0_PERIPHERALS_0/security_core_0/rng/neoTRNG_0/entropy_cell_gen.1.neoTRNG_cell_inst/sreg_4[0]:Q

No Path 

END SET FIC_0_PERIPHERALS_0/security_core_0/rng/neoTRNG_0/entropy_cell_gen.1.neoTRNG_cell_inst/sreg_3[0]:Q to FIC_0_PERIPHERALS_0/security_core_0/rng/neoTRNG_0/entropy_cell_gen.1.neoTRNG_cell_inst/sreg_4[0]:Q

----------------------------------------------------

SET Register to Asynchronous

No Path 

END SET Register to Asynchronous

----------------------------------------------------

SET External Recovery

No Path 

END SET External Recovery

----------------------------------------------------

SET Asynchronous to Register

No Path 

END SET Asynchronous to Register

----------------------------------------------------

SET CLOCKS_AND_RESETS_0/CCC_FIC_x_CLK/PF_CCC_C0_0/pll_inst_0/OUT0 to FIC_0_PERIPHERALS_0/security_core_0/rng/neoTRNG_0/entropy_cell_gen.1.neoTRNG_cell_inst/sreg_4[0]:Q

No Path 

END SET CLOCKS_AND_RESETS_0/CCC_FIC_x_CLK/PF_CCC_C0_0/pll_inst_0/OUT0 to FIC_0_PERIPHERALS_0/security_core_0/rng/neoTRNG_0/entropy_cell_gen.1.neoTRNG_cell_inst/sreg_4[0]:Q

----------------------------------------------------

Clock Domain FIC_0_PERIPHERALS_0/security_core_0/rng/neoTRNG_0/entropy_cell_gen.1.neoTRNG_cell_inst/sreg_5[0]:Q

Info: The maximum frequency of this clock domain is limited by the minimum pulse widths of pin FIC_0_PERIPHERALS_0/security_core_0/rng/neoTRNG_0/entropy_cell_gen.1.neoTRNG_cell_inst/ring_osc_gen.5.latch[5]:CLK

SET Register to Register

No Path 

END SET Register to Register

----------------------------------------------------

SET External Setup

No Path 

END SET External Setup

----------------------------------------------------

SET Clock to Output

No Path 

END SET Clock to Output

----------------------------------------------------

SET FIC_0_PERIPHERALS_0/security_core_0/rng/neoTRNG_0/entropy_cell_gen.0.neoTRNG_cell_inst/sreg_4[0]:Q to FIC_0_PERIPHERALS_0/security_core_0/rng/neoTRNG_0/entropy_cell_gen.1.neoTRNG_cell_inst/sreg_5[0]:Q

No Path 

END SET FIC_0_PERIPHERALS_0/security_core_0/rng/neoTRNG_0/entropy_cell_gen.0.neoTRNG_cell_inst/sreg_4[0]:Q to FIC_0_PERIPHERALS_0/security_core_0/rng/neoTRNG_0/entropy_cell_gen.1.neoTRNG_cell_inst/sreg_5[0]:Q

----------------------------------------------------

SET FIC_0_PERIPHERALS_0/security_core_0/rng/neoTRNG_0/entropy_cell_gen.1.neoTRNG_cell_inst/sreg_4[0]:Q to FIC_0_PERIPHERALS_0/security_core_0/rng/neoTRNG_0/entropy_cell_gen.1.neoTRNG_cell_inst/sreg_5[0]:Q

No Path 

END SET FIC_0_PERIPHERALS_0/security_core_0/rng/neoTRNG_0/entropy_cell_gen.1.neoTRNG_cell_inst/sreg_4[0]:Q to FIC_0_PERIPHERALS_0/security_core_0/rng/neoTRNG_0/entropy_cell_gen.1.neoTRNG_cell_inst/sreg_5[0]:Q

----------------------------------------------------

SET Register to Asynchronous

No Path 

END SET Register to Asynchronous

----------------------------------------------------

SET External Recovery

No Path 

END SET External Recovery

----------------------------------------------------

SET Asynchronous to Register

No Path 

END SET Asynchronous to Register

----------------------------------------------------

SET CLOCKS_AND_RESETS_0/CCC_FIC_x_CLK/PF_CCC_C0_0/pll_inst_0/OUT0 to FIC_0_PERIPHERALS_0/security_core_0/rng/neoTRNG_0/entropy_cell_gen.1.neoTRNG_cell_inst/sreg_5[0]:Q

No Path 

END SET CLOCKS_AND_RESETS_0/CCC_FIC_x_CLK/PF_CCC_C0_0/pll_inst_0/OUT0 to FIC_0_PERIPHERALS_0/security_core_0/rng/neoTRNG_0/entropy_cell_gen.1.neoTRNG_cell_inst/sreg_5[0]:Q

----------------------------------------------------

Clock Domain FIC_0_PERIPHERALS_0/security_core_0/rng/neoTRNG_0/entropy_cell_gen.1.neoTRNG_cell_inst/sreg_6[0]:Q

Info: The maximum frequency of this clock domain is limited by the minimum pulse widths of pin FIC_0_PERIPHERALS_0/security_core_0/rng/neoTRNG_0/entropy_cell_gen.1.neoTRNG_cell_inst/ring_osc_gen.6.latch[6]:CLK

SET Register to Register

No Path 

END SET Register to Register

----------------------------------------------------

SET External Setup

No Path 

END SET External Setup

----------------------------------------------------

SET Clock to Output

No Path 

END SET Clock to Output

----------------------------------------------------

SET FIC_0_PERIPHERALS_0/security_core_0/rng/neoTRNG_0/entropy_cell_gen.0.neoTRNG_cell_inst/sreg_4[0]:Q to FIC_0_PERIPHERALS_0/security_core_0/rng/neoTRNG_0/entropy_cell_gen.1.neoTRNG_cell_inst/sreg_6[0]:Q

No Path 

END SET FIC_0_PERIPHERALS_0/security_core_0/rng/neoTRNG_0/entropy_cell_gen.0.neoTRNG_cell_inst/sreg_4[0]:Q to FIC_0_PERIPHERALS_0/security_core_0/rng/neoTRNG_0/entropy_cell_gen.1.neoTRNG_cell_inst/sreg_6[0]:Q

----------------------------------------------------

SET FIC_0_PERIPHERALS_0/security_core_0/rng/neoTRNG_0/entropy_cell_gen.1.neoTRNG_cell_inst/sreg_5[0]:Q to FIC_0_PERIPHERALS_0/security_core_0/rng/neoTRNG_0/entropy_cell_gen.1.neoTRNG_cell_inst/sreg_6[0]:Q

No Path 

END SET FIC_0_PERIPHERALS_0/security_core_0/rng/neoTRNG_0/entropy_cell_gen.1.neoTRNG_cell_inst/sreg_5[0]:Q to FIC_0_PERIPHERALS_0/security_core_0/rng/neoTRNG_0/entropy_cell_gen.1.neoTRNG_cell_inst/sreg_6[0]:Q

----------------------------------------------------

SET Register to Asynchronous

No Path 

END SET Register to Asynchronous

----------------------------------------------------

SET External Recovery

No Path 

END SET External Recovery

----------------------------------------------------

SET Asynchronous to Register

No Path 

END SET Asynchronous to Register

----------------------------------------------------

SET CLOCKS_AND_RESETS_0/CCC_FIC_x_CLK/PF_CCC_C0_0/pll_inst_0/OUT0 to FIC_0_PERIPHERALS_0/security_core_0/rng/neoTRNG_0/entropy_cell_gen.1.neoTRNG_cell_inst/sreg_6[0]:Q

No Path 

END SET CLOCKS_AND_RESETS_0/CCC_FIC_x_CLK/PF_CCC_C0_0/pll_inst_0/OUT0 to FIC_0_PERIPHERALS_0/security_core_0/rng/neoTRNG_0/entropy_cell_gen.1.neoTRNG_cell_inst/sreg_6[0]:Q

----------------------------------------------------

Clock Domain FIC_0_PERIPHERALS_0/security_core_0/rng/neoTRNG_0/entropy_cell_gen.2.neoTRNG_cell_inst/sreg_0[0]:Q

Info: The maximum frequency of this clock domain is limited by the minimum pulse widths of pin FIC_0_PERIPHERALS_0/security_core_0/rng/neoTRNG_0/entropy_cell_gen.2.neoTRNG_cell_inst/ring_osc_gen.0.latch[0]:CLK

SET Register to Register

No Path 

END SET Register to Register

----------------------------------------------------

SET External Setup

No Path 

END SET External Setup

----------------------------------------------------

SET Clock to Output

No Path 

END SET Clock to Output

----------------------------------------------------

SET FIC_0_PERIPHERALS_0/security_core_0/rng/neoTRNG_0/entropy_cell_gen.1.neoTRNG_cell_inst/sreg_6[0]:Q to FIC_0_PERIPHERALS_0/security_core_0/rng/neoTRNG_0/entropy_cell_gen.2.neoTRNG_cell_inst/sreg_0[0]:Q

No Path 

END SET FIC_0_PERIPHERALS_0/security_core_0/rng/neoTRNG_0/entropy_cell_gen.1.neoTRNG_cell_inst/sreg_6[0]:Q to FIC_0_PERIPHERALS_0/security_core_0/rng/neoTRNG_0/entropy_cell_gen.2.neoTRNG_cell_inst/sreg_0[0]:Q

----------------------------------------------------

SET FIC_0_PERIPHERALS_0/security_core_0/rng/neoTRNG_0/entropy_cell_gen.2.neoTRNG_cell_inst/sreg_8[0]:Q to FIC_0_PERIPHERALS_0/security_core_0/rng/neoTRNG_0/entropy_cell_gen.2.neoTRNG_cell_inst/sreg_0[0]:Q

No Path 

END SET FIC_0_PERIPHERALS_0/security_core_0/rng/neoTRNG_0/entropy_cell_gen.2.neoTRNG_cell_inst/sreg_8[0]:Q to FIC_0_PERIPHERALS_0/security_core_0/rng/neoTRNG_0/entropy_cell_gen.2.neoTRNG_cell_inst/sreg_0[0]:Q

----------------------------------------------------

SET Register to Asynchronous

No Path 

END SET Register to Asynchronous

----------------------------------------------------

SET External Recovery

No Path 

END SET External Recovery

----------------------------------------------------

SET Asynchronous to Register

No Path 

END SET Asynchronous to Register

----------------------------------------------------

SET CLOCKS_AND_RESETS_0/CCC_FIC_x_CLK/PF_CCC_C0_0/pll_inst_0/OUT0 to FIC_0_PERIPHERALS_0/security_core_0/rng/neoTRNG_0/entropy_cell_gen.2.neoTRNG_cell_inst/sreg_0[0]:Q

No Path 

END SET CLOCKS_AND_RESETS_0/CCC_FIC_x_CLK/PF_CCC_C0_0/pll_inst_0/OUT0 to FIC_0_PERIPHERALS_0/security_core_0/rng/neoTRNG_0/entropy_cell_gen.2.neoTRNG_cell_inst/sreg_0[0]:Q

----------------------------------------------------

Clock Domain FIC_0_PERIPHERALS_0/security_core_0/rng/neoTRNG_0/entropy_cell_gen.2.neoTRNG_cell_inst/sreg_1[0]:Q

Info: The maximum frequency of this clock domain is limited by the minimum pulse widths of pin FIC_0_PERIPHERALS_0/security_core_0/rng/neoTRNG_0/entropy_cell_gen.2.neoTRNG_cell_inst/ring_osc_gen.1.latch[1]:CLK

SET Register to Register

No Path 

END SET Register to Register

----------------------------------------------------

SET External Setup

No Path 

END SET External Setup

----------------------------------------------------

SET Clock to Output

No Path 

END SET Clock to Output

----------------------------------------------------

SET FIC_0_PERIPHERALS_0/security_core_0/rng/neoTRNG_0/entropy_cell_gen.1.neoTRNG_cell_inst/sreg_6[0]:Q to FIC_0_PERIPHERALS_0/security_core_0/rng/neoTRNG_0/entropy_cell_gen.2.neoTRNG_cell_inst/sreg_1[0]:Q

No Path 

END SET FIC_0_PERIPHERALS_0/security_core_0/rng/neoTRNG_0/entropy_cell_gen.1.neoTRNG_cell_inst/sreg_6[0]:Q to FIC_0_PERIPHERALS_0/security_core_0/rng/neoTRNG_0/entropy_cell_gen.2.neoTRNG_cell_inst/sreg_1[0]:Q

----------------------------------------------------

SET FIC_0_PERIPHERALS_0/security_core_0/rng/neoTRNG_0/entropy_cell_gen.2.neoTRNG_cell_inst/sreg_0[0]:Q to FIC_0_PERIPHERALS_0/security_core_0/rng/neoTRNG_0/entropy_cell_gen.2.neoTRNG_cell_inst/sreg_1[0]:Q

No Path 

END SET FIC_0_PERIPHERALS_0/security_core_0/rng/neoTRNG_0/entropy_cell_gen.2.neoTRNG_cell_inst/sreg_0[0]:Q to FIC_0_PERIPHERALS_0/security_core_0/rng/neoTRNG_0/entropy_cell_gen.2.neoTRNG_cell_inst/sreg_1[0]:Q

----------------------------------------------------

SET Register to Asynchronous

No Path 

END SET Register to Asynchronous

----------------------------------------------------

SET External Recovery

No Path 

END SET External Recovery

----------------------------------------------------

SET Asynchronous to Register

No Path 

END SET Asynchronous to Register

----------------------------------------------------

SET CLOCKS_AND_RESETS_0/CCC_FIC_x_CLK/PF_CCC_C0_0/pll_inst_0/OUT0 to FIC_0_PERIPHERALS_0/security_core_0/rng/neoTRNG_0/entropy_cell_gen.2.neoTRNG_cell_inst/sreg_1[0]:Q

No Path 

END SET CLOCKS_AND_RESETS_0/CCC_FIC_x_CLK/PF_CCC_C0_0/pll_inst_0/OUT0 to FIC_0_PERIPHERALS_0/security_core_0/rng/neoTRNG_0/entropy_cell_gen.2.neoTRNG_cell_inst/sreg_1[0]:Q

----------------------------------------------------

Clock Domain FIC_0_PERIPHERALS_0/security_core_0/rng/neoTRNG_0/entropy_cell_gen.2.neoTRNG_cell_inst/sreg_2[0]:Q

Info: The maximum frequency of this clock domain is limited by the minimum pulse widths of pin FIC_0_PERIPHERALS_0/security_core_0/rng/neoTRNG_0/entropy_cell_gen.2.neoTRNG_cell_inst/ring_osc_gen.2.latch[2]:CLK

SET Register to Register

No Path 

END SET Register to Register

----------------------------------------------------

SET External Setup

No Path 

END SET External Setup

----------------------------------------------------

SET Clock to Output

No Path 

END SET Clock to Output

----------------------------------------------------

SET FIC_0_PERIPHERALS_0/security_core_0/rng/neoTRNG_0/entropy_cell_gen.1.neoTRNG_cell_inst/sreg_6[0]:Q to FIC_0_PERIPHERALS_0/security_core_0/rng/neoTRNG_0/entropy_cell_gen.2.neoTRNG_cell_inst/sreg_2[0]:Q

No Path 

END SET FIC_0_PERIPHERALS_0/security_core_0/rng/neoTRNG_0/entropy_cell_gen.1.neoTRNG_cell_inst/sreg_6[0]:Q to FIC_0_PERIPHERALS_0/security_core_0/rng/neoTRNG_0/entropy_cell_gen.2.neoTRNG_cell_inst/sreg_2[0]:Q

----------------------------------------------------

SET FIC_0_PERIPHERALS_0/security_core_0/rng/neoTRNG_0/entropy_cell_gen.2.neoTRNG_cell_inst/sreg_1[0]:Q to FIC_0_PERIPHERALS_0/security_core_0/rng/neoTRNG_0/entropy_cell_gen.2.neoTRNG_cell_inst/sreg_2[0]:Q

No Path 

END SET FIC_0_PERIPHERALS_0/security_core_0/rng/neoTRNG_0/entropy_cell_gen.2.neoTRNG_cell_inst/sreg_1[0]:Q to FIC_0_PERIPHERALS_0/security_core_0/rng/neoTRNG_0/entropy_cell_gen.2.neoTRNG_cell_inst/sreg_2[0]:Q

----------------------------------------------------

SET Register to Asynchronous

No Path 

END SET Register to Asynchronous

----------------------------------------------------

SET External Recovery

No Path 

END SET External Recovery

----------------------------------------------------

SET Asynchronous to Register

No Path 

END SET Asynchronous to Register

----------------------------------------------------

SET CLOCKS_AND_RESETS_0/CCC_FIC_x_CLK/PF_CCC_C0_0/pll_inst_0/OUT0 to FIC_0_PERIPHERALS_0/security_core_0/rng/neoTRNG_0/entropy_cell_gen.2.neoTRNG_cell_inst/sreg_2[0]:Q

No Path 

END SET CLOCKS_AND_RESETS_0/CCC_FIC_x_CLK/PF_CCC_C0_0/pll_inst_0/OUT0 to FIC_0_PERIPHERALS_0/security_core_0/rng/neoTRNG_0/entropy_cell_gen.2.neoTRNG_cell_inst/sreg_2[0]:Q

----------------------------------------------------

Clock Domain FIC_0_PERIPHERALS_0/security_core_0/rng/neoTRNG_0/entropy_cell_gen.2.neoTRNG_cell_inst/sreg_3[0]:Q

Info: The maximum frequency of this clock domain is limited by the minimum pulse widths of pin FIC_0_PERIPHERALS_0/security_core_0/rng/neoTRNG_0/entropy_cell_gen.2.neoTRNG_cell_inst/ring_osc_gen.3.latch[3]:CLK

SET Register to Register

No Path 

END SET Register to Register

----------------------------------------------------

SET External Setup

No Path 

END SET External Setup

----------------------------------------------------

SET Clock to Output

No Path 

END SET Clock to Output

----------------------------------------------------

SET FIC_0_PERIPHERALS_0/security_core_0/rng/neoTRNG_0/entropy_cell_gen.1.neoTRNG_cell_inst/sreg_6[0]:Q to FIC_0_PERIPHERALS_0/security_core_0/rng/neoTRNG_0/entropy_cell_gen.2.neoTRNG_cell_inst/sreg_3[0]:Q

No Path 

END SET FIC_0_PERIPHERALS_0/security_core_0/rng/neoTRNG_0/entropy_cell_gen.1.neoTRNG_cell_inst/sreg_6[0]:Q to FIC_0_PERIPHERALS_0/security_core_0/rng/neoTRNG_0/entropy_cell_gen.2.neoTRNG_cell_inst/sreg_3[0]:Q

----------------------------------------------------

SET FIC_0_PERIPHERALS_0/security_core_0/rng/neoTRNG_0/entropy_cell_gen.2.neoTRNG_cell_inst/sreg_2[0]:Q to FIC_0_PERIPHERALS_0/security_core_0/rng/neoTRNG_0/entropy_cell_gen.2.neoTRNG_cell_inst/sreg_3[0]:Q

No Path 

END SET FIC_0_PERIPHERALS_0/security_core_0/rng/neoTRNG_0/entropy_cell_gen.2.neoTRNG_cell_inst/sreg_2[0]:Q to FIC_0_PERIPHERALS_0/security_core_0/rng/neoTRNG_0/entropy_cell_gen.2.neoTRNG_cell_inst/sreg_3[0]:Q

----------------------------------------------------

SET Register to Asynchronous

No Path 

END SET Register to Asynchronous

----------------------------------------------------

SET External Recovery

No Path 

END SET External Recovery

----------------------------------------------------

SET Asynchronous to Register

No Path 

END SET Asynchronous to Register

----------------------------------------------------

SET CLOCKS_AND_RESETS_0/CCC_FIC_x_CLK/PF_CCC_C0_0/pll_inst_0/OUT0 to FIC_0_PERIPHERALS_0/security_core_0/rng/neoTRNG_0/entropy_cell_gen.2.neoTRNG_cell_inst/sreg_3[0]:Q

No Path 

END SET CLOCKS_AND_RESETS_0/CCC_FIC_x_CLK/PF_CCC_C0_0/pll_inst_0/OUT0 to FIC_0_PERIPHERALS_0/security_core_0/rng/neoTRNG_0/entropy_cell_gen.2.neoTRNG_cell_inst/sreg_3[0]:Q

----------------------------------------------------

Clock Domain FIC_0_PERIPHERALS_0/security_core_0/rng/neoTRNG_0/entropy_cell_gen.2.neoTRNG_cell_inst/sreg_4[0]:Q

Info: The maximum frequency of this clock domain is limited by the minimum pulse widths of pin FIC_0_PERIPHERALS_0/security_core_0/rng/neoTRNG_0/entropy_cell_gen.2.neoTRNG_cell_inst/ring_osc_gen.4.latch[4]:CLK

SET Register to Register

No Path 

END SET Register to Register

----------------------------------------------------

SET External Setup

No Path 

END SET External Setup

----------------------------------------------------

SET Clock to Output

No Path 

END SET Clock to Output

----------------------------------------------------

SET FIC_0_PERIPHERALS_0/security_core_0/rng/neoTRNG_0/entropy_cell_gen.1.neoTRNG_cell_inst/sreg_6[0]:Q to FIC_0_PERIPHERALS_0/security_core_0/rng/neoTRNG_0/entropy_cell_gen.2.neoTRNG_cell_inst/sreg_4[0]:Q

No Path 

END SET FIC_0_PERIPHERALS_0/security_core_0/rng/neoTRNG_0/entropy_cell_gen.1.neoTRNG_cell_inst/sreg_6[0]:Q to FIC_0_PERIPHERALS_0/security_core_0/rng/neoTRNG_0/entropy_cell_gen.2.neoTRNG_cell_inst/sreg_4[0]:Q

----------------------------------------------------

SET FIC_0_PERIPHERALS_0/security_core_0/rng/neoTRNG_0/entropy_cell_gen.2.neoTRNG_cell_inst/sreg_3[0]:Q to FIC_0_PERIPHERALS_0/security_core_0/rng/neoTRNG_0/entropy_cell_gen.2.neoTRNG_cell_inst/sreg_4[0]:Q

No Path 

END SET FIC_0_PERIPHERALS_0/security_core_0/rng/neoTRNG_0/entropy_cell_gen.2.neoTRNG_cell_inst/sreg_3[0]:Q to FIC_0_PERIPHERALS_0/security_core_0/rng/neoTRNG_0/entropy_cell_gen.2.neoTRNG_cell_inst/sreg_4[0]:Q

----------------------------------------------------

SET Register to Asynchronous

No Path 

END SET Register to Asynchronous

----------------------------------------------------

SET External Recovery

No Path 

END SET External Recovery

----------------------------------------------------

SET Asynchronous to Register

No Path 

END SET Asynchronous to Register

----------------------------------------------------

SET CLOCKS_AND_RESETS_0/CCC_FIC_x_CLK/PF_CCC_C0_0/pll_inst_0/OUT0 to FIC_0_PERIPHERALS_0/security_core_0/rng/neoTRNG_0/entropy_cell_gen.2.neoTRNG_cell_inst/sreg_4[0]:Q

No Path 

END SET CLOCKS_AND_RESETS_0/CCC_FIC_x_CLK/PF_CCC_C0_0/pll_inst_0/OUT0 to FIC_0_PERIPHERALS_0/security_core_0/rng/neoTRNG_0/entropy_cell_gen.2.neoTRNG_cell_inst/sreg_4[0]:Q

----------------------------------------------------

Clock Domain FIC_0_PERIPHERALS_0/security_core_0/rng/neoTRNG_0/entropy_cell_gen.2.neoTRNG_cell_inst/sreg_5[0]:Q

Info: The maximum frequency of this clock domain is limited by the minimum pulse widths of pin FIC_0_PERIPHERALS_0/security_core_0/rng/neoTRNG_0/entropy_cell_gen.2.neoTRNG_cell_inst/ring_osc_gen.5.latch[5]:CLK

SET Register to Register

No Path 

END SET Register to Register

----------------------------------------------------

SET External Setup

No Path 

END SET External Setup

----------------------------------------------------

SET Clock to Output

No Path 

END SET Clock to Output

----------------------------------------------------

SET FIC_0_PERIPHERALS_0/security_core_0/rng/neoTRNG_0/entropy_cell_gen.1.neoTRNG_cell_inst/sreg_6[0]:Q to FIC_0_PERIPHERALS_0/security_core_0/rng/neoTRNG_0/entropy_cell_gen.2.neoTRNG_cell_inst/sreg_5[0]:Q

No Path 

END SET FIC_0_PERIPHERALS_0/security_core_0/rng/neoTRNG_0/entropy_cell_gen.1.neoTRNG_cell_inst/sreg_6[0]:Q to FIC_0_PERIPHERALS_0/security_core_0/rng/neoTRNG_0/entropy_cell_gen.2.neoTRNG_cell_inst/sreg_5[0]:Q

----------------------------------------------------

SET FIC_0_PERIPHERALS_0/security_core_0/rng/neoTRNG_0/entropy_cell_gen.2.neoTRNG_cell_inst/sreg_4[0]:Q to FIC_0_PERIPHERALS_0/security_core_0/rng/neoTRNG_0/entropy_cell_gen.2.neoTRNG_cell_inst/sreg_5[0]:Q

No Path 

END SET FIC_0_PERIPHERALS_0/security_core_0/rng/neoTRNG_0/entropy_cell_gen.2.neoTRNG_cell_inst/sreg_4[0]:Q to FIC_0_PERIPHERALS_0/security_core_0/rng/neoTRNG_0/entropy_cell_gen.2.neoTRNG_cell_inst/sreg_5[0]:Q

----------------------------------------------------

SET Register to Asynchronous

No Path 

END SET Register to Asynchronous

----------------------------------------------------

SET External Recovery

No Path 

END SET External Recovery

----------------------------------------------------

SET Asynchronous to Register

No Path 

END SET Asynchronous to Register

----------------------------------------------------

SET CLOCKS_AND_RESETS_0/CCC_FIC_x_CLK/PF_CCC_C0_0/pll_inst_0/OUT0 to FIC_0_PERIPHERALS_0/security_core_0/rng/neoTRNG_0/entropy_cell_gen.2.neoTRNG_cell_inst/sreg_5[0]:Q

No Path 

END SET CLOCKS_AND_RESETS_0/CCC_FIC_x_CLK/PF_CCC_C0_0/pll_inst_0/OUT0 to FIC_0_PERIPHERALS_0/security_core_0/rng/neoTRNG_0/entropy_cell_gen.2.neoTRNG_cell_inst/sreg_5[0]:Q

----------------------------------------------------

Clock Domain FIC_0_PERIPHERALS_0/security_core_0/rng/neoTRNG_0/entropy_cell_gen.2.neoTRNG_cell_inst/sreg_6[0]:Q

Info: The maximum frequency of this clock domain is limited by the minimum pulse widths of pin FIC_0_PERIPHERALS_0/security_core_0/rng/neoTRNG_0/entropy_cell_gen.2.neoTRNG_cell_inst/ring_osc_gen.6.latch[6]:CLK

SET Register to Register

No Path 

END SET Register to Register

----------------------------------------------------

SET External Setup

No Path 

END SET External Setup

----------------------------------------------------

SET Clock to Output

No Path 

END SET Clock to Output

----------------------------------------------------

SET FIC_0_PERIPHERALS_0/security_core_0/rng/neoTRNG_0/entropy_cell_gen.1.neoTRNG_cell_inst/sreg_6[0]:Q to FIC_0_PERIPHERALS_0/security_core_0/rng/neoTRNG_0/entropy_cell_gen.2.neoTRNG_cell_inst/sreg_6[0]:Q

No Path 

END SET FIC_0_PERIPHERALS_0/security_core_0/rng/neoTRNG_0/entropy_cell_gen.1.neoTRNG_cell_inst/sreg_6[0]:Q to FIC_0_PERIPHERALS_0/security_core_0/rng/neoTRNG_0/entropy_cell_gen.2.neoTRNG_cell_inst/sreg_6[0]:Q

----------------------------------------------------

SET FIC_0_PERIPHERALS_0/security_core_0/rng/neoTRNG_0/entropy_cell_gen.2.neoTRNG_cell_inst/sreg_5[0]:Q to FIC_0_PERIPHERALS_0/security_core_0/rng/neoTRNG_0/entropy_cell_gen.2.neoTRNG_cell_inst/sreg_6[0]:Q

No Path 

END SET FIC_0_PERIPHERALS_0/security_core_0/rng/neoTRNG_0/entropy_cell_gen.2.neoTRNG_cell_inst/sreg_5[0]:Q to FIC_0_PERIPHERALS_0/security_core_0/rng/neoTRNG_0/entropy_cell_gen.2.neoTRNG_cell_inst/sreg_6[0]:Q

----------------------------------------------------

SET Register to Asynchronous

No Path 

END SET Register to Asynchronous

----------------------------------------------------

SET External Recovery

No Path 

END SET External Recovery

----------------------------------------------------

SET Asynchronous to Register

No Path 

END SET Asynchronous to Register

----------------------------------------------------

SET CLOCKS_AND_RESETS_0/CCC_FIC_x_CLK/PF_CCC_C0_0/pll_inst_0/OUT0 to FIC_0_PERIPHERALS_0/security_core_0/rng/neoTRNG_0/entropy_cell_gen.2.neoTRNG_cell_inst/sreg_6[0]:Q

No Path 

END SET CLOCKS_AND_RESETS_0/CCC_FIC_x_CLK/PF_CCC_C0_0/pll_inst_0/OUT0 to FIC_0_PERIPHERALS_0/security_core_0/rng/neoTRNG_0/entropy_cell_gen.2.neoTRNG_cell_inst/sreg_6[0]:Q

----------------------------------------------------

Clock Domain FIC_0_PERIPHERALS_0/security_core_0/rng/neoTRNG_0/entropy_cell_gen.2.neoTRNG_cell_inst/sreg_7[0]:Q

Info: The maximum frequency of this clock domain is limited by the minimum pulse widths of pin FIC_0_PERIPHERALS_0/security_core_0/rng/neoTRNG_0/entropy_cell_gen.2.neoTRNG_cell_inst/ring_osc_gen.7.latch[7]:CLK

SET Register to Register

No Path 

END SET Register to Register

----------------------------------------------------

SET External Setup

No Path 

END SET External Setup

----------------------------------------------------

SET Clock to Output

No Path 

END SET Clock to Output

----------------------------------------------------

SET FIC_0_PERIPHERALS_0/security_core_0/rng/neoTRNG_0/entropy_cell_gen.1.neoTRNG_cell_inst/sreg_6[0]:Q to FIC_0_PERIPHERALS_0/security_core_0/rng/neoTRNG_0/entropy_cell_gen.2.neoTRNG_cell_inst/sreg_7[0]:Q

No Path 

END SET FIC_0_PERIPHERALS_0/security_core_0/rng/neoTRNG_0/entropy_cell_gen.1.neoTRNG_cell_inst/sreg_6[0]:Q to FIC_0_PERIPHERALS_0/security_core_0/rng/neoTRNG_0/entropy_cell_gen.2.neoTRNG_cell_inst/sreg_7[0]:Q

----------------------------------------------------

SET FIC_0_PERIPHERALS_0/security_core_0/rng/neoTRNG_0/entropy_cell_gen.2.neoTRNG_cell_inst/sreg_6[0]:Q to FIC_0_PERIPHERALS_0/security_core_0/rng/neoTRNG_0/entropy_cell_gen.2.neoTRNG_cell_inst/sreg_7[0]:Q

No Path 

END SET FIC_0_PERIPHERALS_0/security_core_0/rng/neoTRNG_0/entropy_cell_gen.2.neoTRNG_cell_inst/sreg_6[0]:Q to FIC_0_PERIPHERALS_0/security_core_0/rng/neoTRNG_0/entropy_cell_gen.2.neoTRNG_cell_inst/sreg_7[0]:Q

----------------------------------------------------

SET Register to Asynchronous

No Path 

END SET Register to Asynchronous

----------------------------------------------------

SET External Recovery

No Path 

END SET External Recovery

----------------------------------------------------

SET Asynchronous to Register

No Path 

END SET Asynchronous to Register

----------------------------------------------------

SET CLOCKS_AND_RESETS_0/CCC_FIC_x_CLK/PF_CCC_C0_0/pll_inst_0/OUT0 to FIC_0_PERIPHERALS_0/security_core_0/rng/neoTRNG_0/entropy_cell_gen.2.neoTRNG_cell_inst/sreg_7[0]:Q

No Path 

END SET CLOCKS_AND_RESETS_0/CCC_FIC_x_CLK/PF_CCC_C0_0/pll_inst_0/OUT0 to FIC_0_PERIPHERALS_0/security_core_0/rng/neoTRNG_0/entropy_cell_gen.2.neoTRNG_cell_inst/sreg_7[0]:Q

----------------------------------------------------

Clock Domain FIC_0_PERIPHERALS_0/security_core_0/rng/neoTRNG_0/entropy_cell_gen.2.neoTRNG_cell_inst/sreg_8[0]:Q

Info: The maximum frequency of this clock domain is limited by the minimum pulse widths of pin FIC_0_PERIPHERALS_0/security_core_0/rng/neoTRNG_0/entropy_cell_gen.2.neoTRNG_cell_inst/ring_osc_gen.8.latch[8]:CLK

SET Register to Register

No Path 

END SET Register to Register

----------------------------------------------------

SET External Setup

No Path 

END SET External Setup

----------------------------------------------------

SET Clock to Output

No Path 

END SET Clock to Output

----------------------------------------------------

SET FIC_0_PERIPHERALS_0/security_core_0/rng/neoTRNG_0/entropy_cell_gen.1.neoTRNG_cell_inst/sreg_6[0]:Q to FIC_0_PERIPHERALS_0/security_core_0/rng/neoTRNG_0/entropy_cell_gen.2.neoTRNG_cell_inst/sreg_8[0]:Q

No Path 

END SET FIC_0_PERIPHERALS_0/security_core_0/rng/neoTRNG_0/entropy_cell_gen.1.neoTRNG_cell_inst/sreg_6[0]:Q to FIC_0_PERIPHERALS_0/security_core_0/rng/neoTRNG_0/entropy_cell_gen.2.neoTRNG_cell_inst/sreg_8[0]:Q

----------------------------------------------------

SET FIC_0_PERIPHERALS_0/security_core_0/rng/neoTRNG_0/entropy_cell_gen.2.neoTRNG_cell_inst/sreg_7[0]:Q to FIC_0_PERIPHERALS_0/security_core_0/rng/neoTRNG_0/entropy_cell_gen.2.neoTRNG_cell_inst/sreg_8[0]:Q

No Path 

END SET FIC_0_PERIPHERALS_0/security_core_0/rng/neoTRNG_0/entropy_cell_gen.2.neoTRNG_cell_inst/sreg_7[0]:Q to FIC_0_PERIPHERALS_0/security_core_0/rng/neoTRNG_0/entropy_cell_gen.2.neoTRNG_cell_inst/sreg_8[0]:Q

----------------------------------------------------

SET Register to Asynchronous

No Path 

END SET Register to Asynchronous

----------------------------------------------------

SET External Recovery

No Path 

END SET External Recovery

----------------------------------------------------

SET Asynchronous to Register

No Path 

END SET Asynchronous to Register

----------------------------------------------------

SET CLOCKS_AND_RESETS_0/CCC_FIC_x_CLK/PF_CCC_C0_0/pll_inst_0/OUT0 to FIC_0_PERIPHERALS_0/security_core_0/rng/neoTRNG_0/entropy_cell_gen.2.neoTRNG_cell_inst/sreg_8[0]:Q

No Path 

END SET CLOCKS_AND_RESETS_0/CCC_FIC_x_CLK/PF_CCC_C0_0/pll_inst_0/OUT0 to FIC_0_PERIPHERALS_0/security_core_0/rng/neoTRNG_0/entropy_cell_gen.2.neoTRNG_cell_inst/sreg_8[0]:Q

----------------------------------------------------

Clock Domain MBUS_SPI_CLK

Info: The maximum frequency of this clock domain is limited by the period of pin MSS_WRAPPER_0/MPFS_DISCOVERY_KIT_MSS_0/I_MSS:SPI_0_CLK_F2M

SET Register to Register

No Path 

END SET Register to Register

----------------------------------------------------

SET External Setup

Path 1
  From: MBUS_SPI_MISO
  To:   MSS_WRAPPER_0/MPFS_DISCOVERY_KIT_MSS_0/I_MSS:SPI_0_DI_F2M
  Delay (ns):              3.479
  Arrival (ns):            3.479
  Setup (ns):              0.909
  External Setup (ns):     1.658
  Operating Conditions: slow_lv_lt


Expanded Path 1
  From: MBUS_SPI_MISO
  To: MSS_WRAPPER_0/MPFS_DISCOVERY_KIT_MSS_0/I_MSS:SPI_0_DI_F2M
  data required time                                    N/C
  data arrival time                          -        3.479
  slack                                                 N/C
  ________________________________________________________
  Data arrival time calculation
  0.000                        MBUS_SPI_MISO (r)
               +     0.000          net: MBUS_SPI_MISO
  0.000                        MBUS_SPI_MISO_ibuf/U_IOPAD:PAD (r)
               +     1.145          cell: ADLIB:IOPAD_IN
  1.145                        MBUS_SPI_MISO_ibuf/U_IOPAD:Y (r)
               +     0.000          net: MBUS_SPI_MISO_ibuf/YIN
  1.145                        MBUS_SPI_MISO_ibuf/U_IOIN:YIN (r)
               +     0.274          cell: ADLIB:IOIN_IB_E
  1.419                        MBUS_SPI_MISO_ibuf/U_IOIN:Y (r)
               +     2.060          net: MBUS_SPI_MISO_c
  3.479                        MSS_WRAPPER_0/MPFS_DISCOVERY_KIT_MSS_0/I_MSS:SPI_0_DI_F2M (r)
                                    
  3.479                        data arrival time
  ________________________________________________________
  Data required time calculation
  N/C                          MBUS_SPI_CLK
               +     0.000          Clock source
  N/C                          MBUS_SPI_CLK (r)
               +     0.994          cell: ADLIB:IOPAD_BI
  N/C                          MSS_WRAPPER_0/SPI_0_CLK_BIBUF/U_IOPAD:Y (r)
               +     0.000          net: MSS_WRAPPER_0/SPI_0_CLK_BIBUF/YIN
  N/C                          MSS_WRAPPER_0/SPI_0_CLK_BIBUF/U_IOBI:YIN (r)
               +     0.262          cell: ADLIB:IOBI_IB_OB_EB
  N/C                          MSS_WRAPPER_0/SPI_0_CLK_BIBUF/U_IOBI:Y (r)
               +     1.474          net: MSS_WRAPPER_0/SPI_0_CLK_BIBUF_Y
  N/C                          MSS_WRAPPER_0/MPFS_DISCOVERY_KIT_MSS_0/I_MSS:SPI_0_CLK_F2M (r)
               -     0.909          Library setup time: ADLIB:MSS
  N/C                          MSS_WRAPPER_0/MPFS_DISCOVERY_KIT_MSS_0/I_MSS:SPI_0_DI_F2M


Operating Conditions : slow_lv_lt

END SET External Setup

----------------------------------------------------

SET Clock to Output

Path 1
  From: MSS_WRAPPER_0/MPFS_DISCOVERY_KIT_MSS_0/I_MSS:SPI_0_CLK_F2M
  To:   MBUS_SPI_MOSI
  Delay (ns):             10.349
  Arrival (ns):           14.109
  Clock to Out (ns):      14.109
  Operating Conditions: slow_lv_ht


Expanded Path 1
  From: MSS_WRAPPER_0/MPFS_DISCOVERY_KIT_MSS_0/I_MSS:SPI_0_CLK_F2M
  To: MBUS_SPI_MOSI
  data required time                                    N/C
  data arrival time                          -       14.109
  slack                                                 N/C
  ________________________________________________________
  Data arrival time calculation
  0.000                        MBUS_SPI_CLK
               +     0.000          Clock source
  0.000                        MBUS_SPI_CLK (f)
               +     1.302          cell: ADLIB:IOPAD_BI
  1.302                        MSS_WRAPPER_0/SPI_0_CLK_BIBUF/U_IOPAD:Y (f)
               +     0.000          net: MSS_WRAPPER_0/SPI_0_CLK_BIBUF/YIN
  1.302                        MSS_WRAPPER_0/SPI_0_CLK_BIBUF/U_IOBI:YIN (f)
               +     0.338          cell: ADLIB:IOBI_IB_OB_EB
  1.640                        MSS_WRAPPER_0/SPI_0_CLK_BIBUF/U_IOBI:Y (f)
               +     2.120          net: MSS_WRAPPER_0/SPI_0_CLK_BIBUF_Y
  3.760                        MSS_WRAPPER_0/MPFS_DISCOVERY_KIT_MSS_0/I_MSS:SPI_0_CLK_F2M (f)
               +     3.145          cell: ADLIB:MSS
  6.905                        MSS_WRAPPER_0/MPFS_DISCOVERY_KIT_MSS_0/I_MSS:SPI_0_DO_M2F (f)
               +     3.168          net: MBUS_SPI_MOSI_c
  10.073                       MBUS_SPI_MOSI_obuf/U_IOTRI:D (f)
               +     0.918          cell: ADLIB:IOTRI_OB_EB
  10.991                       MBUS_SPI_MOSI_obuf/U_IOTRI:DOUT (f)
               +     0.000          net: MBUS_SPI_MOSI_obuf/DOUT
  10.991                       MBUS_SPI_MOSI_obuf/U_IOPAD:D (f)
               +     3.118          cell: ADLIB:IOPAD_TRI
  14.109                       MBUS_SPI_MOSI_obuf/U_IOPAD:PAD (f)
               +     0.000          net: MBUS_SPI_MOSI
  14.109                       MBUS_SPI_MOSI (f)
                                    
  14.109                       data arrival time
  ________________________________________________________
  Data required time calculation
  N/C                          MBUS_SPI_CLK
                                    
  N/C                          MBUS_SPI_MOSI (f)


Operating Conditions : slow_lv_ht

END SET Clock to Output

----------------------------------------------------

SET Register to Asynchronous

No Path 

END SET Register to Asynchronous

----------------------------------------------------

SET External Recovery

Path 1
  From: MBUS_SPI_CS
  To:   MSS_WRAPPER_0/MPFS_DISCOVERY_KIT_MSS_0/I_MSS:SPI_0_SS_F2M
  Delay (ns):              3.512
  Arrival (ns):            3.512
  Recovery (ns):           1.686
  External Recovery (ns):   2.483
  Operating Conditions: slow_lv_lt


Expanded Path 1
  From: MBUS_SPI_CS
  To: MSS_WRAPPER_0/MPFS_DISCOVERY_KIT_MSS_0/I_MSS:SPI_0_SS_F2M
  data required time                                    N/C
  data arrival time                          -        3.512
  slack                                                 N/C
  ________________________________________________________
  Data arrival time calculation
  0.000                        MBUS_SPI_CS (f)
               +     1.158          cell: ADLIB:IOPAD_BI
  1.158                        MSS_WRAPPER_0/SPI_0_SS_BIBUF/U_IOPAD:Y (f)
               +     0.000          net: MSS_WRAPPER_0/SPI_0_SS_BIBUF/YIN
  1.158                        MSS_WRAPPER_0/SPI_0_SS_BIBUF/U_IOBI:YIN (f)
               +     0.267          cell: ADLIB:IOBI_IB_OB_EB
  1.425                        MSS_WRAPPER_0/SPI_0_SS_BIBUF/U_IOBI:Y (f)
               +     2.087          net: MSS_WRAPPER_0/SPI_0_SS_BIBUF_Y
  3.512                        MSS_WRAPPER_0/MPFS_DISCOVERY_KIT_MSS_0/I_MSS:SPI_0_SS_F2M (f)
                                    
  3.512                        data arrival time
  ________________________________________________________
  Data required time calculation
  N/C                          MBUS_SPI_CLK
               +     0.000          Clock source
  N/C                          MBUS_SPI_CLK (f)
               +     1.003          cell: ADLIB:IOPAD_BI
  N/C                          MSS_WRAPPER_0/SPI_0_CLK_BIBUF/U_IOPAD:Y (f)
               +     0.000          net: MSS_WRAPPER_0/SPI_0_CLK_BIBUF/YIN
  N/C                          MSS_WRAPPER_0/SPI_0_CLK_BIBUF/U_IOBI:YIN (f)
               +     0.255          cell: ADLIB:IOBI_IB_OB_EB
  N/C                          MSS_WRAPPER_0/SPI_0_CLK_BIBUF/U_IOBI:Y (f)
               +     1.457          net: MSS_WRAPPER_0/SPI_0_CLK_BIBUF_Y
  N/C                          MSS_WRAPPER_0/MPFS_DISCOVERY_KIT_MSS_0/I_MSS:SPI_0_CLK_F2M (f)
               -     1.686          Library recovery time: ADLIB:MSS
  N/C                          MSS_WRAPPER_0/MPFS_DISCOVERY_KIT_MSS_0/I_MSS:SPI_0_SS_F2M


Operating Conditions : slow_lv_lt

END SET External Recovery

----------------------------------------------------

SET Asynchronous to Register

No Path 

END SET Asynchronous to Register

----------------------------------------------------

Clock Domain MIPI_CAMERA_0/PF_CCC_C1_0/PF_CCC_C1_0/pll_inst_0/OUT0

SET Register to Register

Path 1
  From: MIPI_CAMERA_0/mipicsi2rxdecoderPF_C0_0/MSC_i_0/MSC_i_4/MSC_i_10/MSC_i_12/MSC_i_13/wraddr_sync_rr[7]:CLK
  To:   MIPI_CAMERA_0/mipicsi2rxdecoderPF_C0_0/MSC_i_0/MSC_i_4/MSC_i_10/MSC_i_12/MSC_i_13/rdaddr_r[10]:D
  Delay (ns):              4.733
  Slack (ns):             15.022
  Arrival (ns):           11.781
  Required (ns):          26.803
  Setup (ns):              0.000
  Minimum Period (ns):     4.843
  Operating Conditions: slow_lv_ht

Path 2
  From: MIPI_CAMERA_0/mipicsi2rxdecoderPF_C0_0/MSC_i_0/MSC_i_4/MSC_i_10/MSC_i_12/MSC_i_13/wraddr_sync_rr[8]:CLK
  To:   MIPI_CAMERA_0/mipicsi2rxdecoderPF_C0_0/MSC_i_0/MSC_i_4/MSC_i_10/MSC_i_12/MSC_i_13/rdaddr_r[10]:D
  Delay (ns):              4.575
  Slack (ns):             15.181
  Arrival (ns):           11.622
  Required (ns):          26.803
  Setup (ns):              0.000
  Minimum Period (ns):     4.684
  Operating Conditions: slow_lv_ht

Path 3
  From: MIPI_CAMERA_0/mipicsi2rxdecoderPF_C0_0/MSC_i_0/MSC_i_4/MSC_i_10/MSC_i_12/MSC_i_13/wraddr_sync_rr[3]:CLK
  To:   MIPI_CAMERA_0/mipicsi2rxdecoderPF_C0_0/MSC_i_0/MSC_i_4/MSC_i_10/MSC_i_12/MSC_i_13/rdaddr_r[10]:D
  Delay (ns):              4.563
  Slack (ns):             15.189
  Arrival (ns):           11.614
  Required (ns):          26.803
  Setup (ns):              0.000
  Minimum Period (ns):     4.676
  Operating Conditions: slow_lv_ht

Path 4
  From: MIPI_CAMERA_0/mipicsi2rxdecoderPF_C0_0/MSC_i_0/MSC_i_4/MSC_i_10/MSC_i_12/MSC_i_13/wraddr_sync_rr[10]:CLK
  To:   MIPI_CAMERA_0/mipicsi2rxdecoderPF_C0_0/MSC_i_0/MSC_i_4/MSC_i_10/MSC_i_12/MSC_i_13/rdaddr_r[10]:D
  Delay (ns):              4.442
  Slack (ns):             15.309
  Arrival (ns):           11.494
  Required (ns):          26.803
  Setup (ns):              0.000
  Minimum Period (ns):     4.556
  Operating Conditions: slow_lv_ht

Path 5
  From: MIPI_CAMERA_0/mipicsi2rxdecoderPF_C0_0/MSC_i_0/MSC_i_4/MSC_i_10/MSC_i_12/MSC_i_13/wraddr_sync_rr[7]:CLK
  To:   MIPI_CAMERA_0/mipicsi2rxdecoderPF_C0_0/MSC_i_0/MSC_i_4/MSC_i_10/MSC_i_12/MSC_i_13/rdaddr_r[8]:D
  Delay (ns):              4.413
  Slack (ns):             15.335
  Arrival (ns):           11.461
  Required (ns):          26.796
  Setup (ns):              0.000
  Minimum Period (ns):     4.530
  Operating Conditions: slow_lv_ht


Expanded Path 1
  From: MIPI_CAMERA_0/mipicsi2rxdecoderPF_C0_0/MSC_i_0/MSC_i_4/MSC_i_10/MSC_i_12/MSC_i_13/wraddr_sync_rr[7]:CLK
  To: MIPI_CAMERA_0/mipicsi2rxdecoderPF_C0_0/MSC_i_0/MSC_i_4/MSC_i_10/MSC_i_12/MSC_i_13/rdaddr_r[10]:D
  data required time                                 26.803
  data arrival time                          -       11.781
  slack                                              15.022
  ________________________________________________________
  Data arrival time calculation
  0.000                        MIPI_CAMERA_0/PF_CCC_C1_0/PF_CCC_C1_0/pll_inst_0/OUT0
               +     0.000          Clock source
  0.000                        MIPI_CAMERA_0/PF_CCC_C1_0/PF_CCC_C1_0/pll_inst_0:OUT0 (r)
               +     5.275          Clock generation
  5.275                        
               +     0.281          net: MIPI_CAMERA_0/PF_CCC_C1_0/PF_CCC_C1_0/pll_inst_0_clkint_0
  5.556                        MIPI_CAMERA_0/PF_CCC_C1_0/PF_CCC_C1_0/clkint_0_1:A (r)
               +     0.243          cell: ADLIB:ICB_CLKINT
  5.799                        MIPI_CAMERA_0/PF_CCC_C1_0/PF_CCC_C1_0/clkint_0_1:Y (r)
               +     0.150          net: MIPI_CAMERA_0/PF_CCC_C1_0/PF_CCC_C1_0/clkint_0_NET
  5.949                        MIPI_CAMERA_0/PF_CCC_C1_0/PF_CCC_C1_0/clkint_0:A (r)
               +     0.164          cell: ADLIB:GB
  6.113                        MIPI_CAMERA_0/PF_CCC_C1_0/PF_CCC_C1_0/clkint_0:Y (r)
               +     0.407          net: MIPI_CAMERA_0/PF_CCC_C1_0/PF_CCC_C1_0/clkint_0/U0_Y
  6.520                        MIPI_CAMERA_0/PF_CCC_C1_0/PF_CCC_C1_0/clkint_0/U0_RGB1_RGB3:A (r)
               +     0.058          cell: ADLIB:RGB
  6.578                        MIPI_CAMERA_0/PF_CCC_C1_0/PF_CCC_C1_0/clkint_0/U0_RGB1_RGB3:Y (f)
               +     0.470          net: MIPI_CAMERA_0/PF_CCC_C1_0/PF_CCC_C1_0/clkint_0/U0_RGB1_RGB3_rgb_net_1
  7.048                        MIPI_CAMERA_0/mipicsi2rxdecoderPF_C0_0/MSC_i_0/MSC_i_4/MSC_i_10/MSC_i_12/MSC_i_13/wraddr_sync_rr[7]:CLK (r)
               +     0.201          cell: ADLIB:SLE
  7.249                        MIPI_CAMERA_0/mipicsi2rxdecoderPF_C0_0/MSC_i_0/MSC_i_4/MSC_i_10/MSC_i_12/MSC_i_13/wraddr_sync_rr[7]:Q (r)
               +     1.285          net: MIPI_CAMERA_0/mipicsi2rxdecoderPF_C0_0/MSC_i_0/MSC_i_4/MSC_i_10/MSC_i_12/MSC_i_13/MSC_net_126
  8.534                        MIPI_CAMERA_0/mipicsi2rxdecoderPF_C0_0/MSC_i_0/MSC_i_4/MSC_i_10/MSC_i_12/MSC_i_13/rdempty_7:B (r)
               +     0.148          cell: ADLIB:CFG2
  8.682                        MIPI_CAMERA_0/mipicsi2rxdecoderPF_C0_0/MSC_i_0/MSC_i_4/MSC_i_10/MSC_i_12/MSC_i_13/rdempty_7:Y (f)
               +     0.161          net: MIPI_CAMERA_0/mipicsi2rxdecoderPF_C0_0/MSC_i_0/MSC_i_4/MSC_i_10/MSC_i_12/MSC_i_13/MSC_net_163
  8.843                        MIPI_CAMERA_0/mipicsi2rxdecoderPF_C0_0/MSC_i_0/MSC_i_4/MSC_i_10/MSC_i_12/MSC_i_13/rdempty_NE_7:A (f)
               +     0.178          cell: ADLIB:CFG4
  9.021                        MIPI_CAMERA_0/mipicsi2rxdecoderPF_C0_0/MSC_i_0/MSC_i_4/MSC_i_10/MSC_i_12/MSC_i_13/rdempty_NE_7:Y (f)
               +     0.315          net: MIPI_CAMERA_0/mipicsi2rxdecoderPF_C0_0/MSC_i_0/MSC_i_4/MSC_i_10/MSC_i_12/MSC_i_13/MSC_net_160
  9.336                        MIPI_CAMERA_0/mipicsi2rxdecoderPF_C0_0/MSC_i_0/MSC_i_4/MSC_i_10/MSC_i_12/MSC_i_13/rdempty_NE_1_RNI7BODU:A (f)
               +     0.052          cell: ADLIB:ARI1_CC
  9.388                        MIPI_CAMERA_0/mipicsi2rxdecoderPF_C0_0/MSC_i_0/MSC_i_4/MSC_i_10/MSC_i_12/MSC_i_13/rdempty_NE_1_RNI7BODU:Y (f)
               +     0.329          net: MIPI_CAMERA_0/mipicsi2rxdecoderPF_C0_0/MSC_i_0/MSC_i_4/MSC_i_10/MSC_i_12/MSC_net_252
  9.717                        MIPI_CAMERA_0/mipicsi2rxdecoderPF_C0_0/MSC_i_0/MSC_i_4/MSC_i_10/MSC_i_12/MSC_i_13/READ_ADDR_PROC.rdaddr_n_15_i_o3_0[4]:D (f)
               +     0.050          cell: ADLIB:CFG4
  9.767                        MIPI_CAMERA_0/mipicsi2rxdecoderPF_C0_0/MSC_i_0/MSC_i_4/MSC_i_10/MSC_i_12/MSC_i_13/READ_ADDR_PROC.rdaddr_n_15_i_o3_0[4]:Y (r)
               +     0.380          net: MIPI_CAMERA_0/mipicsi2rxdecoderPF_C0_0/MSC_i_0/MSC_i_4/MSC_i_10/MSC_i_12/MSC_i_13/MSC_net_169
  10.147                       MIPI_CAMERA_0/mipicsi2rxdecoderPF_C0_0/MSC_i_0/MSC_i_4/MSC_i_10/MSC_i_12/MSC_i_13/READ_ADDR_PROC.rdaddr_n_16_i_o3[5]:C (r)
               +     0.053          cell: ADLIB:CFG3
  10.200                       MIPI_CAMERA_0/mipicsi2rxdecoderPF_C0_0/MSC_i_0/MSC_i_4/MSC_i_10/MSC_i_12/MSC_i_13/READ_ADDR_PROC.rdaddr_n_16_i_o3[5]:Y (r)
               +     0.139          net: MIPI_CAMERA_0/mipicsi2rxdecoderPF_C0_0/MSC_i_0/MSC_i_4/MSC_i_10/MSC_i_12/MSC_i_13/MSC_net_171
  10.339                       MIPI_CAMERA_0/mipicsi2rxdecoderPF_C0_0/MSC_i_0/MSC_i_4/MSC_i_10/MSC_i_12/MSC_i_13/READ_ADDR_PROC.rdaddr_n_18_i_o3[7]:C (r)
               +     0.156          cell: ADLIB:CFG3
  10.495                       MIPI_CAMERA_0/mipicsi2rxdecoderPF_C0_0/MSC_i_0/MSC_i_4/MSC_i_10/MSC_i_12/MSC_i_13/READ_ADDR_PROC.rdaddr_n_18_i_o3[7]:Y (r)
               +     0.350          net: MIPI_CAMERA_0/mipicsi2rxdecoderPF_C0_0/MSC_i_0/MSC_i_4/MSC_i_10/MSC_i_12/MSC_i_13/MSC_net_174
  10.845                       MIPI_CAMERA_0/mipicsi2rxdecoderPF_C0_0/MSC_i_0/MSC_i_4/MSC_i_10/MSC_i_12/MSC_i_13/READ_ADDR_PROC.rdaddr_n_20_i_o3[9]:C (r)
               +     0.078          cell: ADLIB:CFG3
  10.923                       MIPI_CAMERA_0/mipicsi2rxdecoderPF_C0_0/MSC_i_0/MSC_i_4/MSC_i_10/MSC_i_12/MSC_i_13/READ_ADDR_PROC.rdaddr_n_20_i_o3[9]:Y (r)
               +     0.166          net: MIPI_CAMERA_0/mipicsi2rxdecoderPF_C0_0/MSC_i_0/MSC_i_4/MSC_i_10/MSC_i_12/MSC_i_13/MSC_net_176
  11.089                       MIPI_CAMERA_0/mipicsi2rxdecoderPF_C0_0/MSC_i_0/MSC_i_4/MSC_i_10/MSC_i_12/MSC_i_13/rdaddr_r_RNO[10]:D (r)
               +     0.286          cell: ADLIB:CFG4
  11.375                       MIPI_CAMERA_0/mipicsi2rxdecoderPF_C0_0/MSC_i_0/MSC_i_4/MSC_i_10/MSC_i_12/MSC_i_13/rdaddr_r_RNO[10]:Y (f)
               +     0.406          net: MIPI_CAMERA_0/mipicsi2rxdecoderPF_C0_0/MSC_i_0/MSC_i_4/MSC_i_10/MSC_i_12/MSC_i_13/MSC_net_154
  11.781                       MIPI_CAMERA_0/mipicsi2rxdecoderPF_C0_0/MSC_i_0/MSC_i_4/MSC_i_10/MSC_i_12/MSC_i_13/rdaddr_r[10]:D (f)
                                    
  11.781                       data arrival time
  ________________________________________________________
  Data required time calculation
  20.000                       MIPI_CAMERA_0/PF_CCC_C1_0/PF_CCC_C1_0/pll_inst_0/OUT0
               +     0.000          Clock source
  20.000                       MIPI_CAMERA_0/PF_CCC_C1_0/PF_CCC_C1_0/pll_inst_0:OUT0 (r)
               +     4.735          Clock generation
  24.735                       
               +     0.256          net: MIPI_CAMERA_0/PF_CCC_C1_0/PF_CCC_C1_0/pll_inst_0_clkint_0
  24.991                       MIPI_CAMERA_0/PF_CCC_C1_0/PF_CCC_C1_0/clkint_0_1:A (r)
               +     0.211          cell: ADLIB:ICB_CLKINT
  25.202                       MIPI_CAMERA_0/PF_CCC_C1_0/PF_CCC_C1_0/clkint_0_1:Y (r)
               +     0.136          net: MIPI_CAMERA_0/PF_CCC_C1_0/PF_CCC_C1_0/clkint_0_NET
  25.338                       MIPI_CAMERA_0/PF_CCC_C1_0/PF_CCC_C1_0/clkint_0:A (r)
               +     0.149          cell: ADLIB:GB
  25.487                       MIPI_CAMERA_0/PF_CCC_C1_0/PF_CCC_C1_0/clkint_0:Y (r)
               +     0.375          net: MIPI_CAMERA_0/PF_CCC_C1_0/PF_CCC_C1_0/clkint_0/U0_Y
  25.862                       MIPI_CAMERA_0/PF_CCC_C1_0/PF_CCC_C1_0/clkint_0/U0_RGB1_RGB1:A (r)
               +     0.052          cell: ADLIB:RGB
  25.914                       MIPI_CAMERA_0/PF_CCC_C1_0/PF_CCC_C1_0/clkint_0/U0_RGB1_RGB1:Y (f)
               +     0.395          net: MIPI_CAMERA_0/PF_CCC_C1_0/PF_CCC_C1_0/clkint_0/U0_RGB1_RGB1_rgb_net_1
  26.309                       MIPI_CAMERA_0/mipicsi2rxdecoderPF_C0_0/MSC_i_0/MSC_i_4/MSC_i_10/MSC_i_12/MSC_i_13/rdaddr_r[10]:CLK (r)
               +     0.629          
  26.938                       clock reconvergence pessimism
               -     0.135          
  26.803                       clock jitter
               -     0.000          Library setup time: ADLIB:SLE
  26.803                       MIPI_CAMERA_0/mipicsi2rxdecoderPF_C0_0/MSC_i_0/MSC_i_4/MSC_i_10/MSC_i_12/MSC_i_13/rdaddr_r[10]:D
                                    
  26.803                       data required time


Operating Conditions : slow_lv_ht

END SET Register to Register

----------------------------------------------------

SET External Setup

Path 1
  From: RXD_N[0]
  To:   MIPI_CAMERA_0/mipicsi2rxdecoderPF_C0_0/MSC_i_0/wait_cnt[2]:D
  Delay (ns):              3.393
  Arrival (ns):            3.393
  Setup (ns):              0.000
  External Setup (ns):    -0.692
  Operating Conditions: fast_hv_lt

Path 2
  From: RXD_N[0]
  To:   MIPI_CAMERA_0/mipicsi2rxdecoderPF_C0_0/MSC_i_0/MIPI_CAM_LANES_CONFIG_r[0]:EN
  Delay (ns):              3.228
  Arrival (ns):            3.228
  Setup (ns):              0.068
  External Setup (ns):    -0.790
  Operating Conditions: fast_hv_lt

Path 3
  From: RXD_N[0]
  To:   MIPI_CAMERA_0/mipicsi2rxdecoderPF_C0_0/MSC_i_0/MIPI_CAM_LANES_CONFIG_r[1]:EN
  Delay (ns):              3.221
  Arrival (ns):            3.221
  Setup (ns):              0.068
  External Setup (ns):    -0.797
  Operating Conditions: fast_hv_lt

Path 4
  From: RXD_N[0]
  To:   MIPI_CAMERA_0/mipicsi2rxdecoderPF_C0_0/MSC_i_0/wait_cnt[1]:D
  Delay (ns):              3.284
  Arrival (ns):            3.284
  Setup (ns):              0.000
  External Setup (ns):    -0.801
  Operating Conditions: fast_hv_lt

Path 5
  From: RXD_N[0]
  To:   MIPI_CAMERA_0/mipicsi2rxdecoderPF_C0_0/MSC_i_0/wait_cnt[0]:D
  Delay (ns):              3.278
  Arrival (ns):            3.278
  Setup (ns):              0.000
  External Setup (ns):    -0.807
  Operating Conditions: fast_hv_lt


Expanded Path 1
  From: RXD_N[0]
  To: MIPI_CAMERA_0/mipicsi2rxdecoderPF_C0_0/MSC_i_0/wait_cnt[2]:D
  data required time                                    N/C
  data arrival time                          -        3.393
  slack                                                 N/C
  ________________________________________________________
  Data arrival time calculation
  0.000                        RXD_N[0] (f)
               +     0.000          net: RXD_N[0]
  0.000                        MIPI_CAMERA_0/PF_IOD_GENERIC_RX_C0_0/PF_IOD_RX/I_INBUF_DIFF_MIPI_0/U_IOPADN:PAD (f)
               +     0.549          cell: ADLIB:IOPADN_IN
  0.549                        MIPI_CAMERA_0/PF_IOD_GENERIC_RX_C0_0/PF_IOD_RX/I_INBUF_DIFF_MIPI_0/U_IOPADN:Y (f)
               +     0.000          net: MIPI_CAMERA_0/PF_IOD_GENERIC_RX_C0_0/PF_IOD_RX/I_INBUF_DIFF_MIPI_0/U2_N2P
  0.549                        MIPI_CAMERA_0/PF_IOD_GENERIC_RX_C0_0/PF_IOD_RX/I_INBUF_DIFF_MIPI_0/U_ION:YIN (f)
               +     0.131          cell: ADLIB:IOIN_IB_E
  0.680                        MIPI_CAMERA_0/PF_IOD_GENERIC_RX_C0_0/PF_IOD_RX/I_INBUF_DIFF_MIPI_0/U_ION:Y (f)
               +     2.124          net: MIPI_CAMERA_0/PF_IOD_GENERIC_RX_C0_0_L0_LP_DATA_N
  2.804                        MIPI_CAMERA_0/mipicsi2rxdecoderPF_C0_0/MSC_i_0/wait_cnt_RNI6T57C[0]:B (f)
               +     0.085          cell: ADLIB:CFG2
  2.889                        MIPI_CAMERA_0/mipicsi2rxdecoderPF_C0_0/MSC_i_0/wait_cnt_RNI6T57C[0]:Y (r)
               +     0.101          net: MIPI_CAMERA_0/mipicsi2rxdecoderPF_C0_0/MSC_i_0/MSC_net_400
  2.990                        MIPI_CAMERA_0/mipicsi2rxdecoderPF_C0_0/MSC_i_0/wait_cnt_RNO_0[2]:C (r)
               +     0.142          cell: ADLIB:CFG4
  3.132                        MIPI_CAMERA_0/mipicsi2rxdecoderPF_C0_0/MSC_i_0/wait_cnt_RNO_0[2]:Y (r)
               +     0.100          net: MIPI_CAMERA_0/mipicsi2rxdecoderPF_C0_0/MSC_i_0/MSC_net_410
  3.232                        MIPI_CAMERA_0/mipicsi2rxdecoderPF_C0_0/MSC_i_0/wait_cnt_RNO[2]:B (r)
               +     0.142          cell: ADLIB:CFG4
  3.374                        MIPI_CAMERA_0/mipicsi2rxdecoderPF_C0_0/MSC_i_0/wait_cnt_RNO[2]:Y (r)
               +     0.019          net: MIPI_CAMERA_0/mipicsi2rxdecoderPF_C0_0/MSC_i_0/MSC_net_333
  3.393                        MIPI_CAMERA_0/mipicsi2rxdecoderPF_C0_0/MSC_i_0/wait_cnt[2]:D (r)
                                    
  3.393                        data arrival time
  ________________________________________________________
  Data required time calculation
  N/C                          MIPI_CAMERA_0/PF_CCC_C1_0/PF_CCC_C1_0/pll_inst_0/OUT0
               +     0.000          Clock source
  N/C                          MIPI_CAMERA_0/PF_CCC_C1_0/PF_CCC_C1_0/pll_inst_0:OUT0 (r)
               +     3.164          Clock generation
  N/C                          
               +     0.161          net: MIPI_CAMERA_0/PF_CCC_C1_0/PF_CCC_C1_0/pll_inst_0_clkint_0
  N/C                          MIPI_CAMERA_0/PF_CCC_C1_0/PF_CCC_C1_0/clkint_0_1:A (r)
               +     0.141          cell: ADLIB:ICB_CLKINT
  N/C                          MIPI_CAMERA_0/PF_CCC_C1_0/PF_CCC_C1_0/clkint_0_1:Y (r)
               +     0.096          net: MIPI_CAMERA_0/PF_CCC_C1_0/PF_CCC_C1_0/clkint_0_NET
  N/C                          MIPI_CAMERA_0/PF_CCC_C1_0/PF_CCC_C1_0/clkint_0:A (r)
               +     0.109          cell: ADLIB:GB
  N/C                          MIPI_CAMERA_0/PF_CCC_C1_0/PF_CCC_C1_0/clkint_0:Y (r)
               +     0.253          net: MIPI_CAMERA_0/PF_CCC_C1_0/PF_CCC_C1_0/clkint_0/U0_Y
  N/C                          MIPI_CAMERA_0/PF_CCC_C1_0/PF_CCC_C1_0/clkint_0/U0_RGB1_RGB3:A (r)
               +     0.038          cell: ADLIB:RGB
  N/C                          MIPI_CAMERA_0/PF_CCC_C1_0/PF_CCC_C1_0/clkint_0/U0_RGB1_RGB3:Y (f)
               +     0.258          net: MIPI_CAMERA_0/PF_CCC_C1_0/PF_CCC_C1_0/clkint_0/U0_RGB1_RGB3_rgb_net_1
  N/C                          MIPI_CAMERA_0/mipicsi2rxdecoderPF_C0_0/MSC_i_0/wait_cnt[2]:CLK (r)
               -     0.135          
  N/C                          clock jitter
               -     0.000          Library setup time: ADLIB:SLE
  N/C                          MIPI_CAMERA_0/mipicsi2rxdecoderPF_C0_0/MSC_i_0/wait_cnt[2]:D


Operating Conditions : fast_hv_lt

END SET External Setup

----------------------------------------------------

SET Clock to Output

No Path 

END SET Clock to Output

----------------------------------------------------

SET Register to Asynchronous

Path 1
  From: MIPI_CAMERA_0/VDMA_C0_0/VDMA_C0_0/dma_top_0/vdma_ip_reset_0/synchronizer_circuit_2stage_video_clk/sync_out_o:CLK
  To:   MIPI_CAMERA_0/VDMA_C0_0/VDMA_C0_0/dma_top_0/vdma_write_0/vdma_controller/r_buff_addr_fifo_data_valid_1[0]:ALn
  Delay (ns):              1.479
  Slack (ns):             18.081
  Arrival (ns):            8.545
  Required (ns):          26.626
  Recovery (ns):           0.196
  Minimum Period (ns):     1.784
  Skew (ns):               0.109
  Operating Conditions: slow_lv_ht

Path 2
  From: MIPI_CAMERA_0/VDMA_C0_0/VDMA_C0_0/dma_top_0/vdma_ip_reset_0/synchronizer_circuit_2stage_video_clk/sync_out_o:CLK
  To:   MIPI_CAMERA_0/VDMA_C0_0/VDMA_C0_0/dma_top_0/vdma_write_0/vdma_controller/r_buff_addr_fifo_data_valid_0[0]:ALn
  Delay (ns):              1.480
  Slack (ns):             18.081
  Arrival (ns):            8.546
  Required (ns):          26.627
  Recovery (ns):           0.196
  Minimum Period (ns):     1.784
  Skew (ns):               0.108
  Operating Conditions: slow_lv_ht

Path 3
  From: MIPI_CAMERA_0/VDMA_C0_0/VDMA_C0_0/dma_top_0/vdma_ip_reset_0/synchronizer_circuit_2stage_video_clk/sync_out_o:CLK
  To:   MIPI_CAMERA_0/VDMA_C0_0/VDMA_C0_0/dma_top_0/vdma_write_0/vdma_controller/ddr_wr_addr_valid_o:ALn
  Delay (ns):              1.479
  Slack (ns):             18.081
  Arrival (ns):            8.545
  Required (ns):          26.626
  Recovery (ns):           0.196
  Minimum Period (ns):     1.784
  Skew (ns):               0.109
  Operating Conditions: slow_lv_ht

Path 4
  From: MIPI_CAMERA_0/VDMA_C0_0/VDMA_C0_0/dma_top_0/vdma_ip_reset_0/synchronizer_circuit_2stage_video_clk/sync_out_o:CLK
  To:   MIPI_CAMERA_0/VDMA_C0_0/VDMA_C0_0/dma_top_0/vdma_write_0/vdma_controller/r_buff_addr_fifo_data_valid_3[0]:ALn
  Delay (ns):              1.478
  Slack (ns):             18.082
  Arrival (ns):            8.544
  Required (ns):          26.626
  Recovery (ns):           0.196
  Minimum Period (ns):     1.783
  Skew (ns):               0.109
  Operating Conditions: slow_lv_ht

Path 5
  From: MIPI_CAMERA_0/VDMA_C0_0/VDMA_C0_0/dma_top_0/vdma_ip_reset_0/synchronizer_circuit_2stage_video_clk/sync_out_o:CLK
  To:   MIPI_CAMERA_0/VDMA_C0_0/VDMA_C0_0/dma_top_0/vdma_write_0/buff_addr_fifo/RAM2PORT_ASYNC_FIFO_INST/ram_ram_0_0/INST_RAM1K20_IP:A_DOUT_ARST_N
  Delay (ns):              1.497
  Slack (ns):             18.132
  Arrival (ns):            8.563
  Required (ns):          26.695
  Recovery (ns):           0.281
  Minimum Period (ns):     1.733
  Skew (ns):              -0.045
  Operating Conditions: slow_lv_ht


Expanded Path 1
  From: MIPI_CAMERA_0/VDMA_C0_0/VDMA_C0_0/dma_top_0/vdma_ip_reset_0/synchronizer_circuit_2stage_video_clk/sync_out_o:CLK
  To: MIPI_CAMERA_0/VDMA_C0_0/VDMA_C0_0/dma_top_0/vdma_write_0/vdma_controller/r_buff_addr_fifo_data_valid_1[0]:ALn
  data required time                                 26.626
  data arrival time                          -        8.545
  slack                                              18.081
  ________________________________________________________
  Data arrival time calculation
  0.000                        MIPI_CAMERA_0/PF_CCC_C1_0/PF_CCC_C1_0/pll_inst_0/OUT0
               +     0.000          Clock source
  0.000                        MIPI_CAMERA_0/PF_CCC_C1_0/PF_CCC_C1_0/pll_inst_0:OUT0 (r)
               +     5.275          Clock generation
  5.275                        
               +     0.281          net: MIPI_CAMERA_0/PF_CCC_C1_0/PF_CCC_C1_0/pll_inst_0_clkint_0
  5.556                        MIPI_CAMERA_0/PF_CCC_C1_0/PF_CCC_C1_0/clkint_0_1:A (r)
               +     0.243          cell: ADLIB:ICB_CLKINT
  5.799                        MIPI_CAMERA_0/PF_CCC_C1_0/PF_CCC_C1_0/clkint_0_1:Y (r)
               +     0.150          net: MIPI_CAMERA_0/PF_CCC_C1_0/PF_CCC_C1_0/clkint_0_NET
  5.949                        MIPI_CAMERA_0/PF_CCC_C1_0/PF_CCC_C1_0/clkint_0:A (r)
               +     0.164          cell: ADLIB:GB
  6.113                        MIPI_CAMERA_0/PF_CCC_C1_0/PF_CCC_C1_0/clkint_0:Y (r)
               +     0.417          net: MIPI_CAMERA_0/PF_CCC_C1_0/PF_CCC_C1_0/clkint_0/U0_Y
  6.530                        MIPI_CAMERA_0/PF_CCC_C1_0/PF_CCC_C1_0/clkint_0/U0_RGB1_RGB0:A (r)
               +     0.058          cell: ADLIB:RGB
  6.588                        MIPI_CAMERA_0/PF_CCC_C1_0/PF_CCC_C1_0/clkint_0/U0_RGB1_RGB0:Y (f)
               +     0.478          net: MIPI_CAMERA_0/PF_CCC_C1_0/PF_CCC_C1_0/clkint_0/U0_RGB1_RGB0_rgb_net_1
  7.066                        MIPI_CAMERA_0/VDMA_C0_0/VDMA_C0_0/dma_top_0/vdma_ip_reset_0/synchronizer_circuit_2stage_video_clk/sync_out_o:CLK (r)
               +     0.201          cell: ADLIB:SLE
  7.267                        MIPI_CAMERA_0/VDMA_C0_0/VDMA_C0_0/dma_top_0/vdma_ip_reset_0/synchronizer_circuit_2stage_video_clk/sync_out_o:Q (r)
               +     1.278          net: MIPI_CAMERA_0/VDMA_C0_0/VDMA_C0_0/dma_top_0/sync_out_o_0
  8.545                        MIPI_CAMERA_0/VDMA_C0_0/VDMA_C0_0/dma_top_0/vdma_write_0/vdma_controller/r_buff_addr_fifo_data_valid_1[0]:ALn (r)
                                    
  8.545                        data arrival time
  ________________________________________________________
  Data required time calculation
  20.000                       MIPI_CAMERA_0/PF_CCC_C1_0/PF_CCC_C1_0/pll_inst_0/OUT0
               +     0.000          Clock source
  20.000                       MIPI_CAMERA_0/PF_CCC_C1_0/PF_CCC_C1_0/pll_inst_0:OUT0 (r)
               +     4.735          Clock generation
  24.735                       
               +     0.256          net: MIPI_CAMERA_0/PF_CCC_C1_0/PF_CCC_C1_0/pll_inst_0_clkint_0
  24.991                       MIPI_CAMERA_0/PF_CCC_C1_0/PF_CCC_C1_0/clkint_0_1:A (r)
               +     0.211          cell: ADLIB:ICB_CLKINT
  25.202                       MIPI_CAMERA_0/PF_CCC_C1_0/PF_CCC_C1_0/clkint_0_1:Y (r)
               +     0.136          net: MIPI_CAMERA_0/PF_CCC_C1_0/PF_CCC_C1_0/clkint_0_NET
  25.338                       MIPI_CAMERA_0/PF_CCC_C1_0/PF_CCC_C1_0/clkint_0:A (r)
               +     0.149          cell: ADLIB:GB
  25.487                       MIPI_CAMERA_0/PF_CCC_C1_0/PF_CCC_C1_0/clkint_0:Y (r)
               +     0.379          net: MIPI_CAMERA_0/PF_CCC_C1_0/PF_CCC_C1_0/clkint_0/U0_Y
  25.866                       MIPI_CAMERA_0/PF_CCC_C1_0/PF_CCC_C1_0/clkint_0/U0_RGB1:A (r)
               +     0.052          cell: ADLIB:RGB
  25.918                       MIPI_CAMERA_0/PF_CCC_C1_0/PF_CCC_C1_0/clkint_0/U0_RGB1:Y (f)
               +     0.410          net: MIPI_CAMERA_0/PF_CCC_C1_0_OUT0_FABCLK_0
  26.328                       MIPI_CAMERA_0/VDMA_C0_0/VDMA_C0_0/dma_top_0/vdma_write_0/vdma_controller/r_buff_addr_fifo_data_valid_1[0]:CLK (r)
               +     0.629          
  26.957                       clock reconvergence pessimism
               -     0.135          
  26.822                       clock jitter
               -     0.196          Library recovery time: ADLIB:SLE
  26.626                       MIPI_CAMERA_0/VDMA_C0_0/VDMA_C0_0/dma_top_0/vdma_write_0/vdma_controller/r_buff_addr_fifo_data_valid_1[0]:ALn
                                    
  26.626                       data required time


Operating Conditions : slow_lv_ht

END SET Register to Asynchronous

----------------------------------------------------

SET External Recovery

No Path 

END SET External Recovery

----------------------------------------------------

SET Asynchronous to Register

No Path 

END SET Asynchronous to Register

----------------------------------------------------

SET CLOCKS_AND_RESETS_0/CCC_FIC_x_CLK/PF_CCC_C0_0/pll_inst_0/OUT0 to MIPI_CAMERA_0/PF_CCC_C1_0/PF_CCC_C1_0/pll_inst_0/OUT0

Path 1
  From: CLOCKS_AND_RESETS_0/RESET_FIC_0_CLK/CORERESET_0/dff_15[0]:CLK
  To:   MIPI_CAMERA_0/mipicsi2rxdecoderPF_C0_0/MSC_i_0/MSC_i_4/MSC_i_10/MSC_i_12/MSC_i_13/rdaddr_r[6]:ALn
  Delay (ns):              2.848
  Slack (ns):             -0.466
  Arrival (ns):           10.443
  Required (ns):           9.977
  Operating Conditions: slow_lv_ht

Path 2
  From: CLOCKS_AND_RESETS_0/RESET_FIC_0_CLK/CORERESET_0/dff_15[0]:CLK
  To:   MIPI_CAMERA_0/mipicsi2rxdecoderPF_C0_0/MSC_i_0/MSC_i_4/MSC_i_10/MSC_i_12/MSC_i_13/rdaddr_r[5]:ALn
  Delay (ns):              2.848
  Slack (ns):             -0.466
  Arrival (ns):           10.443
  Required (ns):           9.977
  Operating Conditions: slow_lv_ht

Path 3
  From: CLOCKS_AND_RESETS_0/RESET_FIC_0_CLK/CORERESET_0/dff_15[0]:CLK
  To:   MIPI_CAMERA_0/mipicsi2rxdecoderPF_C0_0/MSC_i_0/MSC_i_4/MSC_i_10/MSC_i_12/MSC_i_13/rdaddr_r[4]:ALn
  Delay (ns):              2.848
  Slack (ns):             -0.466
  Arrival (ns):           10.443
  Required (ns):           9.977
  Operating Conditions: slow_lv_ht

Path 4
  From: CLOCKS_AND_RESETS_0/RESET_FIC_0_CLK/CORERESET_0/dff_15[0]:CLK
  To:   MIPI_CAMERA_0/mipicsi2rxdecoderPF_C0_0/MSC_i_0/MSC_i_4/MSC_i_10/MSC_i_12/MSC_i_13/rdaddr_r[3]:ALn
  Delay (ns):              2.848
  Slack (ns):             -0.466
  Arrival (ns):           10.443
  Required (ns):           9.977
  Operating Conditions: slow_lv_ht

Path 5
  From: CLOCKS_AND_RESETS_0/RESET_FIC_0_CLK/CORERESET_0/dff_15[0]:CLK
  To:   MIPI_CAMERA_0/mipicsi2rxdecoderPF_C0_0/MSC_i_0/MSC_i_4/MSC_i_10/MSC_i_12/MSC_i_13/rdaddr_r[2]:ALn
  Delay (ns):              2.848
  Slack (ns):             -0.466
  Arrival (ns):           10.443
  Required (ns):           9.977
  Operating Conditions: slow_lv_ht


Expanded Path 1
  From: CLOCKS_AND_RESETS_0/RESET_FIC_0_CLK/CORERESET_0/dff_15[0]:CLK
  To: MIPI_CAMERA_0/mipicsi2rxdecoderPF_C0_0/MSC_i_0/MSC_i_4/MSC_i_10/MSC_i_12/MSC_i_13/rdaddr_r[6]:ALn
  data required time                                  9.977
  data arrival time                          -       10.443
  slack                                              -0.466
  ________________________________________________________
  Data arrival time calculation
  0.000                        CLOCKS_AND_RESETS_0/CCC_FIC_x_CLK/PF_CCC_C0_0/pll_inst_0/OUT0
               +     0.000          Clock source
  0.000                        CLOCKS_AND_RESETS_0/CCC_FIC_x_CLK/PF_CCC_C0_0/pll_inst_0:OUT0 (r)
               +     4.312          Clock generation
  4.312                        
               +     1.709          net: CLOCKS_AND_RESETS_0/CCC_FIC_x_CLK/PF_CCC_C0_0/pll_inst_0_clkint_0
  6.021                        CLOCKS_AND_RESETS_0/CCC_FIC_x_CLK/PF_CCC_C0_0/clkint_0_1:A (r)
               +     0.150          cell: ADLIB:ICB_CLKINT
  6.171                        CLOCKS_AND_RESETS_0/CCC_FIC_x_CLK/PF_CCC_C0_0/clkint_0_1:Y (r)
               +     0.386          net: CLOCKS_AND_RESETS_0/CCC_FIC_x_CLK/PF_CCC_C0_0/clkint_0_NET
  6.557                        CLOCKS_AND_RESETS_0/CCC_FIC_x_CLK/PF_CCC_C0_0/clkint_0:A (r)
               +     0.161          cell: ADLIB:GB
  6.718                        CLOCKS_AND_RESETS_0/CCC_FIC_x_CLK/PF_CCC_C0_0/clkint_0:Y (r)
               +     0.387          net: CLOCKS_AND_RESETS_0/CCC_FIC_x_CLK/PF_CCC_C0_0/clkint_0/U0_Y
  7.105                        CLOCKS_AND_RESETS_0/CCC_FIC_x_CLK/PF_CCC_C0_0/clkint_0/U0_RGB1_RGB20:A (r)
               +     0.058          cell: ADLIB:RGB
  7.163                        CLOCKS_AND_RESETS_0/CCC_FIC_x_CLK/PF_CCC_C0_0/clkint_0/U0_RGB1_RGB20:Y (f)
               +     0.432          net: CLOCKS_AND_RESETS_0/CCC_FIC_x_CLK/PF_CCC_C0_0/clkint_0/U0_RGB1_RGB20_rgb_net_1
  7.595                        CLOCKS_AND_RESETS_0/RESET_FIC_0_CLK/CORERESET_0/dff_15[0]:CLK (r)
               +     0.201          cell: ADLIB:SLE
  7.796                        CLOCKS_AND_RESETS_0/RESET_FIC_0_CLK/CORERESET_0/dff_15[0]:Q (r)
               +     0.983          net: CLOCKS_AND_RESETS_0_RESET_FIC_0_CLK_CORERESET_0_dff
  8.779                        MIPI_CAMERA_0/mipicsi2rxdecoderPF_C0_0/MSC_i_0/reset_w:A (r)
               +     0.053          cell: ADLIB:CFG2
  8.832                        MIPI_CAMERA_0/mipicsi2rxdecoderPF_C0_0/MSC_i_0/reset_w:Y (r)
               +     1.611          net: MIPI_CAMERA_0/mipicsi2rxdecoderPF_C0_0/MSC_i_0/MSC_net_387
  10.443                       MIPI_CAMERA_0/mipicsi2rxdecoderPF_C0_0/MSC_i_0/MSC_i_4/MSC_i_10/MSC_i_12/MSC_i_13/rdaddr_r[6]:ALn (r)
                                    
  10.443                       data arrival time
  ________________________________________________________
  Data required time calculation
  4.000                        MIPI_CAMERA_0/PF_CCC_C1_0/PF_CCC_C1_0/pll_inst_0/OUT0
               +     0.000          Clock source
  4.000                        MIPI_CAMERA_0/PF_CCC_C1_0/PF_CCC_C1_0/pll_inst_0:OUT0 (r)
               +     4.735          Clock generation
  8.735                        
               +     0.256          net: MIPI_CAMERA_0/PF_CCC_C1_0/PF_CCC_C1_0/pll_inst_0_clkint_0
  8.991                        MIPI_CAMERA_0/PF_CCC_C1_0/PF_CCC_C1_0/clkint_0_1:A (r)
               +     0.211          cell: ADLIB:ICB_CLKINT
  9.202                        MIPI_CAMERA_0/PF_CCC_C1_0/PF_CCC_C1_0/clkint_0_1:Y (r)
               +     0.136          net: MIPI_CAMERA_0/PF_CCC_C1_0/PF_CCC_C1_0/clkint_0_NET
  9.338                        MIPI_CAMERA_0/PF_CCC_C1_0/PF_CCC_C1_0/clkint_0:A (r)
               +     0.149          cell: ADLIB:GB
  9.487                        MIPI_CAMERA_0/PF_CCC_C1_0/PF_CCC_C1_0/clkint_0:Y (r)
               +     0.375          net: MIPI_CAMERA_0/PF_CCC_C1_0/PF_CCC_C1_0/clkint_0/U0_Y
  9.862                        MIPI_CAMERA_0/PF_CCC_C1_0/PF_CCC_C1_0/clkint_0/U0_RGB1_RGB1:A (r)
               +     0.052          cell: ADLIB:RGB
  9.914                        MIPI_CAMERA_0/PF_CCC_C1_0/PF_CCC_C1_0/clkint_0/U0_RGB1_RGB1:Y (f)
               +     0.394          net: MIPI_CAMERA_0/PF_CCC_C1_0/PF_CCC_C1_0/clkint_0/U0_RGB1_RGB1_rgb_net_1
  10.308                       MIPI_CAMERA_0/mipicsi2rxdecoderPF_C0_0/MSC_i_0/MSC_i_4/MSC_i_10/MSC_i_12/MSC_i_13/rdaddr_r[6]:CLK (r)
               -     0.135          
  10.173                       clock jitter
               -     0.196          Library recovery time: ADLIB:SLE
  9.977                        MIPI_CAMERA_0/mipicsi2rxdecoderPF_C0_0/MSC_i_0/MSC_i_4/MSC_i_10/MSC_i_12/MSC_i_13/rdaddr_r[6]:ALn
                                    
  9.977                        data required time


Operating Conditions : slow_lv_ht

END SET CLOCKS_AND_RESETS_0/CCC_FIC_x_CLK/PF_CCC_C0_0/pll_inst_0/OUT0 to MIPI_CAMERA_0/PF_CCC_C1_0/PF_CCC_C1_0/pll_inst_0/OUT0

----------------------------------------------------

SET CLOCKS_AND_RESETS_0/CCC_FIC_x_CLK/PF_CCC_C0_0/pll_inst_0/OUT1 to MIPI_CAMERA_0/PF_CCC_C1_0/PF_CCC_C1_0/pll_inst_0/OUT0

Path 1
  From: MIPI_CAMERA_0/VDMA_C0_0/VDMA_C0_0/dma_top_0/vdma_write_0/ddr_write_vdma/ddr_write_controller_vdma_0/int_dma:CLK
  To:   MIPI_CAMERA_0/VDMA_C0_0/VDMA_C0_0/dma_top_0/vdma_write_0/synchronizer_circuit_2stage_vdma/s_data_in:D
  Delay (ns):              0.746
  Slack (ns):              3.406
  Arrival (ns):            6.778
  Required (ns):          10.184
  Setup (ns):              0.000
  Operating Conditions: slow_lv_ht

Path 2
  From: MIPI_CAMERA_0/VDMA_C0_0/VDMA_C0_0/dma_top_0/vdma_write_0/ddr_write_vdma/async_fifo_vdma_0/rptr[0]:CLK
  To:   MIPI_CAMERA_0/VDMA_C0_0/VDMA_C0_0/dma_top_0/vdma_write_0/ddr_write_vdma/async_fifo_vdma_0/wrptr1[0]:D
  Delay (ns):              0.631
  Slack (ns):              3.542
  Arrival (ns):            6.653
  Required (ns):          10.195
  Setup (ns):              0.000
  Operating Conditions: slow_lv_ht

Path 3
  From: MIPI_CAMERA_0/VDMA_C0_0/VDMA_C0_0/dma_top_0/vdma_write_0/ddr_write_vdma/async_fifo_vdma_0/rptr[9]:CLK
  To:   MIPI_CAMERA_0/VDMA_C0_0/VDMA_C0_0/dma_top_0/vdma_write_0/ddr_write_vdma/async_fifo_vdma_0/wrptr1[9]:D
  Delay (ns):              0.569
  Slack (ns):              3.591
  Arrival (ns):            6.615
  Required (ns):          10.206
  Setup (ns):              0.000
  Operating Conditions: slow_lv_ht

Path 4
  From: MIPI_CAMERA_0/VDMA_C0_0/VDMA_C0_0/dma_top_0/vdma_write_0/ddr_write_vdma/async_fifo_vdma_0/rptr[6]:CLK
  To:   MIPI_CAMERA_0/VDMA_C0_0/VDMA_C0_0/dma_top_0/vdma_write_0/ddr_write_vdma/async_fifo_vdma_0/wrptr1[6]:D
  Delay (ns):              0.540
  Slack (ns):              3.609
  Arrival (ns):            6.588
  Required (ns):          10.197
  Setup (ns):              0.000
  Operating Conditions: slow_lv_ht

Path 5
  From: MIPI_CAMERA_0/VDMA_C0_0/VDMA_C0_0/dma_top_0/vdma_write_0/ddr_write_vdma/async_fifo_vdma_0/rptr[11]:CLK
  To:   MIPI_CAMERA_0/VDMA_C0_0/VDMA_C0_0/dma_top_0/vdma_write_0/ddr_write_vdma/async_fifo_vdma_0/wrptr1[11]:D
  Delay (ns):              0.475
  Slack (ns):              3.676
  Arrival (ns):            6.530
  Required (ns):          10.206
  Setup (ns):              0.000
  Operating Conditions: slow_lv_ht


Expanded Path 1
  From: MIPI_CAMERA_0/VDMA_C0_0/VDMA_C0_0/dma_top_0/vdma_write_0/ddr_write_vdma/ddr_write_controller_vdma_0/int_dma:CLK
  To: MIPI_CAMERA_0/VDMA_C0_0/VDMA_C0_0/dma_top_0/vdma_write_0/synchronizer_circuit_2stage_vdma/s_data_in:D
  data required time                                 10.184
  data arrival time                          -        6.778
  slack                                               3.406
  ________________________________________________________
  Data arrival time calculation
  0.000                        CLOCKS_AND_RESETS_0/CCC_FIC_x_CLK/PF_CCC_C0_0/pll_inst_0/OUT1
               +     0.000          Clock source
  0.000                        CLOCKS_AND_RESETS_0/CCC_FIC_x_CLK/PF_CCC_C0_0/pll_inst_0:OUT1 (r)
               +     4.311          Clock generation
  4.311                        
               +     0.256          net: CLOCKS_AND_RESETS_0/CCC_FIC_x_CLK/PF_CCC_C0_0/pll_inst_0_clkint_4
  4.567                        CLOCKS_AND_RESETS_0/CCC_FIC_x_CLK/PF_CCC_C0_0/clkint_4_1:A (r)
               +     0.234          cell: ADLIB:ICB_CLKINT
  4.801                        CLOCKS_AND_RESETS_0/CCC_FIC_x_CLK/PF_CCC_C0_0/clkint_4_1:Y (r)
               +     0.144          net: CLOCKS_AND_RESETS_0/CCC_FIC_x_CLK/PF_CCC_C0_0/clkint_4_NET
  4.945                        CLOCKS_AND_RESETS_0/CCC_FIC_x_CLK/PF_CCC_C0_0/clkint_4:A (r)
               +     0.162          cell: ADLIB:GB
  5.107                        CLOCKS_AND_RESETS_0/CCC_FIC_x_CLK/PF_CCC_C0_0/clkint_4:Y (r)
               +     0.413          net: CLOCKS_AND_RESETS_0/CCC_FIC_x_CLK/PF_CCC_C0_0/clkint_4/U0_Y
  5.520                        CLOCKS_AND_RESETS_0/CCC_FIC_x_CLK/PF_CCC_C0_0/clkint_4/U0_RGB1_RGB0:A (r)
               +     0.058          cell: ADLIB:RGB
  5.578                        CLOCKS_AND_RESETS_0/CCC_FIC_x_CLK/PF_CCC_C0_0/clkint_4/U0_RGB1_RGB0:Y (f)
               +     0.454          net: CLOCKS_AND_RESETS_0/CCC_FIC_x_CLK/PF_CCC_C0_0/clkint_4/U0_RGB1_RGB0_rgb_net_1
  6.032                        MIPI_CAMERA_0/VDMA_C0_0/VDMA_C0_0/dma_top_0/vdma_write_0/ddr_write_vdma/ddr_write_controller_vdma_0/int_dma:CLK (r)
               +     0.201          cell: ADLIB:SLE
  6.233                        MIPI_CAMERA_0/VDMA_C0_0/VDMA_C0_0/dma_top_0/vdma_write_0/ddr_write_vdma/ddr_write_controller_vdma_0/int_dma:Q (r)
               +     0.545          net: MIPI_CAMERA_0/VDMA_C0_0/VDMA_C0_0/dma_top_0/vdma_write_0_int_dma_o
  6.778                        MIPI_CAMERA_0/VDMA_C0_0/VDMA_C0_0/dma_top_0/vdma_write_0/synchronizer_circuit_2stage_vdma/s_data_in:D (r)
                                    
  6.778                        data arrival time
  ________________________________________________________
  Data required time calculation
  4.000                        MIPI_CAMERA_0/PF_CCC_C1_0/PF_CCC_C1_0/pll_inst_0/OUT0
               +     0.000          Clock source
  4.000                        MIPI_CAMERA_0/PF_CCC_C1_0/PF_CCC_C1_0/pll_inst_0:OUT0 (r)
               +     4.735          Clock generation
  8.735                        
               +     0.256          net: MIPI_CAMERA_0/PF_CCC_C1_0/PF_CCC_C1_0/pll_inst_0_clkint_0
  8.991                        MIPI_CAMERA_0/PF_CCC_C1_0/PF_CCC_C1_0/clkint_0_1:A (r)
               +     0.211          cell: ADLIB:ICB_CLKINT
  9.202                        MIPI_CAMERA_0/PF_CCC_C1_0/PF_CCC_C1_0/clkint_0_1:Y (r)
               +     0.136          net: MIPI_CAMERA_0/PF_CCC_C1_0/PF_CCC_C1_0/clkint_0_NET
  9.338                        MIPI_CAMERA_0/PF_CCC_C1_0/PF_CCC_C1_0/clkint_0:A (r)
               +     0.149          cell: ADLIB:GB
  9.487                        MIPI_CAMERA_0/PF_CCC_C1_0/PF_CCC_C1_0/clkint_0:Y (r)
               +     0.377          net: MIPI_CAMERA_0/PF_CCC_C1_0/PF_CCC_C1_0/clkint_0/U0_Y
  9.864                        MIPI_CAMERA_0/PF_CCC_C1_0/PF_CCC_C1_0/clkint_0/U0_RGB1_RGB0:A (r)
               +     0.052          cell: ADLIB:RGB
  9.916                        MIPI_CAMERA_0/PF_CCC_C1_0/PF_CCC_C1_0/clkint_0/U0_RGB1_RGB0:Y (f)
               +     0.403          net: MIPI_CAMERA_0/PF_CCC_C1_0/PF_CCC_C1_0/clkint_0/U0_RGB1_RGB0_rgb_net_1
  10.319                       MIPI_CAMERA_0/VDMA_C0_0/VDMA_C0_0/dma_top_0/vdma_write_0/synchronizer_circuit_2stage_vdma/s_data_in:CLK (r)
               -     0.135          
  10.184                       clock jitter
               -     0.000          Library setup time: ADLIB:SLE
  10.184                       MIPI_CAMERA_0/VDMA_C0_0/VDMA_C0_0/dma_top_0/vdma_write_0/synchronizer_circuit_2stage_vdma/s_data_in:D
                                    
  10.184                       data required time


Operating Conditions : slow_lv_ht

END SET CLOCKS_AND_RESETS_0/CCC_FIC_x_CLK/PF_CCC_C0_0/pll_inst_0/OUT1 to MIPI_CAMERA_0/PF_CCC_C1_0/PF_CCC_C1_0/pll_inst_0/OUT0

----------------------------------------------------

SET MIPI_CAMERA_0/PF_IOD_GENERIC_RX_C0_0/PF_CLK_DIV_FIFO/I_CDD/Y_DIV to MIPI_CAMERA_0/PF_CCC_C1_0/PF_CCC_C1_0/pll_inst_0/OUT0

Path 1
  From: MIPI_CAMERA_0/mipicsi2rxdecoderPF_C0_0/MSC_i_0/MSC_i_4/MSC_i_10/MSC_i_12/MSC_i_13/wraddr_rr[7]:CLK
  To:   MIPI_CAMERA_0/mipicsi2rxdecoderPF_C0_0/MSC_i_0/MSC_i_4/MSC_i_10/MSC_i_12/MSC_i_13/wraddr_sync_r[7]:D
  Delay (ns):              0.839
  Slack (ns):              4.913
  Arrival (ns):            3.414
  Required (ns):           8.327
  Setup (ns):              0.000
  Operating Conditions: fast_hv_lt

Path 2
  From: MIPI_CAMERA_0/mipicsi2rxdecoderPF_C0_0/MSC_i_0/MSC_i_4/MSC_i_10/genblk2.dt_i[2]:CLK
  To:   MIPI_CAMERA_0/mipicsi2rxdecoderPF_C0_0/MSC_i_0/MSC_i_4/MSC_i_10/data_type_reg1_0[2]:D
  Delay (ns):              0.585
  Slack (ns):              5.150
  Arrival (ns):            3.155
  Required (ns):           8.305
  Setup (ns):              0.000
  Operating Conditions: fast_hv_lt

Path 3
  From: MIPI_CAMERA_0/mipicsi2rxdecoderPF_C0_0/MSC_i_0/MSC_i_4/MSC_i_10/genblk2.word_count_out[9]:CLK
  To:   MIPI_CAMERA_0/mipicsi2rxdecoderPF_C0_0/MSC_i_0/MSC_i_4/MSC_i_10/word_count_reg1_0[9]:D
  Delay (ns):              0.528
  Slack (ns):              5.197
  Arrival (ns):            3.116
  Required (ns):           8.313
  Setup (ns):              0.000
  Operating Conditions: fast_hv_lt

Path 4
  From: MIPI_CAMERA_0/mipicsi2rxdecoderPF_C0_0/MSC_i_0/MSC_i_4/MSC_i_10/genblk2.dt_i[4]:CLK
  To:   MIPI_CAMERA_0/mipicsi2rxdecoderPF_C0_0/MSC_i_0/MSC_i_4/MSC_i_10/data_type_reg1_0[4]:D
  Delay (ns):              0.495
  Slack (ns):              5.267
  Arrival (ns):            3.065
  Required (ns):           8.332
  Setup (ns):              0.000
  Operating Conditions: fast_hv_lt

Path 5
  From: MIPI_CAMERA_0/mipicsi2rxdecoderPF_C0_0/MSC_i_0/MSC_i_4/MSC_i_10/genblk2.word_count_out[8]:CLK
  To:   MIPI_CAMERA_0/mipicsi2rxdecoderPF_C0_0/MSC_i_0/MSC_i_4/MSC_i_10/word_count_reg1_0[8]:D
  Delay (ns):              0.414
  Slack (ns):              5.309
  Arrival (ns):            3.002
  Required (ns):           8.311
  Setup (ns):              0.000
  Operating Conditions: fast_hv_lt


Expanded Path 1
  From: MIPI_CAMERA_0/mipicsi2rxdecoderPF_C0_0/MSC_i_0/MSC_i_4/MSC_i_10/MSC_i_12/MSC_i_13/wraddr_rr[7]:CLK
  To: MIPI_CAMERA_0/mipicsi2rxdecoderPF_C0_0/MSC_i_0/MSC_i_4/MSC_i_10/MSC_i_12/MSC_i_13/wraddr_sync_r[7]:D
  data required time                                  8.327
  data arrival time                          -        3.414
  slack                                               4.913
  ________________________________________________________
  Data arrival time calculation
  0.000                        MIPI_CAMERA_0/PF_IOD_GENERIC_RX_C0_0/PF_CLK_DIV_FIFO/I_CDD/Y_DIV
               +     0.000          Clock source
  0.000                        MIPI_CAMERA_0/PF_IOD_GENERIC_RX_C0_0/PF_CLK_DIV_FIFO/I_CDD:Y_DIV (r)
               +     1.217          Clock generation
  1.217                        
               +     0.354          net: MIPI_CAMERA_0/PF_IOD_GENERIC_RX_C0_0/PF_CLK_DIV_FIFO_CLK_DIV_OUT
  1.571                        MIPI_CAMERA_0/PF_IOD_GENERIC_RX_C0_0/CLKINT_0_1:A (r)
               +     0.162          cell: ADLIB:ICB_CLKINT
  1.733                        MIPI_CAMERA_0/PF_IOD_GENERIC_RX_C0_0/CLKINT_0_1:Y (r)
               +     0.099          net: MIPI_CAMERA_0/PF_IOD_GENERIC_RX_C0_0/CLKINT_0_NET
  1.832                        MIPI_CAMERA_0/PF_IOD_GENERIC_RX_C0_0/CLKINT_0:A (r)
               +     0.118          cell: ADLIB:GB
  1.950                        MIPI_CAMERA_0/PF_IOD_GENERIC_RX_C0_0/CLKINT_0:Y (r)
               +     0.283          net: MIPI_CAMERA_0/PF_IOD_GENERIC_RX_C0_0/CLKINT_0/U0_Y
  2.233                        MIPI_CAMERA_0/PF_IOD_GENERIC_RX_C0_0/CLKINT_0/U0_RGB1:A (r)
               +     0.042          cell: ADLIB:RGB
  2.275                        MIPI_CAMERA_0/PF_IOD_GENERIC_RX_C0_0/CLKINT_0/U0_RGB1:Y (f)
               +     0.300          net: MIPI_CAMERA_0/PF_IOD_GENERIC_RX_C0_0_RX_CLK_G
  2.575                        MIPI_CAMERA_0/mipicsi2rxdecoderPF_C0_0/MSC_i_0/MSC_i_4/MSC_i_10/MSC_i_12/MSC_i_13/wraddr_rr[7]:CLK (r)
               +     0.117          cell: ADLIB:SLE
  2.692                        MIPI_CAMERA_0/mipicsi2rxdecoderPF_C0_0/MSC_i_0/MSC_i_4/MSC_i_10/MSC_i_12/MSC_i_13/wraddr_rr[7]:Q (f)
               +     0.722          net: MIPI_CAMERA_0/mipicsi2rxdecoderPF_C0_0/MSC_i_0/MSC_i_4/MSC_i_10/MSC_i_12/MSC_i_13/MSC_net_104
  3.414                        MIPI_CAMERA_0/mipicsi2rxdecoderPF_C0_0/MSC_i_0/MSC_i_4/MSC_i_10/MSC_i_12/MSC_i_13/wraddr_sync_r[7]:D (f)
                                    
  3.414                        data arrival time
  ________________________________________________________
  Data required time calculation
  4.000                        MIPI_CAMERA_0/PF_CCC_C1_0/PF_CCC_C1_0/pll_inst_0/OUT0
               +     0.000          Clock source
  4.000                        MIPI_CAMERA_0/PF_CCC_C1_0/PF_CCC_C1_0/pll_inst_0:OUT0 (r)
               +     3.164          Clock generation
  7.164                        
               +     0.161          net: MIPI_CAMERA_0/PF_CCC_C1_0/PF_CCC_C1_0/pll_inst_0_clkint_0
  7.325                        MIPI_CAMERA_0/PF_CCC_C1_0/PF_CCC_C1_0/clkint_0_1:A (r)
               +     0.141          cell: ADLIB:ICB_CLKINT
  7.466                        MIPI_CAMERA_0/PF_CCC_C1_0/PF_CCC_C1_0/clkint_0_1:Y (r)
               +     0.096          net: MIPI_CAMERA_0/PF_CCC_C1_0/PF_CCC_C1_0/clkint_0_NET
  7.562                        MIPI_CAMERA_0/PF_CCC_C1_0/PF_CCC_C1_0/clkint_0:A (r)
               +     0.109          cell: ADLIB:GB
  7.671                        MIPI_CAMERA_0/PF_CCC_C1_0/PF_CCC_C1_0/clkint_0:Y (r)
               +     0.253          net: MIPI_CAMERA_0/PF_CCC_C1_0/PF_CCC_C1_0/clkint_0/U0_Y
  7.924                        MIPI_CAMERA_0/PF_CCC_C1_0/PF_CCC_C1_0/clkint_0/U0_RGB1_RGB3:A (r)
               +     0.038          cell: ADLIB:RGB
  7.962                        MIPI_CAMERA_0/PF_CCC_C1_0/PF_CCC_C1_0/clkint_0/U0_RGB1_RGB3:Y (f)
               +     0.278          net: MIPI_CAMERA_0/PF_CCC_C1_0/PF_CCC_C1_0/clkint_0/U0_RGB1_RGB3_rgb_net_1
  8.240                        MIPI_CAMERA_0/mipicsi2rxdecoderPF_C0_0/MSC_i_0/MSC_i_4/MSC_i_10/MSC_i_12/MSC_i_13/wraddr_sync_r[7]:CLK (r)
               +     0.222          
  8.462                        clock reconvergence pessimism
               -     0.135          
  8.327                        clock jitter
               -     0.000          Library setup time: ADLIB:SLE
  8.327                        MIPI_CAMERA_0/mipicsi2rxdecoderPF_C0_0/MSC_i_0/MSC_i_4/MSC_i_10/MSC_i_12/MSC_i_13/wraddr_sync_r[7]:D
                                    
  8.327                        data required time


Operating Conditions : fast_hv_lt

END SET MIPI_CAMERA_0/PF_IOD_GENERIC_RX_C0_0/PF_CLK_DIV_FIFO/I_CDD/Y_DIV to MIPI_CAMERA_0/PF_CCC_C1_0/PF_CCC_C1_0/pll_inst_0/OUT0

----------------------------------------------------

Clock Domain MIPI_CAMERA_0/PF_IOD_GENERIC_RX_C0_0/COREBCLKSCLKALIGN_0/PF_IOD_GENERIC_RX_C0_TR_0/genblk1.U_ICB_BCLKSCLKALIGN/RX_CLK_ALIGN_MOVE:Q

Info: The maximum frequency of this clock domain is limited by the period of pin MIPI_CAMERA_0/PF_IOD_GENERIC_RX_C0_0/PF_CLK_DIV_FIFO/I_CDD:DELAY_LINE_MOVE

SET Register to Register

No Path 

END SET Register to Register

----------------------------------------------------

SET External Setup

No Path 

END SET External Setup

----------------------------------------------------

SET Clock to Output

No Path 

END SET Clock to Output

----------------------------------------------------

SET Register to Asynchronous

No Path 

END SET Register to Asynchronous

----------------------------------------------------

SET External Recovery

No Path 

END SET External Recovery

----------------------------------------------------

SET Asynchronous to Register

No Path 

END SET Asynchronous to Register

----------------------------------------------------

SET MIPI_CAMERA_0/PF_IOD_GENERIC_RX_C0_0/PF_CLK_DIV_FIFO/I_CDD/Y_DIV to MIPI_CAMERA_0/PF_IOD_GENERIC_RX_C0_0/COREBCLKSCLKALIGN_0/PF_IOD_GENERIC_RX_C0_TR_0/genblk1.U_ICB_BCLKSCLKALIGN/RX_CLK_ALIGN_MOVE:Q

No Path 

END SET MIPI_CAMERA_0/PF_IOD_GENERIC_RX_C0_0/PF_CLK_DIV_FIFO/I_CDD/Y_DIV to MIPI_CAMERA_0/PF_IOD_GENERIC_RX_C0_0/COREBCLKSCLKALIGN_0/PF_IOD_GENERIC_RX_C0_TR_0/genblk1.U_ICB_BCLKSCLKALIGN/RX_CLK_ALIGN_MOVE:Q

----------------------------------------------------

Clock Domain MIPI_CAMERA_0/PF_IOD_GENERIC_RX_C0_0/PF_CLK_DIV_FIFO/I_CDD/Y_DIV

SET Register to Register

Path 1
  From: MIPI_CAMERA_0/PF_IOD_GENERIC_RX_C0_0/PF_LANECTRL_0/I_LANECTRL_PAUSE_SYNC/pipe_fall.pause_sync_0:CLK
  To:   MIPI_CAMERA_0/PF_IOD_GENERIC_RX_C0_0/PF_LANECTRL_0/I_LANECTRL_PAUSE_SYNC/pipe_fall.pause_sync:D
  Delay (ns):              0.998
  Slack (ns):              6.884
  Arrival (ns):            4.798
  Required (ns):          11.682
  Setup (ns):              0.000
  Minimum Period (ns):     2.034
  Operating Conditions: slow_lv_ht

Path 2
  From: MIPI_CAMERA_0/mipicsi2rxdecoderPF_C0_0/MSC_i_0/MSC_i_4/MSC_i_5/MSC_i_8/MSC_i_9/ram_block_ram_block_0_0/INST_RAM1K20_IP:A_CLK
  To:   MIPI_CAMERA_0/mipicsi2rxdecoderPF_C0_0/MSC_i_0/MSC_i_4/MSC_i_5/word_cnt_detect[5]:D
  Delay (ns):              3.885
  Slack (ns):             11.739
  Arrival (ns):            7.841
  Required (ns):          19.580
  Setup (ns):              0.000
  Minimum Period (ns):     4.162
  Operating Conditions: slow_lv_ht

Path 3
  From: MIPI_CAMERA_0/mipicsi2rxdecoderPF_C0_0/MSC_i_0/MSC_i_4/MSC_i_5/MSC_i_8/MSC_i_9/ram_block_ram_block_0_0/INST_RAM1K20_IP:A_CLK
  To:   MIPI_CAMERA_0/mipicsi2rxdecoderPF_C0_0/MSC_i_0/MSC_i_4/MSC_i_5/word_cnt_detect[0]:D
  Delay (ns):              3.874
  Slack (ns):             11.750
  Arrival (ns):            7.830
  Required (ns):          19.580
  Setup (ns):              0.000
  Minimum Period (ns):     4.151
  Operating Conditions: slow_lv_ht

Path 4
  From: MIPI_CAMERA_0/mipicsi2rxdecoderPF_C0_0/MSC_i_0/MSC_i_4/MSC_i_5/MSC_i_8/MSC_i_9/ram_block_ram_block_0_0/INST_RAM1K20_IP:A_CLK
  To:   MIPI_CAMERA_0/mipicsi2rxdecoderPF_C0_0/MSC_i_0/MSC_i_4/MSC_i_5/word_cnt_detect[3]:D
  Delay (ns):              3.871
  Slack (ns):             11.753
  Arrival (ns):            7.827
  Required (ns):          19.580
  Setup (ns):              0.000
  Minimum Period (ns):     4.148
  Operating Conditions: slow_lv_ht

Path 5
  From: MIPI_CAMERA_0/mipicsi2rxdecoderPF_C0_0/MSC_i_0/MSC_i_4/MSC_i_5/MSC_i_8/MSC_i_9/ram_block_ram_block_0_0/INST_RAM1K20_IP:A_CLK
  To:   MIPI_CAMERA_0/mipicsi2rxdecoderPF_C0_0/MSC_i_0/MSC_i_4/MSC_i_5/word_cnt_detect[2]:D
  Delay (ns):              3.802
  Slack (ns):             11.825
  Arrival (ns):            7.758
  Required (ns):          19.583
  Setup (ns):              0.000
  Minimum Period (ns):     4.076
  Operating Conditions: slow_lv_ht


Expanded Path 1
  From: MIPI_CAMERA_0/PF_IOD_GENERIC_RX_C0_0/PF_LANECTRL_0/I_LANECTRL_PAUSE_SYNC/pipe_fall.pause_sync_0:CLK
  To: MIPI_CAMERA_0/PF_IOD_GENERIC_RX_C0_0/PF_LANECTRL_0/I_LANECTRL_PAUSE_SYNC/pipe_fall.pause_sync:D
  data required time                                 11.682
  data arrival time                          -        4.798
  slack                                               6.884
  ________________________________________________________
  Data arrival time calculation
  0.000                        MIPI_CAMERA_0/PF_IOD_GENERIC_RX_C0_0/PF_CLK_DIV_FIFO/I_CDD/Y_DIV
               +     0.000          Clock source
  0.000                        MIPI_CAMERA_0/PF_IOD_GENERIC_RX_C0_0/PF_CLK_DIV_FIFO/I_CDD:Y_DIV (r)
               +     1.734          Clock generation
  1.734                        
               +     0.562          net: MIPI_CAMERA_0/PF_IOD_GENERIC_RX_C0_0/PF_CLK_DIV_FIFO_CLK_DIV_OUT
  2.296                        MIPI_CAMERA_0/PF_IOD_GENERIC_RX_C0_0/CLKINT_0_1:A (r)
               +     0.243          cell: ADLIB:ICB_CLKINT
  2.539                        MIPI_CAMERA_0/PF_IOD_GENERIC_RX_C0_0/CLKINT_0_1:Y (r)
               +     0.140          net: MIPI_CAMERA_0/PF_IOD_GENERIC_RX_C0_0/CLKINT_0_NET
  2.679                        MIPI_CAMERA_0/PF_IOD_GENERIC_RX_C0_0/CLKINT_0:A (r)
               +     0.162          cell: ADLIB:GB
  2.841                        MIPI_CAMERA_0/PF_IOD_GENERIC_RX_C0_0/CLKINT_0:Y (r)
               +     0.391          net: MIPI_CAMERA_0/PF_IOD_GENERIC_RX_C0_0/CLKINT_0/U0_Y
  3.232                        MIPI_CAMERA_0/PF_IOD_GENERIC_RX_C0_0/CLKINT_0/U0_RGB1_RGB2:A (r)
               +     0.058          cell: ADLIB:RGB
  3.290                        MIPI_CAMERA_0/PF_IOD_GENERIC_RX_C0_0/CLKINT_0/U0_RGB1_RGB2:Y (f)
               +     0.510          net: MIPI_CAMERA_0/PF_IOD_GENERIC_RX_C0_0/CLKINT_0/U0_RGB1_RGB2_rgb_net_1
  3.800                        MIPI_CAMERA_0/PF_IOD_GENERIC_RX_C0_0/PF_LANECTRL_0/I_LANECTRL_PAUSE_SYNC/pipe_fall.pause_sync_0:CLK (r)
               +     0.209          cell: ADLIB:SLE
  4.009                        MIPI_CAMERA_0/PF_IOD_GENERIC_RX_C0_0/PF_LANECTRL_0/I_LANECTRL_PAUSE_SYNC/pipe_fall.pause_sync_0:Q (r)
               +     0.789          net: MIPI_CAMERA_0/PF_IOD_GENERIC_RX_C0_0/PF_LANECTRL_0/I_LANECTRL_PAUSE_SYNC/pause_sync_0_i
  4.798                        MIPI_CAMERA_0/PF_IOD_GENERIC_RX_C0_0/PF_LANECTRL_0/I_LANECTRL_PAUSE_SYNC/pipe_fall.pause_sync:D (r)
                                    
  4.798                        data arrival time
  ________________________________________________________
  Data required time calculation
  8.000                        MIPI_CAMERA_0/PF_IOD_GENERIC_RX_C0_0/PF_CLK_DIV_FIFO/I_CDD/Y_DIV
               +     0.000          Clock source
  8.000                        MIPI_CAMERA_0/PF_IOD_GENERIC_RX_C0_0/PF_CLK_DIV_FIFO/I_CDD:Y_DIV (f)
               +     1.505          Clock generation
  9.505                        
               +     0.526          net: MIPI_CAMERA_0/PF_IOD_GENERIC_RX_C0_0/PF_CLK_DIV_FIFO_CLK_DIV_OUT
  10.031                       MIPI_CAMERA_0/PF_IOD_GENERIC_RX_C0_0/CLKINT_0_1:A (f)
               +     0.224          cell: ADLIB:ICB_CLKINT
  10.255                       MIPI_CAMERA_0/PF_IOD_GENERIC_RX_C0_0/CLKINT_0_1:Y (f)
               +     0.122          net: MIPI_CAMERA_0/PF_IOD_GENERIC_RX_C0_0/CLKINT_0_NET
  10.377                       MIPI_CAMERA_0/PF_IOD_GENERIC_RX_C0_0/CLKINT_0:A (f)
               +     0.141          cell: ADLIB:GB
  10.518                       MIPI_CAMERA_0/PF_IOD_GENERIC_RX_C0_0/CLKINT_0:Y (f)
               +     0.357          net: MIPI_CAMERA_0/PF_IOD_GENERIC_RX_C0_0/CLKINT_0/U0_Y
  10.875                       MIPI_CAMERA_0/PF_IOD_GENERIC_RX_C0_0/CLKINT_0/U0_RGB1_RGB2:A (f)
               +     0.054          cell: ADLIB:RGB
  10.929                       MIPI_CAMERA_0/PF_IOD_GENERIC_RX_C0_0/CLKINT_0/U0_RGB1_RGB2:Y (r)
               +     0.485          net: MIPI_CAMERA_0/PF_IOD_GENERIC_RX_C0_0/CLKINT_0/U0_RGB1_RGB2_rgb_net_1
  11.414                       MIPI_CAMERA_0/PF_IOD_GENERIC_RX_C0_0/PF_LANECTRL_0/I_LANECTRL_PAUSE_SYNC/pipe_fall.pause_sync:CLK (r)
               +     0.367          
  11.781                       clock reconvergence pessimism
               -     0.099          
  11.682                       clock jitter
               -     0.000          Library setup time: ADLIB:SLE
  11.682                       MIPI_CAMERA_0/PF_IOD_GENERIC_RX_C0_0/PF_LANECTRL_0/I_LANECTRL_PAUSE_SYNC/pipe_fall.pause_sync:D
                                    
  11.682                       data required time


Operating Conditions : slow_lv_ht

END SET Register to Register

----------------------------------------------------

SET External Setup

Path 1
  From: RXD_N[1]
  To:   MIPI_CAMERA_0/mipicsi2rxdecoderPF_C0_0/MSC_i_0/MSC_i_4/MSC_i_5/genblk2.L1_data_out[1]:D
  Delay (ns):              6.616
  Arrival (ns):            6.616
  Setup (ns):              0.000
  External Setup (ns):     3.361
  Operating Conditions: slow_lv_ht

Path 2
  From: RXD_N[0]
  To:   MIPI_CAMERA_0/mipicsi2rxdecoderPF_C0_0/MSC_i_0/MSC_i_4/MSC_i_5/word_counter[14]:D
  Delay (ns):              6.119
  Arrival (ns):            6.119
  Setup (ns):              0.000
  External Setup (ns):     2.859
  Operating Conditions: slow_lv_ht

Path 3
  From: RXD_N[0]
  To:   MIPI_CAMERA_0/mipicsi2rxdecoderPF_C0_0/MSC_i_0/MSC_i_4/MSC_i_5/word_counter[11]:D
  Delay (ns):              6.109
  Arrival (ns):            6.109
  Setup (ns):              0.000
  External Setup (ns):     2.849
  Operating Conditions: slow_lv_ht

Path 4
  From: RXD_N[0]
  To:   MIPI_CAMERA_0/mipicsi2rxdecoderPF_C0_0/MSC_i_0/MSC_i_4/MSC_i_5/word_counter[13]:D
  Delay (ns):              6.097
  Arrival (ns):            6.097
  Setup (ns):              0.000
  External Setup (ns):     2.837
  Operating Conditions: slow_lv_ht

Path 5
  From: RXD_N[0]
  To:   MIPI_CAMERA_0/mipicsi2rxdecoderPF_C0_0/MSC_i_0/MSC_i_4/MSC_i_5/word_counter[8]:D
  Delay (ns):              6.081
  Arrival (ns):            6.081
  Setup (ns):              0.000
  External Setup (ns):     2.821
  Operating Conditions: slow_lv_ht


Expanded Path 1
  From: RXD_N[1]
  To: MIPI_CAMERA_0/mipicsi2rxdecoderPF_C0_0/MSC_i_0/MSC_i_4/MSC_i_5/genblk2.L1_data_out[1]:D
  data required time                                    N/C
  data arrival time                          -        6.616
  slack                                                 N/C
  ________________________________________________________
  Data arrival time calculation
  0.000                        RXD_N[1] (f)
               +     0.000          net: RXD_N[1]
  0.000                        MIPI_CAMERA_0/PF_IOD_GENERIC_RX_C0_0/PF_IOD_RX/I_INBUF_DIFF_MIPI_1/U_IOPADN:PAD (f)
               +     0.660          cell: ADLIB:IOPADN_IN
  0.660                        MIPI_CAMERA_0/PF_IOD_GENERIC_RX_C0_0/PF_IOD_RX/I_INBUF_DIFF_MIPI_1/U_IOPADN:Y (f)
               +     0.000          net: MIPI_CAMERA_0/PF_IOD_GENERIC_RX_C0_0/PF_IOD_RX/I_INBUF_DIFF_MIPI_1/U2_N2P
  0.660                        MIPI_CAMERA_0/PF_IOD_GENERIC_RX_C0_0/PF_IOD_RX/I_INBUF_DIFF_MIPI_1/U_ION:YIN (f)
               +     0.338          cell: ADLIB:IOIN_IB_E
  0.998                        MIPI_CAMERA_0/PF_IOD_GENERIC_RX_C0_0/PF_IOD_RX/I_INBUF_DIFF_MIPI_1/U_ION:Y (f)
               +     3.014          net: MIPI_CAMERA_0/PF_IOD_GENERIC_RX_C0_0_L1_LP_DATA_N_0
  4.012                        MIPI_CAMERA_0/mipicsi2rxdecoderPF_C0_0/MSC_i_0/MSC_i_4/MSC_i_5/un1_rstn_IN_POST_INV1_0:A (f)
               +     0.052          cell: ADLIB:CFG2
  4.064                        MIPI_CAMERA_0/mipicsi2rxdecoderPF_C0_0/MSC_i_0/MSC_i_4/MSC_i_5/un1_rstn_IN_POST_INV1_0:Y (f)
               +     0.369          net: MIPI_CAMERA_0/mipicsi2rxdecoderPF_C0_0/MSC_i_0/MSC_i_4/MSC_i_5/MSC_net_409
  4.433                        MIPI_CAMERA_0/mipicsi2rxdecoderPF_C0_0/MSC_i_0/MSC_i_4/MSC_i_5/MSC_i_8/MSC_i_9/m67:A (f)
               +     0.050          cell: ADLIB:CFG2
  4.483                        MIPI_CAMERA_0/mipicsi2rxdecoderPF_C0_0/MSC_i_0/MSC_i_4/MSC_i_5/MSC_i_8/MSC_i_9/m67:Y (r)
               +     0.468          net: MIPI_CAMERA_0/mipicsi2rxdecoderPF_C0_0/MSC_i_0/MSC_i_4/MSC_i_5/MSC_i_8/MSC_i_9/MSC_net_435
  4.951                        MIPI_CAMERA_0/mipicsi2rxdecoderPF_C0_0/MSC_i_0/MSC_i_4/MSC_i_5/MSC_i_8/MSC_i_9/N_621_i:A (r)
               +     0.073          cell: ADLIB:CFG2
  5.024                        MIPI_CAMERA_0/mipicsi2rxdecoderPF_C0_0/MSC_i_0/MSC_i_4/MSC_i_5/MSC_i_8/MSC_i_9/N_621_i:Y (f)
               +     0.150          net: MIPI_CAMERA_0/mipicsi2rxdecoderPF_C0_0/MSC_i_0/MSC_i_4/MSC_i_5/MSC_i_8/MSC_i_9/MSC_net_410
  5.174                        MIPI_CAMERA_0/mipicsi2rxdecoderPF_C0_0/MSC_i_0/MSC_i_4/MSC_i_5/MSC_i_8/MSC_i_9/m51_1:C (f)
               +     0.236          cell: ADLIB:CFG4
  5.410                        MIPI_CAMERA_0/mipicsi2rxdecoderPF_C0_0/MSC_i_0/MSC_i_4/MSC_i_5/MSC_i_8/MSC_i_9/m51_1:Y (f)
               +     0.272          net: MIPI_CAMERA_0/mipicsi2rxdecoderPF_C0_0/MSC_i_0/MSC_i_4/MSC_i_5/MSC_i_8/MSC_i_9/MSC_net_440
  5.682                        MIPI_CAMERA_0/mipicsi2rxdecoderPF_C0_0/MSC_i_0/MSC_i_4/MSC_i_5/MSC_i_8/MSC_i_9/m51_2_1_1_0:D (f)
               +     0.278          cell: ADLIB:CFG4
  5.960                        MIPI_CAMERA_0/mipicsi2rxdecoderPF_C0_0/MSC_i_0/MSC_i_4/MSC_i_5/MSC_i_8/MSC_i_9/m51_2_1_1_0:Y (r)
               +     0.383          net: MIPI_CAMERA_0/mipicsi2rxdecoderPF_C0_0/MSC_i_0/MSC_i_4/MSC_i_5/MSC_i_8/MSC_i_9/MSC_net_434
  6.343                        MIPI_CAMERA_0/mipicsi2rxdecoderPF_C0_0/MSC_i_0/MSC_i_4/MSC_i_5/MSC_i_8/MSC_i_9/N_643_i:B (r)
               +     0.247          cell: ADLIB:CFG4
  6.590                        MIPI_CAMERA_0/mipicsi2rxdecoderPF_C0_0/MSC_i_0/MSC_i_4/MSC_i_5/MSC_i_8/MSC_i_9/N_643_i:Y (f)
               +     0.026          net: MIPI_CAMERA_0/mipicsi2rxdecoderPF_C0_0/MSC_i_0/MSC_i_4/MSC_i_5/MSC_net_490
  6.616                        MIPI_CAMERA_0/mipicsi2rxdecoderPF_C0_0/MSC_i_0/MSC_i_4/MSC_i_5/genblk2.L1_data_out[1]:D (f)
                                    
  6.616                        data arrival time
  ________________________________________________________
  Data required time calculation
  N/C                          MIPI_CAMERA_0/PF_IOD_GENERIC_RX_C0_0/PF_CLK_DIV_FIFO/I_CDD/Y_DIV
               +     0.000          Clock source
  N/C                          MIPI_CAMERA_0/PF_IOD_GENERIC_RX_C0_0/PF_CLK_DIV_FIFO/I_CDD:Y_DIV (r)
               +     1.520          Clock generation
  N/C                          
               +     0.511          net: MIPI_CAMERA_0/PF_IOD_GENERIC_RX_C0_0/PF_CLK_DIV_FIFO_CLK_DIV_OUT
  N/C                          MIPI_CAMERA_0/PF_IOD_GENERIC_RX_C0_0/CLKINT_0_1:A (r)
               +     0.211          cell: ADLIB:ICB_CLKINT
  N/C                          MIPI_CAMERA_0/PF_IOD_GENERIC_RX_C0_0/CLKINT_0_1:Y (r)
               +     0.128          net: MIPI_CAMERA_0/PF_IOD_GENERIC_RX_C0_0/CLKINT_0_NET
  N/C                          MIPI_CAMERA_0/PF_IOD_GENERIC_RX_C0_0/CLKINT_0:A (r)
               +     0.147          cell: ADLIB:GB
  N/C                          MIPI_CAMERA_0/PF_IOD_GENERIC_RX_C0_0/CLKINT_0:Y (r)
               +     0.367          net: MIPI_CAMERA_0/PF_IOD_GENERIC_RX_C0_0/CLKINT_0/U0_Y
  N/C                          MIPI_CAMERA_0/PF_IOD_GENERIC_RX_C0_0/CLKINT_0/U0_RGB1_RGB1:A (r)
               +     0.052          cell: ADLIB:RGB
  N/C                          MIPI_CAMERA_0/PF_IOD_GENERIC_RX_C0_0/CLKINT_0/U0_RGB1_RGB1:Y (f)
               +     0.418          net: MIPI_CAMERA_0/PF_IOD_GENERIC_RX_C0_0/CLKINT_0/U0_RGB1_RGB1_rgb_net_1
  N/C                          MIPI_CAMERA_0/mipicsi2rxdecoderPF_C0_0/MSC_i_0/MSC_i_4/MSC_i_5/genblk2.L1_data_out[1]:CLK (r)
               -     0.099          
  N/C                          clock jitter
               -     0.000          Library setup time: ADLIB:SLE
  N/C                          MIPI_CAMERA_0/mipicsi2rxdecoderPF_C0_0/MSC_i_0/MSC_i_4/MSC_i_5/genblk2.L1_data_out[1]:D


Operating Conditions : slow_lv_ht

END SET External Setup

----------------------------------------------------

SET Clock to Output

No Path 

END SET Clock to Output

----------------------------------------------------

SET Register to Asynchronous

Path 1
  From: MIPI_CAMERA_0/mipicsi2rxdecoderPF_C0_0/MSC_i_0/MSC_i_4/MSC_i_5/genblk9.sync0_reg:CLK
  To:   MIPI_CAMERA_0/mipicsi2rxdecoderPF_C0_0/MSC_i_0/MSC_i_4/MSC_i_5/MSC_i_8/wraddr_rr[4]:ALn
  Delay (ns):              1.538
  Slack (ns):             14.158
  Arrival (ns):            5.319
  Required (ns):          19.477
  Recovery (ns):           0.196
  Minimum Period (ns):     1.743
  Skew (ns):               0.009
  Operating Conditions: slow_lv_ht

Path 2
  From: MIPI_CAMERA_0/mipicsi2rxdecoderPF_C0_0/MSC_i_0/MSC_i_4/MSC_i_5/genblk9.sync0_reg:CLK
  To:   MIPI_CAMERA_0/mipicsi2rxdecoderPF_C0_0/MSC_i_0/MSC_i_4/MSC_i_5/MSC_i_8/wraddr_r[3]:ALn
  Delay (ns):              1.537
  Slack (ns):             14.158
  Arrival (ns):            5.318
  Required (ns):          19.476
  Recovery (ns):           0.196
  Minimum Period (ns):     1.743
  Skew (ns):               0.010
  Operating Conditions: slow_lv_ht

Path 3
  From: MIPI_CAMERA_0/mipicsi2rxdecoderPF_C0_0/MSC_i_0/MSC_i_4/MSC_i_5/genblk9.sync0_reg:CLK
  To:   MIPI_CAMERA_0/mipicsi2rxdecoderPF_C0_0/MSC_i_0/MSC_i_4/MSC_i_5/MSC_i_8/wraddr_r[2]:ALn
  Delay (ns):              1.536
  Slack (ns):             14.160
  Arrival (ns):            5.317
  Required (ns):          19.477
  Recovery (ns):           0.196
  Minimum Period (ns):     1.741
  Skew (ns):               0.009
  Operating Conditions: slow_lv_ht

Path 4
  From: MIPI_CAMERA_0/mipicsi2rxdecoderPF_C0_0/MSC_i_0/MSC_i_4/MSC_i_5/genblk9.sync0_reg:CLK
  To:   MIPI_CAMERA_0/mipicsi2rxdecoderPF_C0_0/MSC_i_0/MSC_i_4/MSC_i_5/MSC_i_8/wraddr_plus1_r[2]:ALn
  Delay (ns):              1.536
  Slack (ns):             14.160
  Arrival (ns):            5.317
  Required (ns):          19.477
  Recovery (ns):           0.196
  Minimum Period (ns):     1.741
  Skew (ns):               0.009
  Operating Conditions: slow_lv_ht

Path 5
  From: MIPI_CAMERA_0/mipicsi2rxdecoderPF_C0_0/MSC_i_0/MSC_i_4/MSC_i_5/genblk9.sync0_reg:CLK
  To:   MIPI_CAMERA_0/mipicsi2rxdecoderPF_C0_0/MSC_i_0/MSC_i_4/MSC_i_5/MSC_i_8/wraddr_r[5]:ALn
  Delay (ns):              1.360
  Slack (ns):             14.276
  Arrival (ns):            5.141
  Required (ns):          19.417
  Recovery (ns):           0.196
  Minimum Period (ns):     1.625
  Skew (ns):               0.069
  Operating Conditions: slow_lv_ht


Expanded Path 1
  From: MIPI_CAMERA_0/mipicsi2rxdecoderPF_C0_0/MSC_i_0/MSC_i_4/MSC_i_5/genblk9.sync0_reg:CLK
  To: MIPI_CAMERA_0/mipicsi2rxdecoderPF_C0_0/MSC_i_0/MSC_i_4/MSC_i_5/MSC_i_8/wraddr_rr[4]:ALn
  data required time                                 19.477
  data arrival time                          -        5.319
  slack                                              14.158
  ________________________________________________________
  Data arrival time calculation
  0.000                        MIPI_CAMERA_0/PF_IOD_GENERIC_RX_C0_0/PF_CLK_DIV_FIFO/I_CDD/Y_DIV
               +     0.000          Clock source
  0.000                        MIPI_CAMERA_0/PF_IOD_GENERIC_RX_C0_0/PF_CLK_DIV_FIFO/I_CDD:Y_DIV (r)
               +     1.734          Clock generation
  1.734                        
               +     0.562          net: MIPI_CAMERA_0/PF_IOD_GENERIC_RX_C0_0/PF_CLK_DIV_FIFO_CLK_DIV_OUT
  2.296                        MIPI_CAMERA_0/PF_IOD_GENERIC_RX_C0_0/CLKINT_0_1:A (r)
               +     0.243          cell: ADLIB:ICB_CLKINT
  2.539                        MIPI_CAMERA_0/PF_IOD_GENERIC_RX_C0_0/CLKINT_0_1:Y (r)
               +     0.140          net: MIPI_CAMERA_0/PF_IOD_GENERIC_RX_C0_0/CLKINT_0_NET
  2.679                        MIPI_CAMERA_0/PF_IOD_GENERIC_RX_C0_0/CLKINT_0:A (r)
               +     0.162          cell: ADLIB:GB
  2.841                        MIPI_CAMERA_0/PF_IOD_GENERIC_RX_C0_0/CLKINT_0:Y (r)
               +     0.405          net: MIPI_CAMERA_0/PF_IOD_GENERIC_RX_C0_0/CLKINT_0/U0_Y
  3.246                        MIPI_CAMERA_0/PF_IOD_GENERIC_RX_C0_0/CLKINT_0/U0_RGB1_RGB1:A (r)
               +     0.058          cell: ADLIB:RGB
  3.304                        MIPI_CAMERA_0/PF_IOD_GENERIC_RX_C0_0/CLKINT_0/U0_RGB1_RGB1:Y (f)
               +     0.477          net: MIPI_CAMERA_0/PF_IOD_GENERIC_RX_C0_0/CLKINT_0/U0_RGB1_RGB1_rgb_net_1
  3.781                        MIPI_CAMERA_0/mipicsi2rxdecoderPF_C0_0/MSC_i_0/MSC_i_4/MSC_i_5/genblk9.sync0_reg:CLK (r)
               +     0.201          cell: ADLIB:SLE
  3.982                        MIPI_CAMERA_0/mipicsi2rxdecoderPF_C0_0/MSC_i_0/MSC_i_4/MSC_i_5/genblk9.sync0_reg:Q (r)
               +     1.337          net: MIPI_CAMERA_0/mipicsi2rxdecoderPF_C0_0/MSC_i_0/MSC_i_4/MSC_i_5/MSC_net_419
  5.319                        MIPI_CAMERA_0/mipicsi2rxdecoderPF_C0_0/MSC_i_0/MSC_i_4/MSC_i_5/MSC_i_8/wraddr_rr[4]:ALn (r)
                                    
  5.319                        data arrival time
  ________________________________________________________
  Data required time calculation
  16.000                       MIPI_CAMERA_0/PF_IOD_GENERIC_RX_C0_0/PF_CLK_DIV_FIFO/I_CDD/Y_DIV
               +     0.000          Clock source
  16.000                       MIPI_CAMERA_0/PF_IOD_GENERIC_RX_C0_0/PF_CLK_DIV_FIFO/I_CDD:Y_DIV (r)
               +     1.520          Clock generation
  17.520                       
               +     0.511          net: MIPI_CAMERA_0/PF_IOD_GENERIC_RX_C0_0/PF_CLK_DIV_FIFO_CLK_DIV_OUT
  18.031                       MIPI_CAMERA_0/PF_IOD_GENERIC_RX_C0_0/CLKINT_0_1:A (r)
               +     0.211          cell: ADLIB:ICB_CLKINT
  18.242                       MIPI_CAMERA_0/PF_IOD_GENERIC_RX_C0_0/CLKINT_0_1:Y (r)
               +     0.128          net: MIPI_CAMERA_0/PF_IOD_GENERIC_RX_C0_0/CLKINT_0_NET
  18.370                       MIPI_CAMERA_0/PF_IOD_GENERIC_RX_C0_0/CLKINT_0:A (r)
               +     0.147          cell: ADLIB:GB
  18.517                       MIPI_CAMERA_0/PF_IOD_GENERIC_RX_C0_0/CLKINT_0:Y (r)
               +     0.367          net: MIPI_CAMERA_0/PF_IOD_GENERIC_RX_C0_0/CLKINT_0/U0_Y
  18.884                       MIPI_CAMERA_0/PF_IOD_GENERIC_RX_C0_0/CLKINT_0/U0_RGB1_RGB1:A (r)
               +     0.052          cell: ADLIB:RGB
  18.936                       MIPI_CAMERA_0/PF_IOD_GENERIC_RX_C0_0/CLKINT_0/U0_RGB1_RGB1:Y (f)
               +     0.422          net: MIPI_CAMERA_0/PF_IOD_GENERIC_RX_C0_0/CLKINT_0/U0_RGB1_RGB1_rgb_net_1
  19.358                       MIPI_CAMERA_0/mipicsi2rxdecoderPF_C0_0/MSC_i_0/MSC_i_4/MSC_i_5/MSC_i_8/wraddr_rr[4]:CLK (r)
               +     0.414          
  19.772                       clock reconvergence pessimism
               -     0.099          
  19.673                       clock jitter
               -     0.196          Library recovery time: ADLIB:SLE
  19.477                       MIPI_CAMERA_0/mipicsi2rxdecoderPF_C0_0/MSC_i_0/MSC_i_4/MSC_i_5/MSC_i_8/wraddr_rr[4]:ALn
                                    
  19.477                       data required time


Operating Conditions : slow_lv_ht

END SET Register to Asynchronous

----------------------------------------------------

SET External Recovery

No Path 

END SET External Recovery

----------------------------------------------------

SET Asynchronous to Register

No Path 

END SET Asynchronous to Register

----------------------------------------------------

SET CLOCKS_AND_RESETS_0/CCC_FIC_x_CLK/PF_CCC_C0_0/pll_inst_0/OUT0 to MIPI_CAMERA_0/PF_IOD_GENERIC_RX_C0_0/PF_CLK_DIV_FIFO/I_CDD/Y_DIV

Path 1
  From: CLOCKS_AND_RESETS_0/RESET_FIC_0_CLK/CORERESET_0/dff_15[0]:CLK
  To:   MIPI_CAMERA_0/mipicsi2rxdecoderPF_C0_0/MSC_i_0/MSC_i_4/MSC_i_10/MSC_i_12/MSC_i_13/wraddr_rr[4]:ALn
  Delay (ns):              2.848
  Slack (ns):              0.591
  Arrival (ns):           10.443
  Required (ns):          11.034
  Operating Conditions: slow_lv_ht

Path 2
  From: CLOCKS_AND_RESETS_0/RESET_FIC_0_CLK/CORERESET_0/dff_15[0]:CLK
  To:   MIPI_CAMERA_0/PF_IOD_GENERIC_RX_C0_0/COREBCLKSCLKALIGN_0/PF_IOD_GENERIC_RX_C0_TR_0/genblk1.U_ICB_BCLKSCLKALIGN/clk_align_done:EN
  Delay (ns):              2.850
  Slack (ns):              0.692
  Arrival (ns):           10.445
  Required (ns):          11.137
  Setup (ns):              0.136
  Operating Conditions: slow_lv_ht

Path 3
  From: CLOCKS_AND_RESETS_0/RESET_FIC_0_CLK/CORERESET_0/dff_15[0]:CLK
  To:   MIPI_CAMERA_0/mipicsi2rxdecoderPF_C0_0/MSC_i_0/MSC_i_4/MSC_i_10/MSC_i_12/genblk3.fifo_write_data[13]:ALn
  Delay (ns):              2.731
  Slack (ns):              0.713
  Arrival (ns):           10.326
  Required (ns):          11.039
  Operating Conditions: slow_lv_ht

Path 4
  From: CLOCKS_AND_RESETS_0/RESET_FIC_0_CLK/CORERESET_0/dff_15[0]:CLK
  To:   MIPI_CAMERA_0/mipicsi2rxdecoderPF_C0_0/MSC_i_0/MSC_i_4/MSC_i_10/MSC_i_12/MSC_i_13/wraddr_r[5]:ALn
  Delay (ns):              2.730
  Slack (ns):              0.714
  Arrival (ns):           10.325
  Required (ns):          11.039
  Operating Conditions: slow_lv_ht

Path 5
  From: CLOCKS_AND_RESETS_0/RESET_FIC_0_CLK/CORERESET_0/dff_15[0]:CLK
  To:   MIPI_CAMERA_0/mipicsi2rxdecoderPF_C0_0/MSC_i_0/MSC_i_4/MSC_i_10/MSC_i_12/MSC_i_13/wraddr_r[0]:ALn
  Delay (ns):              2.730
  Slack (ns):              0.714
  Arrival (ns):           10.325
  Required (ns):          11.039
  Operating Conditions: slow_lv_ht


Expanded Path 1
  From: CLOCKS_AND_RESETS_0/RESET_FIC_0_CLK/CORERESET_0/dff_15[0]:CLK
  To: MIPI_CAMERA_0/mipicsi2rxdecoderPF_C0_0/MSC_i_0/MSC_i_4/MSC_i_10/MSC_i_12/MSC_i_13/wraddr_rr[4]:ALn
  data required time                                 11.034
  data arrival time                          -       10.443
  slack                                               0.591
  ________________________________________________________
  Data arrival time calculation
  0.000                        CLOCKS_AND_RESETS_0/CCC_FIC_x_CLK/PF_CCC_C0_0/pll_inst_0/OUT0
               +     0.000          Clock source
  0.000                        CLOCKS_AND_RESETS_0/CCC_FIC_x_CLK/PF_CCC_C0_0/pll_inst_0:OUT0 (r)
               +     4.312          Clock generation
  4.312                        
               +     1.709          net: CLOCKS_AND_RESETS_0/CCC_FIC_x_CLK/PF_CCC_C0_0/pll_inst_0_clkint_0
  6.021                        CLOCKS_AND_RESETS_0/CCC_FIC_x_CLK/PF_CCC_C0_0/clkint_0_1:A (r)
               +     0.150          cell: ADLIB:ICB_CLKINT
  6.171                        CLOCKS_AND_RESETS_0/CCC_FIC_x_CLK/PF_CCC_C0_0/clkint_0_1:Y (r)
               +     0.386          net: CLOCKS_AND_RESETS_0/CCC_FIC_x_CLK/PF_CCC_C0_0/clkint_0_NET
  6.557                        CLOCKS_AND_RESETS_0/CCC_FIC_x_CLK/PF_CCC_C0_0/clkint_0:A (r)
               +     0.161          cell: ADLIB:GB
  6.718                        CLOCKS_AND_RESETS_0/CCC_FIC_x_CLK/PF_CCC_C0_0/clkint_0:Y (r)
               +     0.387          net: CLOCKS_AND_RESETS_0/CCC_FIC_x_CLK/PF_CCC_C0_0/clkint_0/U0_Y
  7.105                        CLOCKS_AND_RESETS_0/CCC_FIC_x_CLK/PF_CCC_C0_0/clkint_0/U0_RGB1_RGB20:A (r)
               +     0.058          cell: ADLIB:RGB
  7.163                        CLOCKS_AND_RESETS_0/CCC_FIC_x_CLK/PF_CCC_C0_0/clkint_0/U0_RGB1_RGB20:Y (f)
               +     0.432          net: CLOCKS_AND_RESETS_0/CCC_FIC_x_CLK/PF_CCC_C0_0/clkint_0/U0_RGB1_RGB20_rgb_net_1
  7.595                        CLOCKS_AND_RESETS_0/RESET_FIC_0_CLK/CORERESET_0/dff_15[0]:CLK (r)
               +     0.201          cell: ADLIB:SLE
  7.796                        CLOCKS_AND_RESETS_0/RESET_FIC_0_CLK/CORERESET_0/dff_15[0]:Q (r)
               +     0.983          net: CLOCKS_AND_RESETS_0_RESET_FIC_0_CLK_CORERESET_0_dff
  8.779                        MIPI_CAMERA_0/mipicsi2rxdecoderPF_C0_0/MSC_i_0/reset_w:A (r)
               +     0.053          cell: ADLIB:CFG2
  8.832                        MIPI_CAMERA_0/mipicsi2rxdecoderPF_C0_0/MSC_i_0/reset_w:Y (r)
               +     1.611          net: MIPI_CAMERA_0/mipicsi2rxdecoderPF_C0_0/MSC_i_0/MSC_net_387
  10.443                       MIPI_CAMERA_0/mipicsi2rxdecoderPF_C0_0/MSC_i_0/MSC_i_4/MSC_i_10/MSC_i_12/MSC_i_13/wraddr_rr[4]:ALn (r)
                                    
  10.443                       data arrival time
  ________________________________________________________
  Data required time calculation
  8.000                        MIPI_CAMERA_0/PF_IOD_GENERIC_RX_C0_0/PF_CLK_DIV_FIFO/I_CDD/Y_DIV
               +     0.000          Clock source
  8.000                        MIPI_CAMERA_0/PF_IOD_GENERIC_RX_C0_0/PF_CLK_DIV_FIFO/I_CDD:Y_DIV (r)
               +     1.520          Clock generation
  9.520                        
               +     0.511          net: MIPI_CAMERA_0/PF_IOD_GENERIC_RX_C0_0/PF_CLK_DIV_FIFO_CLK_DIV_OUT
  10.031                       MIPI_CAMERA_0/PF_IOD_GENERIC_RX_C0_0/CLKINT_0_1:A (r)
               +     0.211          cell: ADLIB:ICB_CLKINT
  10.242                       MIPI_CAMERA_0/PF_IOD_GENERIC_RX_C0_0/CLKINT_0_1:Y (r)
               +     0.128          net: MIPI_CAMERA_0/PF_IOD_GENERIC_RX_C0_0/CLKINT_0_NET
  10.370                       MIPI_CAMERA_0/PF_IOD_GENERIC_RX_C0_0/CLKINT_0:A (r)
               +     0.147          cell: ADLIB:GB
  10.517                       MIPI_CAMERA_0/PF_IOD_GENERIC_RX_C0_0/CLKINT_0:Y (r)
               +     0.373          net: MIPI_CAMERA_0/PF_IOD_GENERIC_RX_C0_0/CLKINT_0/U0_Y
  10.890                       MIPI_CAMERA_0/PF_IOD_GENERIC_RX_C0_0/CLKINT_0/U0_RGB1:A (r)
               +     0.052          cell: ADLIB:RGB
  10.942                       MIPI_CAMERA_0/PF_IOD_GENERIC_RX_C0_0/CLKINT_0/U0_RGB1:Y (f)
               +     0.387          net: MIPI_CAMERA_0/PF_IOD_GENERIC_RX_C0_0_RX_CLK_G
  11.329                       MIPI_CAMERA_0/mipicsi2rxdecoderPF_C0_0/MSC_i_0/MSC_i_4/MSC_i_10/MSC_i_12/MSC_i_13/wraddr_rr[4]:CLK (r)
               -     0.099          
  11.230                       clock jitter
               -     0.196          Library recovery time: ADLIB:SLE
  11.034                       MIPI_CAMERA_0/mipicsi2rxdecoderPF_C0_0/MSC_i_0/MSC_i_4/MSC_i_10/MSC_i_12/MSC_i_13/wraddr_rr[4]:ALn
                                    
  11.034                       data required time


Operating Conditions : slow_lv_ht

END SET CLOCKS_AND_RESETS_0/CCC_FIC_x_CLK/PF_CCC_C0_0/pll_inst_0/OUT0 to MIPI_CAMERA_0/PF_IOD_GENERIC_RX_C0_0/PF_CLK_DIV_FIFO/I_CDD/Y_DIV

----------------------------------------------------

SET MIPI_CAMERA_0/PF_CCC_C1_0/PF_CCC_C1_0/pll_inst_0/OUT0 to MIPI_CAMERA_0/PF_IOD_GENERIC_RX_C0_0/PF_CLK_DIV_FIFO/I_CDD/Y_DIV

Path 1
  From: MIPI_CAMERA_0/mipicsi2rxdecoderPF_C0_0/MSC_i_0/sot_r1_pclk:CLK
  To:   MIPI_CAMERA_0/mipicsi2rxdecoderPF_C0_0/MSC_i_0/sot_r0_cclk:EN
  Delay (ns):              0.674
  Slack (ns):             -0.285
  Arrival (ns):            7.706
  Required (ns):           7.421
  Setup (ns):              0.136
  Operating Conditions: slow_lv_ht

Path 2
  From: MIPI_CAMERA_0/mipicsi2rxdecoderPF_C0_0/MSC_i_0/sot_r1_pclk:CLK
  To:   MIPI_CAMERA_0/mipicsi2rxdecoderPF_C0_0/MSC_i_0/sot_r0_cclk:D
  Delay (ns):              0.462
  Slack (ns):              0.063
  Arrival (ns):            7.494
  Required (ns):           7.557
  Setup (ns):              0.000
  Operating Conditions: slow_lv_ht

Path 3
  From: MIPI_CAMERA_0/mipicsi2rxdecoderPF_C0_0/MSC_i_0/MSC_i_4/MSC_i_10/crc_error_reg1:CLK
  To:   MIPI_CAMERA_0/mipicsi2rxdecoderPF_C0_0/MSC_i_0/MSC_i_4/MSC_i_10/crc_err_done_clk_reg0:D
  Delay (ns):              0.361
  Slack (ns):              0.174
  Arrival (ns):            7.396
  Required (ns):           7.570
  Setup (ns):              0.000
  Operating Conditions: slow_lv_ht

Path 4
  From: MIPI_CAMERA_0/mipicsi2rxdecoderPF_C0_0/MSC_i_0/MSC_i_4/MSC_i_10/ecc_error_reg1:CLK
  To:   MIPI_CAMERA_0/mipicsi2rxdecoderPF_C0_0/MSC_i_0/MSC_i_4/MSC_i_10/error_done_cclk_reg0:D
  Delay (ns):              0.349
  Slack (ns):              0.181
  Arrival (ns):            7.411
  Required (ns):           7.592
  Setup (ns):              0.000
  Operating Conditions: slow_lv_ht


Expanded Path 1
  From: MIPI_CAMERA_0/mipicsi2rxdecoderPF_C0_0/MSC_i_0/sot_r1_pclk:CLK
  To: MIPI_CAMERA_0/mipicsi2rxdecoderPF_C0_0/MSC_i_0/sot_r0_cclk:EN
  data required time                                  7.421
  data arrival time                          -        7.706
  slack                                              -0.285
  ________________________________________________________
  Data arrival time calculation
  0.000                        MIPI_CAMERA_0/PF_CCC_C1_0/PF_CCC_C1_0/pll_inst_0/OUT0
               +     0.000          Clock source
  0.000                        MIPI_CAMERA_0/PF_CCC_C1_0/PF_CCC_C1_0/pll_inst_0:OUT0 (r)
               +     5.275          Clock generation
  5.275                        
               +     0.281          net: MIPI_CAMERA_0/PF_CCC_C1_0/PF_CCC_C1_0/pll_inst_0_clkint_0
  5.556                        MIPI_CAMERA_0/PF_CCC_C1_0/PF_CCC_C1_0/clkint_0_1:A (r)
               +     0.243          cell: ADLIB:ICB_CLKINT
  5.799                        MIPI_CAMERA_0/PF_CCC_C1_0/PF_CCC_C1_0/clkint_0_1:Y (r)
               +     0.150          net: MIPI_CAMERA_0/PF_CCC_C1_0/PF_CCC_C1_0/clkint_0_NET
  5.949                        MIPI_CAMERA_0/PF_CCC_C1_0/PF_CCC_C1_0/clkint_0:A (r)
               +     0.164          cell: ADLIB:GB
  6.113                        MIPI_CAMERA_0/PF_CCC_C1_0/PF_CCC_C1_0/clkint_0:Y (r)
               +     0.407          net: MIPI_CAMERA_0/PF_CCC_C1_0/PF_CCC_C1_0/clkint_0/U0_Y
  6.520                        MIPI_CAMERA_0/PF_CCC_C1_0/PF_CCC_C1_0/clkint_0/U0_RGB1_RGB3:A (r)
               +     0.058          cell: ADLIB:RGB
  6.578                        MIPI_CAMERA_0/PF_CCC_C1_0/PF_CCC_C1_0/clkint_0/U0_RGB1_RGB3:Y (f)
               +     0.454          net: MIPI_CAMERA_0/PF_CCC_C1_0/PF_CCC_C1_0/clkint_0/U0_RGB1_RGB3_rgb_net_1
  7.032                        MIPI_CAMERA_0/mipicsi2rxdecoderPF_C0_0/MSC_i_0/sot_r1_pclk:CLK (r)
               +     0.209          cell: ADLIB:SLE
  7.241                        MIPI_CAMERA_0/mipicsi2rxdecoderPF_C0_0/MSC_i_0/sot_r1_pclk:Q (r)
               +     0.153          net: MIPI_CAMERA_0/mipicsi2rxdecoderPF_C0_0/MSC_i_0/MSC_net_397
  7.394                        MIPI_CAMERA_0/mipicsi2rxdecoderPF_C0_0/MSC_i_0/sot_r0_cclk_RNO_0:A (r)
               +     0.078          cell: ADLIB:CFG2
  7.472                        MIPI_CAMERA_0/mipicsi2rxdecoderPF_C0_0/MSC_i_0/sot_r0_cclk_RNO_0:Y (r)
               +     0.234          net: MIPI_CAMERA_0/mipicsi2rxdecoderPF_C0_0/MSC_i_0/MSC_net_407
  7.706                        MIPI_CAMERA_0/mipicsi2rxdecoderPF_C0_0/MSC_i_0/sot_r0_cclk:EN (r)
                                    
  7.706                        data arrival time
  ________________________________________________________
  Data required time calculation
  4.000                        MIPI_CAMERA_0/PF_IOD_GENERIC_RX_C0_0/PF_CLK_DIV_FIFO/I_CDD/Y_DIV
               +     0.000          Clock source
  4.000                        MIPI_CAMERA_0/PF_IOD_GENERIC_RX_C0_0/PF_CLK_DIV_FIFO/I_CDD:Y_DIV (r)
               +     1.520          Clock generation
  5.520                        
               +     0.511          net: MIPI_CAMERA_0/PF_IOD_GENERIC_RX_C0_0/PF_CLK_DIV_FIFO_CLK_DIV_OUT
  6.031                        MIPI_CAMERA_0/PF_IOD_GENERIC_RX_C0_0/CLKINT_0_1:A (r)
               +     0.211          cell: ADLIB:ICB_CLKINT
  6.242                        MIPI_CAMERA_0/PF_IOD_GENERIC_RX_C0_0/CLKINT_0_1:Y (r)
               +     0.128          net: MIPI_CAMERA_0/PF_IOD_GENERIC_RX_C0_0/CLKINT_0_NET
  6.370                        MIPI_CAMERA_0/PF_IOD_GENERIC_RX_C0_0/CLKINT_0:A (r)
               +     0.147          cell: ADLIB:GB
  6.517                        MIPI_CAMERA_0/PF_IOD_GENERIC_RX_C0_0/CLKINT_0:Y (r)
               +     0.367          net: MIPI_CAMERA_0/PF_IOD_GENERIC_RX_C0_0/CLKINT_0/U0_Y
  6.884                        MIPI_CAMERA_0/PF_IOD_GENERIC_RX_C0_0/CLKINT_0/U0_RGB1_RGB1:A (r)
               +     0.052          cell: ADLIB:RGB
  6.936                        MIPI_CAMERA_0/PF_IOD_GENERIC_RX_C0_0/CLKINT_0/U0_RGB1_RGB1:Y (f)
               +     0.393          net: MIPI_CAMERA_0/PF_IOD_GENERIC_RX_C0_0/CLKINT_0/U0_RGB1_RGB1_rgb_net_1
  7.329                        MIPI_CAMERA_0/mipicsi2rxdecoderPF_C0_0/MSC_i_0/sot_r0_cclk:CLK (r)
               +     0.327          
  7.656                        clock reconvergence pessimism
               -     0.099          
  7.557                        clock jitter
               -     0.136          Library setup time: ADLIB:SLE
  7.421                        MIPI_CAMERA_0/mipicsi2rxdecoderPF_C0_0/MSC_i_0/sot_r0_cclk:EN
                                    
  7.421                        data required time


Operating Conditions : slow_lv_ht

END SET MIPI_CAMERA_0/PF_CCC_C1_0/PF_CCC_C1_0/pll_inst_0/OUT0 to MIPI_CAMERA_0/PF_IOD_GENERIC_RX_C0_0/PF_CLK_DIV_FIFO/I_CDD/Y_DIV

----------------------------------------------------

SET MIPI_CAMERA_0/PF_IOD_GENERIC_RX_C0_0/COREBCLKSCLKALIGN_0/PF_IOD_GENERIC_RX_C0_TR_0/genblk1.U_ICB_BCLKSCLKALIGN/RX_CLK_ALIGN_MOVE:Q to MIPI_CAMERA_0/PF_IOD_GENERIC_RX_C0_0/PF_CLK_DIV_FIFO/I_CDD/Y_DIV

No Path 

END SET MIPI_CAMERA_0/PF_IOD_GENERIC_RX_C0_0/COREBCLKSCLKALIGN_0/PF_IOD_GENERIC_RX_C0_TR_0/genblk1.U_ICB_BCLKSCLKALIGN/RX_CLK_ALIGN_MOVE:Q to MIPI_CAMERA_0/PF_IOD_GENERIC_RX_C0_0/PF_CLK_DIV_FIFO/I_CDD/Y_DIV

----------------------------------------------------

Clock Domain MSS_WRAPPER_0/MPFS_DISCOVERY_KIT_MSS_0/I_MSS:SPI_0_CLK_M2F

SET Register to Register

No Path 

END SET Register to Register

----------------------------------------------------

SET External Setup

No Path 

END SET External Setup

----------------------------------------------------

SET Clock to Output

No Path 

END SET Clock to Output

----------------------------------------------------

SET Register to Asynchronous

No Path 

END SET Register to Asynchronous

----------------------------------------------------

SET External Recovery

No Path 

END SET External Recovery

----------------------------------------------------

SET Asynchronous to Register

No Path 

END SET Asynchronous to Register

----------------------------------------------------

Clock Domain MSS_WRAPPER_0/MPFS_DISCOVERY_KIT_MSS_0/I_MSS:SPI_0_CLK_M2F

SET Register to Register

No Path 

END SET Register to Register

----------------------------------------------------

SET External Setup

No Path 

END SET External Setup

----------------------------------------------------

SET Clock to Output

No Path 

END SET Clock to Output

----------------------------------------------------

SET Register to Asynchronous

No Path 

END SET Register to Asynchronous

----------------------------------------------------

SET External Recovery

No Path 

END SET External Recovery

----------------------------------------------------

SET Asynchronous to Register

No Path 

END SET Asynchronous to Register

----------------------------------------------------

Clock Domain REF_CLK_50MHz

Info: The maximum frequency of this clock domain is limited by the minimum pulse widths of pin REF_CLK_50MHz_ibuf/U_IOPAD:PAD

SET Register to Register

No Path 

END SET Register to Register

----------------------------------------------------

SET External Setup

No Path 

END SET External Setup

----------------------------------------------------

SET Clock to Output

No Path 

END SET Clock to Output

----------------------------------------------------

SET Register to Asynchronous

No Path 

END SET Register to Asynchronous

----------------------------------------------------

SET External Recovery

No Path 

END SET External Recovery

----------------------------------------------------

SET Asynchronous to Register

No Path 

END SET Asynchronous to Register

----------------------------------------------------

Clock Domain RX_CLK_P

Info: The maximum frequency of this clock domain is limited by the minimum pulse widths of pin MIPI_CAMERA_0/PF_IOD_GENERIC_RX_C0_0/CLK_0/U_IOPADP:PAD

SET Register to Register

No Path 

END SET Register to Register

----------------------------------------------------

SET External Setup

Path 1
  From: RXD[1]
  To:   MIPI_CAMERA_0/PF_IOD_GENERIC_RX_C0_0/PF_IOD_RX/I_IOD_1:RX_P
  Delay (ns):              0.599
  Arrival (ns):            0.599
  Setup (ns):              1.611
  External Setup (ns):    -0.359
  Operating Conditions: slow_lv_lt

Path 2
  From: RXD[0]
  To:   MIPI_CAMERA_0/PF_IOD_GENERIC_RX_C0_0/PF_IOD_RX/I_IOD_0:RX_P
  Delay (ns):              0.599
  Arrival (ns):            0.599
  Setup (ns):              1.611
  External Setup (ns):    -0.359
  Operating Conditions: slow_lv_lt


Expanded Path 1
  From: RXD[1]
  To: MIPI_CAMERA_0/PF_IOD_GENERIC_RX_C0_0/PF_IOD_RX/I_IOD_1:RX_P
  data required time                                    N/C
  data arrival time                          -        0.599
  slack                                                 N/C
  ________________________________________________________
  Data arrival time calculation
  0.000                        RXD[1] (f)
               +     0.000          net: RXD[1]
  0.000                        MIPI_CAMERA_0/PF_IOD_GENERIC_RX_C0_0/PF_IOD_RX/I_INBUF_DIFF_MIPI_1/U_IOPADP:PAD (f)
               +     0.599          cell: ADLIB:IOPADP_IN_MIPI
  0.599                        MIPI_CAMERA_0/PF_IOD_GENERIC_RX_C0_0/PF_IOD_RX/I_INBUF_DIFF_MIPI_1/U_IOPADP:Y (f)
               +     0.000          net: MIPI_CAMERA_0/PF_IOD_GENERIC_RX_C0_0/PF_IOD_RX/Y_I_INBUF_DIFF_MIPI_1_net
  0.599                        MIPI_CAMERA_0/PF_IOD_GENERIC_RX_C0_0/PF_IOD_RX/I_IOD_1:RX_P (f)
                                    
  0.599                        data arrival time
  ________________________________________________________
  Data required time calculation
  N/C                          RX_CLK_P
               +     0.000          Clock source
  N/C                          RX_CLK_P (f)
               +     0.000          net: RX_CLK_P
  N/C                          MIPI_CAMERA_0/PF_IOD_GENERIC_RX_C0_0/CLK_0/U_IOPADP:PAD (f)
               +     0.519          cell: ADLIB:IOPADP_IN
  N/C                          MIPI_CAMERA_0/PF_IOD_GENERIC_RX_C0_0/CLK_0/U_IOPADP:Y (f)
               +     0.113          net: MIPI_CAMERA_0/PF_IOD_GENERIC_RX_C0_0/CLK_0_Y
  N/C                          MIPI_CAMERA_0/PF_IOD_GENERIC_RX_C0_0/HS_IO_CLK_CASCADED:A (f)
               +     0.168          cell: ADLIB:HS_IO_CLK
  N/C                          MIPI_CAMERA_0/PF_IOD_GENERIC_RX_C0_0/HS_IO_CLK_CASCADED:Y (f)
               +     0.278          net: MIPI_CAMERA_0/PF_IOD_GENERIC_RX_C0_0/Y_1
  N/C                          MIPI_CAMERA_0/PF_IOD_GENERIC_RX_C0_0/PF_CLK_DIV_RXCLK/I_CDD:A (f)
               +     0.538          cell: ADLIB:ICB_CLKDIVDELAY
  N/C                          MIPI_CAMERA_0/PF_IOD_GENERIC_RX_C0_0/PF_CLK_DIV_RXCLK/I_CDD:Y_FB (f)
               +     0.075          net: MIPI_CAMERA_0/PF_IOD_GENERIC_RX_C0_0/PF_CLK_DIV_RXCLK_CLK_OUT_HS_IO_CLK
  N/C                          MIPI_CAMERA_0/PF_IOD_GENERIC_RX_C0_0/HS_IO_CLK_RX:A (f)
               +     0.267          cell: ADLIB:HS_IO_CLK
  N/C                          MIPI_CAMERA_0/PF_IOD_GENERIC_RX_C0_0/HS_IO_CLK_RX:Y (f)
               +     0.056          net: MIPI_CAMERA_0/PF_IOD_GENERIC_RX_C0_0/HS_IO_CLK_RX_Y
  N/C                          MIPI_CAMERA_0/PF_IOD_GENERIC_RX_C0_0/PF_LANECTRL_0/I_LANECTRL:HS_IO_CLK[1] (f)
               +     0.654          cell: ADLIB:LANECTRL
  N/C                          MIPI_CAMERA_0/PF_IOD_GENERIC_RX_C0_0/PF_LANECTRL_0/I_LANECTRL:RX_DQS_90[0] (f)
               +     0.000          net: MIPI_CAMERA_0/PF_IOD_GENERIC_RX_C0_0/PF_LANECTRL_0/RX_DQS_90[0]
  N/C                          MIPI_CAMERA_0/PF_IOD_GENERIC_RX_C0_0/PF_IOD_RX/I_IOD_1:RX_DQS_90[0] (f)
               -     0.099          
  N/C                          clock jitter
               -     1.611          Library setup time: ADLIB:IOD
  N/C                          MIPI_CAMERA_0/PF_IOD_GENERIC_RX_C0_0/PF_IOD_RX/I_IOD_1:RX_P


Operating Conditions : slow_lv_lt

END SET External Setup

----------------------------------------------------

SET Clock to Output

No Path 

END SET Clock to Output

----------------------------------------------------

SET Register to Asynchronous

No Path 

END SET Register to Asynchronous

----------------------------------------------------

SET External Recovery

No Path 

END SET External Recovery

----------------------------------------------------

SET Asynchronous to Register

No Path 

END SET Asynchronous to Register

----------------------------------------------------

Clock Domain CLOCKS_AND_RESETS_0/CCC_FIC_x_CLK/PF_CCC_C0_0/pll_inst_0/OUT2

Info: The maximum frequency of this clock domain is limited by the period of pin MSS_WRAPPER_0/MPFS_DISCOVERY_KIT_MSS_0/I_MSS:FIC_2_ACLK

SET Register to Register

No Path 

END SET Register to Register

----------------------------------------------------

SET External Setup

No Path 

END SET External Setup

----------------------------------------------------

SET Clock to Output

No Path 

END SET Clock to Output

----------------------------------------------------

SET Register to Asynchronous

No Path 

END SET Register to Asynchronous

----------------------------------------------------

SET External Recovery

No Path 

END SET External Recovery

----------------------------------------------------

SET Asynchronous to Register

No Path 

END SET Asynchronous to Register

----------------------------------------------------

Path set Pin to Pin

SET Input to Output

No Path 

END SET Input to Output

----------------------------------------------------

