:020000042022B8
:100000006F000010104A0100000122200001222090
:100010000001222000012220000122200000000017
:1000200000000000000000000000000000000000D0
:1000300000000000000000000000000000000000C0
:1000400000000000000000000000000000000000B0
:1000500000000000000000000000000000000000A0
:100060000000000000000000000000000000000090
:100070000000000000000000000000000000000080
:100080000000000000000000000000000000000070
:100090000000000000000000000000000000000060
:1000A0000000000000000000000000000000000050
:1000B0000000000000000000000000000000000040
:1000C0000000000000000000000000000000000030
:1000D000FFFFFFFF424F4F54204D4F44452031203A
:1000E00044554D4D5920534249430000FFFFFFFF47
:1000F0000000000000000000000000000000000000
:1001000097020000938202267390523081400F10B4
:100110000000814101410142814201438143014488
:10012000814481460147814701488148014981490D
:10013000014A814A014B814B014C814C014D814D5B
:10014000014E814E014F814F735000340145970598
:10015000DEE09385250C88E1174CDEDF130C8CEA7A
:10016000732540F11702DEE71302C2E91302F2031E
:10017000137202FC85453306AC0232921741DEDF72
:10018000130141E81291731040307310403401C9DB
:100190009705DEE09385050888617DD9A5AA9700BB
:1001A0000000E780602B97000000E780C02905452C
:1001B00097000000E780002C97400100E780E0F600
:1001C00097000000E780602697000000E780A01CF1
:1001D00097400100E780000B97200100E780E05680
:1001E0001705DEE013050519B7C501009B8505203D
:1001F0000D461705DEE01305E52597200100E78091
:1002000020201705DEE01305E53297200100E78086
:10021000201F1705DEE01305E53F97200100E7806A
:10022000201E1705DEE01305E54C97200100E7804E
:10023000201D1705DEE01305E51397200100E78078
:10024000201C1B05000097300100E78020A59705C2
:10025000DEE0938525EB97200100E780C0141705A9
:100260000000130525244C4109466383C50001A005
:10027000147110652A9608759705DEE0938585F858
:1002800088E11705DEE91305E5D797400100E7800F
:1002900000BA09A097400100E78020058545630A60
:1002A000B5021705DEE01305E50C9705DEE0938542
:1002B000D5E997200100E780000F1705DEE0130560
:1002C000650B97200100E780600C1375050475D558
:1002D00001A01B05000097300100E780209C9705D6
:1002E000DEE0938505E697200100E780C00B1B0543
:1002F000000097300100E780609A97200100E780B6
:10030000E0081375050465D505459705DEE093857E
:1003100065F088E10F100000010001009700DEE9A0
:10032000E78040CE1705DEE91305C5CD73101534FF
:1003300073104030732500301375F5F7B7E5FFFFF4
:100340009B85F57F6D8DB72500009B8505804D8DC4
:1003500073100530732540F1814573002030010092
:1003600001A00000000000000000000000000000EC
:100370006306B500233005002105DDBF8280638957
:10038000A5006387C500146194E12105A105D5BFCF
:100390008280411106E4174501001305A55A97050F
:1003A000DEE0938525C61706DEE01306A6C6970095
:1003B0000000E78000FD174501001305A55C9705C7
:1003C000DEE0938525D41706DEE01306A6EC970041
:1003D0000000E78000FB1705DEE01305A5EE97059A
:1003E000DEE0938525F097000000E780A0F8170570
:1003F000DEE0130525F19705DEE09385A576A26082
:100400004101170300006700E3F68147630CF60023
:100410003387F500834607003307F500850723007F
:10042000D700EDB78280611106C097400100E780D8
:1004300000E582402101AA871707DEE9130787BC80
:1004400015A01707DEE71307E7BB9707FCE79387BD
:1004500067BB09A81707DEE01307C7BA9727DEE0D6
:10046000938747BA233007002107E34DF7FE8280C8
:100470004605B707000A3E956301F502946393872A
:100480000704E39DA7FEB707000AB706010223B0E1
:10049000F62093870704E39CA7FE828000000000FB
:1004A00055838BC0020000007000000000000000B7
:1004B0008822D23ED53DF359C2A597B60000000070
:1004C000D71D0100000000000050020000000000E5
:1004D000000000000000000000000000000000001C
:1004E000000000000000000000000000000000000C
:1004F00000000000000000000000000000000000FC
:1005000000000000000000000000000000000000EB
:1005100078DA8CBD0B5C1357F6007C6792C924080F
:10052000020E10146C43068852EB5A5FA9B675414F
:100530000853F151DBFF5AB7DDB58B8E4AB575D53F
:10054000AA756DCB6E429884878874C068C12DA04F
:1005500082B5ADEB4A6D565D0BF88056D7AA6D1586
:10056000ED130D10B5DA6205220AF29D3B3301EC62
:100570007FFFDFF7B5BF2133E79C7BEEB9F79E7BAA
:100580001E77EE5C5D0821D18A900B7EBD566BB460
:10059000DE47208676EEB5BF4253FA59A88B099CF8
:1005A000757F4D5CE22DFD732AC49059490CF98B7F
:1005B0008A798DEC112C13341F90E3DFD627010DBF
:1005C00041F40C2BD29324502CBA272413C96B422C
:1005D00012C7C135917F611D2DC3AF740B1935CE84
:1005E0006A72DADB6B42C8899863D0093D8DA0AE90
:1005F000464AAEBB5CB5662E8A8C495D13920A658D
:1006000035E37EDE3C6ED21A3437A4B356A18B900C
:10061000E90C04D08CD38C5BB97995794DC8FC7109
:10062000B74D73C779A27DF7B3AC0CE0E512045A5D
:10063000338C9CC84E7C4E7DDB88C6895FEC47E2DC
:100640002FE39178743CE29D24AA21A18D44D64FDA
:10065000A3CBE53BDB4F1157EDE3B3D4111DB8D469
:100660006D63C8C4882BB85C441B795DD332F4C673
:10067000B0F611771EEAA96CAE6AD97375EF8DFDDD
:10068000ED1F771CBAF349CFF4CBA9AD69D7E6DCEF
:100690007CEED6F39D2F76BFD47BE5725BEBF56BDA
:1006A0003FDDFCE55657E7DDEEFBBD6BE20C138941
:1006B000389EA390AB1CCB8D5ED35D9B4011E8763A
:1006C0001C9AE83A8B21E9872AD3AF2C245F9BBE82
:1006D000E6CA1ACDE2AAC5A94BDA96685EAF7A3DA2
:1006E000757DDBFA8097F7BC9CB6ECFAB28037F6E2
:1006F000BC91F6E6F53787BEBAF7D5392B7E5A316D
:10070000F4AF7BFF3AE76F3FFDEDED456B360F9B96
:10071000B81FFE92E32A5F9BBE700D328CC3ED0FB3
:100720000E41C896442411D36DD389645B32916223
:100730004BB1A5129C8D239EB63D4DCCB0CD20D2A1
:100740006C69C44CDB4C62966D1631DB369B98634A
:100750009B433C637B067A7F629655EE3F5E730057
:10076000B1E32814437D579B65E5737741BF9D40F6
:10077000610B8B2FC75015D4798025856A5AF49D5B
:10078000D07B9445ED825F5138A1D277C1B3265515
:10079000278F13EA55F0010A5EA7D790187F49C149
:1007A000DFD3CF2331FEA20B7E01EF53F4E08E0C9A
:1007B0003FD1E59AA702B825B2323D89D0AB10CA25
:1007C000409E2E9709F944275DA2875FD0D3627EB1
:1007D0009317B9E201E66810F99C261492BCF95807
:1007E000111D4A7B6E348146E835A0399AF82F40B6
:1007F00083EE3374F5395EDD46BA68ED7DD1E93DAF
:10080000ABDB0D50E0C19D95793616B2E368144319
:100810007B66635D4203FF91FE9B10E9AFD5AC8020
:10082000037E054F0AE92F12B6D0DE984AA8B8F326
:1008300048F4F9821714EED0B4C21D4DDE6CB23705
:100840005288B576A12C2B116ABC117F35AD259449
:10085000EB9ECFE7B422FE65B74674B6F6896E3DCF
:10086000CAFC3D35678FC34C9328F769E6F75A32C7
:1008700026590C46A4EB6DE8C7ACA3634415522778
:10088000A5B88AE1297BF118F1A1FB44E80C7E644C
:1008900004155D1F4AD5F86882B72FD1F22FD7A86B
:1008A000F94DE1146F8DA379F10421D099E6D57D3E
:1008B0008B161F5D6C5C4658A88559D67A8ECFE999
:1008C00044228D483EAF13D9B8D56E970B383A39CC
:1008D00053199FA4DCD3F1E76BCBAE546832DDBC77
:1008E000A353C53BD7919EEDC2DDB2F479B5BCBD33
:1008F00049E5A0D7B99933BE3E81E3D53F10A2FEAA
:10090000612436FAFA16D6DADD249A516BE336B84A
:10091000056E99DBCD690DEC4E3A91AD846B8F3B42
:1009200091E29242F9E8B687D80F1AE1994E633FF7
:10093000A0D39EE524AA72EFF4CCF9EC5E6F1ADC2A
:10094000CD622BE1DA0957957716B33E1C4D6954F9
:100950005537CEEC7DFD88863031EBE9764CA7AA81
:10096000A66711A67585985E55CDCDAA7F5D747476
:10097000054B904A0C71CE7247B4F7F54648909DEE
:1009800018D208F498A3B83E0E559CC1B562AE8348
:10099000CA295C07955378BB35841FE2E7AD096926
:1009A000FFEFBC2DE860A39FF7A0727EDE03E51485
:1009B000DE467D8CE8E73A4C1F2A0EF04B2A95392B
:1009C0000AA8A29F23EE03A984C24F2AA170924ACB
:1009D000289C947EEAE705F501AFA4DCC74E0C70B5
:1009E00092DB3DD09750BA9F13B3DED73EC06BA0C9
:1009F00095275E57A4076EF2B8C9A34B71409D4876
:100A0000B69801E6D620C26E724E17F2734FA9E275
:100A1000B8E9546E12916585B14E7CEC4065864014
:100A20004F6BA9CCF03437DDD7595ADDA22F1EE524
:100A30007AE5196EFF8EE9EC0ACEB2AA2C14F154B5
:100A40002E686986D9890CA0896AD6E83398B9607E
:100A5000F00474ACDB810CF6EA5463A6DE661AEE91
:100A6000D159B2AC05F9ADF7DCF4540DBBB30AA80B
:100A70004DC33165CC52B6AACB80E9CD0232301AD3
:100A80000D6937512C2EB3A1E913C7ADC29BDF8886
:100A90003E0D693B233A2935E6A8AAD6188B28765D
:100AA0006FEB7D4F69E77DB713D741B30BD7875BFA
:100AB000BA0B6DA6A263F32C6EDADA27CBE3F3B0A0
:100AC000A37CC62CEBC8D54246E555D1E93C4CA5E4
:100AD00054B59C6C9ED3F3DC9DE73B1C371272F738
:100AE000664FFBFC89B0E3A8640695D69B5625A407
:100AF00009E35B140F761BFC42F42495AA318CB0F9
:100B000071C6A5FCC31CC1DF3C89BE9D15D5E4445C
:100B1000970AB1CD287539D1E5C21A733B7A8DCBCE
:100B2000344FFDFC358E30851E3BDDF79AA52D3DFB
:100B300075311137615239AA5AAC597665C3F43709
:100B40002ADF08A5E26046831FFE9E7DDC666027E3
:100B50001619A2D4144A70ECC9365388480ACF1328
:100B6000920AD8713131EC93A1065986E68E281D80
:100B7000854A381E75938C3A91340AF671B618D5A9
:100B80004422C63ED166504D210CC00DDA1720C854
:100B9000F4E9DE239C27B0B307F8D992C2930AE2A6
:100BA0001D790211A7B4A71DD7E619197BCF4F6D88
:100BB0006DF1E4ECBCCBA8E7924BDC4A3FC63E6546
:100BC000B199189F4F1573062CA196D1243EBCED08
:100BD00094485BA73DE1F492E62A1AECB466D81378
:100BE000F37DA48DCB5D7AC4F2C4F936925F56854D
:100BF0000493D41B5B2290C7E5BE6FC6A3646A3022
:100C0000BA35B794397594BE54C8C67719A7800E03
:100C1000DC3625DE0AE5F8577D1A7D068E62AAD7F6
:100C2000E4D1875C65C9EE781478C895E52C4B351E
:100C3000D3A80F8F7F7761594396D55EEDD00E40D4
:100C4000D89D5D5A0916F9002C52828D7A00364AD9
:100C5000823DFE00ECF1FEFA33FCF57B5F95EB3F45
:100C6000E4329B506096339AC3B3C2663A5F18DD94
:100C7000081C4C4EADFF998DF5692548E42048A429
:100C800004193508324A823C3E0802B5BA38F09E53
:100C90004EEFBAADBCCEAB877B764AF5DA1C5E056B
:100CA00071C7C81F318EFD27BD9680DEE14B4F20F6
:100CB00016D1A88C1768896E92EFB52CABA0B19FA6
:100CC000D0A0CE5B14ED4A05D8E1B6555B79552A24
:100CD0008D42AF00E78FC107385233BB6B5DF371B4
:100CE0001DD50BF8119D916E1A19A22F63CEF646F1
:100CF000702D3E6FB0C48DF42D8A5EC866D108FE9B
:100D000066D32872A19D7322D16B42ACDAD7FFC49F
:100D10003DF0A4EF7FA20918E5A1AC76D05390FF77
:100D2000895389BEA66036C047FA9FBCFD4F4E1955
:100D300017283FD12AA5DCC0D390079E68FF132E49
:100D4000B75E2A27C9AC9664C67F1DB43A6CE1AD84
:100D50000CB03786E813AAC606C464D05AD6D106AA
:100D600092889A108A2571CB58D4041E5EC2AE07B1
:100D70009E80C54F1A95449BD306355C4E658736D9
:100D800091610B83388C651F079F1FD18A4B3E49A9
:100D9000E1B88A6427C2F5385C4FC2358E52C3B3BE
:100DA0001A9ED5F0AC86674DF409596290513BD03C
:100DB0006EF703EDF64AF2C3284963E37D968FEEA2
:100DC000446E3AA47F6CB819B86F4A0E28F8051221
:100DD000DE3408CF618E457EFC3209CF0DC25B70D8
:100DE000FDE17EFC3A099F31089F8CC72CD48F9F70
:100DF00028D78F46F5E393F0089FAF51F0898A7C9E
:100E000003F8DF62ED38E7C7CF52E41BC03F85F53A
:100E1000659E1FFF7B45BE01FC13A2D7899EF5E3AB
:100E200017F30F4BF28DD2C333FB5BDF2299CAFB62
:100E3000B8E8A5898387C9CD0535104F999F9C29AE
:100E4000E477F6E1BBB766E6E2BB08D26C8B9B4069
:100E500077217B2A6D9D40772281C6E31BE5A49113
:100E60006789FBBE1B28AFCE8C9A4781F75AF2B434
:100E70001D66D57BC75410C38D3E36FC0A9E55A512
:100E80000E1A953A7DF7F8C57760AE68C8529A4653
:100E900051347EBE8AE327923FD645F20D4D88A29B
:100EA000042A33A2DE4D4119C242B46559977D41EF
:100EB0005930A7793F9CEECB9CE79FC7A63165C907
:100EC000D14725D99B32C644D797D56759DD26EC43
:100ED0009B382D78E40C27021FAB058FEC7FDAE9F5
:100EE0007F5A508AEF71647EDB84EAC870A2685A28
:100EF00049420BBE3766786E7AEF63FFBB6075655B
:100F0000B3A325BE27EDCE9C8EE7DA2BB8846C3ECA
:100F1000B753CDFFE826751C447139AD6A291ACD47
:100F20006E553374A2CAC6F1EFB6920C55376C7C7D
:100F3000CBD866C5B2DFB571594B8C4BC3CB217E84
:100F4000DCD4A9C5F1A3E79DCE1E255EB427EDC66E
:100F500079036B0037C1F5FE5E986374563ACC5A3C
:100F60001211165DB2781122D939220991AC08D438
:100F700076D62AAA21929DE1CA85A7DCCFFEC6BCFF
:100F80000B916C1A3F7CA9DAFEB306D5F8F4C45F66
:100F90006F5C59C9DBFB10151743176978C7099AAD
:100FA0005FF109C9672F51F30E0BC58BE7715CFB2D
:100FB000B847AFEDA94AD72CBEB276FA86CA0DE47F
:100FC0001B0BC117BA9C581EE71B65FC87B5F6DFE3
:100FD000D268412D5F388FE4F34B48CFD6B85EBB63
:100FE0005B872EBBF95C2FC4B0F56E518E61B37F69
:100FF0002644971CC3AE73B3E3D4D00A35AA741841
:101000009D101B434CAB422FD40ADC8CDA8A6BE474
:1010100066884F604EDBB9A7FF6B8C1FA5D510E328
:101020009DA55A2DB685D626544AEB257DCAD2DB1E
:10103000C4BD2E7B038D724FA63A3CC3E8BED3904D
:1010400069D81BC04573531DE76B19FD3C246B33F6
:101050005D7BC8B595EFE4F8DBD588DC5C7499DC82
:101060000C3C11F4F86D9A2037877AC8CDD1C91B92
:10107000E6D94C62971E15FC5491BF6E5EC98F99DC
:10108000F3A89322A4427B5D9B934517C43522C4E9
:10109000F224F6408266F3B152A706792ED37DD1B1
:1010A000C904F8613C33A38F6559FD3594D21412FD
:1010B000B79891DE25F9CD93935D61FC161ACF2484
:1010C000C88F3E3EE42AF6B01FD188FD17F61E54A5
:1010D0002AC47B10393C31AF9314E913C1B886E2BE
:1010E000645B3C9FD5408AE19390EB75EC35DA7AEE
:1010F000F76E295EC450023D949A5AC2966B50D83E
:10110000E5CDC7E43969228B7E7673682EE45CB541
:10111000D26C9DE86B1738C98BA87C9019512F8B26
:1011200074A2C696EACE81A84DABFD5455FDB4918C
:10113000CA9FFD238EBE70E4953999DD7DC7C8BC7A
:10114000DE151C03792DBFBC1131FA78E4CAC02327
:101150009E11833D6EE91681C0711AF691D5069BEA
:10116000898DF7192A96FAA3471C0D82DF5362C1B5
:10117000E1C73A0B3B21123CD047594ACE1CE1F85B
:101180008D9D242EAB8AA3D90A885489B8CC02D06D
:101190008E61304F569E4076131D6376DEEF85DC00
:1011A000536B336516867B61CC438A2006FDDFB125
:1011B00021DFD6854A5D7AC42FBD8384F8476B0949
:1011C000CBAD5A6C33FAE58068067201E0E98F64B2
:1011D00031B6B3B0F51BC80DAF9A5382517C4B5A50
:1011E000B3E606A356C7E6A6E867C068E846FBF87C
:1011F00090125215A74354EA014B5438452831D870
:10120000CDCC30226E5D3B61B9923E7D71E562725C
:1012100019CEF170545B3667F57A86F605DB4C51D2
:10122000E102EA2EFCAC3066C967855886B2CFFD74
:1012300052542C8D9EE3EF8BDE7B2021B4A3773EAE
:101240006E457DC6E9C2FF5F91378A8A701038F219
:101250005EB0898867776A0C6C5583418EC2A55A47
:1012600072FC11B8568EC0BF1C88C0B79D293D1FA7
:10127000878E86D717E17AA1878DBD938E8647D753
:10128000D717855237BBFF6B1C0E30C814777BA174
:10129000977BE7674EE2994ED09BD6DA29AB8D77E4
:1012A000E23BD2DAE7DC78EEEAF32D9A1E88C273CD
:1012B000C767BBDAFBFAC072BD844BB9A157210BDB
:1012C000318AD9EA58571ACCB5BC802BBA34D5AE7E
:1012D000805FF7E7C55EE8CF6D5775962BABA6AF7D
:1012E000AD5C4B6EB8B26CFAF2CAE531D0ABD0EC63
:1012F0005ED088F0CE40773696EDB81122410D438E
:10130000B5431F43345AD5619479D475D9ABB38DA5
:10131000519A8EBEA8E7B7209B693B58E80E63A997
:1013200053071274C446A923D07629D2888A501351
:101330000B36899774D3D9BD13E38878F092E843CC
:101340009AAD3C6E003AA32C7DF98BEED460EC6133
:1013500062712BC01B1871FCFBE11741F9EBEE51D8
:101360001C4FB590387EDB616FFBD44C4F1DC6EE31
:1013700034C530B45905199AA1409E5909BE86203A
:101380004B782DBEDF81E806A00AC554B3E95BB5F2
:10139000225D474A34A37CC7C1DA9353DC10FB5F5C
:1013A000805C61146413A3209B1805B9C368F6C957
:1013B000C74CECE3492676E2B32676DC4213FBE425
:1013C000EA38C0C7013E8E1D5711C73EF94F167A45
:1013D00025A813E5728C1A696DB3F9919DC8550063
:1013E000B3B22028794A39C0D4F2D3A3D3C43FC4BE
:1013F000225B0A111B3ECB5C0063128034C22C6658
:101400008895643A3B8295BEFB0AF7A7A82354CA85
:101410006AD195CF9DC48C3979D4686C7D980DDDE7
:10142000C145B4E79D47FAE6A5560A7394AC039DFF
:1014300087BC2A42087E12D5385C88B56E81EC8A5A
:101440007199D09F5D21C9AA6A1DE289B640D6AACA
:1014500081F976DA6833D578E7136C7CAF51507B2D
:101460004A1677DB5289541B4770D4D32265256313
:10147000514DCE57C8FEA916E16C94DFAA1D42E17A
:101480006C3898BFE34523B70B26E6F5CE606CF5C4
:10149000058DA7F4E39ED2263D7A42002BB4AE53CD
:1014A00091BEF9536A4966B892395DA8149E13E655
:1014B000A52AED3A0979D668C8B346439E350AF2A3
:1014C000AC51F62936936A2A61B24FB5C5AB9E205E
:1014D000E2ED4FD8E2544F1271F6276DB1AAA788FA
:1014E00058FB5336968883114980689D860C2AB82C
:1014F00048E75962BA5DE17EB01D4FA22A176BA57D
:1015000011554B70BBDC49A1C6664D8B3C9F9CC6F8
:101510002929D857F87E66639B8CF6783A36FCB357
:101520004CC926741752198C86AE03EBAD3EA186CA
:10153000BB669E3C41C26FF9A4145E75429DD4DF28
:101540000A74D22854A6938B7114C16C799D9C9413
:1015500002B3BADD335773FF5221AE057211A8A54D
:10156000BE96D9B254C69DF5A468EED7BB992DCFCF
:10157000939E059ABB00D977A95696A711A4BE5988
:101580000A36599205E780A5171C48ECEA0AAE71A5
:101590007491E78EAA8022E97546D3A5224C1B36AA
:1015A0008954F3DF28EE7013E483D7AB115F528DBB
:1015B0000EFBDA485B2365F244B8EF47CDD7A3FAB8
:1015C000A5517A27EA8D289D5F8DD6153E0BF933FC
:1015D0001D2865D1BDB2A793E483DADC608D60BEBF
:1015E000C5DAE31B8DB9794527B124B23784BC2411
:1015F0001E5BEC5E7DE76D6CD37094063DFE1DFBBB
:101600006491817D1CF2E6898FC5B0E392E037D406
:10161000C88EB31925FF10DBC8629BDFAB2762338E
:1016200037BAE944B460233BD66914D59BC9F0347A
:10163000772E329875896876AA48217580D03B51FB
:1016400019FF3D62474730115750C73316956AE777
:10165000672C115BB33E96B8DC27EAB3C9700BFF69
:10166000296837954EC69497701EBAF33E688B1161
:10167000B4C508DA1203DA1203DA62006DC1D9398F
:101680000B51CE16EC6BE3BF24B88F9D8F3D6DDF01
:101690009D8AA23434E237EFD60CD5EC77417E86B2
:1016A000FC56035B79C8DDD59169D86E947CBEACDD
:1016B00030F35E6989804E17469F8C4CC319A51B79
:1016C000B084695E212E1179D25F46A62F6A5851E7
:1016D00098F94DF449769406FB675385C63382EE3C
:1016E000B671B3B1A5F8BA20036C402CD806166CBD
:1016F00006FCDA62C15E803D788C055BC182AD007C
:10170000F8EA188043FF15413F56C4406412949094
:10171000772E85EF712377980A9566ABBF3AFCD593
:101720004764697118C2FDE3D713904B43BD8273C0
:101730005D71C890763C46B619448A2D8D98C10CCF
:1017400019B2990FDDA62E9D17860E0BF308B1B3C3
:1017500033F839BF1DF8D9827BDDD0BF1A210EE6E0
:1017600047C449B933F05ABDFBA4E02F53F7E383D4
:101770006512371371251CE41CA4305AECEE0EE6FA
:10178000D74C540DE67298CA4DB499A85890EC6E97
:101790006730B3B6231873A44663CBB4CBED9E1168
:1017A0000C11AF98AB8B3507228DFE29F0DC41057B
:1017B0006FC6B5F673809EC533D749E0527EDF6AA7
:1017C000AF6E90FC6AD0CF3A0B8C7B1C8C7B1C8C50
:1017D0007B2C8C7B2C8C3B0BE3CE8295308295301E
:1017E000829588012B110356C2005602EB437C966A
:1017F000B5C6E7244EF7B937E2E82568C0A3491E0D
:1018000004BD62AF0E8CE91D8EDBEFB1EAEE529C97
:1018100027B2B5ABC6B79EF0BC93D16B9B51E4DE4B
:10182000B0DA4D1F5419DBA735683AE26FA45D9515
:10183000B41CAC87CB4B40D4A6CF115213B209D302
:1018400034812F6922C5A526795E814509E278B2E7
:1018500045CB2F729241FF09B554AE22D75E593C59
:101860007D99053CA52E557CBDA9D753D6D8232EEE
:10187000A5C9FADA508ED7B60424719E912D3D6623
:10188000A80B5A6D98DA70ABE96039AE795A03AE9D
:10189000096208DBD6E46DD833BEE0B9E6BDEBA63D
:1018A000DD2A1CB9E852B7591614C86D497C8988DD
:1018B0007BE192E2D75F013F9D522F71803221D3AD
:1018C0001AFE5B09C31F88B849E7E4FBF49789381F
:1018D00081F34475768CB7601A224E8637FF9E8856
:1018E0008B51680C4B89B8ED291F962B52864C6D95
:1018F000D071BCD38BA0D7DEF5B697A484966F4B7E
:1019000079B0349A47C4E994D2898BA41A4674FEFC
:10191000545A9C8DCC945B85292D8A2CE9CF11716A
:101920009E40EA8622FF9F88B88A14A0663A6FE03C
:101930001E8D7EC67501FABB217EB5FE1244E3BA48
:1019400019AB6CA6CBA5E70BA3CFE0A84FF12FEF07
:10195000432E10D481EC0089F76B7023D6584F4882
:10196000E7D570CB81237A3389549C136775437D07
:1019700008DBB4FF16C9E07809C7990311537CC787
:10198000D8DC3DB938E2744DC5D151C25C5D9A7D59
:10199000A71C1D9516AB09A84DEE9FD4CC309C35E5
:1019A000CCFECA63E3FA280EC70D9ECDDEBB661CD3
:1019B00011997E1511C5F747314BEAA588076B3C95
:1019C0006BEC90D666EDA61449EBE3BE2CC8EFBCD9
:1019D000D73B9FDFDE8DD858B501624A2D8E27A1F7
:1019E000B401B24CADAD1C32D377BB03EB332A68E4
:1019F0005C964AADB7C45894FE7E8A82D9BB4AE54C
:101A0000972EF149283D412A0D9C30875C0EDBB5AD
:101A10008A25925D83F85F142852051900B66E1E60
:101A2000BBE6A7A98E15854BBE61D66B48E2CC49B3
:101A3000C1BF1ADC6B3EAADF5A5F2F165137EF0D7C
:101A4000C4A1F3A438B4C283DB877B4FD19EF9B81D
:101A5000D77433704FF9E5A89B20F79287545FF550
:101A6000649BA09FC0C2677B11EEAD5FE70B0507CB
:101A70009456878E764BBE072CFF80FF01BF033E36
:101A8000488E37B38DFAAF4033D43BE760DF4593E0
:101A900038AA54CD588C57731FEAD6FAB58DA128B1
:101AA00083A26F8F405CA4A64628FAF678A98E42DE
:101AB000A017A5DD9166EAE0AF68CB4701ED502A9B
:101AC00042917F123CE927E9CB66611DC47EB2ECEE
:101AD0003FDA44E53D9D5DA7F4BE7541A99A427C7D
:101AE000716C789E90394F897A2E42C91125C3BEF8
:101AF000E7B026B271BE8706D515A2F4580CD0689F
:101B0000A91015B7186DE3F8401FC2FD6E86E817DF
:101B10006718785DB5F507DD6E45DF1EC5338A0FA2
:101B2000ED1CFAD812E0304969D99BFE08077CA663
:101B300056F1E41089281C219B1C6EF9AFF6630452
:101B4000D88FCF14E94D51727F30DD5ADCBF65B3B9
:101B5000E41AE4169BA1C54ACFAC1DD482714AFF9A
:101B6000841371534E28F31FA2343E348E2A9BA552
:101B7000CCDF49E11CE6C16F695333DEF908EBCFD6
:101B8000D633D07B72C995790261517AF204EE3F67
:101B9000183D7B072A4AF17BFC7841F2F7E0F7B168
:101BA000CF97FDFDF05482F39435DC65BC19C85223
:101BB0000BB06FCC26B0C113C1EB8E03AFFB6491A9
:101BC00011B405BC2E78DE71D81B3F0B5E772168FF
:101BD0000F78DF71C0C78473D6EF4AF16AB3D20FB2
:101BE000052E3C3AFB688DF49B4DAB73E5F1627DAD
:101BF0006A41BE33F84224AB948C6341FFCA81D260
:101C0000865183B3C2B2E978167BB4F4E302CC63A5
:101C1000373D0E7D7BB46C8EEB125EDBD1C5DA1BDB
:101C20006640064471D01FC56D48F4AE97BC47F4BA
:101C30001939CB049FC8E258D06662B64C26F9F930
:101C40001A043E761C78E9B110B565F4052BF3E46F
:101C500067C8628CEC18DAE86A96EA7F83F06BE07A
:101C6000B3F80DC44118F10EA44B91672A071AC4AA
:101C7000B8BC249F4AA32930BA2D282945DF4480C7
:101C800055CC88CA4DE5473421718B8FE41B34B89D
:101C90001CD3812C29726EEB8072A2AFA997DDD97B
:101CA0006504AD88F48500FEA10EE46AC25EB04909
:101CB0003F83E373BC010C1D42F20E6FA02E256919
:101CC0003943DDED5374442FA4B8BE06BA9309E13D
:101CD000B2F55E16C66F7967DA41F0361DB19061D4
:101CE00058FC121B7EC1633E501285794A7E17173D
:101CF0009A2AF453A076D0A7A0126D5CCAAF2D85A6
:101D0000F4AE2616742416B483052D6141438C105D
:101D10001D18213A8881E82006A203034407586B66
:101D2000E2205EC3FA5CAECCB969E07B22840E8609
:101D300042C31549B82929936AED8DCB908EBB65B6
:101D4000C6598DE775DF2F529966A5554F1071B8AA
:101D5000059DEDD7DCF01BD9D17EDAFF5627C6DE14
:101D6000B001CD003D37078C4BE4B7B5E11530ED40
:101D7000C12673004A640202B438DBC699B6391F23
:101D80001970DB9EF3DBE72B76D39098DEB0D200A0
:101D90000AB4625BB32EE5B15AFE048D3C7F0FE8B6
:101DA000216AC1176EB9DB2EE51E323589A983522F
:101DB00073FBFB26F17B6845C83CC69C06FA1710EE
:101DC00010AB7F0222AC21AFB4DA638780A72A78F8
:101DD000C05359BFC91C81EBF10C0DB8039CDFBD8A
:101DE000DB1394BAABDF42975F8A021C1FF5A2CACD
:101DF000DF228A8B174A9BBCE848FE61BD0FB86D95
:101E0000B748F320DAF785C2EF8264EDB253880554
:101E100029DB0F607B802DAE3223BE02B974548B58
:101E2000D2D797316F4FE83B2D10590E1FEE977D9B
:101E300076943CDB1FEAD0CA7A9C3847D1DEF00E9C
:101E4000AD9082FD1A8C8E419A91F9AE93CA289D6D
:101E5000C1347C4471E4808D356449312AD319A1A1
:101E60004AB30DB1A724058AEB47A0826366AAE2B4
:101E7000579636F114C4268A9DB25EC4631DCE7592
:101E80004B63CDBFEA0BD0CFC7AB7EDC31FFDBAA03
:101E90002CE765CE13D8D1B5B046EC50AB2F7D0AF8
:101EA000B360F85DAD8A7B01327B3E0C6C875CFBD6
:101EB000162542D64812C93ABB41820DEBD428768A
:101EC0007FB4EF133B5734A4C8ABE296A1EDD042E8
:101ED0009F5A6AD70EFA1322254EE2BFFD5355E3EF
:101EE0000B6881BB3EA7E47892D24775F3158BB897
:101EF000BD03E9CFC39CB54C5274B1AE0B7A585BAD
:101F00007247E2B291FE9762A51EF1FDEBDAC1A223
:101F10009C9B5F852A1CCAFF479244D5896658FC62
:101F20003E62C03F54B8455F2CB29D09F2D7375787
:101F30008A9D023B7B865B3EAB1572822C27CE2AA4
:101F4000FDFECCE85AC272BE56B18FFBA5DF9DCE16
:101F5000FD07FE298F0FBD4FFA7DDFB5EFB9EC8A83
:101F600083D03FAEBB4B6124C33A960E9EED8935BC
:101F7000510FCC76C3793EB278515C6A051E696513
:101F80008CD03FA165E1C22FB21E3A6345CD5C1DE6
:101F900091663345812E32EB1B7FCBFBDAA495E6AD
:101FA0003C7AC2A12E24AF0281C54C1323E693FCD8
:101FB000450DB2EFE162C5BB6FA09AA97309391A4A
:101FC000F2D79EFE3EEE4D3CAB3A6E84026633E99C
:101FD000C7D4BD077546955C578146F8F57FA119B2
:101FE000AF74D84C3CDF8A6C698CAB9AE41369926D
:101FF00071B9499EA3C730AE26929F09392A585617
:10200000B79A4400436EB5016DDBED56AB91643574
:10201000EA9436DF79C0DEED881A227959FD3D72E7
:102020006066971F7FB00FEACA411E6689C72F8B73
:102030009B46897C76007EAF94F4DD469E92EE420C
:10204000BEDB689E198CEA5F811C30B637CA0CD99A
:10205000CE4BFED95CFB60CBEB4AF10C94F497F4C9
:10206000D3A41F91FBA0DF3E6CB39B026332A3A2FB
:10207000245BE4510FF9DA7389BE2B475AEA18FB47
:10208000FB6A2C05617BA4E6DE3DCC296748B4677A
:10209000D85D98432F80B5E29A703446A57E28AD6E
:1020A0002298108EC4FAED7731B465A4E5BCBC3E2D
:1020B000D88EA4358FAA0EA3BD3A458A6D3C65F42F
:1020C000E7AAEAE3AC39408B925E214C13323882A6
:1020D000DDDB0291CC3D454BEAF60FDCA3FDC0876A
:1020E000859CD1C7119E42FA24E62A7B6399E77149
:1020F000636EFECD1FF0AFDF4F731246E9FDBDB832
:1021000056598AEE42FC0BB1FA7F065B5443AE94FB
:10211000B184779E8C01FB495870FB95FE71AAF63D
:10212000A863F0E81109A5F30308259EDBC46F1D21
:1021300012C83B0202F10E833C6146B86CCBD25B05
:10214000A57937A233003269D94B7B72B14508C0FB
:102150003DE586B6D6BF32D057585E46B8D7E7EFD2
:102160001BDC1FB827E64B3DA18C5725A650C6B7F0
:10217000C2DF0BF3898A5352CF3A7126EDEF8707FE
:1021800057780A1A70AE3DA83F20D7565ABB5D0754
:10219000FA1A822C359EA1777F9AF749AFBEDB07EA
:1021A000AD8FB877A87E6DCDDA7790E22124F9ADB6
:1021B000EB9555E9182115EB88E21B5C5DC8150FFE
:1021C0003DB1B9EB35A82506A217636953065190B6
:1021D0009F7BC6F37686DB6EE26220778EC9D3BF23
:1021E000270AA6525735A2766358D4850CBC2F0611
:1021F000E8653CC69C2B2CBDF03AFA427F4E647CCD
:10220000AF23C1A4331D767991DE24D9CFE5388F71
:10221000BCBB4F077EC82F51FA9F41B310B54F91F9
:10222000EF4D781A6EF907F6B1F68499ACD4DE0456
:10223000D17717A2A57BFEF66EEACF8F648FB31C11
:10224000C7AA9628ACC53A0B6FE708C24281C750AF
:10225000F8CBF9F1C39DBBED60F3F9D26A34D882B3
:102260009A240B8AF543E0D83DBF63F3840DF32431
:1022700059295FBA324A91B89FC09E3E7477A71D14
:10228000ECFEB61997E5B8A2AD7BA7BE11FB1A7A92
:10229000ED21970AFCBD5C5F33F69A91961D985626
:1022A000A1BCDC5D296E3121D933553B26BBC292DE
:1022B000E592DE9550127440D50076873EDB479854
:1022C0007AF59985585B54A05F8469F4E74C068CD5
:1022D000F4CE16235EBDB29B1A5833DDADECD2C0EE
:1022E000F16497D1751CEF9B6B79234789C40D6E00
:1022F0007BC3628810AB9CFC92262DAE0522C40DD8
:10230000AE54BCB2E6F89F007AB22B3279B28B742D
:10231000AE285DE1DE98E8CF799ACF6E2BDF981872
:1023200064395DBB31B1DFE79C5122CF5829B673C8
:10233000995430139EA5D59E773A8A95BA0E63FBC1
:102340005652DCF92FE5F990E4774674BE7D73DFD1
:10235000C6C470CB3CA881B06CA8DD984C5916D689
:10236000B2097F60630E79723A36EA0EB94C92FF79
:1023700049937E77BAD2A89495EDFFF85E7ACAA504
:102380009F86A8DD24ADDF3FBDB27DE58FA301F7B9
:10239000F3B723E16FE1B73AF8FB9BEF2A52294EDE
:1023A000CF43FFA93CE56E6A15E17A195A9733AA23
:1023B0005C0FBF8C76F7BBE196099A2F51C822FCBF
:1023C000F67A3FBDD7B5F9C7098E082264D1E69FDA
:1023D000273834F05BA1D9EC63221AD1D82DEC3820
:1023E0000DCE174876A20651B427BCBA07AF952682
:1023F00085DE5EAF1E87B3F4DB10F8AF999B88AF24
:10240000890467D6A04051B36F88A8A7C96EFB7E28
:10241000175B4923CAE419DE749FE0DC140A1C9997
:10242000BA2B15E3F0BB4ADA20D57C0CF07A8CC7C6
:102430006573976C4BF597DDEBC22BFF7069E10A72
:10244000812B122EBCF76C145CE3E07A1CEF438303
:10245000D2914D3DB7E3136FE99D585F329C9B3499
:1024600087B6942D12A9F2214F59E45AF6BBBE4DFE
:10247000C6DC6DA669C72B2176B579290B5ED7AE70
:102480004CB5C5E33D3CFCEDF388DCBC094743BCDF
:10249000BFC457C7121AF6036DD1CF98E241DCB71B
:1024A000C998D382DAFD5CAF795AC3B55ADC23C12F
:1024B000A83C2017BF0D21F93330F7391C25884E71
:1024C000E7425ED38AE4FBC6C9D3842C6BA882F1B1
:1024D0004EF2CCA8BE2FDF9B9EFDCEADD0C7DFAAAB
:1024E000254277D01548A46E21FD2469BF6C9CE677
:1024F00086EBACE4135EBC928EDFF225852EB468C9
:1025000094BD65D6DE854A56D9DCE3BF4BECBF2BC4
:10251000BFE7BF43FD77E977FD7775DD95E90B2DC3
:10252000FD7B6DEF4426E5E2FC07EA1CA796613BC4
:102530007CD1AB053AFAD63CCB895AB71E192E721C
:102540005FCDDC3CF36CB22D9E5A4A98F8DB0DE867
:10255000AB53D85BD6EBF9AB5E8429DC5D7DC1C59E
:10256000A72E36E2FB24EEE2B1AD5C687EA8D7DC94
:10257000F8E1F7309783B61ECBB26659CD808BE673
:102580004A9B4C48C82FF2BA0107FD11147DCC6D4F
:1025900096665308D66D866E8C8E4C2E6DE2507703
:1025A0006177BEEDD4C10C9CF98ACEA6EBD16788C9
:1025B000F22C2B9E09D05F23CA92FF790CDFDB1B24
:1025C0001B87333E13D2359A1B11A9323BFB181FD0
:1025D000F7C09373D0537D7E6EA31BEEED6E675FE5
:1025E0002E175D8F77E76A6E24287D5A77CBB84423
:1025F00000A8DCDB595699C2B55E1AB7AD5B5FC166
:10260000633DBCB16C25FEDD764C90B0F8FFE8244C
:10261000C184EFA1477CA2737DEFB412665238C229
:10262000AB6E69ED9A1EFCA6525E757BB159BD304A
:102630007A4642AECD74E414A386586899B41FE27A
:102640006D3B3783183ED395064F797B868E2C23BE
:10265000C388CD76B30EA9CCB968425E363AE4E2BF
:102660005FB9AB06FFAB72251258CE1BE670FF3D7B
:10267000BA618EF3DF27FE387DED9555032B7FE49D
:102680002BE6494815B3509F4CC098F2D7A8C58C8B
:102690005A5D27D77AAD6A19C4C66B51AF9ECFB8C1
:1026A00087F2E80B90115C808C60A096F436C8CD60
:1026B000C193181D9F0B32A4FCF217D9BBDC037524
:1026C00027B6B82390AABB76400283C71D8F54B7A4
:1026D000DCB85E45BE2BEEC948B5A216EF48A15244
:1026E000848CF89EBFAA4B52E47D29CFDF78F1EAB3
:1026F0004B2D8E9684FCBC302697ABD54F85F10FC1
:102700003839517E5F7BF2B698EBFC6B653E9622C2
:10271000CD81DFAD29B55E4A735409B8E6E7158867
:10272000E1E280D4E89B41F27D9DE6B880CB6D96D6
:102730004677E2F06B76709E13E889C4F72E7EB57B
:102740008F4C2B3E593CDB4D5906EF29B9B27CFA30
:102750002B95AFE09D2584A5D5FDC2EACAF6AA1B3C
:102760009FB77CD1FC7CCF8B7716B52FBDB1FCAA6F
:10277000A3E3E4D5973AFE0C52EFCDDD939D94464A
:10278000A4B80EE1914BBBA7FF2358A2C0FF7C2346
:1027900006B653FA05701F14F42D9F345155B54AEF
:1027A000B3B66D71EAB2AA659AE557DE98FE66E5A2
:1027B0009BE45B575E9DBEA272C512A827CAA146C4
:1027C000E279F574FD3CBC8BBEF5820B49B25B6DC2
:1027D00033EB674F70E62363EE2281FF9D5935C1CD
:1027E000B996B05B68A4D09D77B54BADCA647C4FF9
:1027F000A00288B77D08FA438259DF128678C4C3E5
:10280000BDFDCF6FF2A95354FEA7F237289D277262
:10281000469FBE04F359A293A1891B92D44901F5A6
:102820006A5B6D0DFD08613F81773B51F7A5CCB127
:10283000A307AC5233B9DC5FFEF57A379E35C6ABE1
:10284000306FA49E353C9E90ED5FE34AFF47D8C2AF
:10285000CA25FF7557BCFA669312299E8CA2D4082C
:10286000EF5FC0F38C087D8F1B85D8B05B08EC9DB3
:10287000B2F7489EE5D59E329E4F6B4792F7FB9884
:10288000BEE2CA80DF4D748E3C3FA7AC965B60E928
:102890007D702F802D45EE41B41A4646DA71347AA8
:1028A00067781AA3DB37DCF58E344EE9139C29AA2E
:1028B000392E3B6434FCCA0E24C4F225B1D4836B98
:1028C000E69405AF9ADB534DC8CEE911155BA9F923
:1028D0006E939D3323FCFEE7288DEF3974853E5FB0
:1028E000B809E64D0EAFD4B77C899B4899E796A40A
:1028F000ADA52F28FDCBE95578F6B12FE32F29643C
:10290000CAF40C191717A33C2F75354AEF43522A06
:10291000D337F232AE9505FB7C5BB2C57F9221279F
:10292000462AF6FA9EF23C4C79BEAB3C472ACFDDF4
:1029300035D48144BCB3A646E82437AC36B6CB6F59
:1029400079E6B43CD75C737E1719954D213EB4836C
:1029500024D756AEC2EF6F2A9791CB659D8ADB696B
:1029600059284B9BBC4096A8B1B52C99B73B3595DF
:10297000824C215495BE1086643D303C8FDF978990
:102980006A834AC69DD875387B6292A2BD2F486F74
:102990003F67E85F044CC09E9DFCF0292A6206FF59
:1029A000F03652E1B353A6AB7B1ED7C3EE717EEF78
:1029B0007F9B84A5C16F949E13A8D1328DF577F8C3
:1029C0005D5B662D033A0830A96E740DC32CB51BF0
:1029D000560B9CB19D29F611C616336D4553AF4E6B
:1029E000FBCF28A4E9608712CA1B14C36E910A4961
:1029F000340A1728D9263497E39A700DC46959CB45
:102A0000B87F6E4D96DF9E8017247CA412638DF5EF
:102A1000ED9546722FFD6F85EE484E7296357CB56A
:102A20007B3D32386E565EAB6A3D79794EEF73DD91
:102A3000CF77BE78EBA59B8BAE2D6D5D7EF9A71E83
:102A40007B1537C43DDFF21CD0B7D8E2F9A22EB512
:102A500048379312C7477D7B12B2E5B8CEF9AF9FD6
:102A6000D2E72C96F936BA7392F72E1EBAECFA8694
:102A7000B437F6BC11F0E6F557D25EDDF36AC08AD2
:102A8000B6CC4717FAFD1DBDDB9A2CD2FB54FC4D8A
:102A9000E7587D2AFEFAA6ED43312216EDDF5236C5
:102AA0003DA1793FD86DBCFF4FAA65AAEF23B7F7C8
:102AB0000C5D402B75EE777BC1BE38CDCF2BCF950B
:102AC0004AFB627DFB180DD29670368B3E4E8A37DC
:102AD0001E97E01ADF07928C1FD07F977EABE872BB
:102AE000C5FA3B9252FDB4C2538A8F10249A3DF42A
:102AF0009E2299EB23BEB229B5E614AD4148519F01
:102B0000C5AB04C2E194FFC8514CFA3AF3BC615022
:102B100096BA93F2A90C495C2BB72EA3BA2C19CB09
:102B200062B3082685FF6F9431D8A9C4BB93A57AF8
:102B30002AE92D8A6C5B5CE3A4FA33DDB4CEC0EEE7
:102B4000A6D5EC183589A372B8B72AB2C4F98AAFF2
:102B5000559670E76B953E2CCE4ECECD80591662C1
:102B60005E8B0C7FAC63A8448D2C47DD2BDB38D605
:102B7000581C79CD8DC796E2D8722FC4995E8833E0
:102B8000BD89DBB979B518AAE3D89DDEA96C957724
:102B90006A512ABBB3E9F7D02F48486577372D052E
:102BA000582A3CBDC65642899D7055C1B51BFF369B
:102BB000A5803429725453BD2D3299FDC0FB720596
:102BC00057E276D3E4348ADB7A6C1757514B5E3484
:102BD000AF97722E437DFE8153E4C529DCD1F936CF
:102BE00013BFC1A7C1B50EE7D8BD5E839B564BF49A
:102BF000382E067A788AE68AF20F9EF2972CCA7FE0
:102C0000EF14E499865BEB45C1D7678BBFB9893573
:102C10003619CC1AF5B43F4E878CBBF08F4731B6CE
:102C200068892DFEB484C1D0D3007D8FBB7CE4E8DD
:102C30007CC134ED62925BFE7D56F9B528BFB3418D
:102C400056625A10D46D86684FD478555F1D13357F
:102C5000686E71237865527468428A4F891A3AE423
:102C6000AB53C252BC2BB6F80CEE17182792DD49B5
:102C70009340A9FDAA49482DFEA6686981A6F84B94
:102C800086F6A92E1EABCFE8D52BBA98F34F6EDB94
:102C9000115CC3B7C90C1877BCFEA48C554E597291
:102CA00054B6AF4FCE8D9D0EDD7122E5D23F3FE48D
:102CB000E20EE059F0C261D7F3386BAB1A5EBCC8C4
:102CC0009D810CCABA666424CF7ED4D42CE3964688
:102CD000162F62F779CFC268FEABA9197AF12CDE04
:102CE0005D0BB3536BD658912DFEDC26B6B249DA94
:102CF00051EBD658A56F0C9E2D1CD8632B7D03A3DA
:102D00003DC02D39EC360D7CF782BF6E0A85B16E61
:102D10004C1CFD0C8C7012E87D22FED2056C442206
:102D2000D04C079AE940331DFA603A8CFC74C04FCE
:102D3000676814E6364BDF3C59E13E00B4C40A3400
:102D400056A0B1625D051AFCB58C157858B1E6D174
:102D5000594091F5CFA7D99D7A3B5B05D76E3A4B89
:102D6000F9F6A60EF8D741D93A285B07F03A285B66
:102D70000765EBA06C1DF03F0AF8A3803F0AF8A39B
:102D8000803F0AF8A3803F0AF8A350FE38E08F4343
:102D9000BB8E03FE38E08FB37BE0FE03F8DD0B57FC
:102DA00039DDC05636369458D89DEE06A068801698
:102DB000366C781A7834B21F3436B07BDD0DB91614
:102DC000B6DCFDE9F03940F7D9F639300B3E7B141B
:102DD000F7C6A796A781DB678CD61A0AD49F01C7CE
:102DE0004FCDA3726CC0F553A8F13F8C363207B8B3
:102DF0009F897B995101B432E373B398F05EC1525D
:102E0000462526B03B333E67ECF1EFB155009DB04F
:102E1000F128A36237B2BB01A6CA01E901B663EC8F
:102E20007546B5632CFB8144779DDD0BB0E4CD2A5C
:102E3000463561335B9E7196516D5501C7B3E69A75
:102E4000F18F30AA9AF1C0EF2C639FFC08F03B6B26
:102E5000FE9FE21446955C0CFCCE32DAAD2920DBF5
:102E600039F3A7935F65B49F4E0619CF3139935F4D
:102E70000519CF995FDE2A30DADF6F0519BF1C0D07
:102E8000326E1580E317E62FA77E18BA84517D397C
:102E900015787EC1A8267D083CBF30AF296B6054F1
:102EA0007C19F004D8D60690F10BB367DA4F906F17
:102EB0004F031931DD4F20E317667B39CDA8D69437
:102EC000838C5F31AADD3470FCCA7C7BFA6F18D525
:102ED0006DD0100CB3FC06F87D6516773ECDA8ECDE
:102EE0003B81DF57909FE3DE3E6FD672AB18AD9605
:102EF000038BBC0AE43CCFEEADFE0A64BB007D79D7
:102F00000146F7028CCD05E8EF0B407B01F017C1BD
:102F10002EECA49134EF76D3D81663FB88FD16CE41
:102F2000A149FF5C043C09381270E4BF8EADB65C69
:102F30003DB6AF112C14B5EF1443AD22AF9E4AB28B
:102F4000EC3EC368D3692847B1E58D20B19EAE78C9
:102F5000262899DDE9A381AF86D12642F90C0D948C
:102F6000A7D972BDEE29D0505AC756B9B5EC6EB884
:102F7000F678B580D1819640D6EEC65A1E00FA3159
:102F800084ADAA0E80D201507300E0019E11A87B8F
:102F9000194A06420B1D205390F92F601DB5DA1017
:102FA000A00A022E41EC07D581D0838120FB5090EE
:102FB0007D28D00E05BAA1801F0A5C860297A12049
:102FC000E350C00F03FC30C00F03FC30C00F03FC04
:102FD00030C00F03FC30C047003E02F011808F006C
:102FE0007804C023609E44023CF232D6DFE122899D
:102FF000A0F4FC4826187B0EEF7076CFFC48A08C1E
:1030000064F736E2558711403902388C80B11A01D5
:10301000358C801A46007E04701A01F891808F6604
:10302000B4480B3423A19668E0110D34D1808F068B
:10303000FC43807F08700F01EE2128FF10E01E8204
:10304000F20F01FE21BCAA0136B314EC90012C252D
:1030500058972603F88E18A08B61F7341AD80FDC26
:1030600006187B3CF38DBB5281CA083681054E465B
:10307000BC1F163819818B116A88851A62011E0BD4
:103080009C6301160B6D8C07783CC0E3011E0F1C7E
:10309000E3813E1EF0F1808F87DA546C79D328A04B
:1030A000190534A38006AFAD24C033CC48B8AAE0DC
:1030B000DA0DD71EB8F6C2554E8F01DC18C08D014F
:1030C000DC18C08D01DC18E03706F063003F16F015
:1030D00063013F16F06381FF62F08C638106662E08
:1030E0005C7BE1C26B379570ED84AB0AAEDD70EDB1
:1030F000F13D06B6651CE0F1BACE78C0C30C86ABD4
:103100000AAEDDF819BCE85E7A9A7BFEFFB7FDDBFC
:103110007AECA2340F2E368A9AF6E0E2530FCC01F5
:10312000F0E3F88B457786C4C70A5736F0CA06FA2B
:103130006CA0C996780FB2F1C03F11F827F6DB7783
:10314000C596C3FD74A09F0EB429409B02B42940CC
:103150002B7979C0E3FBE7E0FE776EA764EF657932
:103160009579792E15472AC5C7C076125B1B2F3675
:10317000F6CF55BF8CBBE1DA8B658558A6122E8839
:1031800069DC66886DFAED3B7DD48DB5046C7C2FCF
:103190006873533B40DB61147F01C82F4005BA229E
:1031A000AD92618DC0DA311760732B96029F97053F
:1031B0008DBB7108D48DFB686BA324915233F41539
:1031C00059FC25FC557DF565BF95C092EC695261AF
:1031D0004B71F107BF3C07B995ED67AEE3080B22D1
:1031E000A10FBC56C527211C971C015CF0358C2B08
:1031F000C27A9A27513818BA0EAC88378FD158E165
:10320000B7314FBEBC799882D1246AF03343A76BA3
:10321000304CA456C1AF5BC1FB7F1B25DA4C1C03AD
:10322000E548BBC07340B61C903BC77FCF80E460CD
:10323000ADF24092BC6D16B0461B6106E51CB18034
:103240004DCA81B6C8F4554D12F44118BDD15F0E78
:10325000DAE9A8E7F04AAA4B2FAD2DA1ADC9722437
:10326000E9DD28C52A00654DBEFB2780E61F5F8784
:103270002E15876AAC9892ADA06F645DCDBA91D5DA
:103280009ED5617B9A78BA2095E0A83F0769DC1447
:1032900031CD5C880C15CF302A34BE54EF46879D63
:1032A0008D4454B81331EBA85535BE26E2B3429B8A
:1032B00069426B23CA3927ED3B399773CE6E3A9337
:1032C000273674F5953635A282FCDE4DDB4E8AAF8B
:1032D000AF473991799A3D5B54BB34F7A938B6BCF6
:1032E000EA7E8ED636DD966A67217FEB7C0D4DCE69
:1032F000F97B96F0B4101F4A795C5D7D94097FA13B
:10330000E4199E7187776891229FE7339079E519D8
:10331000B95DDCE5B2E4D00C88D6AC51D919A8C2AD
:103320001415968D4A5D6ED459C8AC55AF5AB091FC
:1033300088156933AA2F34433C16FDA5B874220AB8
:10334000FB32FA4B1C85AAF670E3CCD13D7D51745B
:10335000009ADA62DFC945521C1310A22D6D3A8E15
:10336000A69D94FA0AC65BA47BFA4435D24EBB01F3
:10337000718E967AD7FD3AC02BDB16B3556D8BB3A1
:103380005E7DAEC0363B7CA67B482412E9102D1F23
:10339000D68B9820A475EBC8696CB90EEF931AA66A
:1033A000AC75D6C8512D1779656954C42964337535
:1033B000169E2B8458169D835E638DBEC801DAC4A9
:1033C0007D02444CDD834A1BFE716E061380B4C43B
:1033D0002C732EDEB3A8CB6147E16B43AEF41BAB7D
:1033E000FC2ACF03E5CADF7F6A0E916C4B7BAD638D
:1033F000443B6B000A035018065358DF53C57F96B1
:1034000047AE31FE35EA79070ACAE3B303C827A8F5
:10341000FF49AAC05FD68C7FDEC1DFCE231639A25A
:10342000023508EED7BC483CE7880AD0A0D1BBC51E
:10343000B4FB7D35774F22FE9D8071E33751AC6739
:10344000A578C7B32DA0A7778AA748D715C71DD6DB
:10345000CE4AE2798EB0CD0AE7F815FADFF07F990F
:10346000FD9B27E83D49E1A9FCCB6DA874CB48241E
:10347000B645A0D2020D627C4FA1A0547E68E3182D
:10348000EA910D5C545000F244FD789D1982B4BC61
:103490002B10DD9CC8D0068D476CB98AB30B69EF41
:1034A0007CBFEC75DBF18A3DCFDC4BC0A369AFE696
:1034B00022CDFA1EE55D8999A6D0A542DCE70FF67C
:1034C000ADF51D394B3197A8D1D66390B54D53C694
:1034D000679BAC4DA6FF4058830AB8C36FDD21F946
:1034E000A240B5DE8DDFA7383D051CDFE5452E780F
:1034F0006205FA0AFEB5379AAE405EC749EF83AE61
:103500004E73A9B86A84BF386585AE66494F0BBC57
:10351000C7435F15E92751CC6C3C6AD39A4B524A9A
:10352000E947912453BC6F316BAC5E52C0B163BAB2
:103530001DE41DB227AB39ABC53FEB8834DB6C73A0
:1035400060241A18E75C659C955FE599CC28753D69
:103550008A6EE5D717D6B47911D6EFB02FF1CC8BA0
:10356000FE32ECCB812C303DDF369398694B3B32F9
:10357000273C7944FBEB37643DC8FD951EA05C9564
:10358000E9B33C3BE8C2953F47CD77A2A0FC23A01E
:1035900015A1CF543CC3E7044478D09094C3CE3FE8
:1035A00024D92C7C571F3A2CBC925473A016E6FFEA
:1035B0002B49FC766F386F5F8A88995F3BC7E67B43
:1035C000DE0D48144F62CDB88EF8B703C20E6D629F
:1035D000DE8C42C2237CC410C4B88768F987E91026
:1035E000FEE517197E63002A3A3592E35F76130CE5
:1035F000B4A13872B28B35F8EE0B41F59CA7A4B795
:10360000FD16776BDE56ED3457583243B707F38B10
:10361000BF464FD05F2786457EB265EBD15B7A8F80
:10362000E8BE1F18B93DB5821387B607C770781F6B
:1036300063CC1C46D51EDCFB27D53F4E10FCEB2B84
:10364000C952670468D67AB43952D49BD07E976A3F
:1036500017DD53EA8C47DBF319D184C68BF6B1AA88
:103660009EC99BDEB0F74EBE15EED9D2D52BA4F283
:10367000CE6F918EE34B6F68A7395F17B0B7C5E780
:10368000429C47A23981A848E58735693D36BA454D
:10369000A49B83F91BD541E18F3E11349BA08E146E
:1036A000719E619D6719CBFDBED5059E91D4E7B68D
:1036B000B4D307DFC93B71F0097A7652E8E1D2ED65
:1036C000231155B33C6FE4E1FFADA15151A7508DDB
:1036D000378380BC1734D5662A3A3CD93E2DFFE0AB
:1036E000110F39648CCD32EFC03B8ECC03DFE7D5B0
:1036F0001F783EEFD291D79C238423EE73B7B15E3F
:1037000081DE951F7CB7D46582915FB0B128A3801C
:10371000F6DB3666F14484B06DC3966BA7EC11CC32
:1037200034E891DFC3EC547E95673E64D2907E5AB4
:10373000F01666B05A5823403390AB4EB21F19CFE3
:10374000717855C16E4A892C0D6B44669F0A756F5E
:103750001C68C3771B218747DF6DC4AB0C922E49D1
:10376000A5121783FD3228F64B8218F8CA0CD6D85A
:1037700031EE3427799D585F8E3CDB6897920F635A
:10378000688C738B48A7AB8637AF6CEEBBBAB2BD03
:103790007013CC76C8B0BC38CBCA1146E7D62A5EC7
:1037A000BACA6B95E690815E8E334CFF4A09C5FD1F
:1037B000EB94E4BDC1BF6FFDA1DFC3C5FB369FE342
:1037C0005636BF7B03D37DFB0721DF76E6BC2C4555
:1037D0008CCFDA4FC5FA36C912790B064934CAB90B
:1037E00051A4CB25897EF8013C8EA0BC1FB5612E6B
:1037F000FD65E37C7997383D2DADE7BCA1F8DADCB7
:10380000415CE29C39223D57E2F2B76F20A2B07DC5
:103810002753C7F8FE82BF94EA96B9187D8E95CDDE
:103820007FEAF3D750949F7B0663FBE5CBBE2C97D2
:103830008AF7AD55FC9E7D501DAC334BA4C749752E
:10384000FCF63C487BD7454B34AF81CFC77D55E96B
:103850008D947AEE713FFF0A7F0B68693CFEDA2A8D
:103860007337F9FE2C97CCC854B84B78E75B226DC0
:1038700090B8FFE90C8C4E879F4BFD602E31BE3710
:10388000AE710ABFE532177AC3202E31CEBF808FCA
:1038900094C7F7248C483B1E11D57B4E15B3613875
:1038A000E28375438914220DBF97AF480B9D29CC45
:1038B000C89D19346BB445D19FDF8E86FC3DC5A6EB
:1038C000E8D7347B758AE3C12BFB57D771DB688B54
:1038D000CDB460A352FE09A0B2DB4CBC309F601691
:1038E000872122D65EAD16E079F13D849F55D5EA59
:1038F0002C7B554A968D0BCAC7DFF1E4B69D740E3A
:10390000F7600C86FABFEE296A134C7C98991880F0
:103910006B8801F8FA41700721C39C128CEFE8967E
:103920006A2146F323A6123739499F0E81EF52AD23
:103930006C7EF8585ADEE85A916E27A16F8FE666C2
:1039400060CDC66B797F3C760BB4F6B7F5B8A7634C
:10395000A4B8D3A5831ECD5D36CF5EA543FC364DFE
:10396000843E028FBBE6BA6539C6DA6645058C0827
:10397000C57B288499FA6812BFAFB97A24EDB07379
:10398000964A98CD8EBD971755D0DBF7C4F6F70948
:10399000716D6F30DED7142F2833FCA3520D856E66
:1039A000FE44A4E6F6C3128B302C217B309D61FFD0
:1039B0008C8DF82D41A5834815FAA175FB06A0034F
:1039C000E5D3FF31002DE887A2BD03D0A281FA3FE5
:1039D0001880960C48F0FE00747B3FB4F9BD016876
:1039E000453FD4BA5B8696422C1574D56E0A4413B3
:1039F0007CD50461227EC69E6511F8151731E166FB
:103A00003521F9E4F7AB9B3045105790CF3BBCCF45
:103A1000652DCDE5F8E25EB530C653FAC79B586711
:103A2000214398A6E8EE5365C9E0DF69696E3EA9B7
:103A3000DAA943DDD2C8FDF65D2813DD8124EA1D35
:103A4000F493225D07E3F86E55EEECD54724D87B5E
:103A5000F4D44E18BBBFED92D77EF5E178E5B7F50B
:103A60008CCB20BD1978D80C5A1FCD15A44639F43B
:103A700088EF6A80B871332E5F19D238E5402F94F1
:103A8000EBAB90EB6F9C8CD7C61129CD17D7B25AF0
:103A9000655E4E2A4EC6E312A4CC8CF2ADB8E7E1C7
:103AA000699FF4B46E60E4FC14D62D8347CE0F35C5
:103AB000940C1E393FB44E1C3C727E68FADB83477F
:103AC000CE0F45458347AE5F9EC2C123E787266E72
:103AD0001A3C727E68F3463F941A2C6FFE00749075
:103AE000BC7903D041F2E60C4007C9EB1C800E9272
:103AF000D731001D246FF6007490BCF601E82079E0
:103B00006D4905D237927894ABAAA3C19A91C32F7D
:103B1000C35C760878BC1D4133B005A366BEA1DB4B
:103B20009E76583F9328CDA5F19B42D57B8DF88D8D
:103B30005250EAE7429AA08CD32CBCC34681C82DD0
:103B4000F9256EFBE832DD209AF4B4FE6759D2F60F
:103B5000D165548227ECC57B72FDCE30B0C9927618
:103B6000047789F42AD0A167EECB3A6262B0E68C82
:103B70009370CF7488B41570853D02C7B87CC4A11A
:103B8000AB66D0A94337B2CE3EC6B1E4650DABBA41
:103B9000A5D941121A914E040BF49BBB39CA9E5E03
:103BA00003A9E8DB50CC6BAEC4ABF0E7985A3FBE3C
:103BB0003944D6FFEA403FA42E58AF064D57A70C14
:103BC000894E5C502061775607F4D307A1C4199041
:103BD0008B49F0DD4EEDC8AB76EE598D7C3ACE0EBA
:103BE000F29646C52DD4F0BD5E64E79214280B50C2
:103BF00059AAE0AB1017C06FA1179786F827504855
:103C0000C5F392A11B43F9E62EA07769481C7707FC
:103C100044271749F36ABF93BFD2A096A01F740D23
:103C20008D947CE0C825F83D05B6A79492C737432C
:103C30008EED957265D9C24236F03F8AB65D841921
:103C4000E9C8E532A559C7E648DF15606E715D0128
:103C500072BB9B7A56B8151FDB837B6895D4432BC8
:103C6000BFFBEEB00CF5DEC550AB3C3EDF9EA8912D
:103C7000A1CE6E0CDD2C41FFF1F535056ABA83A1AA
:103C8000E5F2785D9A7758A4F7416B575E16E9B371
:103C9000F0FB7333FEBE199E9BF1BB30DC26D1E1F5
:103CA00050172F2A2974C7EBF0B7916FD53435918F
:103CB0002EEC0DFEDDB55991E95659728547DE03AC
:103CC000D650ACBC4D9032950C51799B20EF0F1320
:103CD000FBDF26ECF59EC56F14941D748F131CB387
:103CE000588FF03B3E90FFACDDB411A94CB350456A
:103CF0006AA98B93A25529EA30F8B2A56FE8C634B9
:103D000039D8B1BE3CD97ED2D7CFFDDBC6F141E276
:103D1000277CE9964FBE7742C4530BCF0F8990376B
:103D2000FC2189DFDA5A2B9EB8DFD75DC08BD42700
:103D3000B6B495ED3F1FF1146FB9FFBDF3B41BBFCF
:103D40004996F605EFA2F117C37A4AC5FF11AF32C3
:103D5000551BF117EF45FEF8A76DDB6E7C9E5ADC14
:103D600031907AB7D7A8C2FB6C1DF77BA135D21B67
:103D70000E02AF9119CFC9D4BFF15DC1BF2ACE7B6E
:103D80000B7F21E3D3C8593D6D2CF1E39B25A90B93
:103D9000E99F147DBF5CC66F3F93E57A14EA8843C0
:103DA000318DB8769943D3F70B9B284ED2A99CB698
:103DB0001BB2FE71D72393A3F4340191B5C14C8F8C
:103DC00008C4DFAB2B7CBECD49AE4CC7D642FAE26D
:103DD00078BD80A8467B95334E55DD1817939A150C
:103DE000617B9BD4CF2B2CD5E0F6351A0917FB410C
:103DF000532C8C41EC676E461FAEF2BC44DFC535D8
:103E000043DB920813B432517C9D43B693723F4812
:103E10003254765DD0E53FFB8DF245E674E98C883F
:103E2000E9F2FCA8FEB257DA8528D139BABE38E2E9
:103E3000C3DF9C9470F5079242B14F72CDC3E7196E
:103E40005AAE9BE72183A6C5D86CFE1D32C8DEC9D9
:103E5000707810BE9DA1D42132BCFC20C0D532FCAC
:103E60004417C0FDF4FF0238A9D07B003E4EA1FFED
:103E70007810BD0FE0890AFD8101B8E52EC0E72A60
:103E8000F435037C4EA8009EAED0EF1FC4FF1EC0C9
:103E90005729F4FBCC8BF1790C7E5E02C659655C28
:103EA000F35EB8DF9C942A635A7B65A8F543FCF562
:103EB000B7BC4F4E7E7349BF4958044EB084A786A5
:103EC00025DBE273DB6AB674A27905449C600AA51F
:103ED0003DAEC6FBBA137A46DA33B00EEF866B0FEF
:103EE000C6BBE264083B75C36AFFCE034D87B15D74
:103EF000E012F2F6E68ECFFD389BCFEF52EF6A2844
:103F0000E0F8BF77A9D7C4A271DDEB45A7EF6F99A1
:103F10001B19CAAA165D1F218847E5BD2667635A8B
:103F2000C1BFF8D684A8C7AD09193E1174F3ED0ED0
:103F3000F59A901742D6CC45616BE626E2DFC8E7DA
:103F400084CF05E95C4C6A1CA5EC4D383DBBD3B56C
:103F50004ADA8F3287A1E65237DDBDF3FFAE873AEA
:103F60007C991BE7D55EBEC350CD6A656FCCC96531
:103F7000E7801F023E6AE087E6D5E27DCF0C5DFD5B
:103F80005B1B579F1A92CC87569159FAC7389B589A
:103F9000E3F44AA72730B449A42C875C417856ED56
:103FA000C9B20AA6C7684F59530F61914FCB54F657
:103FB000DDF554A6CBBDA8D8B97F94F13A6E5A4925
:103FC000309A1BFC0F3315C69778D13F2653D19DED
:103FD0007721BACEF122A9A4247162729675F8EA0B
:103FE00093EDD48CAA8E2FAEBED4E3E8A9BCF3F92E
:103FF0008D0B2D5F372FBAB3B46379FB9F6FB8C0B9
:104000007F88D92933F509787745DA136254376107
:104010004DA79ADB56A5AEAD5AABD9D0B62C757963
:10402000D572CD2B57DE9CFE56E55B64E69515BA3E
:104030008559D6C04451934DE897E2DD038E2EFD9D
:1040400012691F46977242E99489BF0B4C94710D17
:104050001D32EE84822B37FB31F1B7654C9C4FC685
:10406000A0C9A35E1529A42566CBCFCD63F0178721
:1040700062403BCD046623D7ABA0571B5FEDE2BB8C
:10408000A786EAD7E172BB8ECA74D6F1AA27D41AE2
:10409000DB0C26B05D25536DBCA95F21ED97EA705E
:1040A0002DC77B74F2AEBB56E013240AAEDB270F9C
:1040B000418189FC66CDB0896F29F25DFF957C8FC7
:1040C0004EFC8B5F42CD35A55D8A84CD8FF8314B98
:1040D000BD3266C91D199398F0C774854F379F6527
:1040E0005229E5BA6D67823805EE83C8172970A595
:1040F0005473BCDD94AD0D4C742D95BEC7BF9CEBC5
:1041000095EF349795FA2F3FD8AFCDACDC72AA4625
:10411000793656A8B71D91DB36FB1B9E09425F140A
:104120005CC1E75A48238F46287CBF0EBDFC8563DF
:104130008EE32761A9A08CCFC3518EE168D4AB6414
:1041400004F136EE71051A84FB9B7A74C3111524B1
:1041500034BDF3F98C6F514DC425F046BEBE8F5D62
:104160006DC061B9BF7C94CA3C84B07131F9C41987
:104170007CEE85328ECDCA780C17388C9FB07E3D90
:1041800031F2589413FC1955476EF30C5052DF4F1F
:104190006D9169EB228C19879C989ACAFFEFB4271E
:1041A000BEF1D3A2303FADEEFFA0152EF969134347
:1041B000FDB4A1F9E1A730C5B663985AA16B52FAD4
:1041C0006FE805413F49DA1FB55B91274818BD707C
:1041D000C8B5C3178456DF4FC279F7C8D5F864460F
:1041E0006119955679F564F3F31D2FB63B6E54B5FE
:1041F00024644FD01D00BDEAEE63A2EE12FC8A5883
:104200008290CE571C3859917C139FAC58B3FE77DF
:104210008470CA28B8AC12EF2135617B9051988820
:104220005E745409F2E9BE896F8CF29FF3CB2DE8DE
:104230008D2F9E575BA3CE4DF4DCDFD6232CBE54CE
:10424000BB60B5A3A5B219C2471C5BBC65E5C7A09E
:104250008462A352B2FC62F865282BCFF16D6390A3
:104260001F6E680A6DF5C3EB5C782F22DE7DB8C740
:10427000C9EE039FF7110DF6A69D1E2BF09C1B7D2A
:1042800022E8D74867678A5956E9F4AD8930DB00E0
:10429000CBD7B9498646EAC38DADE4E1D656721351
:1042A0003DAD44E06A5C6E14B8F0BB82C0CBF22E28
:1042B0005756FD4FB4434D20791DB379E2FF717617
:1042C000ADFA66D3182447D68973E59D76727B1ABA
:1042D0009795253396CE3EDB19DB6763B7C896907A
:1042E000CEE6379FD06028D8410E9F29CD26F8967C
:1042F0009AEDFFBA49718C4A355E3F07A886EEB544
:10430000E1FDE6314F7FE210EFEB51E945B89C5AF1
:10431000C40B43510DC7103653E6E3CC5FEE04DB0C
:104320004C9E50EDFD3CCD2F5B2853D951FC6DD2F6
:1043300032DF0BB5F81C5D817AAF50FE220A7FB7E1
:1043400016354F404F81FF79C12D476ADCA1485E89
:104350009C1F9ED85DA8374BCF1F44F2230BC4F996
:104360007100D950B0C7C59CE712A795B8CCD2B997
:1043700065EF97F19980A3A663389D34AD449C2FD7
:104380000016E20F3ACB9AB0658F93171B113E7F50
:104390006547A1FBFEF9DA52BAB30FBF5709E7E44C
:1043A0003D76C2727E7913CAD2EBC3A5F9F37AA720
:1043B0007D8F2B87D77BF0A8A8AE13A13A0BDE1711
:1043C00019EFDFA3DDE33E8E48FB81EC3EFCF538C0
:1043D000FE6ABCE6BC40EAE324FDFD4CD1DFCB180D
:1043E0007F25BD72714DA7404E5F2C63854FA98517
:1043F000FA2F31D7633F6C588D7DE7D81B09D9E37D
:10440000AF4EF6EF54EE0EF2EFF9EE9ABEF4CA128A
:1044100063C67E87DE22D9B7C9631D95CAAC47DF64
:10442000E23D7E8405EFEA93F4E636DECFEA97E5D7
:10443000F3969A5C81ACBA71F2AABCBBF5A50E47A3
:1044400007DEE12AED8FFEB7B32F218FB0ECCDDE72
:104450009FA7E84BE89E7CFD9B50C39099BF983F77
:104460004364DB36FBC7432086FA06A9408BF0681D
:104470005D2ADCE1B887A87C4BA3AA5183540D3296
:10448000F49C04B5C3D30EC710741EC6D1AB2BF079
:10449000B0E83AA22CFF7D5F2CDE13ABEC25FDD1FA
:1044A000DFCA66EF8B4A9BEA3EEFFF9ABA8D9AC548
:1044B0000B01A4DD9CDB37C1B911F17FF3497138E1
:1044C000DE41FF92B083BE05F3543EE1C1FE646E4F
:1044D0001FFF8D5AD1FC74C6A30AEC882927667D7C
:1044E000E6DED64C583EAC55017EC2BF73895637C6
:1044F000118A5704186A602F6AE2CDE19FD9B95B2F
:104500002888A32CD81F30C2FCFB7877B77F0F2AEE
:104510003E4921AD5DFC6A124AC835DEC17B5015AB
:10452000E97EF0CB69F8561E534B87E2AF8EFA3125
:10453000D6AFA1AEEC70C46F29514B2B48F29B97BC
:10454000C50AF61B3F1DBA2873D8F58B62AF3FE949
:10455000DF6D7BC166D9F0A2E8001E25256A2245E1
:1045600028175D93D049578DF051A2D5E3E798FE07
:104570002785E32F9542D22522255EB059943743F3
:104580000B8CC2E09DAF78D72B533C09A515DBA758
:10459000A8119F7B491D925E2984FABF1B681A905F
:1045A000D2F0A2D2BA73FDE3715A96F2C475594A99
:1045B000C347FDF2FFE7850E9BA5FB85DCF21AFAE7
:1045C0005062743396CECFA75CF9C6B5EEEAE70227
:1045D000F55D895BC6819ECBF2FD8F32FE6D954BFA
:1045E0003F16A6DCC22DF5584B3A641923D36B9CB9
:1045F00007133DB4AF074B19EEEF93D3947BC1EA99
:10460000025B65B3BCC3DC7F0EE24B2D09794C7EA7
:10461000671F95E24AC031C6C9AF6AD62F26B6FDDC
:10462000EC7A029EF27F5C67770F41540A3BEE2ED4
:10463000C2F0829F6D2945BB55EE0024EA27A22FC8
:104640005C5B3D8A3E7C1F7ADA9682AD74BC307D1D
:10465000C395B50FEE19D7A8D7B9C530A02F2E4BEB
:10466000B77F1C80786B13B939BD4AA0FC7D74CC30
:104670000E1C711DDFF508332ACA95FEB9B4A0538C
:10468000A35EE62E69A1520E948BE150BEA46CA1EC
:10469000547E53939A0F9C486D5E18643999ADB45B
:1046A000AF169F8DA3DC9F7FAADBA1ABF12D238EDC
:1046B0003461F9996D53D073DBD871DDC86E0E404B
:1046C0009883C7D17457E6B879A1AE9F87E1F053BC
:1046D000B51A356EE767F76489BA512668FF1E81FF
:1046E0004895B57F07DDBF83F648E80995E596A2B2
:1046F000F199F35A6BF1A975F12D9A1BA3537A7FA7
:10470000D7DFB21E7CF64409CA9C98D9219F4C87FA
:10471000A937AC66340695CDA2B7E0B5BD381BF617
:1047200024EC46BA075B34393350467F373E7FF37B
:10473000CE4C5DFE428FD98CDFFBD191C1288470B5
:1047400075E113161C77298E17DB501CF7AF53F554
:1047500016F9EB98256F292B44F52FB42ADABDDB27
:10476000AF0168976C9F773DA2CC97FCFEF9B2032E
:104770007A6E8AB43EFC17FD70FCDDFEB504BC8386
:10478000B9C6998BF09EF73481522BF1488E27A23F
:10479000F8BE1227E9157BEA547C9CC1D7837711B8
:1047A0002B7EFE5E4EB2BC73D9D26FB9EADEEDB796
:1047B000CF65B22CADB18AFDCAEA9F2FEFACEBEF0B
:1047C000C9FDD963B35DCD1254803AE2A538F70B29
:1047D0003EA203E923A4B832B35250FCC639579D18
:1047E000C4F7AF783FB47C6F88AC14A854FFF9309D
:1047F00086CA84ECF0D34AED2E7F6D75A2FD841A33
:10480000C93CE2CEC8E5D01B7E6C7391EAB81A852C
:10481000874D98685522DE565AB1566F81851834F7
:104820009E9A8EB137B01F32B62728BA848AFC6DA3
:10483000B516F4FB22D95E054ABE4896774DBF3DBA
:10484000CC27CA71B653C4F11DD5A42B5E5A5FF9AB
:10485000496EB3234AA4360F55ECE5CF0A7D377174
:1048600053A68A6F97A9E2878B54F9D06BB59993B9
:10487000C87091B66A89A20954275999AEECA73E2F
:1048800098444C2BC1277657B5386EE028503EAB84
:10489000FBC5F6976E2CBABAB46579B3E8EB7C78B1
:1048A0006FB6ED94C065E9C56C0A9F3ADEDCBB517A
:1048B0005C3F096D3FA6C8932DD7A43188D4D93069
:1048C000451E87FF146CD1D7F1B0E0AD5F6E1E328C
:1048D00035B2E21546471988347D0FFEF623F08C79
:1048E00098176060863C12593FA4E84678CAEC4AA3
:1048F000999FC6CF0FDAD71C66A9557181F81BE3C3
:1049000030DF08BF37D6F7E2FCE77453EE2CFB68C4
:10491000F944A7D26D3A628EB2C659771A9FFAC887
:1049200007AA233C44499FC031EA3A927FB833E05A
:10493000FF3C85478EDF6ECAE7EFFC2EE6D7273AAD
:10494000F2343DAC20FFE63D76676A8C4453B534C3
:10495000C67F46A4DDA4914E6EE4293AE413073ED7
:1049600037AAB749F469202E16695D335E47294E90
:104970002EA2594393D113DD7DFFC1F322E5920BA3
:104980004FE5E6772A2B2E347BF9F54E7C8ACE3123
:10499000FFA99EF8648B7929CAB7E32BFABFCC5FD5
:1049A000061A2ECD14CB5A45ABE7F67F61FDF27B9C
:1049B000E5FE7ECA9D85FBC6DF2F89FFC6FD125727
:1049C000E7D194F461FE14876BE075ADF299555010
:1049D00013EEA9676BFD4FE129251C952066AB9B63
:1049E000199DCEE009EE6861A88FFA7E9D095C7979
:1049F00065FAAB95AF922BB09FC759812E25B7169C
:104A00006BAC4877F5F1BE5DE45E177FA55A2DAF1C
:104A10000CB6BDAFDF22E5978D9097A9E4182CEE78
:104A200003653E9CDEE3E26FBA914C99FA814CD962
:104A3000705CA40CAA4BB5D2BF76C1E3B88CFDE57F
:104A4000FFE2EED8A3CC8BEF416F2899BBE57DC583
:104A50007E340EE6BEF40399B2ED1B9043A370972B
:104A6000A2BE631DF8F427223521DB6619A5C5F126
:104A70008AF215EB9FF821D4434A6C5FB935D96EA1
:104A8000B111FC707A5805C7E7768EE26FB8B505AC
:104A9000F8E4DF31FC15B71A74B5B0739462EFF621
:104AA000587988B3D4FC0DE788FE9307A6AA381B73
:104AB000A1CCBF672A5D949AB57A9164ED0F39ABAA
:104AC0003654C25CCFEA1C55C279DEEDBC2BEFF048
:104AD0005F32DB952E59E40E89CA5DBDF340FF3786
:104AE000EAD649B20DDAC52811D141B94C5CDA8C4D
:104AF0003D0738DED989788F5BFD1EE7D9DAD9D535
:104B00007FF2C27859BA8CF2CDB274DD8D9194C621
:104B10001587FFC5915DA94AF9994ACF798AB8E806
:104B2000BAD6DD37F1BF8C61C0199447ECFC45293A
:104B30005F66E537FC27334C92EADFCE7794FC338F
:104B4000408982F729DF1F264D2B66911ACDDBCDD8
:104B5000D0E3D4FCC6D6007EA51BE641889A77B682
:104B6000422E6650F3B9AD5AC9578CA237EA802A53
:104B700051CD5B5B8732F43ECA53D27ABF2CD953F6
:104B8000405FDDBE5B966BD793725F947BA45AFF48
:104B9000595D9CD032D01BE5B14A5E4D2A11D36ECF
:104BA000E3D2F006B965D434E57B89C7155B7C4157
:104BB00079362BF2EE1A5D2E7D3161A7274BBC2B87
:104BC000E86C39DE8B51F23ABCBF5CD1818D653C1B
:104BD000033DE749F7DD176849F6277D79F21AA00A
:104BE00073FC2197AA91463A2FE499241E5B655DD8
:104BF000E08E1261BEBBC2ADF45F4E197FE99B5ED1
:104C0000BD52DEA1D07509B5AE58BC6AD5F2688D2B
:104C1000F338C2E7577A42356D4AFB1F53DAFFA5D6
:104C2000D2FE6C46138EE416B6FE265E78EF80CC7C
:104C3000BB3ACBCA8F3EAB8CCD274EABCCDBD25E22
:104C40007240EA2D0CADA1AD8A3E842AEB3D3F2B8C
:104C5000D168488C5B3E758EFB6B19EFF93BFD53B9
:104C6000EF7C3D3CB3537D6F493D9445C7DEAC01BD
:104C7000DF8B61637DABAE1D490A754548F336593C
:104C8000F1C71F8954082DDB282AC5BFCE9758D8F5
:104C90003B9FA73BD54738BEAB9AF497D1242AF364
:104CA000769F488DD3C8654E24F6AF0D6EC43996F5
:104CB000CAEDECC36F3EB0EF92B5CA9431AD24F2A9
:104CC000163EBD1BC7AB782521BE07C7B0E2FAAEC2
:104CD00087F109B7B2C792BC1278ACCC4DE2FAEEBC
:104CE00087C16349352E8D956B5CFAB148A5FBF3FE
:104CF000D328A53E41F44D41B63332654384D29E5C
:104D00001A915AA5BF548BB997FCEC6AC15FCB6767
:104D1000F34129658960FB6D4E35EE0915E75D2885
:104D2000E0F3B5D43AE92BC915E103DF4962EB287A
:104D30009DC02D716D0B57EADF2B52567D927B7C07
:104D40008BFC86A47C9D71A92740B8BFC22DF12D94
:104D5000748694D2782F9BEFE1499605BE28A70F61
:104D6000EC3622C16AFF3035DBF3B3F78EA740770C
:104D700047CEDBD095FF758EEF75696D70C9AFCEEC
:104D8000F195A8CBFF80CFF17DEF5B8FCA82CFF882
:104D90007EE8FFE5CCDE72F934057C8E40E9FC62EA
:104DA0001495AD47846964293E4B204A3AB3B72530
:104DB0007664063EB1B054AF262E15FACFEBB59906
:104DC000D8CA0E837266EF077E3EE53FFCB7F37AE2
:104DD0003DB99A1B41F92BEE312F6C4314478CE6F9
:104DE000035B48571B817638DB6699E9A9C3957345
:104DF0007B49E5DC5E59E7D2825294B74A8B88380A
:104E0000CF10E1FE860318B323887E1ACA44E2322B
:104E10004174B75B3AC5179788F33D8DCF97DB7523
:104E2000A0E4B4C0C9A3E0F89A777422659CC7CA0D
:104E3000DFC53416EBDA94F315962728AB049453A8
:104E40007F4CFA56F0529615FF0B12788FC5E85436
:104E50009EF191762E1CB5A6E253CCA5D3EE5BBA9B
:104E6000B07727414F69098F9252454AD34770C4A2
:104E7000D3A22A5D2D92211AE11926385D230EB5A1
:104E8000D23593F6216668885AD49E25E392F119AB
:104E9000FA7CDB6D2D7FB77188274FDF27A4F26D79
:104EA0007A5D52A8B12566B78223F9BE464AC15D34
:104EB000D513A54EBA97E9F005F3EBEC24A5A5A808
:104EC0006BDF1B174F15F01ABA90EAB93AFF3EFF95
:104ED000D73EE4296E026A4FE89DBEBD8E5BB513D6
:104EE000E836D2669AE6D2EDAED1B491A54ED75D42
:104EF000C645938438D9654BCDAC85E79E2CBD441F
:104F000023DEAAC5F5CF47FC863EC86B9B5498FFAD
:104F1000C1EFA70A59D6FF5DF2BC1B97914BDBC4CA
:104F200069AE5E37D41879A777AFE39AF4EE4DB146
:104F30002333735E516CC08DCA74C572FCC69780F2
:104F4000B1E0CF12A4B57FF99CCBD15BF95C695F6E
:104F5000A4EC91D91EF92BC85D33E5351EBE81083E
:104F600095299DF1F2FA515A73362EE1EA502BE75A
:104F7000DBCFDAC8CB14DE47B6F2A13FEA5D7DEBAA
:104F800018DAC4061562AD623F6A4BC8E1C796489D
:104F9000357F523DEAA9D3074E4F5F8CD794F0E995
:104FA000E0FA637D7D10054CE07D2EB5FE1ACE79CA
:104FB000DEFBAD6A924E39FFDADA2C95AAA98E2F64
:104FC000C0FF4AC0C60EA49A94ABE0EABEC7B5B310
:104FD00007AA5364294C291BF9A03AA1DE28CC76F4
:104FE000FBF92BDF732EF0AF57ED3838F85CF20D7C
:104FF000AB65A9E9E172C627B5AA07E468C1E71A5B
:10500000C69AB52FFB4FE12EE0F6088C0685F079A5
:105010001D28A145FBAAE2A92F542E4970F83D6135
:10502000B35BFE66B594A294AFA0A9A99685B226FB
:10503000277F28E31479A658FCF2ECC36B3483BFB6
:10504000107EB179E415E5FBB117E5EC2A7EA9489D
:10505000254628DF55BFA0C4A38F896A018DCD1FC7
:105060009FF7715E7CB66D866A8A1AB243D75C4937
:10507000DA65098E2FF07E03D9927C475D66F74D85
:1050800025A85F9DBB49BE827DEC27B997DCA27342
:10509000388E5DC9FF87B2B78F6BEAC81E87E7DE1F
:1050A000E4E612040D0D1050EC22AFCAD75A2A883C
:1050B0006F980D4A88DAD655B748EBB6BBE805516C
:1050C0006BAB36A2755B7709C92506A58201AE28B0
:1050D0007691AAB4ECB60B454DD52AA045AAAE7D73
:1050E0005B2D6BB776D188D1565B5B5E2256F43769
:1050F00073676E8220CFE7F3FCD11AEE9C3973E61A
:10510000CC3967CECC9C39E31CF9EB7D2A959AB358
:1051100090E0A9CA8A2BD89CF915C1032E521D9183
:1051200075711423B7B3A1289B1ACD09E32835D391
:10513000F50059DA7487D676B99FF4B986EFE04660
:105140003B713F6278DC8FFD29288E1EF7235BCAF6
:10515000C0161DF63BEE7FAC1CC909B40F232A977D
:1051600096B8C25ED620A999D4339C59C6197B0043
:105170009F53BA94EBEB0118DB2933C6762A19CE7C
:105180005D3ECF3636587B74A2941DEBF1AD702195
:105190006B204ACC219702F99868DF37AC59FC7232
:1051A0000CB682FE7D9FBD73C9F170DE869094635C
:1051B00069788E73DDE17EBC06EC0A38EFB16DF4E0
:1051C0001161F3D30B9A37E7F817E18C099B324250
:1051D0009A8F1750869434D9BB0A8A7BCC87469025
:1051E0000D8A36FA90C0A7959EDDEA729C02B4F94A
:1051F00050C183D29F429AD14923130B7B453B4335
:105200005BEFA13DEE0924235B538DB4AED0EDAD31
:10521000CE26F3EF49BCAEA82AF4F899D55732F15F
:105220001B6978875CDCB9C5F5DFF1F8955582F02C
:1052300000AE5B721ECFE3089E7A7B7A2A658AC62F
:10524000D89A788F9FB65B0812CF65EB35BCE8978C
:105250003C4664F836DA9B8716BAFC412E9C275DE3
:105260001AF86FE4F49E6BC54BB9801E7AD3E40242
:1052700076931BAE7DCAA04633CC35E24F9F5727AD
:105280000681802A8A689ED57FF32C42F346D25A43
:105290008527A35339A6D010642114EEABB55F1057
:1052A00029AC13DB7FC3D35F3BA6705F2DA6309B79
:1052B0006478CBBB8631D4A8367398D6B0CB814BFB
:1052C000B85D6D005197FBEB7E224BE06C40B34420
:1052D000518D5CA228730D89BB89EDBF53804F426D
:1052E000A4174870A687A5E2CA5BF258D2F2B19C17
:1052F000A58D856B7E15F1AB8A89A6F7A2D5785C62
:10530000E107968936FF6724CF653FA911130DD7B2
:10531000FFAA5E07C98BF493D38F7FA0F901ED4DEF
:105320000F6B931986C195B532950B70CB851FD045
:10533000CEDED35FCBF60E03FBF276F92A011565BC
:105340008AB2F7FAB673C32C0CF23B46597BD19A5A
:10535000F47FDC5517E0427CE983D88A8F757F356E
:105360002915AD0C076786A057497ECF3C680362BC
:1053700088EE66BA51DE37FF67205E597E28F41842
:10538000E8324382726A8AF3F1AEBB4E3FE55DB804
:10539000C6F80DD7152B1314A2BE6E24FA1A626735
:1053A0006E0784927E0027C2B1A9D1D38330378D96
:1053B00028A7A238CA221B756127AC01C2B157CCFD
:1053C0008F8FDE8D5B6EFA09D52A4AE5FC4B619B17
:1053D0001C05670CEC776DF027599EC2D741E96236
:1053E00044B9306289C85B4C4919A05E1BD748A0FC
:1053F000FE8BF0BCD238B700B7901D93C04C231978
:10540000A5F3822F1CC33354E43BECA9BE0C8111DD
:10541000E57CE972A03D85B486D8F013C48E951260
:105420009BFF49E52C2695CBECF225E3F46A106945
:1054300015BC4CE8F913A16781879E157054E647A7
:1054400056596F937D8F3A2A3AE81CB1B36F499948
:105450005B9E42DED9246409E0AAC451F0C079DF22
:10546000759FC0BF4F459B0C983EFDF3011D3CF955
:10547000CD6460F9E23BC4F10D771FC12DB7CF9920
:1054800028ED31A422D925F3F5479B6789AF6AFC43
:10549000FF788F07CFECB21F450BDD4EF23D4BFD81
:1054A0007D91F4F719D2DF999EFE2E46EFA3986BFB
:1054B0005A1B95064ABFABCD4A713B5D72726EB105
:1054C0008FD1939EEF55925FEDEFF8935FBA77829D
:1054D000C8AFAAEA71E417A89E417E65EE59407EE6
:1054E0003555317A6CA7D51455119918B02C32DE88
:1054F000B42C32B9242B72CA98ECC8C4A7B2775F17
:10550000C67B54694F12BBDF096743B2E7C53C490C
:10551000F4B169822DCE427AB350A23E6F1ED94FAC
:105520009C80FB05264925EDCFD037A99B182FF489
:1055300043B19EFF6867EA02B31D61EB66FBAC01F5
:105540007E3EF9823927851AAB8A4CA496464EF9DD
:105550007969D82A716CB4EE6AB3C1C45DDE15E90D
:10556000F7F3521CA3D17E8B53302A32EF9555CEE0
:10557000A26F73163606FF9D535AC9696F136ECE1C
:105580000E90DA4F25F48FC59465FE9F44996E56B0
:105590007E6EBCCF5815C69CE97CF634D197540971
:1055A000221CCEA2601939877B92D48FF5D4FFAD2F
:1055B000393B85BA9283D74BF246A893CB509E8D48
:1055C000187EBF8D784D757196051D12B4A4854D5A
:1055D000D3C9FEED1318A32EC2D3DEB40B5584FE3F
:1055E0006409BA7D0A69FF71D2FE6F3CED4F26F463
:1055F0004E95FA1A9E74259BECB78613F90AF3C8E8
:1056000057A23F5C774D3EC5D6A915D7FCB9ADADC5
:105610003E8E822D4DF6824593B882361271082651
:105620004998F29EDAAA73585179C624472BAC5395
:10563000E0F2277444117D099630374D20AD3F25A7
:10564000D15CF50439FF21B0E1811EF91F4FA58A15
:10565000B96C97C912A965E64453B66C2A956D9E3C
:105660006ACA82329903BDE468515F23FB32C6AA3D
:10567000B4E7C9BCBBE94A8E2C2B8572748D902788
:10568000C8BB68D2FB384FFB31E683B617D5E57B44
:10569000C99E7607E97B939F045115253B647BB136
:1056A0009A5797ED954E3284384B447AAD3C32BED2
:1056B00082E4F2AE92477749D01E7B3986F4637458
:1056C000C5312ACD4F25C94AF8DB4E7F86E876D30F
:1056D00018CF783C9E9F4BF6871564BE952F388A6D
:1056E000B2AEC4DCFCC0AAE8A2AF8E07B5967CD8E7
:1056F000F2D4E6EA1C9497387286FB35323AA33D21
:10570000FA12BA3593F86D23897C008F7C8444F0BB
:10571000383B8A78BE80307CCCBEDA4D72F0107A8D
:10572000423CF404615BD3F12EE1C7AF1E7EA82595
:10573000CB1DFD1EB2DCC4D359863042BD5AB9839D
:10574000F33FABB584BD5CE6F4C9F4CB26E7029D1C
:105750007116C942B6FF8CE777D15F12D6F651A910
:10576000971C528CAB47DEFC3516E4D95BDAFC3271
:10577000311DD9EF90FE747AFA332C6C79C5C97C4F
:1057800061C9977E59D80FD9777E4E237AC724CE28
:1057900032B97B843C8E811614E73632917D91CBF1
:1057A000FE972B37A0AC5B253F483E95B285602B1A
:1057B0002F3284358DABC2D9B9563C90DE2E796537
:1057C0002DD4CC11423740FECECBBEBCE25AC4959C
:1057D000FD7D677AC98CF60EE11623CD494D14E1A3
:1057E000DB1E42EF750FBDC0D76209D528D1CAC9EB
:1057F000B6DF2F13DA4B71163F5545EC653EB417F3
:10580000BEB836B38770E495B02CD34F182E6D0F09
:10581000B17F797646E57BB9B1989BCBA7C8893E25
:105820005D768694DEFD30F3B1AC1FD7CDDBC8E8E2
:1058300017F43B53466B1574A24C46EFAE4469B85F
:105840001BB7A5FF2791B74B1E7BDCED6029DAFC67
:1058500089153834149A29F3771506824DE9D383D4
:10586000D22914A3B1A908BD1647F0DD6C36A07C7F
:10587000E8D30B33529A0D47F9B814AE2B83F827AF
:10588000FBFFAE51887E9611AE0058328E76C2B1C3
:105890004CEE522C45E06A31DCFE3570C6602F3785
:1058A000F28633B60996AF2C281691B374C392785A
:1058B0007657F03A40E87D8FD0FB156F1021E4BD9C
:1058C00018A27C2338433C149EC0647E21C1DC2591
:1058D00030EBC05704A6E5BD51818114E1DF399456
:1058E0002B4DB08AFEEF440DFC57CDB63EA52DE5FD
:1058F000FCDD00D3B8EC3D4CE332B8C653F90435B7
:105900000A1BC4BDCEDF739BBA08441A8148CBB2D0
:1059100033E13ECAC6476582F2C6F5E55DF3EEACFB
:10592000477E337A6DC14DE974099F2D555F47AFAE
:10593000C3FE918C9AEE7F1EF9FA2F91AFBD44BE43
:105940004E50FAE695012F1379B928CC11F3A79799
:105950005173FB4606AC12FC5054DCF8BD6AFF5F85
:105960001F08A9E2FBCFC23C1B95BAE769738C12F2
:1059700034B81751BB5B776425F414505B338F58F0
:1059800003CE34B8F75368AFA281FD5577856D60BB
:10599000DDBAEA828505CB78321F1C65A20294CD60
:1059A00072E763EBFA601B3417E80B98B9D98EA144
:1059B000CE3D183D3AF5C07D9CF50B15A05634C977
:1059C0004D7A4D8748FF71D10215B2E1D24E059153
:1059D000A77F4927B8700911F2D019AE98253FED7D
:1059E00071C6C06DBF168CDEBA8E663F3A0B258637
:1059F000C6185B0E0BC5E22CD1C1053381845B67F1
:105A000025BEE93ED5401D86EDA6117BF681C79ED9
:105A10009D52A692FD8C837639A01B581B40B94637
:105A200019398EAB6A4A736A4AEF23DF4894143DF2
:105A3000DA7390A5761D1060ABE696EC03E8FEF3F2
:105A40001395A4BD4F3CED3593F674A4BD9AF73C75
:105A50009E415EE3F415A534BABB6E67F2B4182E0E
:105A6000FBB747534BE9A3FA03F4F46B9FD084DFF1
:105A70007BB9614A24D322845E4BE6C377245AC2A1
:105A800067106B794C6AB5FD3086659289FC577951
:105A9000ECF94768AD2E4B2B7F0FD3CDBC47DA9D79
:105AA00046E8DBCD3CF4121CE22FC3EA0F92DA0E7B
:105AB0008FFFD140FA3599C8DF4E8F7DFB90D26FB2
:105AC0006A44928C6517C933A1AFC143DF3F198384
:105AD000CD300DDDEC960BAFA39CA2D783D53E99BC
:105AE0000ABB422583FAA930E9B5B7A75DD7B62B23
:105AF0000D4506FA2A6EA9E54DA2EF760FFFFEAE20
:105B00005907FB92B53794E07FDF83FF3D623FB7D3
:105B100091D3E2324AAFD9289ECF07FB4B2B9A1A7A
:105B2000F3B83960ED8EA7E4A654CD5DD8826FDC62
:105B300093BBAC72C0DD98CCE25DCD7D6184FF5B30
:105B400009FE1A0FFE7708FE42827F9B87BFD5446D
:105B50002F49495511B177C5E4EFADFDB5046B464A
:105B6000035B0ACE08285E6021CF134BAEE3CB1A4D
:105B7000C979DB0F8F5AFBA26CA29A40F1DE4789EC
:105B80002955188656A67FEFD60C43ABD6BFF7082B
:105B9000BE62EE47B7C657CC97764750226BF05E91
:105BA0002F9E75DEBB4BFAB3D3D39FF2FDFC1FA52E
:105BB000B8C24D1EFE9691524182CB2CF5CB5CCCE7
:105BC00043EF0D472CBEE1F137B693DE9779EC53E6
:105BD000895FD6221ECEDC3489737CDD231FC50489
:105BE000FB76CFFA6D9B7992A56FA1D47EAEA7FD0F
:105BF00022827D9BA7FDADE649F207F30824307AA7
:105C0000DA2F24ED1779DAB7419C0FE612C8CC35AC
:105C10009EF1D95C66709674DD7E748E46CC71EE12
:105C200006B2CF11C41281CD1E7A2C0CB4E996CFE6
:105C3000D08D14384F3BC83CE4265AB8D2E39FE6D7
:105C4000AB1596CFA08563C43C6807C9A9E35F196B
:105C500003CA498B6E8CD80BAE35F06CE4819EA6DE
:105C6000C88F7A9AECAC4A15F98F6B4DE47EC187E8
:105C7000E28DB923AE4523C07CC61B3D8F62DF8514
:105C80004074E615958E72F0C5592AD7201FA5ECF1
:105C90002CF258480603347638D2692389DF2376FC
:105CA000273C5B2A097FBDE25DB5E267C0EBC9FC1A
:105CB00047BCAEAA6F31BE73BF227CFA5E095AAAF6
:105CC00057B58E9C174F25ABB34CA904186DB08601
:105CD000D7A7DCB856AD4902C40FBC843C5745D7A2
:105CE00011E1434B319708E2C8AB8AE01FA11D9434
:105CF000DE5BE7FDF6EA1C611D9A99529F7F8BDD02
:105D00002F7C3B6BCF5972DF360DFB6A7B4E92D6F0
:105D100056079076F35E861E30DEE7492A67AB852C
:105D2000AD397824C4F53F3E475C519DF3167BBCEA
:105D300034B25A0EAA73CA596D69D8AAD36DF90242
:105D4000A37FC191128029341C505CDDC1F106EEA5
:105D5000968B78F14DBF0B6A1667E57FA39D6E5950
:105D600037BAE346F4FD71B243FFCBC68B7815BC5E
:105D700071EDBCAB52F4D1C2768C31F65825576B1D
:105D8000E37E7FDB174BC03E4E388F7A16754EC8C8
:105D900013F1CFA652636C6ADF3C3AB4991B95AA03
:105DA0001467C0E3D65A0C95FAF7499F5069C7F4B7
:105DB0009EF1C36B8D1FA6DE20FDFF93D4BBBC3FBD
:105DC00014679A2729011997302A95F43FC5D3FF04
:105DD0001734739105F01D5D99C9C8B957BB687236
:105DE0005EF339B1F6B3D0081489592FFA674BDC4A
:105DF000DC4EE9E1BC2752DB3E638F7C4F2391AF41
:105E00000C8F7CFD1EC5B19D11B67292DE864FF3DC
:105E1000C8C3C2398D14E16ECEDB785E17397CCDF4
:105E2000A510F4E2BD91564C07DF4AF4334913281C
:105E3000FAF93221505C0787FAA0DCB264FECB9CF1
:105E4000EAE9CF336A06108BD274CEF9B6E51E3E6E
:105E50003720F6BA9959A26910BD8C24945B9FC46F
:105E60007FDC27A7966D0BBEF4EE274AAB1DD1E26F
:105E7000044E9653B42CC6A2A262269248C1AAD957
:105E80001E7DD1472CC354479F22F118846AF07FAE
:105E9000124CFB4C58FB316FEDA654A9449722D508
:105EA0006EF9848CD349C2AF580FBF7E0B6B077A53
:105EB0006BB7EB3CFD9D21D5CE3E41E4A191D8D3FB
:105EC000480F7DD361ED606F6D30C3231F53A5DA9A
:105ED0004C13E1F751C2EFDF20BEA1BD6A2CE3CE27
:105EE00024C40FA26F232A8D48DF0EBB8895C0F310
:105EF000FC3A623F778E26729897E4A13F81F0DFEB
:105F00004DC6EB710FFD4F5DC964C41D71C28D0498
:105F10008FFC3C49FAD343ECD3284F7F26E03B0E5D
:105F20002D2A323A20B7DFFBAC8A7B1A399294AC27
:105F3000FF0972311FFB554D2F40EFE51C11E0BFEB
:105F400076DB8AA36159BB9D420F40EB8903643D18
:105F5000D1003DF111C4CF219E4CD38E7C41D2A8FB
:105F6000F671FE12BD317E99549A346B007FCFF8E2
:105F700046990D724AEDD680809354956D4BC9E7D2
:105F8000883765286E08CF3F9B9966B2C2FD61894C
:105F9000DCF99BD21EAFD78F3D7E618DC8A957F02B
:105FA0006D3BD25A8407FFE3442F4F90F1613CF2DE
:105FB000331AAF30725C28C37CE474F73A92DBD5B5
:105FC000286619F57503F1FB18F76B64555D5B9D49
:105FD00029E640FD907D0DD9276F6B791E0E831049
:105FE00022C7B5C45EDCF78C5730AC8DDB6B17F184
:105FF00026B85F15B11D65573D8CAD2AD8335E6A52
:1060000022D7BBC8FCDDEB91BF00099BF5BF22B6D0
:1060100064F77211DB017639C216B0767F379F556F
:10602000DDFB75C737970BFACEFCFCD9ADAF6EFC24
:10603000B16F69EFB2EE953FBF7A8B4AED5BACD999
:10604000F2E081ECE5BF6FB15B026912F79845E4BD
:10605000E50E95D697AE66D652449E34D95F9A0D1A
:106060006B29351B2FE30A5C0AEE15378A9B9139A1
:10607000CB5CF7087D07883747E295F26A381F66E0
:106080003EE13B296BFA6545A39A9D2FE36CAED99F
:106090006A3653E62C77DDF971CDBC751FAC1BBE9B
:1060A000F1C715F3567EB072F8CBDFBF31F7CDDA0A
:1060B000377D377DFF4A00F21870FD7A52FF479412
:1060C0009D0AC54591D1437BEC70ADB399C48AEB71
:1060D0001E90BDD87865EA589FC8C7289AEEA2EFEF
:1060E000D097177744DC24BBAFE3AF1838DE0A78CB
:1060F000C33BF4CF706D00523C7E84928CDEAF5473
:10610000EA6B73B991BE63F719389775ACE9599387
:10611000C13EECF608FF3901CF5C7E869FA37C76FA
:106120009C5E4B464937DB1ECCC89AB773B7FE1B43
:106130002CDEB7B4D6C8A9688E8D9655E770F3DE0D
:10614000039C629286F3DBA781F4E2DDDD28FE0981
:1061500093E1582DC7F01A6770D9036EC7648D5844
:10616000AF91D5990DCD94F81AC6F09F81F8BB2751
:1061700016B47CCFF9FA863092F4A420D877F89A36
:10618000FBD2179D4EAC5D5473EFC40661188DE2CF
:10619000A2EF7DB79567B577A839DFD9CC0E9B4EB6
:1061A000ED170A783F46CFADE85549F66B5EC53B23
:1061B000D47B40C201927F31D019F32ADFA1FE21A6
:1061C000DE802DFB4906EB29D94D1A4E9331822BE7
:1061D000651F93B58E03F806A6C6AD36B81F882F87
:1061E000EEEE70A96486053457EA5245424EF2B18C
:1061F000889FA1D21EF7F05F0CB0E6D8A57015C23B
:10620000A9DD1166430ACDFD8D0D9FB901EAD428A1
:1062100077B8C0A0338BF45F503EB0CDE4B5091D14
:106220008FBFB6DCD6F8A01C83CFC753063E0DCD7A
:1062300047FB668F9B656E9D04D4878201B7A5C618
:106240008F5BD1ED7BB915FD75B94AECFF56F6E6CB
:10625000C66328679278F775AA7B3C337713FA5B9D
:10626000D782EF39D7B1E37983F68B5B0EFE09DE77
:10627000B0C0E02CBE7575E331A25DE3234DFF0095
:106280004B6D5F1E339F9A0E7695178083DBF6A4C5
:106290008D2A6729F442F809CDA8458A94663BF710
:1062A0007B05D8B7AD2FA9A3871FD671506C258960
:1062B0008D51A3D74D865F06255B4CEE131B9828A6
:1062C00074B3DE6966BF257C1D776543BA1E8EC533
:1062D000BDD1B5285202BFB471A78B4AB37D9FC010
:1062E000E6D049055A614C95FA543030A5711686AE
:1062F000E29980EF6A73A65D76FEE2FA4F7F59A0BD
:10630000BBC8A9C2AF8539111B4DAD5C672CA5B5C3
:1063100011AD8C80327AC74A22CD32FF2DD9D9F601
:10632000CF89DEE4137B77C863EF3E43B84BB6EC0E
:106330006E25FDFF42AA53F52F5CA7258FCC9F0D3C
:106340001E7B7676975209A854B84AA6E71608B974
:106350000F72E17CE9B14F7987516E8662B47E1687
:106360006F7AE9FF42EAFF739EC559AE3CE2C17FF6
:106370008A94FF95F8B71F7AF0B72C38949F61FB89
:106380001C5116AA175F32192EDD0601DF971DD6A4
:1063900028D10BEB733EAFDE204BB2E9E2721A0A52
:1063A0005A81F3C1B59B9A5C7406DBE2AF2D23F2F0
:1063B000748EB494092127DB7447046DD7E8C308B1
:1063C0002B7A63C019C67E6FDB02C7E78424A53A27
:1063D000699E184E1DAE26D467BF4EE6FF77C8BD36
:1063E000B565C41ED690D5D562FF73B8A48594E474
:1063F000ED237F6F907613EC4172DA5482A9EB9013
:10640000112E4D3CF7B1C4097008D7885E7FE9981A
:106410009AA24C9189017F898C37FD2532B9E4CD50
:10642000C829633645263EB529323E655364F2825B
:106430003722A72C7983E4F61E263BCC02085FCFD7
:1064400005439F74055A692ADFE4B336AD535BE513
:10645000677C05B52235695A39FE0D575149E6C9A1
:1064600036FA481929633E499A56962FD8E15F8536
:10647000428CB5C1620566D72749E81C07C2516A3C
:10648000A5650A3AD7114EA1F8911E85F744C7CEEB
:10649000B2B086B6622EB9CF133E5F7F8E79D9CE69
:1064A0000E3BA3F6954F86253BD1EF42C1AEB44CCF
:1064B0003E5EB1B000E57588FC589E44EEFF458B0A
:1064C0009072F99442A1B6505B4AA4F35DCF7CB8B8
:1064D000CF7CD03299F89145647EDBE291AC77B8FD
:1064E0005DBE24DB57D53E897BE1D5E45CDF4AE025
:1064F000377BE0ABCC0ECB644403CF222ABA08151D
:1065000079A36B0B5FF81972EE7766C8655922F5AF
:106510001773A269936C2AB5C93CD5F4A66C1AF519
:10652000A6799AE90DD974EA0D08F3D7FC3C4453D7
:106530004481A7C7C9CF5E303BE453CC93280E9D5E
:106540001EA9192A0B9D2011CFC46FC105592C9586
:1065500085CE5FD0EB189C8F1B886732D68C49CED6
:1065600050770FD1D30A8FFE95F33970BEAE6B40D2
:10657000EF86E0FD2607C9CAFF66B4B8ABAEF944A2
:10658000F4BF6E8665C275D3AC47E1E5346EC215C3
:106590005DA9C7DF2BF6CB24FA750FFAFFCF609CFD
:1065A000EDEB3DE56F11EE9578D69B4561A446F481
:1065B0005DF341EB8BE4D505239D550D3D57697582
:1065C000366B8B04EDF1470A493B77708DAA35BDD8
:1065D0000E291A636E3B69AD3048EAAF95E8152085
:1065E000F85FF1B4CFE33549EA48BC26490DD74CF2
:1065F00045327D9A58B3BC02090730FB65CEE5C72A
:10660000C82B533ECA3E9052BC69EB0A8C0BACF0CF
:10661000F87779CEE0D27BFDF7D5BC1EEDC2EBC892
:10662000A7453B3951FFC237B1F776AA95795A6130
:106630002ADAB3593152330DADE0568686CDAE3FDE
:1066400019B64AB566F45B7626ED370D17A26513C9
:10665000AF4E6827594CD0BA1F6750F97360567E09
:1066600076C4B2922B5F15CC232F55E4654AA599C9
:10667000AFA31D19E7A8D2BB036F69899E5D13798B
:106680008B4FCA08930B7D0F913B0CE14EFB1FA46F
:10669000B22623C9D8B15EFA52F51AE1FB03222FC4
:1066A0002F9071C2F1626BFAF718BDAB804F3CA31B
:1066B000FE4CE80E665243E7927DAB4DB8EFE37CAB
:1066C00082E690D6567BFAB7AA5247A59962B9ECF2
:1066D000BB00BD9650CC55F3523FD1493213456AA9
:1066E000AC28913B1F8BEA1BFC76F1E0DD3462BFE6
:1066F0001A4A39C6C0AD6E53081DE894A7652EE945
:10670000CF25D29F673459A23CCC131211E59FA428
:10671000611B77FAB9177525AD01127D4B37678D6F
:1067200091A3682BA2FDCF7AF89329AE5D31A557CE
:106730009CC1517D04FFD764B5F1F4EE77F158C7E1
:10674000A51CB7E1D7A6E46798546ACE57859AE9A5
:10675000E2BEDEAFC55989E0987E91F4429A10748A
:106760009AF4F6250F7F1657E72CE69939E5EC5792
:1067700042F1CB5B73707B993A4FF9F36687123025
:10678000F23D72E7CAAEBBCE61CA413B614B709C21
:106790009DC8136BB5F76695195A77E81D754F1E9E
:1067A000A6392DBE2FDD249B640376F4EE0C96F102
:1067B0004C1B8AF8B3F502311A10EBD09F6A2D24D6
:1067C00002A83D3093B3B4C1597A74158A02CAFE47
:1067D000753F1F21DD502C7CA53B82DF2F65BC5A05
:1067E00083629548DC816B1291F0AADF7932123D09
:1067F00043E6B3CB44BF277A5F9E10EFA662799B36
:1068000043EC5F4D9C65C10561033AD1896DDDCADA
:10681000E1598F2F25FAB022BAF7854622ED73820F
:10682000A48C4569B8857DDF6E6CC4B765636ECE98
:10683000BB3AF7BA18657DD8FAC0D15D05C417E335
:10684000F8833F1C62D0BB710D19BD743A8A2209CE
:10685000B1CB9B646AF85FC20B87E904F6065DB1B1
:106860008D41DF2F375C74D1F672256DDA9E60BDE5
:1068700006BF369C176853D47479293DDD62D51163
:106880006A52240ADA67600A78227B99519EF14B9A
:10689000DEC5C0F12314F2C497D3E977F1DEAFFB74
:1068A000FE4B4664D67E5EFAD6F10D199199D57CE1
:1068B0003F7E49782EEAC94EC03B3AF4CA101EE129
:1068C000F70AD1AB410BAF2F99DB6035C822EEE060
:1068D00095776A023A4F9C77B35AA8CC812B6D7C8E
:1068E000BFC9470357DC6A85E2849D59C390F36BA7
:1068F000A5341FD65ACED8F285276E11EE267832EF
:106900004E3D89F0431A3AC479E6386AA55AD8CA86
:10691000117D0B92FA0C9E4070A8545B1AB65C5A1B
:1069200085DFD5F409C8672D3A89D7E2184BF651AF
:1069300062E1B78D26EF9636FD82243EDAC065B956
:10694000699E45794523A7B8DF1C68FF844CBC933A
:10695000F96563A58E8FAD6CE2719E9ADFBAEFA3E5
:106960005DD8D3500E92C83EDF0716427D8C87BE9D
:10697000486C19F6BAFD74980AE659622F7D3CF608
:1069800032BC7AD9EE2BC235715FE259CCADFDEF46
:10699000DB992625E616BA57208EE4B6101DD432B0
:1069A00074DE28C22E23B0D76AEDCC17CA2F1BC5C0
:1069B0004CA87B85E5E2BF1FB7BD86F6EF6C064DA0
:1069C0000E85DE3FF8F14A16A347FB77A3D7EAD33B
:1069D000B015CBFE682C28B879463C47C4278BC439
:1069E000B3F90853DA518729D5DD1F0FF09716F256
:1069F000255CB24F5BC9DFF7FA3230CEE87FCE06B6
:106A0000DA1384CF39657A2972A87D3725ADAFFEB8
:106A100089CE823BA34093C36A97410D5973BC143E
:106A2000BF6AF4FD9F02E61EB7CDB588B907154AC7
:106A3000B97233BA23E80BD7C81296BC8AE87F49EB
:106A4000B4F0EF11F9EFA2521F937CB21F23F88725
:106A50004F1AD1198A14DB04DE155B8E054DCE1F4B
:106A6000853BE82E2AAFE7B2EE42F9D85D24B59017
:106A70006917BF635948722F42747E567AD021B588
:106A8000A0BBEE69BF9AB47F73BB61530657E49213
:106A9000CF3070EBDDD26ADEA966F368318F8B1BD5
:106AA000C5C3C7CE3F226C3556AEDE5D6467F3B416
:106AB000765E0F67E96E9AF0F96D2695D82B1789E7
:106AC00007594FFEBE36DA61D2F73A46B1DD0F8A7A
:106AD0000C5C07B4139A6880CF32191F53B4B6EC1C
:106AE000C9F0833E7ECD68C4A1A7F53C6378B2CEE1
:106AF000E583666C2C21A752B1849C32DB993A0560
:106B0000A1DB20CDE6BA95B53C3A2B2A4A1BC5B38A
:106B1000A06F3277AD87448D73BD1286FDC99A6B25
:106B20000843CC5FD0FBA6448F664918C297A504E2
:106B300050DE77E27E25F6B84792ECF0CECE68DDE7
:106B4000CFA4DD49A668224F17FBCFFECEDB2FACCA
:106B50002DE8426F5F9DB92EBD7EF5C72EFCFED598
:106B6000AB57B1EE35FD1162144F6EC35578B72C9B
:106B7000EF5B867C0123F097CCFF2AC997767FFCD8
:106B800045F78D3FF9D2E487BF845F0C205FAA866A
:106B9000915DB7FF18A3743FEF62E5A0DE092523DE
:106BA0007EB799DF622CC6EF0DC236F16A6F16E12F
:106BB000EF6F2B39140330510E6DCDEB25673F5E1F
:106BC000FDF1EA8AD67C41D922C48B92F019B10C2E
:106BD00049EE8F916540BC35C57677126E7778F4B3
:106BE000FD3239F793F8F1A9875FEDE4DC85945421
:106BF0009DC2598D0D13ED6ECD70BBCB4539C6C509
:106C00000051367DDCF1F8446FCBEBC201F13ECD93
:106C100044CD61316E64A2E688B8AF3F05C7A49E3B
:106C2000BDA6F113EF8B7E6FB729171BA3401DF68E
:106C3000A40A5F951DF4057B7CC97DE37F382B5644
:106C40003EA8CC24923FC33DDE1803EA906D4D90E0
:106C500017E84C7339B715675A3E601DCFCF4537DB
:106C6000BE4FB792DEB4854AF3CF79D2AF30E22F70
:106C70001FF1F8375F4930E02BE1A698ABE7DB8ADC
:106C80006735FE621E9E51E61A3F60D243BFADA338
:106C90000FFA6D57A0955FC997F811FFF490B3E410
:106CA000CD071EFE7C46F443D297034FC6FBFA5431
:106CB0006636B827CBF6B53AF37D7F21F6F733C9B0
:106CC000E7026779C3D64C622FFFC929BA88EDDC89
:106CD0002F934D46B3A2E002C8BF7B9F53B402FC82
:106CE0009BA5230AC8396D00199F0F3CED9F6A3E92
:106CF00048E6E34F83F41B1BE9A07A03BE118C63C3
:106D0000DED3EEF0394965DA32592C5FEBEF92743D
:106D1000685922D6A1657FB233AA58AC0DD163253C
:106D20001D6A7F2A328AA9354259A135945D2D46C4
:106D3000ABB7D249028A37654F326CE447AE135085
:106D4000A3A16D11EF7C8918D3C6618C69CFDB9943
:106D5000F82832AF444A189BC6D75A193D6771A12B
:106D60006C527A944DAA86D6748BF6FAC75A41B6FD
:106D7000CF5A1BD022DBC7FE7D6350C2A42A909F4E
:106D8000E7DFE1C11B81F19EFA1DC43B86E8ED6897
:106D90008FBD8825F7EE4AA9B41443E9AC7D3FDAEC
:106DA000350A5ACA57853910739DCF660C87D0CBE8
:106DB0009A7B5DDE5EB16CBCF8EA29CA775BAB14E6
:106DC000B35921ED40712490E3F185EC2161878175
:106DD00089DDD1AA6AC6DF91F5C478E1E45FFE419E
:106DE000B9D9A138C1B391753D90174C4C3DEB0C0E
:106DF000B8760767C18A68575C8DB3748E85BA36DA
:106E00007654D95830DD87075CE766B0690A1DA261
:106E10007EDE875633793E09CCBBB4705D7C9FF42F
:106E2000BB314C5A995AC6F8C826307096192E872D
:106E30009CA39D23B3EF93D1A8F564ACACF1DA2EFB
:106E4000FD988802C97A651679FCAD7D645F05CE30
:106E5000E4EFBDABF6D9FC84AF4FD82DBFE6F9CD3A
:106E60002137025BD27644467D0A4A0C5CBB55A1B1
:106E7000F95A1C7F1FFC8ED68E99281E7CA2405B7F
:106E8000D18B067420BA994715A3C84346DF60DD4D
:106E90000C982C6DA979B2FC13D8DFF8AE4FA4285A
:106EA00033C6F09F935F36C21AADBD0EF8BBF53204
:106EB000FCFF8EB3A71D449ED5C44E3F6167747E10
:106EC000645EA1883C0CA302266C56DCFC9047EB68
:106ED000DC1969DCBAFD34991F58224713A16446B6
:106EE00092F1269CC8F451073334B5FD297D820206
:106EF000C28B2BB2D4334C564C7944B92CBAA096E1
:106F0000392D8B39553B9397B2A630CDD2884A3371
:106F1000DF7E01F5C382C62DB1EB84F77C2D77EDC2
:106F2000FE7B8A8E88CB67EE7CD6F5D5EDAF6F7E83
:106F300073FDBBAB57DA97DD5B79E7D5AE20C32194
:106F40000B37DB41C3D9EE7FDDF1BD197D65B7B6E7
:106F5000D566FA665D5B97B671FF46C59FAFAD4CCF
:106F60007B79FFCB8A5557DE9CB9A97A93969F030C
:106F7000F135A771E60BD37A339CFFBA70CF5EC0B0
:106F8000DC0ED03B73E02F365C35762597DF1DCCC9
:106F90009D73A09700549CA95BDE6B880C6740240E
:106FA000DD0D4C866C879D8D5771DBBAE108E85486
:106FB0004E7BF77DB3410FF09BC0B15BE10A87C503
:106FC0006FB2561AD03BCA61CDBD0EF5BAEE1111A3
:106FD0007CD4AB78EE68FAB2DBC0755A015D8C5791
:106FE00044AECD6ACD73A0A1C0054A97965CA18B33
:106FF000D12FCD7A91BFD38AAF75A7719D05007F40
:10700000F596172F0D9C698AB15F4B0381270643C4
:1070100094A51D4D3F4F1F5D7F9EB677778F4079BA
:107020008D39E721C02BEC3CCFAACB27016DB96A83
:10703000690084C3BF6553146057793060F4B21897
:107040001F303DE80298F316151319FE29C84DE3C9
:107050008C087302C48C6BA05F3E4B5529548C7A0C
:10706000998256354B105A21840B70428C02C4D839
:10707000EFF711B89AE6631843D8CCA3C16DE0D2FC
:107080005BA698C013CD86C8E22E907D2CF955944E
:107090005351F6B51540FF1CCFAA879D14F3FDE6AA
:1070A000F6D1B541A9D3D3793AFC55F5A6EE119C9A
:1070B000B18682D8202C943256382AC6A5E4DA3517
:1070C00093C07790CB25B0A5E1CC1FCBC29698DFBB
:1070D000B782AF46DB2F3D2BE3B6F8AB82E64C57C9
:1070E0003E21A3E6FE9CC1CFED9E83DEE21B35ACC4
:1070F000F7C128CD4870B4F27BA0DE7077C474BFAE
:10710000584AFDE6BD11DCB21A6ABADF0F00FD4E27
:1071100070EFA6A69EB56B5E0409D65F01F889EBF9
:10712000B4C1B6D16FDCA7EF841D390B3E377F6445
:10713000053BB8526E296F6758BA38AD74F5B4ABD9
:10714000E8CD05F5FA9E11F93B2272C266C1F97BC2
:1071500057D849F4AFDD650561274D86514218487F
:1071600070DF024FB5FE7F627FF9A9D61D2F9B3FCE
:107170006681889DF713B14BB869419CF3628FED2E
:107180008AACBA072591890B353835DFFFE22C60D0
:10719000BFAE6CEFCB98DAB08393DABE95B1D181F4
:1071A000FF3A26FEF565E3CF193F37CAF40AA6CCAD
:1071B000509276744337CD6DB980EE85FBA0995B14
:1071C000CD5A0F84A0DB5AD89EE713FD06D0FF4BA3
:1071D00026FA9D4FF4FB8C5D91F75883B587D60A4C
:1071E000668346B6678BA935B24E0E3AEA2B0C95EC
:1071F000EDE7EAF9D8E522C6C858F701A2E3BBFBE0
:10720000329CBECCA9D7F426036ECBD080DE5D4382
:10721000998209C461671073E6352947C75BA31BD0
:10722000A116DED67E1690B6CAE752C37272072840
:10723000B30261A00CA6346F4DDD21FEB0747B0E4D
:10724000BDB46C8A31CE97432F2C35DE5EAAA04D9B
:10725000C5241E63B15A5807E572D5EFB9DD17147E
:1072600053FEA0B5C0F5D048373DE12ABE93017E5C
:1072700027655DCE7BBA3A9BC479D6E10C6BED4FA6
:1072800051A4AC698E1D62A916EE65949D650C5CD7
:10729000850B3C7C834CA2B3FDADC17436FD7DF5FE
:1072A000FCDF6E1F786B1A455DD5DA26D830E5A372
:1072B000A08F7E946D039CF102F4AAD53B595ABD70
:1072C000D89756CBE13C242FA47124C7DEDC73860B
:1072D00031F29852F1A68E38560A3B1EAB82AFE1CE
:1072E000DC1B4AD65BFB88FFF44FB54649DB17B57C
:1072F000521A3740F76C57260961B3B8A2588A8CE6
:10730000730999B7BF82D63FF44B87799A157A866D
:10731000721FE10758BAE5E5ED613A6E67AC8CDBA8
:10732000E12B27DC4996F804A69E41D15D3807DDA4
:107330006F240E554D8E0C97E37B84EAAC3E6A8831
:10734000576B07CDD439FB45AFC58ABC968F5D27F7
:1073500050BE9406F62E7DBCD45C63F131B5F64D7B
:107360008EDCDBE513B22A70B92A75B6EE333E7FA8
:107370006788EEA0818AE66EB800CA21E702FE396E
:107380004AB6775BD90F360337BC1BBD340B3D2B98
:10739000DE305FC70575D36824F8B483FAA7AAE680
:1073A000EBD06F5B5A3D3A63C7F11B79885E46BFED
:1073B000A7118FD70D92ED666EBBE2A6D00510BF68
:1073C00017E05880710BA954F41E7A899C8CA7137E
:1073D0006540760A510FA41B65780F16FB1542868F
:1073E00068D7776D9E0575C5476B516BE08C684714
:1073F000770451743D94FF17920459ACD527A0B57A
:1074000042928FEFC2744186EA4C3EF6A8DB45D328
:1074100059E83674E40477399AC191BF82FE932407
:107420003B3F4FADD00364FF4352A8D8B099A65854
:10743000E7CEB6FBEA2016FA6D54C94B45F979C878
:107440003F9BCE54E97C4ED8DB185ACDA6410BE4C5
:10745000073D201F9463F30A1E01536CD065FE079D
:1074600084779410036D3AF2B7E284114047F99D96
:107470000C59C62B9CB96DF75B1CA634CD2231CEBE
:107480003AD1A4BFE5500B1ADA6960EFE15B98D7F7
:1074900026162F1BB503CE632141F9C8636214265B
:1074A000BD9233CDDEB174545934A083460A3305FE
:1074B000AA04E38C0CD7503CE374B6DC2F5DBA4BC6
:1074C000680393D97090AF49124CF62362F968E8CB
:1074D000D19435C275500D85DF45A811F74F8D95B4
:1074E0009CED07CC4D6B905896E87E0DD1EC7F0E4D
:1074F0007FAD195569DCDD8AEF8EBBE2C238445995
:10750000E4F16B6122FF92DC61E4DDC530F1FBA1A7
:107510006B6377B8506DF5A4490071012456BE51D4
:10752000D1FAF16A5903EBCBC96480366F4CC7DFDF
:1075300077BC6132847E9EBCFA3FABE1BF67F1BD90
:107540004D5AA8CEDE7C59BA8F59791961E20DF8EF
:107550005F31C7A1AB06AEB321BFDBDA28A106E7D6
:107560006E3E22ECE042CF8671A88F214F87EEA6B7
:1075700083369AB46526F15DEE47D7617F7C741D32
:10758000FC96772D6F84B6828A411EB4B74E6B1C71
:10759000F23718FD8E0CD81326F4ED1DABE9E0DCB4
:1075A000FC69E5B4F951D0AE5804DD97FE2878ACFB
:1075B0009BDD664D8D9813391A41CA1AACF2CD394C
:1075C000B4593088E3F05A251779800154DA641FE2
:1075D0005FE8B530A053C88837C6F8C49B9F678062
:1075E000DA3D05E46A942E59463498C91ED961548F
:1075F00029E28DC519F195D9930C5C910BA41BB8A8
:10760000AD2E1064E04A5C50432B3B22EB183AF459
:10761000DD7AC3A5C62FE15F956BFD73EC6E779F96
:10762000B3CC753F8D87121FAD6A82B26FE0A86B35
:107630007403DB015BEB80AB5A16984F290057DAD5
:107640000618B6AF733ADFA6C3FA8168C737E4D528
:10765000C19381B008C544C6F47E582E6B80D0BE5D
:107660003285B05FCC7BF1DCD699F8D7B245B20F4A
:107670001400BD34D7C0B6D1F67286366D4F59BEF0
:1076800029E49050C8A2AC5ED03E7E0A572405DCA7
:10769000BD53B2E25909EB3F055CE87E7A7AC1211D
:1076A0005DC3F32781FD4E08E04C3E34CA77FA18DB
:1076B0003B511032C47B201387B35A218CE3D9305D
:1076C000A7281F31256CB3232520DAB3DB017A46C6
:1076D000A800C0917ED219927C09C87E42CA0CD6FD
:1076E000D5E0B28092D6BE45707ECFE11E3F0F8CB2
:1076F000003CE6F5821B0A0460CC533C764470FEE5
:1077000060BDDFD1EF1C0A61914D65A8495226B1D9
:107710009F1026DB0FDEFAD84611CC2311E670F558
:107720002507C618A3C6182F368A71C035A2DEA455
:107730008640FF81FB6B078DEC3590617B8D6E6819
:10774000E0DD29C3A1BE45B502CE79999B3EAA8D45
:10775000A5666CE16C6DE084A6D95ED93C8A61A116
:1077600096E5A6234907F2A3866EFA2DF67859E529
:1077700092840B3580B1412DCC60685A536B5533E0
:10778000B765A1CE7CCD26BDBA8D95CDD4843A53B4
:10779000269D60D56D56D952F87BC9A46AF8BB55B1
:1077A000F61AFCBD76D276F8DB25FB33FCBD7152B0
:1077B00021CB9D64C1A6491013930775C398999274
:1077C000989F17B6913F8BA537A7C264385280A205
:1077D00065FCB88A0EB530191C29DF7C45CBA37C2B
:1077E000C863586779EB7DE8C737B7347667744369
:1077F0008FFEB68CBBD9EA8B3465E35AAFAEC49624
:107800001D11BCE7150BDB654758D09DC1297D15BF
:10781000768168AD20BE03BEF08830C1B295EBCE54
:10782000387C1ADB2EEB780B679EEC4BD7DA26DA26
:107830003E28DDFD039396101C433D79E89334F117
:10784000C601B66F71951CFF53A8345EE765930BB4
:10785000E17C1570761E4F0B26C353551105F94276
:10786000ADD5F97BE65EFFB7A7B53CDA8FAD345EE8
:107870006E8B804ED969477706EA13C6181B55C927
:10788000C159AA7587916ADDBC01AFD389DE26EDA7
:10789000981519AF004C2CB2F49CBBC3B78175E8A6
:1078A000A0F4CBB9AE1EA0B6327253DAE873F6FF7D
:1078B0006403BB3005D40AA539EACE6ED9281F1956
:1078C00068F85A4171B48CE68A7D689F157D190D60
:1078D000024BD95BDD0F6E6C5333403E9D61521AF3
:1078E000841AE8DB4FE0F9D91A3BE4BCEC648AE681
:1078F00003281FC33FF3E5B23A00D2835D2C03A6F1
:107900006F76E81276F8500D7FF90FCAAC4A233B28
:10791000B313DA978ACFCDDAE1A007FE423182B7FE
:107920007699624B5C614B13AEB314A4976298DCFA
:10793000462443686656DCA4AF4EB08C69C63D72DF
:107940008D83962851014CFAC93E34685028444B27
:10795000D4190D2DD11406188B19D1F2842D4BBBDF
:10796000AA6654CD45ADD2CD308F8D13C4FCB0EE98
:1079700023C2662E1E489E5ADEADEA1C4A1FD67EE2
:10798000BA71B0B736D176C8866BE3BA86CE6EF3DD
:1079900011C10C65C2180712FB32A854B82A54C48E
:1079A0006D89078BF80F48EEB9BCEBD48D88EC8459
:1079B000DC6C2AEE6A758EE9A7C15E11F289F82D9A
:1079C00025673F2B985BB08B9783855296BCB6EAB0
:1079D0001C5ECE9BB5572F3B1E597E412AAFCEE988
:1079E000E8845E973C1E54F38B24DFE6F20BBDD592
:1079F000964B8E0FADB65B380B6D6CB06AD63F56AA
:107A0000BFFB329CD3F16EED2F68B60B7BEDE2E746
:107A10005EAF47C3223F31E7609CE543CB04DB18F0
:107A20003DB4D672FCADE6E0383DC74B7FB1879FD1
:107A3000D2736FB968F2D79B53F51CDAB3D6A0BFE7
:107A40000CA6143D9727FDD5BA798E9EB3C115AD0E
:107A5000F897EB2D0EFA6B0B24EF7D1F1EC956FF16
:107A6000081E458FEE2F289E559D7586177382E060
:107A7000FB4BD7D1D81BE18C0C3DF6CB0E39B6DCD5
:107A800069DDB28FE0B81BA6ED908D9D0DB8E701C2
:107A9000D5199B194F9D32C66466FEBCCD76A37482
:107AA0006992F0FC2CEE0FEDC0189BA9EADD265977
:107AB0009CBE8C4BD0D33BD788BD829CCD611CCA69
:107AC000716E3220FD297D99CBBE004A573BEFEE07
:107AD000BF5FC975382A0C5CBBC347132BE6A729C7
:107AE0002B648E9455A61C11F2AD0E16509557902E
:107AF0004C13BD7A50C9B53436E7D8D85BC88A84F0
:107B00005D70F0861647649D02FC2C7A93E12B157C
:107B10003793AE46905169BA539D1D8A663D204900
:107B2000A32C81A139560630079825B419FB142DD2
:107B30000E343AAA6CD9473C085BB27909B75C218C
:107B4000630C09413570C6BAF3A0B69CD2736BBE04
:107B5000A6133428A36CCF832302B7F10E4838084C
:107B600035591F04A868E23592DC8DB5287723B615
:107B700031BF5237C453522C9B77035A362F0F5BB9
:107B80003EBA08E78BED9F4351B279C6712011DBF5
:107B9000969CFFE571734B3BA3743F8F96C6CF86CF
:107BA0004B0CDFC175786BE50653EB28289FF94233
:107BB00004CADE8A574FCBE22CA654A142CC67A957
:107BC000A3AE7BED18B261F60D81A0E2AC5D90D35F
:107BD000DDE6CFA0FEDB5AA13F76722EB46A4C1EC2
:107BE0001F75BA71705E144ECEA8883FC8CBDE6D8B
:107BF000A5B5164EE1032A8DB9E99C890DF15B5EAE
:107C0000D11296959B7E6EDBEE2D5C051B1CB82A6F
:107C100037DDEE5E0F383B1B1CB2C6BE6103E0DEF3
:107C20006603CD632DB4E87B5DD704F1395CEE9D2E
:107C300040C18DCE72D9A791AF1B99D063217F3FF0
:107C400023FEFDDB9EFCB0E78B4EE26F06FCEDA948
:107C50009E7CFCB715D799D19347A569F6A1984AA0
:107C6000663B17FCA9CAD681A423F218FBBA4F566B
:107C700083F51AE002BB5547CA92482E069D6EED69
:107C80008D904C2C3F6C2ECA8E1779E0DA7A3CE747
:107C9000B26743387FA7E8EB4E749FC1DF5A5B425F
:107CA000B85057E5065BABF83DC9FD091A055314FA
:107CB000E29C77AECA293C22E441EB1FFDAF179F3F
:107CC0003FFC936CAA45C6F929E5BC5ECDC8E5E644
:107CD000A916209B66037854F29E1D7D2B396B1EDE
:107CE000E4B379B24D5E5BB810FE4ACE8AB3CDC321
:107CF000FF16CEE365D3E54CBE105761FF662448FE
:107D000050BE90624F1F09E615343087E11A88DEB5
:107D1000A57A2E7939A32FA954ADCA0FECCE8B29A1
:107D2000EF4BCF17A847E696396AFD14205B5B2B13
:107D3000E43999984B071BACFBA0E7D6038E945D02
:107D40003A46CEE69E5CD2EDB7C667D5A5830F65F1
:107D500036C6677E7FEACB086D46B98DAF646A7917
:107D600031E61BCF9B1F56CEAAE54D678DD1D0BB08
:107D70008DD6BC83CE83B864744689CE24D1D9E431
:107D800007968916E338DDCF4506B5F5C203EE67E1
:107D9000171D6AE8CDE0B205689544DD5F5C283FB9
:107DA000525AA94327DF48ABD1AB0EE46CA0A137F0
:107DB000636DAF741AA8E5D149207D95BE4EDFA44E
:107DC0006F9331E77C42B42442317CE2F8556397EB
:107DD000C793DBDB557FAFB55E7424AF41B0DAAB40
:107DE000C9EBB4D705563C1B88EB15BFE26FC9AF92
:107DF0006B6FE3EF35135E82DE16583E65CD4EF6AF
:107E0000B47DDAD529EBB4B7E99BD348ADD8494B5B
:107E10000695E212EBB469D7A7BC3EEDE6BEC68775
:107E2000DA12A98BFD43116AEBB6A7AD9BF8BBEB49
:107E3000A5F71C53D7CEBB89E264B04E2DBC6E4E65
:107E4000E455F66FD6D1EFE7D97B13816D3357290F
:107E50000F89B3205E4C28246731D5F6BB23419CA3
:107E60006D7433358733F9D2D04341F9DC6531364F
:107E7000EE7B17308E0BCF34C32F092FF40274FA28
:107E80006A9E6C516DCA785CB349D3BB0D7AED72B2
:107E900025600C8F6B2E6E8B4CEC5279399CB7FBA6
:107EA000A5162E44E90BAD7AE6112BB7C517F0697C
:107EB000EA0DEE9FA097A8E2CC17A13DBE8872A95B
:107EC000BB398B2F8A05F1B9B415B641DBBBBA7E3D
:107ED000AD38893CC94B5B8DC572D42E652C9E9CF8
:107EE000857C2C63710DFA17FD1D88CE988CC59A80
:107EF000404497B13836B03376BE2A32BE4B8568DF
:107F0000DBB841CDBA57F76E630C5CDE0D5F318A8A
:107F1000220F532783A5F60DEE3EE596175CE86F1A
:107F200004DDBD0BFD2AAA72CA947709F628823DAA
:107F30008A608F82D8C31FC2FED7DE6DFDF1C2F109
:107F40000B670CB0373F71A53780DDC5AAD4707DB3
:107F500063DB5271529DC3D2B9BB8C2A367CA0E63A
:107F600020BD1171149739600D9A6FDC98DE2BDA01
:107F7000429983517D608DBB3EADBD9057C2596B18
:107F8000DA5534FA7417B1E657AEAC41751D93CD8E
:107F9000C01ECCD0D5AC69FB31962B904E6767DD07
:107FA0001B01E2656688037A886C645DB7EA614B01
:107FB0000FD70E409E3D43CAC4F37F0D3915681D8F
:107FC00002BD1A7E0557DA457B633CF4E44ECC498A
:107FD0002E8189A29426724763E9BC52E7F2D2FB54
:107FE0000FDBF8FE2D40FF596CC33C95A7F45256A9
:107FF0009368D48EE9272F76745F88E07F09B5CE29
:10800000ACE4046FEBF4CA79BC97827716230A3E7E
:10801000E3251AC25F5858EACCE94F03BE7DF4301D
:10802000156648856C2A0FC02BCF4A9991C21CEE69
:1080300007B27CCDC4C04D5B8D81F2E50DAE7114ED
:10804000EABB09B5AEE925B7869A161955F2E503DC
:108050007127F089E4AEB7EEB9AF4A9D37A21EDCB6
:10806000183473492DCAA6311478255DCADC14343E
:10807000B855DE494E8FE7A3B6064B06A2895FC905
:10808000A97AE985E4EE74E633171B110D5F91BF01
:10809000DBE77E5DEABC1EF5A019AE0DD1EC1F71C9
:1080A0005D10447F79591E576B892B35E9A5D7237D
:1080B000C0AD8016EFAC2F650AD27DD7DBF802CEBB
:1080C000E87FEFC3F643578F5C3F7EF3C4ED535D0B
:1080D000685FE4E397A7844CBB69DB42A5EE3E1BD7
:1080E0007715BF3890BD18BF0C117EE9CAB28865FC
:1080F0002694E712FFBD3BCE8221F4CF93D743BE37
:10810000C17922B2C568C57937ED2FB400BBDB3623
:1081100002710AD925649316B77F20A0A85FB383A4
:1081200057D55AEC8BBBC1FBE651CFE9A9A22DFE76
:108130007A6E670D1D51803344F124CA852927AF1B
:10814000E8B46D4A7FD40C34A1D07EF72E853C482C
:10815000D9215EC5E7D80BDC4DF6F44360F4F62276
:108160001B53C851E76772570B1EB317E43471E015
:108170007C3CF743818FBD20B6891B717E2CFC2D82
:1081800087B6BB8963BAA2B85BD6283B3B3F93A3B3
:10819000BAC2D19E0AC9A3455717503124FF4831AE
:1081A000F1F06ECE5C77650DA2015180F22F415A3D
:1081B000D68D21FEACEC13E8433409E5E2FED96C20
:1081C0004ED115C37559A32A976A85B0DF07198A5E
:1081D000629DAFB9EF05499AB1E0A58BC6E8F97584
:1081E000AF54DB0B6A9A389FF3E3B99B0534B4FEB6
:1081F00052FD54CEBF6B2C77D71A83EB47E3FA7747
:10820000A2A5FACFCE80F58BEBDE87F55B9B38FA23
:10821000FC04EEE5F371766B5B13EC453C8AC975A3
:1082200035394776FD82A583D5557208CB5484E550
:10823000AFEE5FA64A9A319B8158DAEB8220960D09
:10824000CD9CEC7C32F77D8142CD4F6EC654142418
:10825000738ABD89DC0A1E52A669E64674C573F7A7
:10826000AC1330457310AE8DEE1FE748F93966390F
:1082700069E647637478FDC577EDD68C666E58570E
:108280002277C73A1143BF80E9BFF982447F8A73DE
:1082900018F3BD313AB33EBBCA5EE068E6FCCE4F90
:1082A000E36E210E08A4ED5389B02753B8FBD644E2
:1082B0008C6105C2B0D67D7D85D45EB2D397B96698
:1082C0008CAEAADF0D31B435730CA4FED5F3536028
:1082D000CF9B39799716F1C0DDEC0CE9BA8279D0E1
:1082E000FA24E6C126846793FBCA262977F014A7EF
:1082F00082B9628CBE5D3FF55DDEE02CEE6E773EAE
:10830000AEF80EC914AE6780F5D02AD2DEBB11F4E8
:108310008556189C3F4DFE1FF6336A2E142A8F5443
:10832000986BB097E1C9459CE01CCE7C6B8C0675C0
:10833000BD0E8CA126D6FF84F1FF40A24610F75552
:10834000E24238B48E9FB6ABE424F2D186016D5977
:10835000BA037DB9F8BF7C6145A352EADF04D8BFF8
:10836000FF407ED6BDE0C01C40FDEFFE8F9459AEAD
:108370007D3C2CFFDA181D5FB79B9407A09EAD7162
:108380007F1D20E5B48E732A99F3D08FAA2B2194F8
:10839000587F8379108A20DF70A3080C9CC36DACD2
:1083A00053CE7C0547A36E5C23C6351A41FCD9FD2C
:1083B000C56869BC629C32E60B63F49ABA8E631896
:1083C000620C1EFFCFC648F444C2F1FFCC189D5783
:1083D00077F118E977086E6D1C825CE7FED738C923
:1083E000328E71FA3367E0C8D5E51E24F2198C216C
:1083F0009FC0F2F9E913927C3EEEF4613E3546D718
:10840000D5CD2190396A0CF914A6EFD453127D61B1
:1084100090BE53C6E8A6BA3DA4F55615869C8420A6
:1084200073DD9F4C92C627148ECF0963F417753302
:1084300008CED8E1187206E6DF0969966C0A86FC58
:108440006B829251177010F73905D3773C45A22FF4
:1084500010D2771C8E75FDB9060CA147107F717F75
:108460002CCD80798F3959E66363B4AABE99403C1C
:108470008BE5EF88343B65AAA0FC1D81E358BFF172
:108480002886588020DE747FB440E2D77027C37CF2
:1084900004C7B1FE208148C7E377489A6BC2FDE06C
:1084A000F81D82F6A4FEBDA3643E00B84F2F21C87C
:1084B000F5EE032F49F4289D23980FE138D63304B5
:1084C000D712CC9F0F9748F4B0903F75701CEBA764
:1084D000128AB3F1F8D5654BF43070FC3E80D6A714
:1084E000BEBB9E8CDF5DDCDA2B983FFF7845E20F48
:1084F0000DF9F30F387EF5A709648E1B43AEC5E373
:1085000057BB561A3F00C7AF168E5FFD92C364FC7F
:10851000BA30642EA6EFDD5C89BE3E48DF7E387E31
:10852000F5C708CED85F30E4463C7EFB374AE37798
:10853000178EDF5E68DFEA4BEA1356BC07D726BE0C
:1085400074499EBDCB32E2ABD2CDEDD0DBC3BE527F
:10855000FC5D55FA87EA39BD0F1236BE07D7F58B99
:108560006CD0FF53D915F333D56D0EB0DBEEBF855C
:10857000DFC269CED37C1A17D8469739BD96A1E6DB
:1085800016B20C9175B1D42B8E841BB540EF509F61
:10859000BEFBE09546EF1CC254A13924F788F83A97
:1085A00092A1839E9EDD21EE93A293AD1AB079C96C
:1085B0004B459B2FE38C3B6896C4DEC4DCDB616BD0
:1085C000E1DC68B1D0F9027A6B0BCEDC62766AF03E
:1085D000279421CFAEBCCD6A0A69F4EE9A52D889AD
:1085E00062B6E6BAB85F6D60B02F61D7A095F75755
:1085F000680FEEACECB02FD056F0FAB9E4A52FDD41
:10860000CBB9BDA31481407ACF4B6A43371FB5A1C4
:10861000871E8ED7BB21FB71DB118D795C5CE10776
:1086200085A639D49CE3162EAC546C752EFF70BB16
:10863000E6C9F2072567BFE6D1BA33A085BBF01EB5
:10864000502BE57DB53690D9EBC079A9909FA6E86F
:108650009A60A3524DA94573C4375DF0AE566F4082
:108660003313C5473985C40728CA3332DE06BCFE3A
:10867000182546AAC29507C0E7050CEB3D31E879FD
:10868000E0E4DBEE7B4F0BB8610701B7EC206D57E0
:10869000F43C301912144D3A94EB127A73D66E6092
:1086A0004E634102DB0D783612B401A7A6E77E7E49
:1086B0009EC9D0D19860ED01099B3B806CB60F88B4
:1086C00013FA349180A56E384C064EDD031E55B367
:1086D000C381229FF1DD043C7A8BDB6B0B271626CE
:1086E000D93AE1DA94E8C5B91DCB2A39D338947B5D
:1086F000B72F03ED1B555EE34AE6C8CC939534DAF9
:108700000979B45743E69DA64A2EC1D20D574916A2
:1087100010FAA9344255A91E7998A51925BE87A437
:10872000F46F92BE35CD342F9253B28CAB50D6AF8E
:10873000D1D2D74CDD221E4738666AD16DA2C5243E
:108740009F66FB9F2E3ACC195114E41BE0B80E1023
:10875000BA5BB6E813109679869FCEEC174F02B439
:108760006564646E9B33E4540CCFC746867401D2B3
:10877000FE744A6F83FC411C91195810EA1477DF8C
:10878000D99646E499D612EF30DB817676718DF674
:1087900029F815AC9A33791C93D360B500EE15B760
:1087A0001CBD9A1539DDFD29813F8061C327F97F02
:1087B0002A14A0539E53DF50064D92784EF969E576
:1087C00052DBD96AA101CA0B7A218BBDEFDCDD7DBA
:1087D0003F6C2613BB47E1EC74DDEF9FFF934AD556
:1087E00037E25DE598AB71960BE7E41BC7487BC0A9
:1087F0003D88BF91C76B3ECC6D5922ED75758BDFFF
:108800003EAA7977C9393503C2A4EC63E2D7FA9A54
:10881000BA15CD24EE7D15B925B0A1D6CAA530BEB6
:10882000A83F91EFD71C67B26D9F7CBCEA5B0ECD71
:10883000E8629DA335FF2076F89D1D1CF167C817DF
:10884000C3DF4B9756721142B59054EA580FE0FAC5
:10885000550EBE538439035D916359A0B6B261527F
:10886000DF5CF74D8649EF123CEF5672659F13BBF4
:10887000F37625C79F25F6743FFC7E12F335D6515B
:108880003A4B0DD7EFE8E4C3B9B6ED0EE606DE5B72
:10889000B1B3E1CD2D8DA4FE5E3AA874165502D772
:1088A000DB7E0D6CB7746EADD9B408BD2A59C272A7
:1088B000CBDBC84B93ACD9AEC985DE4D8A01BD0672
:1088C000B769F21E36FBC17046982C9E7FA668CB16
:1088D000D02B70F979C5AD4CEC0D8764E3907D3BEE
:1088E0009AD34133FA84A06E50B90467FE42762EC3
:1088F000E0747CEE0756FF1363E75006F4221B7703
:10890000B5066A85F25D86B507C7820FCBCDFB4FF2
:108910003D70961EBA8FE4286CA3E9AC7876ABE084
:10892000E4323081A7CD03F73C8F9D934634F3A208
:10893000C8F3C335DB9537503FFBF79BDC471A4F35
:10894000F2C1BC586B75A630F7C571ABA9A926F763
:108950001F6248BE96C5B07426734F2CDD5F534529
:10896000E6A1A24A6EBF80FA5FF9FA1EA73133353D
:10897000DE64D84838C96EADE42EB691B7DDDEEEC0
:10898000C7FDD56D3DF86B4E65E92CF1CB9FDBEE55
:10899000EE737CBCFAE3372EFD0F9DECD45AC7F57D
:1089A000A5132CB19BA18DF87C87B13B23E02CBA99
:1089B00057450BD59968DF1A9D22E2F31F7147F3E3
:1089C0005A0DD038C53B6C73445EDC40BBE7B9E957
:1089D000522C208A4E9860B1333C88E0A5F3C8F64B
:1089E0007BD95FD28182551CAFFDB979DAD2B0CC88
:1089F000DE368D55DC777C3544F46BD1B90C15FD32
:108A00004A634A809AD1C9614DBC7A34059C46B10B
:108A1000CFA139BDDB72D32B7E20393C994C39591B
:108A2000EDFDF5959F29FD2D474A40A85EBAE3DF8D
:108A3000146604F355DD8DD2A9258A95946F34FD13
:108A40002BCE628AF6BC0ED4FEF16C2A9A5BD64D10
:108A500076D532EF7DBCAA7235D21BB4DF87298B65
:108A6000CD0DE3A8E86AE13CCA58F0357AEFEEB2E2
:108A7000C658CC4E0CE3AA856F6771E9B7A1D4182C
:108A80008B73E209C67FE38CC0865CC8C5D6CABFBB
:108A9000225CE83D76639D2111DDA186FFC687BD7E
:108AA0006E6BFD78F5B72F8BEDAC498D27FEC13687
:108AB000FCFD63B10EF9BD01FD863419455DC67933
:108AC000C75FACE4E4EBFC0DDA523E0DBF9F2A1702
:108AD000DF4F7D32E97C582E7A3FB5D825DD9ED414
:108AE00007B5E03A392B446A446C62CC28CE07F3D0
:108AF000BA299ACCB4DF538EFCD24B6276074FD49E
:108B00006BF964A0B18AEF5D6C491202B9B7591CC8
:108B10005115EB7744600C1FB5FDE3BFD7DBA438DC
:108B20009124C2CFAA1BA8B65020E6C35B50BA144A
:108B3000EDC726B01780B01ED94E85E1109CFFF717
:108B4000B4A2568A0C88F62793D840EADA3F93DC21
:108B5000617D77A998A0133823233F9AD0B786CC9C
:108B600018ED7D50AE268812D87189CC01CEBEF4A6
:108B7000093CDA8745F742A46C5DD2BB46B5B6091D
:108B80008568DF7A57A11C9053B40DA8272E2D3A83
:108B900045931D65013A6BC80F84737E31FFB4663F
:108BA0003C8A3EFFC74A74A6B558BA9D961074DA3F
:108BB000843C14DC5AA739768B8FE9F3AFD06D3D36
:108BC000ECE36E50B684E5A2BFF30509AAE922F7EB
:108BD000830544E41CB516EA1A845F013AB9ECDD5A
:108BE000A6BD1A91AD3C2D8BF103A6B46A823D332C
:108BF000059DA1A5341EBE9CBC5269E05E75D3E301
:108C00005F650CB9E9DC2A079D12608A46B71D50E2
:108C100074CF44926F48B726B465FC336367131969
:108C2000FB1969D9C674C40FA475E8F486D7939369
:108C3000B6EB78C45BE7402FB4CC273B21FDA0788E
:108C40001E85DFD4C1F20757088925D2FCD3A7ECD3
:108C500010E5B3CA9088B52A776DC46545C7FE7B19
:108C6000FD635FE32C9DE3C2138D71F189E2DE2A7F
:108C70007E9DD330AEB933AE2ED138AE2A916B5330
:108C8000A622AC36E955AB3B4FB4EC4E7DE2E9A2EF
:108C9000A7A1D6FECA3B23F8C111B2282E969A632B
:108CA0009AFBA5A3D9CC150980E37364DC5B1B2870
:108CB0003573BB09E72254FC417A132EAF2B9B641A
:108CC00066CE7C6993238270B18A7DF6CB8B8D76DC
:108CD0002114F0E6D106CEEC9AF684812B744DF384
:108CE0003770F9AE69242FE522840F9F61C4596360
:108CF0000AB08475DC26F1F32F10F93FB2D0FA598F
:108D00008154CAFC44E46F3191BF8FBCBDCE9CC27C
:108D100034CFB57EED81D5DF2479B4086CD541B46C
:108D2000BF6B4E92AB2488E8EF3144F41F30445EB1
:108D3000836C8A9C0AC91258719C5E2474BEE881B7
:108D40007711F817097C1D84A743566178C34B241B
:108D50004FE34B1EF8AB049EF425EF7DD9148B7CBA
:108D60004A2681FF0381FF83079EDCED885E44E095
:108D70006B213C336539817F81C0BFE081FF8EC0AC
:108D8000FF9EC0D74078C59435043E83C06778E025
:108D9000496EC7E8F9047E2F8467A7BC4EE0D3096B
:108DA0007CBA07FE3F049EBC8194B707C2FB3C2FF0
:108DB000D1FF7B02FF7B0FFC05023F97C0BF0DE197
:108DC00095CF4BF42F20F00B3CF05F11780381DF3F
:108DD00005E17D9F97E8FF1D81FF9D07FE73029FC0
:108DE0004AE07740F861CF4BF43F4BE09FF5C0FF7E
:108DF0008BC0A710F83208EFF7BA44FFD304FE691E
:108E00000FFC6902AF25F0DB21BCFFEB12FD7308FC
:108E1000FC1C0FFC29023F9DC06F83F2200B5947B9
:108E2000E00D04DEE0813F49E0A710F8AD107E7848
:108E3000C89B045E4FE0F51EF826023F89C0DB2088
:108E4000FC88D725FCB308FC2C0FFC31023F91C0F5
:108E500017BCFE26862948F1E8D711A25F3AA25F27
:108E6000D2993079352ECFD17788E873F885431EB3
:108E70007D3EE30C649ABE3C6EB7DE78106DE096E2
:108E8000BBD334ACE81BBC87E37ED0BE96949D591F
:108E9000F7AE7AC3345094FA9595530872D924B931
:108EA000CA8F6470AEAA5C9A536BF53F09577EF087
:108EB0005B04AF2559817544526346C075F8A1BE65
:108EC00043EA0D9300E72300C92683B52D28EA1055
:108ED000D8D75B47E076AD87938410AE9AD7F2B4CB
:108EE000F0A5C39369B3CABE2114C87DF67C6EDFBA
:108EF000300EA8B3A78279E612A772D66EB4C3C7A4
:108F00002A736E6CF367399BCBD73F07FEBBD945FD
:108F100087E6A8159301B7B5D59759E6AFE0B6B483
:108F2000FA06A17F8B5A5587738AD81BDB38C12577
:108F3000579A46DBC6308F3363D2E6BC8BFAB25FFA
:108F4000CACCB4ED4A4EC5E7A827DAEBE2593AA6F7
:108F5000602EB18FCCE846F43280BF4139CB59E264
:108F6000BA33CF7CB051C972A52EDA9E910BFAB6F6
:108F70009CFB15D55C787B5197F67A89417B139DD4
:108F80001CCDBD5361E7B768EF3DDB1890C3ED74AE
:108F900001A9E58034340B4C7D57C93ACB5DF7709D
:108FA000FD6E77B32320CD641853A544A532FAAAE9
:108FB00049AF79127266C44F771CC36940DF6CF009
:108FC0003902A879B229234043811C18439E8F3768
:108FD0007E303CDEFCB90F30AA86C71B55CFC74F89
:108FE00001138448E0A696E604B5226AFC73B4D760
:108FF0004F6C409179E8ED0CF4D63B5CD3324A706B
:109000009C69704553DA3BE31A95691B1D3C33CAD2
:10901000CA00A7AEF56E444E80499DCB8F40D10764
:1090200011650D196E5DD8658487D26BED91F1598C
:10903000AA4BC7182933A3158FCBC193D2B894E894
:109040004B9C36BD3D2388B2BBAD23AAA1EFA1CC7A
:1090500041EF0C69AFE2B182BC37A37142DF381E29
:1090600045078BBF36BB1E9B9A6367270358BECB51
:1090700025B7674483DD5BF6B06FB10883F6EA98E5
:10908000B422698CF09DE4DC478D51663CB1EB372E
:10909000E71CC56364D33B77B97A4AF43C1AA34A08
:1090A00017C03CBE7452C1A0FE4594852D49773C43
:1090B00095C3BDED520C6C118D813001627BEBD5F7
:1090C000CB9365349802B44282CF5D209BC782FD6A
:1090D00005F44DD36CD9C1E1780482D2E33BC7CA11
:1090E000E223C1A794B1D8078E407AFCD29C274EC8
:1090F000CA207545CBA65D9FB981F36B439243733C
:109100003E6D80C29C67135CB1D4B43B258EFE7467
:1091100055B47AE93AD6E895A38A017234D5A14CC0
:109120002B72F02C7A23C999DADA83C7E6385C8B84
:109130001D50F51D4BCD522B80CCA4F7F1314F952E
:10914000FB908C7C8B63785A7A15E0B3274E87E5C9
:109150001E6B8D2808F149049FF1313CF29655CDE4
:109160007105EAC3A5801BDD0D066A71FBC8D5B782
:109170007FF7EBE50C6E41373DCFBABF00E7B4EEA9
:109180007885D89B8BF82D19DD8C4D8B50CDF8EB65
:109190006847AD4BC5A99477AA73926FAEBEBDCD9B
:1091A0004DCDD9B8E882A3CCA0D473E65E20E53DCE
:1091B000D171DE9650FFE6DD5C781BF57051D7DC8F
:1091C0003BDA7B44C2D4C4CE9DDE741C67E80EF249
:1091D000AC36747F225E15F60E97879E36AACE07B0
:1091E0008A1E5795215E5A1591F74B1A2AB9BE7FF0
:1091F00057BE71EBDF11BC7775F065A3E9D6D89542
:10920000DEDCCABABBF80E2AF6EFA48CB4C893D938
:1092100063A0DBB9EF6B1E9B68F165A615E0787B58
:1092200076F1B4B230316A68EC72E92D6CE95577A9
:10923000145720D3CB19F25ECFA90E07A1636F2577
:10924000B729FDE7FF556EB8FCBF7CE1CB46E39A3A
:1092500094C49F1D6397177AAC0F1A0B0EAE9B51E7
:10926000541B5C1FC68A6B898F8A67D1D92674DF2D
:10927000005BA3D2158DDE3A555B511DA74FF73D1C
:109280004F24439B1813B008C59389D10CA214E84E
:1092900022E96C31120E7BDB6F57F4C391B959C4CC
:1092A000A1E8BE93BC8AC41CAC81E38FF1FC3EBB39
:1092B0001F64132F4252DD3D1092C025AFD3DEC490
:1092C000B039E96B1D26CFCB814D3336A6B71CC311
:1092D000BB416A269E114F2BF1E9E1AEA75AD0E8B7
:1092E00099A41DE567029A95D91F67A9B3A323D056
:1092F0000EA46D8B5D5EAC32B5BE9F65B794AABC03
:10930000BE609510D0E2606F8B275A97B61A5589C8
:10931000F1C6E2A878BCDEC791DB788751D185CF52
:1093200082058B9833A4B83233CE522BA0F5ADF919
:109330003D96C6B8DAB72B6FF45BCF6EA7E6043460
:1093400087AE805F18525E1CDAAC5EA1CC34AA9462
:10935000F1887AFC356F1B75BA32535C87BE781B77
:1093600018BFE054E42FCFAA14FDFD1F71E5EAF207
:10937000AC5C372D368DA3E6FC7924F7D854651103
:109380003AA12527584CB3715C53BCCDF3A569FABB
:10939000A4D39732BED724ACE885F6FC34C165333C
:1093A00070FF76D19D5155F1251EC8F0A9BC21A0B2
:1093B000B92FE3AE06F262048A9AD82BDE4FF6523A
:1093C000DA6E096D36CE0721034FB4473153277E3D
:1093D000457606C3FD9871071D1DB0C53E4DC2C63A
:1093E0005E80F02D70604D53EA3D773C7FE3892924
:1093F000FB9EECEBF7296FF8BC8E32EB48B9C865E1
:1094000057248DC3F7216AAD949E7299EC28878901
:109410005A606529F650674A74B359ED768F08751E
:109420008E89DE837E815067407409FC3519FE52B7
:1094300046DBCCFC961227138D6F03223B566B3113
:10944000E97D79E95E209663309CE4507FAD923BE4
:109450005E5AA9AB38B95AF5C5ECC8037210F92E9B
:10946000FCAF4A4E130B1842E08769C68979572C26
:109470008121387F44821547931A558A69288AF4D6
:10948000CA0684233C6ED3220C312EBF1FC4742F16
:1094900004188BCB3DA551A05F69788C79AA128402
:1094A000B6AF56E5454BFCAAFA4919CD1B8E0A35D5
:1094B000A0F2A694BDA4690213FDE9A78505F4D521
:1094C000CFAC1E4C311853750EC29437A6B0E0A134
:1094D0007654F27EA555BF31062BA673F202B05A20
:1094E000D5FE78E56C84898FADFCF4A11A31AAFE13
:1094F000F8C206E20BEC8F6FA4313858C2173A1449
:10950000BEF0FEF83403F145F5C717640C8E91F0F8
:10951000050E852FBE3FBEC706E24BEC8F4F650C94
:109520004E92F08D180A9FAE3F3EFF81F852FBE34A
:109530001B660C4E93F0F90E856F7E7F7C3E03F127
:109540003DD71F9FC218BC48C2C70C852FB33F3EF2
:10955000D9407C59FDF151C6E065123E3014BE354C
:10956000A486B38CFDCB406CEBA432817DD318BCB8
:109570007EBA535DF0E65078F224D812F6CF08E2B6
:10958000614C16A9743BFBBA31B860BAF3F182F5AD
:1095900043612A96602BD97503292A95CADE665F36
:1095A0003306974F778E2C786D283C5512EC0E764B
:1095B000CD403C7BA5B29DECABC6E0FDD39DC10583
:1095C000AF0E85A74E822D65570DC473402A2B67B9
:1095D000571A830F4D773E56B0D28B47968461E180
:1095E000B8C67746374D37AA16C5572F73162B9630
:1095F0001716F42F33AA3E91CAB62B967596B54C22
:1096000077BECD6795CEA6AF22283EA6146AB917BD
:10961000CF17126CA562E9403CE7A5B2B715999D3A
:109620006517A63B77F29943E16997607728FE3882
:1096300010CF55A96CA7E2C5CEB28EE9CE72FEC599
:10964000A1F0DC96604B158B07E2E992CACA15CFF0
:109650007796754F776EE79F1F0A0F48F6F067D130
:10966000403CF2640F7F9EEB2C6392217F160E85A7
:109670004795ECE1CFFC817802933DFC99D75916D0
:10968000940CF9336F283CE1C91EFE3C8346F4611B
:109690004C51526985626E675974B2B38C9F3B140A
:1096A000A67809D6AE983D90A244A9AC4C91D65963
:1096B0003629D959C2A70D854727C1FE4D317320E0
:1096C0009E54A9AC4431B3B34C9FECDCCDEB86C2C5
:1096D000335F82DDA5D00EC4F39C54B65B91DC5998
:1096E000969EECACE09387C29329C10A8A6903F184
:1096F0006479F933A5B32C1BF167CA5078D678F991
:10970000933410CF3A2F7F123BCB72117F1287C256
:1097100093E7E54FFC404DB5247BEC537C67198FF4
:10972000F83361284D2DF6F267FC407A4ABDFC897A
:10973000EB2C2B43FC891B8A9E2A2F7FC60EC4B3B9
:10974000D7CB9F98CEB27D883F3143E1A9F3F22772
:109750006A209E035EFE4474961D44FC89180A4FDD
:1097600093973F8F0F96E84FBCFAF738B441C9CEB4
:109770004A3E6C481B94ECB10F2307D920AFFE85FD
:10978000401B94ECDCC1870C6983923DF6217890F4
:109790000DF2EA5F20B441C9CE523E70481BE4B5D9
:1097A0000F8F0DB241C91EFBA4823628D959CCAB0C
:1097B00086B441333CF6C16F900D9AE1E18F1FB43E
:1097C0004133207F7C87B441333CFCF119648366CC
:1097D00078F8A380366806E48F62481B34C3C31F41
:1097E000F9403C51333CFCA1A1059A01F9430F69B2
:1097F000816678F80306592052C6952AFE022DD0BC
:109800000CAE98FFCB901648827D5BF1E74116487D
:109810002A2B56FC195AA0195C25FFFA901648828B
:10982000DDA9583FC8024965958A75D002CDE0761A
:10983000F0EB4A67236D86BAEAC1836F7165CEC0CB
:109840005ACD95B3AF0D96E82C0993A058036DD06F
:109850000CCECEAF19D20649B0258A5707D920A918
:10986000CCAE58056DD00CEE6FFCCA216D9004BBD8
:109870007BF02C6F91CAFE8666797E06B78B5F36C9
:10988000149E6209B6429135C8064965BB144BA1C6
:109890000D9AC109FCD2216D90045BA6C81C64839B
:1098A000BCFCF923B441883F7F1CD20679F9F3E26E
:1098B000201BE4E5CF626883107F869CE59BBCFC9F
:1098C0001934CB7FE2E50F9CE55B107F9E1BD20233
:1098D00079F9B3709005F2F2673EB440883FF387A0
:1098E000B4405EFECC1B6481BCFC79065A20C49F48
:1098F0006786B4405EFECC1D6481BCFC990D2D10C2
:10990000E2CF90733CD07AF8933A58A2E55A8FFE92
:10991000C1599ED1723BF99943DA200976874237C3
:10992000C806693DFAA7853648CB95F3DA216D90D4
:10993000D6631F9207D920A9AC5C310DDA202DB770
:109940009D9F36A40DD27AECC39441EB342DD1E324
:10995000ED6C12B4415AEE6D3E71A8D959A7F5D8F5
:109960008789836C90973F7096D723FEC40F6983D5
:10997000BCFC9930C80679F9331EDA20C49FF14344
:109980007A415EFEC40DF282BCFC190B2D10E2CFB1
:10999000D8212D90973F31832C9054B65D11052D21
:1099A00010E2CF90B37C9E973FE1832C90973F705D
:1099B0008EE7117F1E1FD20279F91336C80279F99A
:1099C00033125A20C49F91435A202F7F42064BF4F2
:1099D0005EAD47FF82A10DD272257CF0903648EB38
:1099E000B10F8366F9035A8FFE3D066D9096DB3DFD
:1099F000F42CDF4460FBBE1F648148C9CF3F42FBAB
:109A0000A385F6C76F48FB4320CF0DC2719E9434E7
:109A1000431C17B45C05EF33A4ED2190C7AE0DB223
:109A20003CA4A4FE7B6877B4D07EC987B43B04B263
:109A3000E8DA409DEA223A65FA01DA1C2D57C6831E
:109A4000CAD9489B06AECEA166D679D6F974610113
:109A500093F6309EA43ACF3A1A40DDAC7396B680A6
:109A6000CAF9786F0CE2FBC22784E465BA8877B53F
:109A7000362D1A58F7CA06B83E560CD8F322AD5EFA
:109A8000596F3238372BE4DF7E3168D72046475A8A
:109A9000E676B1AF1716F0FA874A8BF5526925BB07
:109AA000DE189C56C7851C5A5F399FD88C2FD0FB77
:109AB00044226C597A7C67EC7C089B8EF510ED296A
:109AC000F42B83DC93CA76285E8398EBB8D2D6D782
:109AD0004AE77BB8FDC543BA5EE7D1C33503C6ACE0
:109AE00038A7CE23E7AF425DAFE38ABB5FED47CF38
:109AF000C3BB2E12ED6FB32B4588017DCBF5962F9E
:109B00003706AFAFE3461E5A3E54DFF2BCF42F1BBC
:109B1000D8B702A96CA722AB53B0D671E5AD5943B3
:109B2000F5ADD84BFFC07D8562A1CE63C732A1BE23
:109B3000D771DBBB33BDF43C649F63ABEA3C766C0E
:109B4000E0BE42F13E2FFF5EEC146AEAF8346E7715
:109B5000DB624411A2DB4B91487D4C9D44FD2EC538
:109B6000F3037A56EC90CAA01F610C3E54C785F6E9
:109B70002C1A8A434D12ACA0786E20874E4965D0CE
:109B80008FE8145AEBB8B2D6854371E88B3ACF3CD4
:109B90003E7067A1B8ADCEEB4740BDAFE34ABAE730
:109BA00079E9C127F2B1638AB97EDA5FE7B1D3D030
:109BB0006360F4DE32A3AAA3CE63A7A1C7D051C7C6
:109BC000EDDC371B51B599EB475310E2D1ED3A74F8
:109BD0005228D29F5658B099F39414774B25958A02
:109BE0005463700FD28F5484632B3780CFD1A0DEA3
:109BF000C39F9985055B392F7714F51EF9D1198319
:109C0000987A2EB845877014730379A3AAF7F45F86
:109C10008B7AFD707F82EA3DF2930CFD8D7A6EFBAC
:109C2000BEE447F727BC9E505D82F614FAF7275A28
:109C30002A29554C3106C7D473AA43531EDD9F7899
:109C400089EABF29121FEE4F9254B25D91680C9AB7
:109C500054CF3DDE32F191386274F51EF98A7F18D7
:109C6000875E2A2956C443BB530F6578D4D7131E89
:109C7000D51BE8634834EF443B09FD7AA35A249589
:109C800088FB08E9F55C454BDCA339922941EE409D
:109C9000BB08FD39922D95EC52C4188397D5739A61
:109CA00043318FE6C89A7A8FFD8B7AB837EBEB3D5C
:109CB000F21F610CCAADE7825A221E3DC279F51E21
:109CC000FB103E505E79EFF822BF028DEFE38FEE7E
:109CD0004DB1777CC31EEE4D99777C471A83CBD16B
:109CE000F88E7C746FAABCE31BFC706FF67BC737E1
:109CF000D818B40F8D6F60E9FC4A4E5C397ED17F75
:109D0000E558574F2CEC6EF631122FE31A2CB7079B
:109D1000EB3D7E8E0A7A15F55CF93ED5A3FBD54462
:109D2000A8BF75EDE15EB590EF37BE37069F82FAAA
:109D300073C8EFD17DFA82507EEEDAC33DFA9A7C89
:109D40003FFDBD31E802D23F9F47CB6B3B817B7F1C
:109D500040FD0EF2FD3DD8FE3524AB415FCB1F4DDB
:109D6000C16D02C9430C959C770EEFA997FC08635F
:109D70005037920F38FB239B3678BECE8C27A70F27
:109D80004EDEF06DD3E07230119797B8BED571CF2B
:109D9000DD06B6474255612CCBBED5EDB9B6AB80DA
:109DA000054C1A37FF6B79D1A3317E8331EE76569D
:109DB00066D95D1A5079F5A97737A5934C7C6FEE7B
:109DC0006283C0EADBDBEE9A626D69CE133DF70673
:109DD000D75735E1FA3617AA1F0BEB3FA28D5FFB71
:109DE000C31820CC799DCDC07DD3261F0CFB4560C8
:109DF0007F589622B0E7DB68EC9DD157BDB04DF19E
:109E0000FD61AD102FCE356673F186CA264A3FB587
:109E1000EAE3D5957FEDFE2F8AACD874C11B858906
:109E2000A22F5F6841A7E176390F22AEC759627849
:109E3000949565820D678A06B1E88E45C94F313C1D
:109E4000F93B1AC551F6CFED846E67A0FB1AE8F511
:109E500090A3D6561AC50C1F2F23B9FB2FA0DAE802
:109E6000E647DF64744703C1F1B1285753646817AC
:109E7000E0AEBA4064A81C48B875BFA1F42F3950B1
:109E8000242B7EDD42C811E7B98A3C2EAE743CF02B
:109E90009CF6762B5B503E1B94C3662CC9615E75A5
:109EA000B0C511DD5C64E0CC3DA0244D3685511475
:109EB000CD56CB6ECB9879B2C93E20C0A566BE7E8A
:109EC00080F28DA07B403E1417144CA9BBAD60F40A
:109ED00069D9A4CD805BE6A413343F02FBF0EE0702
:109EE000EB05EEF23E9A5BED00A3DADC14A5A77E4B
:109EF000EADE56B64D7D5003F00D1E67F7BEFB4BF4
:109F00007C721DE87654FF574022EED4DA3EB4242A
:109F1000D9A6151E2FDCDD3CC13291DFC39077033B
:109F2000866FBC959B3EF81E94BA5C4EDB33BEA692
:109F3000348BD02BACD70E6ACB03975EFE8EE41920
:109F4000F94B25C71894FA438218D77D900DE4CABF
:109F50003AC093076AC272EF98A22F363B7774DC3F
:109F6000C5BC716DCDE3949FA8963E75666229C805
:109F70008CFC681115F9710C15599726C352AB5B0F
:109F800046E06C955C6847D1D91DC6D1AD3B36F82B
:109F9000BB98ABE683367ACF4959034B73FE325AEE
:109FA000BA3F8CA88BE1D1DD61DA8CEEAA0CFE4EB3
:109FB000DEABB9BF227D9263637AB4A3246D61C125
:109FC000194F7697F0EB4CF72BE9CA46148D2DC547
:109FD00062E377C05134F6215B67144844F1FBD04B
:109FE00072E45F087C5F3C63EF386D4BE34C170213
:109FF0008BD2363EC7EDBCA0324F5730E1AFCA928C
:10A00000158A515B860194A7323FB83B5F9386F86F
:10A01000B48CFBB07CF3529C0B306695ECB0022400
:10A0200015C65470239860FBC851B4FD9B91B4438E
:10A030000154A30AEE3EE80DE6BA4E0573F387D14C
:10A04000B62DDCDFD8C069052569D5FC3412535321
:10A0500075292287533081911F59A8BC9B3B6E976D
:10A06000E028F444652075F5C9C9BD619B7EA5A2B1
:10A07000367E1251205C4051457C12C9476AC57238
:10A08000DAEE5EFB1CA991A40CE4827AC09393954E
:10A0900061B9BF52311CD323C775F409241FB3051E
:10A0A000D7A9222F1634F548B9A0043D7A4D4BBFED
:10A0B000E878D9FF63EDDDE39A3AD2C6F139273962
:10A0C00039848B820183055B245C4AB67529A828F4
:10A0D000202F28218297DAAE68EBB65D7404D46A2B
:10A0E000AB556A6DEB96909CC420566CC068C12D30
:10A0F000D22ACA6E5B1531F50A68D1C5D64BDD7A16
:10A10000EB150D17B568B112110BF29D993327D0DD
:10A110006EDFF7F7CFCFCFC7C9612ECF3CF3CCCCE2
:10A1200033CF5C9EE719F34AE26B45F3A233246D0B
:10A13000848A6FB426A89303CD6E2B60527FEF27DD
:10A1400040F4481E2E6ACF8BA35FD950475FB78B70
:10A15000FA31CFE0D7ED4F64AC85740CB6EBEA6C06
:10A16000762FD660D38CE901F0452F806D4AECB094
:10A17000AF884C8EDEFC130AC7A85645B29B7F16EB
:10A18000475F646E39B4B6C3773DC1EA595175E58E
:10A190006FF57D3B17F18C9E394EDEF550D9A83511
:10A1A0008D70607D0AE74CAFCEF29505F6D6237927
:10A1B000B30ED42D9DB5ABEE8FDE8B5F6BFE68E9E1
:10A1C0006893D0AC320B8CFA02A1C7744A9F474403
:10A1D000BA84386F5568AD54DB4FA4EE15ECE90C2A
:10A1E0006B14C2BE2B8AC4654966D77115774EA61B
:10A1F000F200F2BEE702E7E7B5ABE7E05656CDF76F
:10A2000087BEB9DE2F1BA6327A6C230D3EE2E90B26
:10A21000E5FCB0A075BFF65FCD28937B02787D8109
:10A220002AECED99591BD306EC0F81A306FD93B7D9
:10A230007698550A132362B2DD4FC42CFC39CAE16B
:10A24000BED9B613FA28D9FD428630AE8352F0A8A3
:10A250003152C931E1D772E032172B44A836295860
:10A26000B78EA258EA04C6FA8063006EB8B70877C2
:10A270007BB29823FF6BD79C3FB20F2D5A861E846A
:10A280008F07C527B9E7888DBBD4EF9F03B36B0158
:10A2900054F1B2AD2782178B79B215383FCDF73F15
:10A2A00014FE199DA3A6F43AB035BAFA5DEB7B7A99
:10A2B000E629BE3A02B7A4316B73D13A0FD6BE0C71
:10A2C00055B580D30B7FBACA371D19A8AD91426925
:10A2D0004C128E086141457250E01FAB9C2B331429
:10A2E000272EAB31CD92256D810BDE66384FDD1107
:10A2F000E304B9E294B063CB0C81AE88F38C9F2960
:10A3000001B64DEFD324DBAF64649F59D1B852320C
:10A31000C6715620C2E67A639A45E8D909A44691E7
:10A32000529FB71E8137AF03B8F53A2B73E0325610
:10A33000005775B3F3D2CE088FFB528BBFAFCD4B16
:10A340003B85752C441BF9CBE7A53DE19B41FFAA5A
:10A3500058C63D7155FEB1E30FFD89FF098C1147C9
:10A36000F1C9F1E5935DB3849F445FE18BEEC8E2F0
:10A37000950AFB5C16FB654A71CD82C17319FBF32C
:10A38000D83B93355EF691121CD16BD7C1FB1639C1
:10A390005E57228449ABAFADFCADFDD8F3581F84A6
:10A3A000B43AEBD9910DC6718540366E1D6D65F8D6
:10A3B0001DDACF09B47DFB6FCCCAAE9BE789E7D825
:10A3C000D56E55809CBD9A8A2DEF97B2DF085CD878
:10A3D000BC34D9412FD99ABF0A536797D2F6408C23
:10A3E000B1E6534B34F6D8102B2F61679760ED3BE5
:10A3F000D1F7C1A956ACB34A5FF29DAA368D6CA8BD
:10A4000036537FB0ADB4FE1B741C8CA7F57FF2648D
:10A410009D6C8C52E19B35E2DA9DCE898E7972FF7C
:10A420002CD73741BC0260AFE365BC1AD4A8459D68
:10A43000945B1BEEF4072F88B5FF0446DB9D23BA1F
:10A440007B9DF613BDB238537FF042E7B0EE5E411C
:10A45000A119F3F5C3502178DEC69FB0350121B5AF
:10A460002F8ED838D57647643A90B4C0CC4B93BC85
:10A470001D65CD8910AED6496F134F358B3E5A44BA
:10A48000AE9FD3B2B8F9AE36F9CEDD08A96FF8C7E2
:10A49000CA27E73D7FC089FDBDA8F8C8DD074DC1CB
:10A4A000F0C04F627F2847CA505D7DFAD18588078A
:10A4B000DE6B97AB1482349FAED0768EA2E3FD03A1
:10A4C0009532BA01F3C60CE1F7DCB17209BB147323
:10A4D000C851BC53E57AB0E8F91B75D5C2DA37A983
:10A4E000F659ADD6EA83A838300784FF8890B93092
:10A4F000CA81B62C75E016E3F9FDAC10645183E017
:10A500007ACCB177D8F39D9A31882F8F47BD836D70
:10A51000706D6B1B46B9FBBB06ADCADB04CAB02E1F
:10A52000B45727AF9ECA627F17F7EDDF21F8454584
:10A530006AE7ADB2AE279648FCBAB928AAC9B605F3
:10A54000ADFF5794ACCD3E017C632F8241EBE560BB
:10A550004BE3366E31A568F3CA7795DF6CB9262CCC
:10A5600016F02A40A91C0EB7CE621267C1423BF01A
:10A570004E8E30E7481CF3DDB0AF83CC037AD3684E
:10A58000BC8410CD9CB7313ECF380C7A6E0AD6838E
:10A59000AC09BC0FE0CDCF5815EFEAE7261F2CB56C
:10A5A000218E1A1B7817C4F22065D106B8A815C4ED
:10A5B0006F86AF730C6C6945F93846E09D1BD5FD7D
:10A5C000A32AD0AFADBD97D16F6E2BBF567C53D4AD
:10A5D000B5B25B716FDDF867E575B1A7C57E3677FB
:10A5E000E0DE7FA9C35E843D67789FCA9B35A35098
:10A5F000DD8BB5AABE7C53E50394E298F6FC909BF4
:10A600006ADC9E3EA4B129D6BA5D56237F82294FCB
:10A61000BEE05495E48179CA1AAF42307FCBBFBE09
:10A62000C63E4B7F401C58259773D4A3C553CF9685
:10A63000609956B37B165F948BD636511FE11F4C41
:10A640001AE5ECBF181DEBE4151D95C2E1FB46872A
:10A65000975CF3D102658470B8D7D8EEA5F8AE99AF
:10A66000CEA08B5A93CFE90C695D3F28F6BBF085ED
:10A6700048AFAC37FF78AD9546131A9D1ECE924475
:10A68000D78DBAC1BCE7C946D1A354D83FE4595CC1
:10A69000AE8DEFEEEF2BCACBAC6D9E35C57781CD7D
:10A6A000AE607B8C70C93DB9EF14D1F6EE493974B8
:10A6B000B5C919BDB8FA67BF0E4BDBE45CBAB0E8A8
:10A6C000EF4AEF05B07D9F5C9C21B99DC40AB1782B
:10A6D000CE534066DD84EEDBA2ED316A173B7FB0DE
:10A6E0005547CCA30EF16DC4EED927D8EE5964B608
:10A6F00043580FEF1E0042B647D61890618EA03A1D
:10A70000D3153F3E2EE938FE6BDE9D33258B1CCFE3
:10A710002F0FED54CFC22D90B74674549B42054580
:10A7200097647F47B4C643A993332630C28CDFD1E8
:10A730008EA331C911A174A4211E268EDA85BFB55E
:10A7400042846D54527EEC2C9FEC5CEE422B50B553
:10A7500009FAB4FE9DDAABFEB11C2269D97A1EBF9C
:10A76000557DB6FB11D4BF31654A0E3C01660849E0
:10A77000D4527AFD8790E7DEC631F4DDE76483EEDC
:10A78000593A9342DE83726E7899E5EBFEE57AF8EA
:10A790006AB77F90A08CB1F1F9899075BD00BFAC0C
:10A7A000D2DAF8E478E8E19A093FAF0AB4F121B1CE
:10A7B00070A8EB3578A6CAC3C617C740B96B19FC99
:10A7C0007795DCC6CF8C819CEB15D854C5DAF8E8B8
:10A7D00018A8742D81A7AA96D8781003816B899642
:10A7E0008E96F062CAE7EB281FE9B0F1CB62E01069
:10A7F000D76278A56AF1DDF0FC98AF2A6CFCB91835
:10A80000C8A0F25F54011BBF3B06D5BD18FE07A7C9
:10A81000D6C7BC88523BC598C9AEC5087A2CAA15C4
:10A82000FDFAC63A1F73DDBF1BEE1BFB0CCAB13B22
:10A8300016E1BE041EC37865C5A2FA178BB09263F9
:10A8400021EF5A08CF572DBC1B3E3376D74ED44A42
:10A850003166926B216A4D2C6A0DFAAD88758E7047
:10A8600075DD0DAF880D47393A710D0BC5F2E76202
:10A87000A1B72B075EAACAB91BDE1C1B85527DE35C
:10A88000516A12A212AA09C43B47BA3AEF8683F86A
:10A89000BB581AB447CAE0141E9839C140D794BFB8
:10A8A00054E6E217C3D05B09B8EC208EDB5D298447
:10A8B0006FA5BBB66798F4DF5A5C18256A7663CA41
:10A8C0008F47148D47EDBB79373C3A1EAD1A7C5645
:10A8D00002F4742522BAA33E38178FFA63BCD8D687
:10A8E000FC78E8E31A27E29A158F5A330EFE5835A2
:10A8F000E66EF8B2F823A8548518F3B46B0CA25096
:10A900003CA2F0381B5F1F8F787B1BA26CFC1E944F
:10A91000C33701D18D96EF8C477D38067E8DCB8372
:10A920008489D87746028949C5E59313A002FFCEF2
:10A930004C40E5AF216A263C85AD682640192A4F78
:10A9400070A94840358C1161E527A056C4A03E8C03
:10A95000B91B5E9C70BA16D52BC64C76A191762E8B
:10A9600001D110FD362720FA7D875FC135A01CD1AB
:10A9700089A88618B1BC6F226A5734BC5C45DE805A
:10A980004D47A933C59829AE68D4D244440DF4BBD1
:10A990002C1195BF8CDF2EA5A01CBB93102EF1A807
:10A9A000677C51CF4E44DF63603DA61798886A8E5E
:10A9B0004663138DD3FA44D4A2D1621D1589689CD5
:10A9C0008C86DF563D815FF74C3C82F01914D39999
:10A9D0003816C14CC67068FE9089A8D627E0059C41
:10A9E0001A3D71024ACD126374AE27102E13D1B8EE
:10A9F00042BFF913117DCEE13708AE1A542609F58E
:10AA0000C068913EE726225A3F41C7F84484871622
:10AA1000D15A8B6FE39B50CE4E3126D585661F48A9
:10AA2000429440BFBE49A87DA7F02DB20EE5C84AAA
:10AA3000423568E9B84E4233E87134831EC777A8BF
:10AA4000E935D8E7188949773D8E5A9F04BDF06FE4
:10AA5000052E7F02DFFE093542AECAD2BE1B2A5B3D
:10AA60009F804F5779A82C7376C321AD287F955CC2
:10AA7000C57726C1A1AD11702A19F1B8EE08F855B5
:10AA80005504BE1B0BAF5159227743194A4DAFC233
:10AA900032C86EA7BFEB181A1FBB27A094380C2F23
:10AAA000CC66D1EF46F3A7FE6E78F2EED6032A8B82
:10AAB0007D37F46C0D23D02CAB76A3311106BFABE0
:10AAC0000A4514D97D03A53A500C4A9DD61AAAB25C
:10AAD0009CC43884DA2C9770F9C3F86C3F1BE55896
:10AAE000B5077AA11C93106696C83DA8865011162A
:10AAF000BF07F54E28EA9D107CD2BD7A8FCAA247C7
:10AB00003138B53504B5670FE28F21680DD883E879
:10AB1000FFD9DDF0AC3DB52887630FAA21442C6F27
:10AB2000DF83465D083C87CB57EC3980522FA11854
:10AB3000949A8CCBB7EF812C2EDF8DCBEF43FDBFEA
:10AB400067EC1E544FFC481486C473284C8E8F3A11
:10AB500080A81DEF87C2ACF80928263F7E140A8B17
:10AB6000E39528AC88771D45E328FE7B149E8B6F08
:10AB7000446173FCADFD084EFC0514FA26F4A09860
:10AB80009084AB288C4E68426172C21D149F9570F0
:10AB90000585CB121A50989FB014C55724646238AB
:10ABA000096BF6E3D7AAD9FBF15BD3E9184EC2F2E1
:10ABB000A3F87DE6F347F1EBCA140C2771D17EFCB4
:10ABC0001EF199FDF835E191A3F82DE0F6A3F80503
:10ABD000DEFAA3F8FD5CED7EFCFA6D2B869328600F
:10ABE0003889BB3056891B319C8907305613B7ED25
:10ABF000C7EF9BAC18CEC4B147F19BA09118CE44CF
:10AC0000EE287E8DF3E47EFC062600C399380163AE
:10AC10003571146EDD44258633F1298CD5C411FBC2
:10AC2000F17B0906C349BA7518BF30B87018BF0F59
:10AC3000E8DB876FE55BF7E13BF5D3FBF08DF89D33
:10AC4000C3F83EFBCA617C87DC7018DF00DFD88761
:10AC5000EF70BFC2D44E5A83624276676308BBA7C7
:10AC6000A370E6EE3C0C61F78B18C26EDD3E7C37BC
:10AC7000B608C557EC7E0643D8BD1AC5D4EF9EB7BB
:10AC80000FDFE1A46308BB6B513CD8B315C3D923D4
:10AC900060387B3E46F1C97B4AF7E13B800328667A
:10ACA000D99E6D87F119BA1563B267CF3E7C02BD9C
:10ACB00005C3D963C098EC7912C537EF09C070623B
:10ACC00026A298E898700C21C6074388790AC567C0
:10ACD000C58CC07062180C21260AC557C4F86138AB
:10ACE000317D07118498561436C79C4661678C6B7A
:10ACF0002F8213FB3D0A43621B51181D7B03C5279E
:10AD0000C77E85C2ACD81E14B32CF62A0AF3639B07
:10AD100050581C9B87E277C7BE88C2FA581D86161A
:10AD2000BB14C577C666EECD7BFECAC1ECE79B0EB1
:10AD30008E5D1E7A43712BA235E3EA99DEF3F72F7D
:10AD4000767DD3F943C7B5EB6D2D379B5FE92DD5E4
:10AD5000AF9E053B1C0AF54962D979A8680779BFFF
:10AD600015EB3451FBB57FCB9F9C120633E4722C5C
:10AD70001BEFAA885E8C7737647F21A667A1FDC58B
:10AD80002CF866372BE821DFCD8AB1557F2D9F0C3B
:10AD900097752B84DC320B5FBFE783F3EABCB2AF5D
:10ADA0006C23DBE3BA65E0CA06CDEE1E72D67233C1
:10ADB0002B6341F502CF456DABD3DEDCF1A6E2ADEE
:10ADC000B697D396EC58A2587A6D8D0FB6DB41AC8E
:10ADD0005A5B6605C271F6E7FEE218DEDBDF377C00
:10ADE0004D9C6A55B72C86776D585A673F496CA5BC
:10ADF000CE2F87BA3A7C8E654C3473B278854296F2
:10AE0000685660DBB039D4DE61B35AC4293753F6D3
:10AE10004F1EBC54CA44D9D4F87C266F96F31DD774
:10AE20003DDB2C6FA6CCD31BD8EC9EB2236B397DB7
:10AE3000830DAE6B0147BE54EAA1B1C563A2DEB972
:10AE4000B5A5EB79BDB05375290E945D5283F5EB32
:10AE5000D6A7A1920597BAB6E88554E7EDF65F6CE0
:10AE6000AB1E01077E3EA287A55D43D08E40FEB893
:10AE70006F4E9728A981CFA9FDEB0C55B092957D17
:10AE8000CC03D50BDE2CD6EA8CF5EE65892D27EFA9
:10AE90004E997D2BCAB37E7DDD9A39F0DB22C5EA5F
:10AEA00059ADB54FEAF36619C29C2DED0FEE1CE1CA
:10AEB000F417EA6C6A253B609F5FB42167399C37C1
:10AEC000EB07629B7FF364EC7FA7FB6690C90BDC0A
:10AED000E9B0ADD2828D5F88728341378ACA0DF5A1
:10AEE000A7556F6600A78FE7356C833788437B2AA9
:10AEF00051EBEA8591B5872CEB00FCA98A813DB91D
:10AF00004C0D5F040AF9DB76D47BE67605B60F2597
:10AF1000B6486C4FFE2718E76DE4FC0B5BB3C3AD7E
:10AF200033B6B7273AEFFDDA857ADFA31758F5CAAB
:10AF300054C8F582BC59CA9D4CAA413757DAB3DED2
:10AF4000E6A855774B5C394C2A93454EC59E81BF88
:10AF50006EC77E37639C69F2CE3F6AA3FE934AD2E6
:10AF6000424DC51C66A4E308EA8BAE8BB87D5B4FEF
:10AF70008AB0F463CB271FE2BB92B157085C9EB145
:10AF8000DD311EB4BFCB8BDE0B72D50789CD16D257
:10AF900072E0F9353BC236E70AA3EE217E6A2F2420
:10AFA0006DA1E3F7A9F2C9090886E869069FB0A078
:10AFB000F119DD0326D4C8A2141CD6FC23A72164F2
:10AFC00024D5771CD11BC2D0680F74D1711EF964CF
:10AFD000F9E402FF3BF909CA9E647684EA79257B8D
:10AFE000AAE45D39F58737F46889ECA01C8D74CD2F
:10AFF000EE744679E8F157D0E8E48C13CC0AD90412
:10B0000085424B2D0C83DB761DA262ABF0A7674B0C
:10B01000D1B87ABDF6CCE3BED8D6AE48F1E60FCAB9
:10B02000BC9420C88B0313A7D933C87E2EC2DE8BF5
:10B03000F77B454DDC747B1F1E39B73CE8F88E2C3E
:10B040009F5C26F702CEAEAE5387F8F781B76F92BA
:10B0500070D484247BB19EAB30959357E6C2C7046D
:10B060004EB23602011A95559E20C1D292AC1ACE2C
:10B07000B3CC7B2ABB1EC4D887F0AFD835D1710CB6
:10B080004E7B976FB36F29DF0C6BFCB7A2965C29E0
:10B09000323983144140C45917228D8CE6228CE347
:10B0A000F6BA97CC678424AA9F963F4E6BFAAA2ED5
:10B0B000F115199E9B685E267562AB586C9E212A1D
:10B0C0006F9664895484D31834B7D4B9BAF6A88774
:10B0D00034CE8A0B4690FD3A1A0F35D61E36C893E9
:10B0E00003F6A9D82FD89F46607BC5EA72BCCB5D1A
:10B0F00052649F467C460E3356798120A52770AE58
:10B10000EA397848FE27668947841061A5F6A7BF0B
:10B1100082299C02CDCE6097C2ED19401C1FB54913
:10B12000763A3F7DCB2733A987CCE228B804FC21AF
:10B130003EB1716D087642A3277BA6A450DE37E7A7
:10B140005A4979FD727D197FA51F2EEA06780E29CE
:10B1500063A8BCBE3948F108A548F850D4065F3250
:10B16000E3DEC2586F75E05DB4CCE18D687790E89E
:10B17000043A2FB53F5881C67C7C97C8DF7865209C
:10B18000E29FCEDE96FBCEC2AEFB4FF84A565A4344
:10B19000BED09A46DC207F8B6761C195ABF0AEE0F4
:10B1A0008863DEAC8F1D1070B39F5AAEE80BED893B
:10B1B0007065DC9971EBD91BB35BE75EFDA1F7DA33
:10B1C000FDB6AE9B9DB73B70ADF92F434E1E28B622
:10B1D000D93E067B894F6D73196DCA54B0C33E4387
:10B1E000C0A7B8147FCF2005C756E2535BD15FA933
:10B1F00057440B7C9A93DB1BC5F31A149F4CF61E25
:10B2000057AB05389993FB06860AEC659AF765B447
:10B21000C34CE3C0A4396836CBBA41DF2CFB29808C
:10B22000CFFDBEB27F817D4CFDF32B9F691BA7A98B
:10B23000D1B7CAEBE5AF543E85007E2BF71521B799
:10B24000BA21571489318DEE98FC75EA13C4DFF1E9
:10B250007F88355BF10CEA2DF81207FE3B1EBC0916
:10B26000A7736CB5E01F28A6B59D9752EA33B9863F
:10B270006373AC96A4CB86B336B90E30E9CA8C8F13
:10B2800033D6FCF5D89C4327F532F874CF23983A8F
:10B29000A1B9784C1C24566931DD30E4A4EBF4B438
:10B2A00067AE41A72D94E035CFA92E9C41BF2BEE70
:10B2B00021AA250F500DDC87B3B840B11DBA2FA5C8
:10B2C0007680338866CF72E36E2ECB5859BDD27329
:10B2D000F5CD45198BAB177BBEDCF656DADB3BDED2
:10B2E00056AC695BCAE8A2D05A27E11E7164871B7D
:10B2F0006273BAD69ADD786C8EEBF86CE914384A32
:10B300006BBE2848DCA8B96851AB7FE04BE68112E0
:10B31000F569BAD3C7E6C0377B3DA1D1CEF871C677
:10B320002739E01F3877508E8A54AD7542A3BA9101
:10B33000F881FC8C8EAC30B4EB16E9EF9060875846
:10B34000389A8B73508F60A152AED65A373F348DE6
:10B350006AF5F7153157D40ED4929CA4B5C2C73CF8
:10B36000591142F63E1142F3C8203E00D84F60CF3B
:10B3700064113583B1AA1F4EBE09C59A9BAA4D77A9
:10B380000EBD22A57C7F53904E619267EAAE38795C
:10B39000E58382398D971AEAD6D293FE8A6F997027
:10B3A000E89FC9682A16305CD4367940AD8825B745
:10B3B0004F82585F8BC6E81CCE83E2B98F8C1C92FB
:10B3C00092F551B5C9A9E75AAA05EC1D8CA6D7B8C4
:10B3D000E7818F339DBB1624784AF3E482F6B29F4F
:10B3E0005EEA29C59E41F87B3A53B9E6204ECA99D8
:10B3F000757E70CE9C4F07728678389FE6BE1332FA
:10B400006CF6070C3E25DFCA1BA62675D8A7133E8F
:10B41000DE689C8078D806E537D81AF9FCDC9E0DEA
:10B42000F07DDE7752AED1E10330CE07EDE5536516
:10B43000130A01E2E822ACA7B4EB066641C868DB58
:10B440001C255B5D14B49E074C143CB7D8EBABB322
:10B45000A72C8B2D3F9829BE3BD14ACE7A048ADC9B
:10B460002964B46FE0209ADBB44568667B56E67EBB
:10B47000751C1E5BECA5F261D80C69C4346A423EAF
:10B4800006355BE21995723A80DFBDCFA82E2827DA
:10B49000D1117A5CA55C0F34A11F83204149DB5E8A
:10B4A000712C812F633421BB40903A1248A3236250
:10B4B000E3B58171DDFDE4CE8C01BC2A06E35511B4
:10B4C000B6DD31B837223E70CFFE2EE75FB87BC2C3
:10B4D0009FE679DE38B2588274487B4EE593C26E9F
:10B4E000AC1BCC9342427FCF93D44DD8C7DBA2F79D
:10B4F0009DA7E52730EC8C41630FFCEC9CC49D18A4
:10B50000448B6DD5A6AB75F8FED9AA5F3B5F23DCF3
:10B510000365EA08C00E4FF1D394DC03AB0B142D86
:10B52000F699645D69972C0504CD119832B5C05C1D
:10B53000D9A09A2300249F0E4D3104A979067BB42B
:10B54000BCB2212840002FAEC71E3B8C7A0EC8F437
:10B5500001A0CC6E6170FA950D32FD5820D3858321
:10B56000C1B9562FC7E782295C68A76823F3D9E6DB
:10B57000D1A6BD567AA2DA8B3D95DBF8652CBC17B7
:10B58000C9AB04133D5DAC7F70880B63F07AC3A533
:10B59000C2AC837295F0394D09E9C1250E59D31912
:10B5A000B860824C25A44A9E0CBAB124A712E42CA0
:10B5B000FDFB5E0217CEC48EF9088816BC076B8BA4
:10B5C00073A92E07BE81AF368DE242EF8BF62E8334
:10B5D0000A39A0E89DD1F149610CC52DFF170CF186
:10B5E000109FCA303A78CC53019BF5FC216B2403A1
:10B5F0003B7AE403F58674624F4128C7D5380EC5FF
:10B600003214FFDB4C78831EFE52C52628B5B8FCE9
:10B61000FC748C2B2B9DFDD132ED910CBEE161367B
:10B62000CE2E8D28FDEF5BFE17978B7753D26931B5
:10B63000BEA3BA3A67AF35F8985F1AB6594AEBBA63
:10B640003BE26A78FAD69D1E2965264F1064923037
:10B65000032D17E6605A692A7A4019DFD38FDFAFCE
:10B660008CD23B5FBED45BA0167747ED5FF7182501
:10B670008B385C5AA5F0AC5026F797CE776F675E93
:10B68000C0FD1B61EABB9BA0989532708F54DF917F
:10B690007EC5276CF9664D8515E033E40CE1BF3DAE
:10B6A00026FA116834FF8D27BFF248D91326DD4EE4
:10B6B0009721B94AC565504A857CC7841FD1279810
:10B6C000CA80F356D5FDAD7AE783553D5BD75EF969
:10B6D000DA2F6C11EAA381B36045AFD63ADAB43EF3
:10B6E0003D3C6363EA32502948D6D24210A5A1F707
:10B6F000582626150ED731502F0799B3465538874F
:10B7000096F6AE99152A0CA629A628F18B77025E2B
:10B71000E4C0F24CECBBA620DFD63D16B87E5D46F9
:10B720005B9D7C83095FAF770E733D8CD1353AFE0C
:10B73000BF7267B531E1C2A0DCF8FD8B1F87AD7326
:10B74000D2F433B6552B41C34FF81EC5FDC6E1B444
:10B75000831F722E08F5BFCD72E9367CAC9B557104
:10B76000D2A8C9FA02C70BFAE733E1C37644231320
:10B770008D6F6EC2F18D38FE7E3B3B600FD4C1FFF2
:10B78000F26724B1FBBD98E91CDEFD10C191C6D75C
:10B79000093CBEB2337BBE75F020DF76B2BD7F5E62
:10B7A000A6B3D5DE8B7DDD3439C666AE196445940B
:10B7B000F64A1796830630A93F86716EC03576DB50
:10B7C000D901C8C90D4846000D3AB72D8063CCADEC
:10B7D000463D14BA00AAC9EF857F0FE0F64CE68516
:10B7E000BA82FC82FCE0142132B8619B5E7D0900C4
:10B7F0004D52F7EB92F592C82B9B5FC6561A477CC9
:10B80000B1F955F27BB27C15FEDD725CF41B682544
:10B81000A1E324608DFB2DFD81790EBD378328B611
:10B82000F613B47B825D97C07A924EED127E5DFE78
:10B83000B258562C9598676C47BB247B1C10AD7A88
:10B84000B6BF836D0D6E76625FF5182746EFE09602
:10B85000312A45FD90D2349B9A67BF327E82F755DC
:10B86000AC661F0F8A7FE2229DC32F3D14F1C62FC5
:10B870007542EF6B4D4F718A5E69247E82DFEA1458
:10B88000CEA67D1CB21BCF311527F19D904F13948E
:10B8900088EF58ACC9CB3361835C51636941A3071E
:10B8A00076B4CB6D8F20F9FF1B4F16B63D90C316B3
:10B8B000ABBC8C47B3D5220787143D0076B4B15B8F
:10B8C0003E4074060988C350FE538D7B312F13DE32
:10B8D0008E646A842D2056318BF17937564867443F
:10B8E0005925EB9D3FF2C331D81AB116F1D9FD2687
:10B8F000C9EEABD63AF2C6404F567C74C834262502
:10B900007C2BEDD76D53CEA93889C736574AF1F550
:10B910001F4CF91C734F34C7DDFE31F0E94BC6D51F
:10B920008B5DF8CCE5955E7C0E834F61BEE9C4E784
:10B930002F5AEBDEF5FBD71D2C4C2AA270BFD49AF0
:10B94000603A07AA07E6EB71ADC9C65B4152339E68
:10B9500007780E245D97C67152878D6F42D2808D15
:10B960004F676CDE4A36A9134E950F9AEBF99F2369
:10B97000A9074C9F05DFF71CC66458ABD96C8AAF8A
:10B980005DF508477CCF86BE9FF13E34797ACBC205
:10B9900033A475C1A6A9A806EEDA4FA09534834357
:10B9A000E985C0403952FE46BCD30BA5B0426C8736
:10B9B00094D94C994509E03DBB6719EF85CA2651DA
:10B9C0007F25591B27E562AAE1DB56B4B2F91B8A31
:10B9D0002B5741DF56056CE03DD83C5A7E03E1FC15
:10B9E00077ABD81CE9CDC8BB88432DFBA722C12B60
:10B9F0003B05C383AE2AC6E6EFC51A8A55A56887FC
:10BA0000BF31A3B4BAA4DA0237D859E3096C2B5773
:10BA10000D769D396869AC730EF7EC8AAA9B9F0B73
:10BA200087B5B2F01CCF26787526E3F23903F8AC5F
:10BA3000AD5CC5843BDF703D18A051F25EADC9A975
:10BA4000E33A06280EFEA53565D76A2A0AC19D5A33
:10BA5000EB07ABAF38DFFFB5F725F36D2AF1563CA6
:10BA6000B7FC0E947B034D4811C0A757CF0AFFFBCC
:10BA7000F9D5EAE56F03D1124DB5C4377ED49A7C6F
:10BA80009AC8BA279EBEBC83B9396CAB62F7EAF795
:10BA9000F05BD7AD3F3E2599DA76798B09DFAA872F
:10BAA0003D5520452EADC878343D253F5D27CE62FB
:10BAB0007E73792E9EC5EB4F625B2D06BDD6842525
:10BAC0001B26EDB48EC3565B44BB27BE883BD44BCC
:10BAD00056590AF237EAE1BD2A36C5CF7E11CBE0CE
:10BAE0006D9F50F934D3C63573F4BEFF5354369965
:10BAF00048EB51063DD3245AB03DE9570E63B86A6E
:10BB00003BB6438B6D35ABF8AAA163F20261F92411
:10BB10009F76042D87F829FE9ECA7373913C17A562
:10BB2000CE26EF8FBE97A081F0BE38E2039EF89636
:10BB30003EC9A27574D596E39A4F142CE24AA40E1E
:10BB40008B67391C9FB77E00DE650A6FBA8DEB7C70
:10BB500094C2BBEC861752B262BF3DF8A7011F9B8F
:10BB60002BC292EF70BA32B91C886D0FD957E02FF3
:10BB7000F2B3DC713DF9D84A4CD34FF875E68A9997
:10BB8000207EC5CC90781B0F94AA955D4363E55D3C
:10BB90002CDAF2E37C8E4AFBE69757F8F2099B5FBA
:10BBA0005DE1AB4ED8BC62856F64C2E6552B7CE389
:10BBB0001236BFB5C2579FB0F99D15BE73123E83B2
:10BBC0002B7C73133ECB5DE1BB2AE13394DF92F013
:10BBD00019CA6F4FF80CE5AF4AF80CE577247C865C
:10BBE000F29F4CF80CE5BF947019E56F4FB88CF2DA
:10BBF00077279443B4878F774482104D05EF41F93E
:10BC00003FB15AA48EC3EFAC221F0F26BDEA4B38BA
:10BC1000B43FE1F5DE2B70181B570F6AE23A41CFB3
:10BC200086D8B87328DCF2C5C62641AF5E45FC88CD
:10BC3000BD8979F536BDC8817FEB9986DADBE68D63
:10BC40009FF040F416BB5760A6307A7536B17B7C06
:10BC50004625CBF7089801D936C5A14BB781B06E00
:10BC6000D7D94F2C70E549506671F5138BB466CB6C
:10BC700093858AEA4DC69D66D42B2747E36FD9A7E3
:10BC80006600958FC9341F0D676ACCB9ECC629CC04
:10BC9000141A2B1B0AB8C7FBC6636B67CECD1E0FE9
:10BCA0006B2CB96CB55DF311AFE4A670911BC39D0D
:10BCB000C1277BF0991AF4F2901BC222AC4CAA7AED
:10BCC00031C2C3537BC2E699EF519A0ED799D8532C
:10BCD000A8FE122283E1FA6B2C7364E7EDC62A8B6F
:10BCE00087F56C2DF16C23FAEADEE3FE06E95C9839
:10BCF0005F945335A6EFBFF97B629EA05B3B596D05
:10BD0000C4EF288D69C4CED732F195D350D03954C1
:10BD100094E49BAF533A2675CFC774ACCCF2217232
:10BD2000BDF4EA14FBA5C3347DF67AB555DC49347D
:10BD30004D124F34A6A609A90D19B2302B583386DF
:10BD4000F55F9D3FA344A635C921982B7B96E296CB
:10BD5000853828D324FDD57C5413368B4B513AD5E6
:10BD60007FEA937DA494A5A443264C26B5A3E2F8CC
:10BD70008D224398E1DFEE761DD6EC8C92E13645BC
:10BD800008ECEACA9583EDC327E6ADFD9B7A326ED7
:10BD9000D58759D4F6F48F9B217756F20874D414C2
:10BDA000BC42381E85B802F46F05637505F6F22CA7
:10BDB000D10361E502FC0E15FB211C903E9004DAD4
:10BDC0001A2388569C8CBF1A9A4A52383DCCBE041E
:10BDD000CA53AC3F17E407CEB329D4C0FFAA069CD0
:10BDE00004C1F334F93C687515E4F7C595D3F55EE5
:10BDF000F435865FE662FBF758D2462BBE49A504B0
:10BE00002C9C7B8E35E8B1242DF0B1E62E204BBB67
:10BE1000D7BFF401FCDACC0694DB5645029C670BD5
:10BE2000DA4302996D9505902F965B67D007B4575A
:10BE30005A47EC6452EFD465980724E9907B7D1350
:10BE40009C53A2FB432DF02F684521F6C347941F56
:10BE5000B2DA93999D83E4EDBB825C76420E12D6F2
:10BE60006D014BEF559AE0A46236542025C8FA9F25
:10BE7000C06533BFB7B63FB896FA9FFBC6DC718C7E
:10BE800058BEA3EB54E7998E8326736FE57DADF51D
:10BE900013EB248BE1DFBB74D0BEDF03662A3CB01A
:10BEA0003F810F79469E7E0D6BD369F806B94A7EB5
:10BEB00055AE7A5D0FB8130D3A95A2AB1F96ED07FC
:10BEC0003685AF1C965EF6B029F2B90F877EFD303D
:10BED000C684BD11E3AF35FEA5F547CEDA5E8F040B
:10BEE00068062ACEB167D0FA13DF92445FCEE4B77A
:10BEF00017E486E6F6C5859A71FC51B364E7B96D1F
:10BF000059DACAF0AD8AD53B56B62D5222BC0DA9DE
:10BF1000B5752AF91D79F89420E3C2DE9ABC8B6CC2
:10BF20006CE64516AEF80CBC5FBAC6BF4CE0641AAE
:10BF3000B00F38B32FDED39A4F3B10360A67F1E5C6
:10BF4000FB081B7E7D9D0DD58A3131A4AEF19F5734
:10BF5000376279E5FD1D5D673ACE5FFFA6F9A5DE84
:10BF60009CAEC59DAF74987B4F755E6C997F1FDB4F
:10BF700075463DBA8E49B579CD646DDED16CD47409
:10BF8000FBC78863AE9F7ED778520ED63B43058CA5
:10BF9000D98E958AD56D8BD216EF58AC78F9DA5BCD
:10BFA00093DEAE7C9B5D736D29C6136E5D152E3BD3
:10BFB000E90FE6FD68B3F803C8AD0AC7B533E93049
:10BFC000E0121AB961804B979DE4010CB03302AFC7
:10BFD0005A940E8E9AF0C9AF0CC1861EDDF8C504C6
:10BFE0004BBE15DD7266DAF6345C679085EF53BDA3
:10BFF000DE3D14769E90ABF8681EBED72E978DF36B
:10C000000236CF75C0EFDA2BE60CCB3533B11B2DE2
:10C01000AEE917A3CA05F9EC75D63A41AE5A140534
:10C020005E74E05F2B58EA4890AD9709F204EF5C2C
:10C03000F4ADE29315D08C6D64162BA0AD9D9545A3
:10C0400088F06C1E4096B1F69A85D3EF4A1B809912
:10C05000FC431E2A91CFC3ADED3497AF02E762F4E3
:10C060000D69B21C2F70A50EA572D81B2A4D959F85
:10C0700046F967F2B0ECF7F977A535A0BCE08F215F
:10C08000A1362DC776F5FF0B52BDE29B4214E76146
:10C090004474C5F13827B69C693C1906483DEFB792
:10C0A00003AB7C702D1B457C7F17DF9036D641306B
:10C0B000DD44E3E5AD883A036DBE4AB056AD43FDBD
:10C0C000F67EFB6FE00DD022FF7454F93726DC4773
:10C0D000363E5AE10CEABE6EACF204B80FA201CEB5
:10C0E000A591DF011FCA19E90CE0886A5D2140258E
:10C0F0000A6B6B09465BDA7FD3E66C820FC6C469B4
:10C10000697FF8C7D4CF3A11559E5277D48467FA25
:10C11000A07EDEC7852D758C5C8E64F99671BD0797
:10C120009B8FB61CBB7EA263F431BF1BD626F12CBD
:10C13000327C15B5B2583526701A781C8CEBA0F0FD
:10C14000CE552EC3AFCEB02CA568196D827FDF2FE0
:10C15000B7CDC901AA958ADE7779D5EBF764D57694
:10C16000C37AEED866B8263336A011AC5E8FEDFCEC
:10C17000C3E50E36AA751B8F5FDF62DBE2358A7D71
:10C1800040D5CDF5C69AF62707380DA7D742ECCF94
:10C1900030C1E248EE9B5373A91DAC59EF776B7425
:10C1A0000992E7A844B68D97D55AFA99565CFE2AAB
:10C1B0003D67ADF0D696F4D4E1952AB479B4C5B60E
:10C1C0008A47D05A93B7B6FB10DF881EF3122CEDC6
:10C1D00014DA8D0D5B8F27D193E164A57610DC51C5
:10C1E0009C314EE877DD55F17CEF9ABAD1A6EF1D70
:10C1F0004381AFCC88760342A4C6D7050AF21B72EE
:10C200005596EEFE4F235C0AD54505B3FADD1A5765
:10C210001B9A5FFB817FCA5010CD9EAEC3EF0EF11B
:10C22000FE5CF47DA67B53D1E1A66657CCFD71BDC3
:10C2300094DEBD637C43A5576A809EC8D132DC2A58
:10C24000C923AEE893239CAC3383A5132CB1ED6ACC
:10C2500018DD628F262BBA3FA313BF92FD2AB3D5F8
:10C26000B544DEBB2F9D564969F94307D67846474A
:10C27000CE28C2B86631ADC2D787E60AF131E844AC
:10C2800008DBBBD7D48DB36EBD66DF8F65CAB41E25
:10C2900051A64CDB82245E8598837B2096697E13B1
:10C2A000C9BB7A21AD56578DF6815A33F67247F0E5
:10C2B000FA2B7E754ED6E3AA50FA55F1B68AE73CC2
:10C2C000AA2D5F4F86859BF0DACBA231FF5016A9CD
:10C2D000F370FAD9EF21C90E506C79096F203F2510
:10C2E000D0FA5C74C4DD74B797C5DE01AC7A43380C
:10C2F00034B93CE1970EB9A0475F0A89322132294F
:10C300006745BF4499EDBFD01E6893D29AFBC436EF
:10C310009A7F11DB6836D9B864B998BBF1CE5375F2
:10C32000EBF5B0D025DFA87796BA1E381047D5ECCC
:10C33000E4415405F9AA24F71ED15B8DC23A249D2D
:10C34000121B927E52EBFB6D9B94ACE1BD0CB3785B
:10C35000D24CF05D474A7DC4831B0EF2B583070DB6
:10C360008E1797BFD462FF13BEA3FBE969A3C30B6B
:10C37000FCFEBDF85627C52F57BD9FE0F7B68D2BA5
:10C380001E42F1CBA5ED9B2F4B10B24617AA945C31
:10C39000480D7788ADB6EE2D5C901E923DD78C3D52
:10C3A000E544B5527AFC22F573C5EDD988CB53BA72
:10C3B0004ABBDBAF258AD477FCB72F6EF1BC0DEFFB
:10C3C0004563E585C9F8CDBD6CBF352B56BE40161B
:10C3D0006B3225C3259F031BF708A8111A59DC8669
:10C3E00058AE0914D8D32FC47256F0629D416FAF76
:10C3F00025F71F9F8E4AC31E6F882F208B8378BE20
:10C4000081AD6DFE105EF2C7AF774F3EC4A70A8ABA
:10C41000AE888E405D432E92C054DD7259CEE74007
:10C420003EA552D03C8EE510DA8EFF94711C90FF31
:10C430007B740BCCDFA710E3B25AA4B6353747980C
:10C44000A5DE6EFC175741D3AFB9D37FF04E4DC96F
:10C45000A1E95594B336BAC7DBF78C6E60D718B82C
:10C46000048D2845374BEBFDC14DBF6FBC977069FC
:10C47000220C6117A55F7D5E5DD8022B1A2D5D52DF
:10C48000FE6FDDF92F792F51D2FC9C94FF889BDE43
:10C4900017AC7A46E72CEDBA2FE576B7F46B3A9FE6
:10C4A000ABE97C3EE89ECFE78D7AF93C4E873500BC
:10C4B000351E5D597B1CF8E49DC8E9627BFFE31ED5
:10C4C000DF6769BD93E8FCD9EF9E3F672AB3382246
:10C4D000B18BFE81F17B78E9357CF53AEC2D7876ED
:10C4E00097FA7354569E6A31A4323A6BBA28BDFF4C
:10C4F000B43760DAB6697E19C1A942D88EC24397B3
:10C500007E45BB1FEB59D9043930462A0114E21885
:10C5100078BA87DDE6D4842801822F779667F4D134
:10C520009DC2D8EE4ABC53F8E3F7CB98D3713AE7F3
:10C530005A4B9FD368EFA3D89F90689875DC18AECC
:10C540000411E6B974CD6ADEE5A65FC3F394EF6B20
:10C550004D943AC7A552A0DE7BA1B88209F41C3BDA
:10C560006B87BBFD471DC40BEDE52FB60EDAED8BD7
:10C570009239F6B929EE036513044535E209F9C38A
:10C5800064A8FEB81380B547107BE6AA32DED51F3B
:10C5900064E281B8DB72B0B238737FC9FCCD5DFB59
:10C5A000D11EDDF0938172828A035BF5E93B1DB3F6
:10C5B000A701234A47E5F68DB3C3B7BA3D68FB3EF2
:10C5C00073B7AF76F7C2228AABEE03FB013463ACDC
:10C5D0004DAFD2F159E61E9F35F683F89E58FB5AAF
:10C5E0004A86EC2369FF9451F2782AF4D031D42A98
:10C5F0004587262C956B503A8B9FEF4738CB52508E
:10C600009A00C4B4E49B9AC7ADEC76B49FFFEF3DAB
:10C610005F067D7F901596F795631C083156A5F946
:10C6200072FA04B5055CD940B4212BEFF906D4E1C8
:10C63000391A6472F5E3D33F45D78C16D6DF8828C4
:10C64000C414633BC5618C2737A374B455ACABF9F4
:10C65000E79157C55BCBB45291779D986EE3EAA3FF
:10C66000D499643C9EA51418AEE2E58C273FC3EE36
:10C67000A147F2CBB058790B2BDA6E6EEF2D8749BC
:10C6800025B2347F99310DFB1050BDAE901B1D4A71
:10C6900079D4A994B45302E5B3FCC81BB4373F92D4
:10C6A00028595F51B430C34CE5967729BFB7B8E736
:10C6B000C33F70EB7FEB8B5797A643EDC2EDC1E70D
:10C6C0004E8979A2D5DB1B5DC593B1062BE2C0B3C1
:10C6D000712B728E89ADC8D1D938305A6CC5F663CA
:10C6E00074C47906C9EFF563DD18A90D95F8A4E6C1
:10C6F0000BC93BEF5E41473D9DC28E6A530C9DA521
:10C70000608B7B3E971AC72941684ED1C271258143
:10C710002BC5199BBD9C9E76BD2541C17EDCD4B145
:10C72000644FFE9E38E2454AE96F86E46D8646C452
:10C730002347525C7738445C778CB771594F88B87F
:10C74000B63A287DFACB2CF7C91981CA039F2AF182
:10C75000B283F6E2779E3A56BC6AD4B1175E58AF00
:10C7600083575DF202F51D235D77F4FBED457A9862
:10C77000FF192B9D6CE01249F6E05570F83D4932E7
:10C78000FDF1851784C817BE93E6D0167D70C3856A
:10C7900041149DD142ED08FF189687299A9F2CD10C
:10C7A00034E26311CF8808B4AA8D12F1CCFE98F65A
:10C7B000A80B8FEEDF50F49DEDC7ABAD345570CFB5
:10C7C0007F03B64B61AC5532365ECE256DA2FC2E92
:10C7D0009D8EE65C942F443C35C4AF94825F8D2FD0
:10C7E000D11C968383F6F216CD3E393B260BC167EA
:10C7F00063F94BF86CADE5B7E3029F6460B94BE2B7
:10C8000005D23D41705E9C7E287E831276D05E6D9F
:10C81000C21C02FE7AC943ACA5FE2D1FA9BE37C8B3
:10C820008C16E58EE7C419BD2B86FA6C7C49C2AA2A
:10C83000394F9CD19E63FFF719DDFCC9FF3EA3432E
:10C840003EFEBF66B42C4C495FAC81F6ECAF7E4B2C
:10C850004F71EC584EE05966D4FBCBB6ADDB727C21
:10C86000AB3E1B493C99758C1FD6AFC6E783217937
:10C870000D7AAD35F03938BCDB539E5CAA57717226
:10C8800019F67A2D8E8E1DD3E93853DBB8CE19B444
:10C89000FF36D21EBA226298F529734BCC7D621600
:10C8A000E503FE362EE4E9A63A8FE7B0EC6848537C
:10C8B000621D2D713E9F7AEA2AA59EBBDFEAE10E3A
:10C8C0002AABE8A6D053DE0C290DCCF7784E3C9D60
:10C8D000C17ADEEA15786EC8CAB1DC6CD56B427AD3
:10C8E00080A4FFFDE2F2CA662C51995BB06C25EA88
:10C8F000E185A196D9A3B08650FA7ED92E3928BFFA
:10C900006C43940992F7F49729E40053AA86EF62E6
:10C9100065FB95405B68D0EDB56F7E873959B4AA49
:10C9200066EC6E50301CCF1CC37B3566854CC42C26
:10C930003C00FBDD56C93E0C4C9921CCB04F415018
:10C94000D72E5CA07E9AF89F58243CBD7E92FD3F76
:10C950008802464DE5DE4D7D73837541681751E6CB
:10C9600085844035635379F18CA757449926EC0BA5
:10C97000664F532CCFCB62ECB2A96A99EA2D2F39BE
:10C98000F4F11A628854D9578134BB26945768C28F
:10C990007805EC7A4D26F2D51345949E8C8DF37D67
:10C9A00084AE731BE87AD250C8FF83BC004CE19C74
:10C9B000811FDE8702E72BF57C2C6F0646BD5A6689
:10C9C000EBE6E5B77EA2F49EE9A6F734DC66E35811
:10C9D0004FE6EBE76C9E726EF626FAEE651DE547B4
:10C9E0003152CE900C994309CA7825901D42BB382C
:10C9F0006E0E136A9765F03263BC859521F8C65DAB
:10CA0000A932752AD6DAF9E82FAAD53C9BB2CEB660
:10CA1000B27B286E4D7CC91B3355AB7B8642AE5B27
:10CA20002EB6456115DBA2E8B171D18F06D441BEA7
:10CA300007C8122CECE6D79DBE3F755D7E2EA1EC9B
:10CA400021F8071F9B9BCB5CBE1C6BB90F34A191D7
:10CA5000BCE6715EF1C0AED9D7CD3C555730026B04
:10CA600063850AF8FD1BF5D87859133D8BD38C5993
:10CA7000C069C68FE13421A9BC461BC6877DF7C7B4
:10CA8000B2ADC89D9DDF532EFD3DD5EB0F10EF0FCE
:10CA9000979F2C2767CA778E4B779AE2ECA97A6F1B
:10CAA00033D49AC69E2527D3D53C201CC261E90FFA
:10CAB000CBB329F28705BBCA93C5F3FB1A0BE62F4C
:10CAC000C69322CDB12E1719BD13022825F3C77ABC
:10CAD000534E21F8500BF741EEFE88F55EA8124C3C
:10CAE00032F1043FCB82EF2606CE20C53C596324A9
:10CAF000AED31C2D41CAF6A2FDA576F7D79FB7EBA2
:10CB0000BF7214E43FBFFC4CCBECDEB9F7733A16AE
:10CB10005F7FA5C5DC55D9B9A3E3D4F5F3CD2F7557
:10CB2000CDEF344C77289731224F3A754D98A63E79
:10CB30008260F97CDCAAFE13D616FCE7FEA0221F59
:10CB4000A0F2F766111F41C2E10CBB6C02CFCAE232
:10CB50002DC0F67AD390D613B6D7AD1E7B4E05BE48
:10CB60003CE1B8CA3E11CCB50742F8A85E466BD787
:10CB70004A385644C0F77C865C14B8B4672DA7CCFD
:10CB8000B4DDDF517EEDEDE6D761620D9AF13C1028
:10CB900052F1ED5119FA7F711D547803FB21FC4AC3
:10CBA0006EEAE518B9FA4B54DAFB898C1925C648A8
:10CBB0006F5033BB070885DB4E18C7793335F65EF7
:10CBC000A2412A2834E3BF03FECB5C1B823B29B57C
:10CBD00047499880478DE38A9054F983B058927EF4
:10CBE000E4EEFA83E7798B6FA54F4E750EEB7D600F
:10CBF000432DFAC6AED9AD67049F52BDB3BCEFF664
:10CC00008E658A956D0BD216ED58A4587CEDCD49F2
:10CC10006F55BEC5BE7D6DC9A4A5954BB127F7F96B
:10CC200066BAEF391D45E453DA9B23DCF087ABB7D6
:10CC3000937EA23D5EDF2BA554F84B92B9E84F409E
:10CC40001D40FC7BE62118222FBF2FD3A1FDD02D44
:10CC5000EC45404CDBBE228551DF25560F5CF415B8
:10CC6000E97B9CFC06E2E3A35B2AB1179BDC4FE364
:10CC70005C43923AE6678B1E2DF313A187EB39F8DC
:10CC8000455504D13E1BE29A068F57F913ED33CE7A
:10CC9000B50CD6577912ED334FA265266A9F7911EC
:10CCA0002D2F51FB6CA86B21CAB398689F295C0B90
:10CCB00053FCB4B4ADDB3F509792F56E8EDBB3A15D
:10CCC0008968A0B1A8C4F755392B8A85185CFFB9CB
:10CCD0009801ADAFDD3192D6D78AE24692DA29C605
:10CCE000E85D3944034D897F7D639D235DF75714CB
:10CCF00007C4E21CBB6371BD6E0D3439CA2D69A037
:10CD000079B916C08B550B561467929CF9624C9AF0
:10CD10006B01D140F3C0BF15B14EB5AB6B45F17699
:10CD200092A313D7B0C0AD8106D0F7B755F357140F
:10CD3000B792545FACA7150F9B702A887706B93A53
:10CD4000571473F154776C28D51DF3C5B163496C42
:10CD500016D6CB4A72EB8E29505949774CEE1AEF12
:10CD6000D61DF3728D43588E5B519C474A558831CE
:10CD70006958676C37D6491375C7FC5D37114D4844
:10CD80000E5FAC1D36A03B06D0F7B75563102E09D9
:10CD900038353A81C44CA5BA633E5477CCDFD5868A
:10CDA000E8407274629DB601DD318F41BA63435D24
:10CDB00031F09BAA9815C5A52467BD18934175C786
:10CDC000BCA9EED8A3AE664413B136AC1D36A03B69
:10CDD0002647DF3F56617B55893875A618F334D551
:10CDE0001D6370F96589A8FC77A8B524C7EE248473
:10CDF000CB80EE98E720DDB1A18374C700FA96746A
:10CE0000C778D76878BE6AF48AE25A02A179508C52
:10CE10008BC424633803BA630CFAFEAEEA09D42B40
:10CE20001349AF8831D3A8EED810AA3BE6EFFA1A1F
:10CE30008D489223046B710DE88E2907E98E01F469
:10CE4000FD6D9516F504C9D929C64CA5BA633E54A3
:10CE500077EC51D719343A93486D583B6C40778C36
:10CE600043DFE770F94C929A2FC624E372C54968F4
:10CE7000666889EED8A3AE536844A21C54770CB4FC
:10CE80008E8693AA3C89EE18D7AA851918B34EACA2
:10CE90002FF6381DABB8EE0878B92A02F50B2D171E
:10CEA0008975C4066B8F9D40236477413ED11E1B5C
:10CEB000EAD61EFB1CDB1244B860ED3180607C5961
:10CEC00005845CA23FA67085C1AFAAC21055768BBF
:10CED000101DB8F63098DC1A4634C8580CE3D26EF0
:10CEE000347FEA57145F209057EDC190612AC20F3A
:10CEF0006B90F9B8422578FC1E28437FFD501582BF
:10CF000028B34784A7C79A5FA1703AD5221B4AB5B8
:10CF1000C81E731DC4D6BD304E0E51F38CC2B0EF87
:10CF2000413885209C108CED14C6FFA24936D2B53D
:10CF30001F8D069407D5168FC37012EA489849C210
:10CF40006C120A242C25E17612D692F002095B4974
:10CF5000E8226140028143C2B124D491309B84799C
:10CF6000241448B89D84B5246C24E10512BA48C83D
:10CF7000251268241C4B421D093349984D42818477
:10CF8000A524DC4EC246125E20612B09B989040E2D
:10CF900009C349A823612609B3499847C252126EB2
:10CFA00027612D092F90B095842E127249040E0925
:10CFB000C7925047C26C12E69150206129096B4913
:10CFC000D848C20B2474891076130824CC24613607
:10CFD00009F348584AC2ED24AC256123095B49E8AE
:10CFE0002221477A2D9C846349A823612609F348AE
:10CFF0002890B09484B5246C24E10512B692908BED
:10D00000211048A823612609B3499847C252126EDD
:10D0100027612D092F90B095842E1272B1041F1232
:10D020008E25A18E84D924CC23A140C25212D6923F
:10D03000B091841748E842E1DD48DF68E16C90C2B6
:10D04000F5AB2DEFDED0D63478633FE07409018D67
:10D05000E0C606EC35B5203F8877F590FBB8AE13F7
:10D06000009FE0A154752BE8D970DA215AC6725D91
:10D07000C29E9C2DAC93953D648DFFFFBE98C5B6B6
:10D0800070B0151CD11E8E640B27A777F1FD57BA1F
:10D09000B4A64FAC3185D45BD86A98C205A29D0076
:10D0A000339B6AB427EB83BC39A01AE1CDF6FD555A
:10D0B000E5950AB0FE8E21D5F6AD178BF702F0AAE2
:10D0C000453657B2FA938A7DA1D7AC5ACDA404C095
:10D0D0006C17A8E1C3980B3F5D9DE54E9F24BE6B86
:10D0E0004B65843031263F25A83C15E097880DFA22
:10D0F0006B26F84BFB10F29A4C9425FE477BE69783
:10D10000A9F845F44B663106A4C0619C6F5E264CBD
:10D11000F61C2279094A7E05A673DE520DF989F8BC
:10D120002D21A345795E39E589AD4F54E27B2FF17E
:10D13000E580DF6B3AFCA25053DD436D7485C46912
:10D140002A77B192E67EF238F417EA97F48ACDB9DD
:10D15000D876458AD236DB22B3A92DB20B1BD01765
:10D16000B0DDBB37F4D870FCCD33F8BB127D97CD62
:10D17000B63005621C8BE3AE29485EF29D623BA689
:10D18000C0BD766143287F6583F35DFEF65E534F35
:10D19000EDF399D0AF9B65CF6C9FFA8B6E9987D4D6
:10D1A0000AA067C29D8179FDAFE99C73B8CE3FB2FA
:10D1B000C973EDED496B2AD710BB3C5E72B6ACC8A3
:10D1C0000B486D4E7EB26C7D118B6DFD1C5ABF15E8
:10D1D000FDFF1EE4653A9F3EF86B8DE50003577531
:10D1E0000D1335AE42B7C03B51AA58FE00536349F8
:10D1F000679C3FB7DF9F2D8CA3525B48942D8063C3
:10D200000D1BE79B2B4B559C95A5F47A88A8F5B888
:10D21000E6F11EFC6A94522C3F2268BD89C5B96BA9
:10D220003C7731868D2FA112B325FAFEBA58EAE772
:10D23000519AB05D2047F2E314A209DDC5929780B0
:10D2400022BEA1953987E46B1811CA1660D8386ED2
:10D250001094E46EC92649F2484DC42E772B9B1FCB
:10D2600065C229BCA057CCA7044DC82E56EA59D098
:10D27000E5503FBC8556A0EFF1BB64777F8E907A76
:10D280001BFDFAE2BED5FC0BB7E57386C21921413E
:10D29000AC18AEF9641718513BC3EAAAC5F364474A
:10D2A000AF682FEA5AB3A2F5D47D3C53C479524DEE
:10D2B000E6C9B8A283D25C7906DF5B70C3A4972B62
:10D2C00021ACD644DEAD89F055E4DDDA4F55E0CA35
:10D2D0009CA433AFA5F6CD8143BB86ADB9CEA41BCC
:10D2E000761AF46F78E0738767CDD8B320ED856543
:10D2F0005AEBA2EF5F4B0B5AE709CA1409C027E2A9
:10D30000CEFBCBDFB7718DC010C144B82D6BE56A81
:10D310004DD93724AA002F445BC0A4C27C4FCFD97B
:10D32000E66B828A6BA22FBBB2DA9757E498CF6381
:10D330008B51CDF1F4A55BC88FD596821CA6915375
:10D3400086E646554285D2F79072514A52333CA345
:10D35000F420EFE4C55679E0598CB1D096603C6278
:10D36000AD2670E7FD3D114CDA2937AEC97FD39A5F
:10D370000A72A31A8593EE373CBF68AD2F492D91F1
:10D38000AF199B80BDCE8A74006BCFFD9197E5C12C
:10D39000631AF5900C9FE0100D09522AAB0F8FA174
:10D3A0005175334C5F39FAE62099BB7710A59ED0B2
:10D3B000628D9407E405BF48873EDB088E9570A90F
:10D3C000B8615B87E6887700903002BF120B5E572A
:10D3D000946CD07A05885D378689E5B7A6B4AD9F91
:10D3E0006B9F6B75AE89BCA5DAA260F12CA911A266
:10D3F00098363393B6A3D44D6F5DB5D5A0773ECAAA
:10D400007548B092EF2570B5B48FC1DDB5E73095A2
:10D4100063B93F31F4F5D2D99B56419F578B4FCE1C
:10D42000B5A61841D135BA63DCF518E9AD6133C64C
:10D43000235460574ECA0DCDB9965DB94C47EDD710
:10D44000395F65FC5602E2F98FFA7B1FD1BA578F1C
:10D4500077FE4902DEC5C5A4FAE99BE638035B1EE8
:10D460007A50BA26FFC484A398573FEAC56F7AAFB3
:10D47000A05DA7DA4CCE8756BBFD34FE8AC69CCA97
:10D48000855621D17FB69463C71B528E901EA64944
:10D49000CCA3A479D2335BEB5E5C8ECFCDF0DDA460
:10D4A000782FC99ED05AF79AE0158EB5A6876708DF
:10D4B0001931A9CB40865029D1E357261CFA8C9507
:10D4C000414EC7395599FDD62FCB9385C8F27AE5E1
:10D4D0004E9AEEA73D81FAEB2F5C6FA8F0DBD318D4
:10D4E0007C1273E1323E3529AFC7DAA9CE59FC83ED
:10D4F00098D41B7531A970B61C5C45ADEDEABDD35F
:10D50000B566D655073ED113EF49CD2DD5566C9F44
:10D51000853D737A16A383B33E02CB33A376FEA276
:10D5200087B648A6DA041FFB086C3C567E6C4D2675
:10D530003C1EC94408BFB547532D2CF3982148B76A
:10D54000F0E097CA1CE74CAE178DAEA1AE0777E6A8
:10D55000381F71F56666F63870CFE1B3EC880EAD12
:10D5600069B495721F1ECEE0C04A80E780FBD57D6E
:10D57000B75F139CCC81E999D239323E45DE9B1AC4
:10D580002138FF2D7FE85E9FE4CE14EE6190D0D568
:10D590008FEAF176F56ACD8641309A7FF9CAF1FCBF
:10D5A000F21D1D675ACE37E3939953D7F1490D3ECB
:10D5B0009941AD6C91D6640050CB5238B6329B493C
:10D5C000935E7184B4559BECD5E4DC865DF357F82B
:10D5D000A31CE0F38908216D51DB82C12714F86C8C
:10D5E00062A5C76CF30EF7FB8FFA8B5AEB6BA97E23
:10D5F000AD9516F8B705B24AD355879B7FEDC77A2C
:10D6000014414541003EBD92998FB8AC94925F168B
:10D61000D054A3B0825316F8C13D60D0DB4EAA416E
:10D62000C3B73B8441F87C5F6DFAB80EBF3496A552
:10D6300075F72B4F1CB45CA913F457EB62AD91291D
:10D640006BC624C8C352E2AD4B1DCB97DB781D08D7
:10D65000BD33A355E18AB89571E3D9AB177BBFB948
:10D66000FF43D7B5CEB68E9BD76FB7208A5F37A45E
:10D6700027754CCA39E3A651D6ED6A2B7C8663AB7D
:10D680009779AEBCB9206351F522CFC56D6FA6BDA9
:10D69000B5E32DC5DB6D4BD296EE583A7D1E96BE96
:10D6A000066BADF21907EDB2C33CD07D3700A7F988
:10D6B0009AD6EA4CE51E540F403EAB5DE7FC6BC5C5
:10D6C000FD417DFA6575917312777F4CA038531434
:10D6D000E307CA271FAF5E177E61FE9CF57AE79DC0
:10D6E000F67B860C2403D9B5E007FBDAC982678193
:10D6F0003F3DABCEC6BCB3CCE2099A8A9C0DB9FDC6
:10D7000003902BFE5D5D0867550C1988C96AD4AE7D
:10D71000875339EF95B4AE131307D2F20F579B9589
:10D72000B7220A0762C025ADF5BCC9F91CF7607ABB
:10D73000C52F739C7FE97CC8E80DD355C323C1B8BE
:10D740004D1E93E25BC635D3D3A2174373D98082B3
:10D75000911C8F78B88207354B6B99821CE7B4D93E
:10D760007D419607FDF8049AE36DEA4890D4BCDF4A
:10D770009ED4624863F495B9AA4D1180552761384B
:10D780005DE33AE989D27305AF87AE62030405828F
:10D79000635680F40D180693C6E8CA140A008FED8C
:10D7A00090C1D67D4C44296CF9582E9E6CE92E53BD
:10D7B0005FB467997446B76D6741AE6D7804B03D4C
:10D7C000C2B1473755E6C677C5741EDDB47612F58B
:10D7D0008BF92CFB3AA6546C7626C3294257E539BF
:10D7E0006A4CFB52620B5BC004470DFF27A690FFFB
:10D7F000C16EF3E7D8B5933925C5E7699C5FB71EBD
:10D80000CB9CCEB3F63EE750CFEF9C3EDC77B271B7
:10D81000DE1EEBD3CE0BF3E91B9F905DCE61DC7770
:10D82000F3B3693D33DC5ABB2275663A2773DFA830
:10D830000582EF48FA4AD64C342ECDE45C3A98F68D
:10D84000FB8833EE32C9EFAC3F24BD743C7F1DBF73
:10D8500074BCD882DFFFCDBF9FD3A525B3743FE54D
:10D8600012F98D689E4EE5865466B3676C5E56F07D
:10D870008949E59DCED478C733364F20577975B2A4
:10D88000884F35C9BDE1D73CE89B75A782435CABA7
:10D89000DD33435A691AE034CE435A659A37604DF6
:10D8A000B11D8294DA7C184EE714F89E62BE2457AC
:10D8B000AD8F28C928C132869F1C3657B1A1D2AD81
:10D8C000CAEAD052BC27802B3E92C30F72652A79D8
:10D8D0000090D2C01B4CB8CFBFE194B1B21968D54B
:10D8E00092622B5E1C716B46894C2F07DCD9F316B4
:10D8F000F85E2F0BD57398B1156B02B2EB9C86DCEA
:10D90000BE1D886F4A2FFF2BFE516D7AB24EE08DFF
:10D9100027BAFB9D65B3FB2E389C5FF0BFE0978D67
:10D920001182F8E672F0DB4625B98D99DD515D185C
:10D9300023600E8EF977C6FD673B89B69E78DBF5CE
:10D940004AB5C9BDD3383CFD4650A11C9C37CF30E9
:10D95000570AB3A51AAFC3BF729E68950A72796061
:10D960002D2D2977BD4DD46C9A9E091FED5670A9B7
:10D9700031E9CBC06CE19444AF8D79639DAB3E7AC5
:10D98000A8120AA9ADBAFA3755684431C51BC3328B
:10D990004AEE6C9E5DB22D6C075AE907E081F301F7
:10D9A00037901CC204D797F18F80F5FC9D32AC3BB9
:10D9B000136AA9B44375378B25354ADF67224AC8F5
:10D9C0008B9ED15D0F33FE6045D3B03CE0F83B8EBB
:10D9D000D599171C13966774A2312284DEC7BA3E0C
:10D9E000333A4637D397D5487E927A36A412F5BBA0
:10D9F0009CCD61C26C7C272BD32B404C095AD9F8A3
:10DA00006EC55E930AC5303B8D27E480BC0915DAEC
:10DA1000C051937344C9C343E6CF93EDDBC979F397
:10DA20008719420C9EFD224FE9A9160A724273E043
:10DA30005C0E2C1D64E397BC01D3BB6BBC512D2C39
:10DA4000FDCAADBF722FC26C5376B2132B388593CB
:10DA5000FFBCD7883070AE8BEB472BBE5F095B698C
:10DA6000C2750D687ED49F8D30632EEA5C6AEED558
:10DA700039C86B46849973485CDF515343DDEAE54E
:10DA8000825ED2E6483AC121392142F2C3FB56B543
:10DA9000804630D8AB87733B81B3C4F2505C3547C6
:10DAA0000B78D5ECCB3C5DE7D6BBD841EEDFEDEA99
:10DAB0004DE4FE3DD1C69DA31C66BB1DC92DBE44D1
:10DAC0003A1C66773CEC4712FFA872C8063C6340DC
:10DAD000DB5EA099D87D5FA9AFB67FF693FA527F3F
:10DAE000BF8A6F776EEE5757619DC4AAF737FFAABA
:10DAF00046F955BCE5E666A768C3AEFD5E394C2A1B
:10DB0000B557119D069F2D1B825BC5F85C40ECDC70
:10DB100091F8481B813BA1FB6141FE93CBCFF728D5
:10DB20006E87DE8C68CBB876A6EFA2EB9B3B3FDC22
:10DB3000BA76A3ADF5E6D557FA4617629B0D652672
:10DB400025D8D524E297FCBE8F4EFCAADFF42C5AD0
:10DB50007BC573F2F08D74A4AD61686A73C92F59E7
:10DB6000CF2ED8BB60D8A2DBAB67BCF9C99B43DE24
:10DB7000BAFDF28C259F2C19B2F426CA13802823F3
:10DB8000D01687944A102B361A7422070B7F9BC23B
:10DB90007B435767D0D7EA90BC691DB74E6B16D24E
:10DBA0000E16323A462FBEDC07D7F01A22EE145179
:10DBB0006F88F5B2036FF3CCE2DBBCB276F16D5E39
:10DBC000A085BCCD132D089A5A82B354F6CFC1411B
:10DBD000FB8A627E4C7096B8973C68D71CCE653441
:10DBE000BB23657607A1D30514F3D91CE6F7EFE351
:10DBF00024EBC1F5D750DF76D959FB26F23EC42479
:10DC0000F66C5A9C8D4B0E127B963B4EF1EA524FAE
:10DC1000C06F07AC1BFE213F55A2F948AE0059D892
:10DC20005227B654883551E12D3B8BAD5EA4338825
:10DC30005F25C891CCE9C5EEC09650455E32CD183F
:10DC4000E9C52169F44D17085E86B86B613B587FC2
:10DC5000DC470F0BDA59CAFF1612BFCFE2DD4FAB1C
:10DC60005FAB213D7CA78A9BC9F5396491D621C65B
:10DC700048ABE2C007E86BF8C40FD0F7A3248C3898
:10DC8000F0C18D7E6AF7B05548FFF440DC50DB816F
:10DC900011C018B78E2B875B8E17D85FBCE3342971
:10DCA000C71B11364CBA6859F20956E5053CCA94AF
:10DCB0004A008BBCD833C24B127E938C555E1C7EBF
:10DCC000CF063B5D6CF0DB0501868DF8CD9E4D3DAA
:10DCD000015CB3AF752A1BF1B8D36C8BBBC5299D12
:10DCE0007E8BFABC177864D9152CD11B62D2D4DE96
:10DCF00018F6BF2ECB26C8A92D6DF0A52CDC1BCCA9
:10DD00009B6A57B2F85EFB7B6C0F9EACAA5CB66C4C
:10DD10005E9A9D23F61CAF90311CD5FDF58C52CA3E
:10DD2000BF386384371899D6975966190E0A86E367
:10DD30009BED1C19A323F9C2BBCFABBD596C37E4D3
:10DD4000D2994DF4AD6D236EBDB19DFFAAC682562A
:10DD500013D4B2A35B34BBD13E0DF5BDE69FF6C232
:10DD6000E085867435FE9ED05D18BC847C8D475F4F
:10DD7000CBC8575C77219429C9CB7DBAD6C48876A5
:10DD80008BE11B2E700DCBA422659A852867F9A222
:10DD90003E11E7ED67C55111FE0E6DE7474E3FAEF0
:10DDA00065147D63057C303E9ABD55279C0AEE1AAA
:10DDB000F69B4D79AA17893F5AB5D7E9C9351BF4A7
:10DDC000761783DB7F43BD83D8BBB888771879C6C5
:10DDD000D1F64038E2A4D66E4D83463B10D2FC9D6E
:10DDE00081938448E76BDD0F61A117303A50AFE6AD
:10DDF0005A4F72BA02BB53CD7D473CAA8BF2C73152
:10DE000065933D92DC0F7E80B98A26A6FB3C4AA52D
:10DE100075D7CB48DDBBAB0E3BBDB9CB926E4A7E0E
:10DE20009A3360D05F13D12EF262F01B5B4E1E7EE0
:10DE3000F5F0AB8693A886E1DC456C4133F80D7CA8
:10DE40002E66C5F1B91BD188527B31586FC6618CE3
:10DE5000C39A8295F6F2BF0459E2C0E9486C5F5458
:10DE600053D9F619E9A988EE8394A201AA006205A4
:10DE7000C61BF7BC6473A7FD89A452ACF5DA37E77B
:10DE80008506AB3EB83171A1B06EAB53992650DE1A
:10DE900091FD345D73C7887FB74A7FC70A3AB75C84
:10DEA000F088D6EC77DA5E4AD699AB34DFDFE8EA61
:10DEB0001BBD66CF40CEAC112867939853F7A3984B
:10DEC000B3F16F6807E0CE11F2406B1DD1A4358B22
:10DED00079B8EFC53CC2DFA6D78DD2C912D188165A
:10DEE0005FACFD4CE8B8AFAABADAFA7CD340E9FAE5
:10DEF0001710F5E7F4238E6F799AB43EAEFBA34A70
:10DF0000320AA1A7379A8B45DC77B4D7B4E627AF9E
:10DF10008A2B489A59BD13D5E131A5505C291B279E
:10DF200094CF77AEE3C714BFBAF66567EE8E319B28
:10DF30005739E5FC98CDF3E03087BCDC59DEEE9B29
:10DF4000BBD9B94D51DC1E7C2DB8DD59A6E80B7E3E
:10DF500063EBCF766F6C3BE7893F8B36843E36654B
:10DF6000EF5429421AC436349EA37264665FAD2C06
:10DF7000D6C218C7F30C5CF02170AE1EFEE740B8A5
:10DF8000D4817A135EFD0FC268FDF4EFDDED3E49EA
:10DF9000DB3D8B9E72042FA629AD5F886B44F6078C
:10DFA000BA5AD9BFAC0A629BB5C5C2196BADDC7C4D
:10DFB0004A85FC61239B6C687ABA8CB7EDE51096B4
:10DFC000F6B036C10AA4D40A5FE6B471BF95879B48
:10DFD0004C9C7F87D1A1F408EE44211F7C7D9BB728
:10DFE000F1803770962A1F087A42BD90EE6268F081
:10DFF0005290D1FEF2B6B322DD4649FD779CF6DFA2
:10E00000CC114770791982345F7CD92C5A54E9D1EC
:10E01000AE7FF182D662335BD11E512C231C10CB14
:10E02000701954FA1A12EE40BDCAA9DE0E06F0515C
:10E03000EF50CC1DED02B113FE183479A1DF7580CD
:10E040008EC3E9743C7919F42A1E78C0B55E1EFEB1
:10E0500081473769F21540E0C9AA74649D1C7AFBB8
:10E060003C6148B74E13F44ABDCA0378D8D722584A
:10E070006B774E551BC93B9CA9C2F49AD7FBC0AE27
:10E0800063B0B85D1E1C78C2FC88F910373E255677
:10E09000886326D133CEAC3B50C7B187ACBB806A16
:10E0A00048271FBA502C299B2242F24070614652E9
:10E0B000B8550F4B0F87434119113CE2E8960F37D3
:10E0C00028EF7907523CD3E8FC600C3ADC02E37697
:10E0D0002F8ED289A654F4DBBB097F58530EC5B6E8
:10E0E00086FB6D3C7E54F85DF93E3157FBDB52AE4A
:10E0F000C621869368AFCA1E15E69BC5BCDB757446
:10E100003FF140CC5BB542CACB790F406CA4B94219
:10E11000EED37A574AB9B62B07D54B73D5BBC4B4E7
:10E12000569ECE631A9FDC65D07194B3E6DB6879A6
:10E13000CEAFA1FAF7E5EF600D06CA8137D2F6C976
:10E1400006F2B5A652783F7B67FD0EBFDBDE0BA85B
:10E15000BCA2DF653048A7B81D8C9B17854FA1ED89
:10E16000FD49D460DDFE26FDFB26E65AD676517ABF
:10E17000A9D885F7F8682471B65F83005CE7E58D60
:10E18000F535D0887691FA17AB111534FFD3BD5011
:10E190005C0D17ADA5B5B7A8B7606DC41BAFC3774D
:10E1A000539933F84443E428DFFB354ADFF9DFE0D5
:10E1B000B7CC9CD6D9AFEF13A17139B4353F8AB42F
:10E1C000B5FCAD1CFAE92AED9B21C72309527C9BC3
:10E1D0000324B9AABEDC7F99EF12EF85AA524F96AD
:10E1E000D94865AD75C2B4DA1A9B1278BC78C83BC1
:10E1F000F068A926BF158F67EBC96F622D97C86BB2
:10E20000F8A5DD9935689512F79D212A05F0F8DE0D
:10E2100051A056B793F38B24626BE930D639F08D59
:10E22000869BF961D477CACF7DCF9FA114D7C5D182
:10E23000165E7EB5F3E95F0EBF5AFE960B719B6AC0
:10E24000AB736674FF0E9A878B93BC9ED8B82286F8
:10E25000F60B8DABF81AAF2F4A8A415B5BA5FDBB6D
:10E26000C97D7141661EC0C52789DD66B5054BCFE6
:10E2700027CB0FDA4BA03A42D297001E1E81B4E69C
:10E28000C3D2EC10C6D05976168D73719CCDF1F0C7
:10E29000A0B2B0656B2EF6E1A009BCC3A2F995DF70
:10E2A000E3B15E0F0D3D1E821E6E41DF282D4EA391
:10E2B000197187DD98CE4CBB3A5DE5033C823DAEDB
:10E2C000D98D5FF2F806819C28D467289B6CA85BE7
:10E2D0000DB6C01148D2CCB7F7085130F0306FC33B
:10E2E000FCC2D2A310EDA0E119ABC957DEDFB3F336
:10E2F0006EA86FB4EA4316286466D656C9821AEB34
:10E300007C8064B40E43D4855A5C5FEEE4943AFC9E
:10E31000AB26F5DAF87C99C6F30E5B9A9EE298611B
:10E32000A6F36C3EA55F14B5C13687F37696EEEA88
:10E3300096DACB69697BEB65095E40E45CBFE55A20
:10E34000A165484204309F1FAE2EC26F963A044327
:10E35000BA0DB54DA4A905044CC7E93597E218617B
:10E360009D70D698E80DA0D59B0D0E8C371F129E80
:10E37000449C2B9269A3B75EF5DB111DB208BDDF8B
:10E38000E6A21294BB800843DF2B448DF2766EDD4B
:10E39000F52BF4510E091E91B4E5C3A103FCAA7537
:10E3A000141DC1FBD53DC4AE4F0C7E8B4BE75B68A3
:10E3B000A5BD682A4DDF3710BF1DC7BF4A6BDD3BC7
:10E3C000285E5369FF52CABF67109C3094FF2F34F8
:10E3D000FFA744B216FBEBCF4E1977E26E447434BC
:10E3E0003D6FD6507E1146E149B77FFFBA1B1142FF
:10E3F000F3E48CA2E36614C55F43EBAB8E3AE01BFB
:10E40000F8D2260DB807042FA7E1DB5F6A2C3F0185
:10E41000E3491EDCEAF6AB132911D96143B3A7D552
:10E4200041F9A0B61CE2D77B3DC76D7639ABBA7413
:10E4300089B1B713FD7C8F8376E3011EED48F19A15
:10E440004AE596AD3E57C5F19FF328C563968DCB3F
:10E45000A2386C0F79B5F3D3FD788D8D90E49CF7DD
:10E46000995B34FF289AFF191B973FAAA1CE5865E4
:10E4700055C0F7EDF2FF6B1F01DFE303770CC8BC5B
:10E480009BD06C605CACB4C6E2B53B62D03A9B6595
:10E4900084C3B97D686719CD2D423BA2FC1521E9E3
:10E4A000D122770A0FA6A36F9328E36E9F104147EE
:10E4B00048D613947F3D42A967C35C118DB7C060F5
:10E4C0008875D6A089F7A5FC522DD92BA772F258D2
:10E4D000378CD7C51C8D017477B96145717A34DAF0
:10E4E0007D8A3605F6B84F5A09A7CABD7BD0BE163D
:10E4F0004A2F7A2BAC701AB773A3DEDE8568640AE4
:10E50000FB15FABBBCCBB346E82B89DFA03FEFE796
:10E51000FD61C00EF0E9FEF660D7032642EC715DA6
:10E520001CF4DDA1A07CD6A31C1A4E96BF83A56067
:10E53000B7EC9747E9B5163ECA557ABC4179F65211
:10E54000A8E62A7F0FBB0DC1E6096CC8B7B1147EDF
:10E55000AC3A8FB4C7FFD5CE57BFC69E62F61CC17A
:10E5600021B62B5ED31DC9B8BEBD505B9E255A3562
:10E57000D04797BF6AEB8E645714EBC7F8D11637B4
:10E580006FF3D927CEA1A87E3CF68D68FF05ADFCC0
:10E59000FBB8CCDD08D43BB988BEA877F4D14A7D5E
:10E5A000311979088F212B8AD3A26121CAEDB0924B
:10E5B0001D0583642C84FF26B76EBE09E1BFC9DD4B
:10E5C000C6B7A02FB709EBFC1BC2A47E0879AEC06A
:10E5D0001F4BF586E21A53174BED3FBC8AC7C7D1D4
:10E5E000126CA3A16FCE77F5567DF9E762EEE6BF18
:10E5F000C1C7B862327AC8DFC95908FEA0BF432636
:10E60000A1F477A93CD1550E03DF8016FEDD4A62E6
:10E61000FB73C4C9C457BFCBC53B1238922B72637E
:10E62000FD32C55AC515E176870AEEF5AFF3211E16
:10E63000274FF6103A3EE5C89B4DE586C7E8BC710A
:10E64000BDDA79F688BAEA611E1A1FFF61D2E02BA3
:10E65000ADC05E85CF6B2CF27298648F8DAB022AB1
:10E66000BD1AE0F3691A2F43FD8EF2B9002AD58F47
:10E67000D63F59203C68AF7154017CD38075E36369
:10E68000B32F02C90BD7608D39B145FCB7E570AB2C
:10E69000539C9927EED2F3F421362E3984F2EB2ED7
:10E6A00071556EBE6D8CE3E6E17B1D61DD5E2B92E4
:10E6B0002CC439506A8C93CF7BA0EEB3DBBABB87F6
:10E6C000EE6937A43219C65C39076F75C913A7C143
:10E6D0000FF45E628B9BDF461290D8F6D5E298E28B
:10E6E000C6502F037F9352EA57615D2DEC6B0D6B83
:10E6F0006AC9E295C090AA7E0B6B527D11657F932B
:10E70000DCD744F9551B735339E358535684B9C6C3
:10E71000626743859A4B0EF6890547A9FF15F0F706
:10E720006AC1E78608AF22CF87420E798D8EE30853
:10E73000EAA5E539A9CEFC658C6E69852C27957B09
:10E740005610E4B4DCDFB0A5B327EBC4BF92974BFF
:10E7500050EA97464F3B2F8890101F16EB9B2541A0
:10E760006A7E7991E3FFC62D7925E280AF133A479F
:10E7700088744E73D9B86581F38EC0DBA9322C51F1
:10E7800004CE4B6A8681DD88AF7982C06CA8EA46E8
:10E790005C4789F6C6BB80267A0BE0FE4BDB109FF8
:10E7A000990A724C6FA7B3EBBE33C8F317111790D9
:10E7B00023E19C3FDFBE8A8CDBE19BE1D69C1139D3
:10E7C0008EEC85A36CE67B6D2AC5A654B4F7F017D2
:10E7D0005BA30BA55E39F4ADB5F8DD76440BD66AC4
:10E7E00030E6EA387C5F8875B68C6385AC5073B5CB
:10E7F00089B4285B6A5148AEB15DCEC5C675019833
:10E80000D705829763BBB69237B97872F74AB56F6E
:10E81000C848CBDD3730D2224E8B1488B86AE36605
:10E82000FA5079F93495FFFE2D1B2764694D7B85DD
:10E8300002BBB22954C0AF775318F5717CD7AB79BE
:10E8400085527B8ED4C2AC59743C3D42C753BC7BCD
:10E850003C3D8BF56C441B7AF86C07491A81B17CFE
:10E860002B6B4F2372A36BF42683BE61CA38BBECBB
:10E8700071B4FBF4F66065E391FCF66F4E8676A406
:10E88000E091CDF02F0A59817A9E5EB4174CCA727E
:10E89000AD6CB57DBF5DD6A867823203006745D4F5
:10E8A0008F9CC73B8BD57D681FF85F9651E6D2766B
:10E8B000B75786E4E1D553A6950358A264EDC34942
:10E8C000FDCBE87DC94F680C68D401A41F9689145C
:10E8D00008F9AC8C7FD05FA0C67A0862FD5AEB19AC
:10E8E000FBE677100B1916B8E4702EBCD5EE2B5F43
:10E8F00050BC042A15BEC66A3950B91E742321DBE8
:10E900004B7648CE7C23DDB9DD4969F25859B40015
:10E9100049C7BED55BCE94CE2DA5F3B8BD3CD9D6A4
:10E92000CD7B6C3D9B98B5FE673A5E26BBE7C3FF87
:10E93000942CF45D621CABA4126FF843EAB529DC99
:10E940003D7F27962F4C6C0E5E8938876F70D7E617
:10E9500025F0AD6E10BC443346CE0A7C7047F00201
:10E96000C491D8E096DFEAD88856306079868CD694
:10E9700097E81E9FE3715D1174F7D6D843E7E7A3CC
:10E980006E7CC6AD71D0DE1CEF47E392C796240FB4
:10E990002ED54A4B2507DD7094126D9674C7567DAF
:10E9A0006BDDC048569760EDCC0573ED25786D5D45
:10E9B000304FBD88EC6B6A287788956AABF8B3EF67
:10E9C00042EF0519C23C391DDFC3A51430DAF948FE
:10E9D00049EF604F89837B7B2495844E5451FEB967
:10E9E0001FF14F99D8A78283D2FD7DD9048ED19A89
:10E9F000E07024035A49FD1FFA27DBE4F96CE29228
:10EA00001AD326F6B9E4A325860E0AE723CA1FF611
:10EA1000DAB86879765D7132F4B928DDB36D17D351
:10EA2000CCBBB1FEF5F23AAC69699C60EEF75D399A
:10EA3000E29A66CC189966FC1819545C92C3693C3A
:10EA4000EB9F0A9FBFC4DA14F96C8DE212BBDF5E44
:10EA50003219AE6FA370CC1FD2F1F72F1B17C26D06
:10EA6000AC2B7F75CBF15034E3CA178ABFC1C99A6A
:10EA7000F172F90BF5E5CBC4BF131706BE2DF08973
:10EA8000D725CD8D1A4B5C4A620BCC43BDDFFB42D0
:10EA900072627DE2CC8F8FBF90EC9F0CDFBD24476C
:10EAA000721D5B63DECF8E5F8279C741FB387B715D
:10EAB000AE7F2EB96B11A9193C42EADF407CE772A8
:10EAC0004ADA9797D3FE7F887D150E68E1ABEF3E5B
:10EAD0004473FF78C06F6F65E8BA7E4BD43829FD68
:10EAE00002EB00F8A5694D069DE8AD2FFBEF580F2E
:10EAF00080D4E7D7A357B7037C96FBF66F2D56A9B2
:10EB0000186673B5A0196FC841F324476BF2F0D0B3
:10EB100024FAE5883D96F5298A531A742A8E798954
:10EB20003D4747BFF70BC938E716270AE7797BB897
:10EB300067456FF014FC3E655C0BA743146069EBFE
:10EB40007CA4710E3C03A754A23AE43995D2FEF29C
:10EB500065CAAF7E76F32B9ED119A30DB9B2314CA5
:10EB60002EC26BE180EDA9805B149E871B1E27726D
:10EB7000BDF0163A3F7F726322C396EF07F45E0240
:10EB8000531C27F9DD880BF9549B20E8A69835CB58
:10EB9000DCFC13889084AB2F525F38213F6B4D23F0
:10EBA0009B682AE35EDFFA6C82691A5D2FAED2F9A8
:10EBB000D1E29E1FBD5CEA223A53431E4AB02B1E8F
:10EBC000D0FCCD34FF5577FE9E3D7523979F6A5646
:10EBD000DF20F68E66622949F437F65B6F637BDAD5
:10EBE00069EDF7DDF8BA28BEE728FDBE75D3EF2E34
:10EBF000938135A69F15FE58671AFB224A92EE555F
:10EC00006E72AD949BDC75AFEF3F9FA1ABBBEE4B3B
:10EC10008AEFC54C8780241A6E9ABD08FBFE9AF6CF
:10EC2000B1CD337F1837B5746A8DBA1CD474C7312F
:10EC300086C886E34196AEFE324ED4518BE5E7C8D6
:10EC4000B096A57A2D393FDD61D0C7D865E16B015B
:10EC5000644BD93285AB5FBC33982DDBBBC9F899C7
:10EC600099F55F05375D060901FF044D1B0C9129DD
:10EC70001ECEA0CD7D09FE65A06103D697B6D93919
:10EC800056B44F95B429F8EF862F42A9AD7B10E812
:10EC9000D7C065A852BBFA6B568F618430E7FB2B57
:10ECA000BB4739F04A4B76F58FDD034593E83EF7D5
:10ECB0001FA22E2AB65A5F0E03F49B8FDBDBC93EE0
:10ECC0006FC25A88781691451407283F2942FC6480
:10ECD000BCC8B31A79DA7F4F97EAE13A17C05A36BF
:10ECE000B101B500ADC244EBEBB86451F322474724
:10ECF00066F30FEEFEF9B6542752317B1FBD3D6E11
:10ED000070F3D72B0C7D2B65B7603CF4696B27D370
:10ED10003C9EB1632BC0058734E2453CF57F2E87CE
:10ED200061794866202B665BAFFA75721FB1C2C667
:10ED3000553C26621ADE47C7932E7F61F0C25D27DD
:10ED40000393CB93615037EBB180EA0A4D55521BC8
:10ED500073FC3F45AB941BCFFA2EF4586090B03D46
:10ED60005BBEF02A5F7E7D44C53C79FEF58159B3D8
:10ED7000511FDC70BA0E907F5AE3FE026EB2A6629B
:10ED80003E60266B2AE78318A366DF7C14ABF96C20
:10ED90003E186DD41C9E0F82649D43552A238353D5
:10EDA0007D484E6CFDAB20BFBA40F6210B542B348E
:10EDB000C0192C7BA8A960911CAE357E62F43BA1E2
:10EDC000012BC09AE19C2CFB218E519E321A3920D6
:10EDD000C509DCD20734D686627D5780D5C395320B
:10EDE000EB40EC8728366405583EDC4FB67120B600
:10EDF00006C546AF00F3868F926DA3B19F18B5EF9D
:10EE00006AA265C09824C327B67267C68A87713222
:10EE100086D5441F1FA51A3244EE9CF67752FF5D3B
:10EE20004DF21D6146CD3FFE0E6A1EBE02A0E5FFFB
:10EE3000B5F72DE05155E7A27B4FDEA356D42ADA71
:10EE400070EA120C243924E48520AF92C7248C2662
:10EE500010F3002AD06132B3936C9897B36748A23D
:10EE6000581112107B14DB54A1C556AE9E5AE5F61C
:10EE7000F4D0DA8A8A55A86F6B5BF51E1FEDAD8F53
:10EE80007A7CD79AD44B15CFB1CCFDFFB5FEB567D0
:10EE9000EFC90C606BCFF9EE7767256BFEBDD6FA34
:10EEA000D7FBF5AFB5FEF5AFCF291FF7187B1C5583
:10EEB000BECD399062F8DEE7A8DABC492165CC986E
:10EEC00054B7EB356306ABDBF5A631A3AA6ED7BB0F
:10EED000D3EECF072A35DF31ED27F90E743DADC0F3
:10EEE0009834B9CE5058D51969F18D19FBEA76BD21
:10EEF0006FCCD853B7EB0363865275CE68DED776F6
:10EF00007D68F709FE949FF6C01808700FC13C8217
:10EF10000AC19F4E257782790495A998DADFED3AE8
:10EF20009A780FB4F2ADA389CF832E05BD04F47295
:10EF3000D0FDA02F07FD4FA00FFEE468E29BA03B91
:10EF40004037837EF32EF00770F101309F807EF909
:10EF50003EC007FD01E85230CF03FDC08347134F89
:10EF6000837E0DF4CD0FDACD731F399A7818F4D95A
:10EF70008F0BDDFEE8D14417E8AF82FE26E8D741CB
:10EF80008F83BEE1B1A389E9E0FE01C01B007EF7DB
:10EF9000D74713F781DEF8F4D1C41ED05DCF1C4DE6
:10EFA00034BD7034B119F4A3A04F7E11E2071D01E6
:10EFB000FD2BD09FFF0DF8FF2DC407FAF0FF86EF61
:10EFC000DF1D4DCC04DD00FAF5978E267A5F06BF73
:10EFD000A0EF00FD38E87F7BE568E25DD0CAAB4773
:10EFE0001367819E09BA0E7413E805AF8AB4BEFC9C
:10EFF000D2A7D7DF9895483C00FA61D04F827E1A9D
:10F0000034B6A37BE2AA9337A842D581E020990BBE
:10F01000C9FC22992791799CCC6793B970833033CE
:10F020003233325791B98ACC73C9BC98CC8BC9DCC6
:10F030004EE625645E4BE6763247C8BC92CC9BC850
:10F04000BC96CC3790B99FCC7BC81C21F33E32973D
:10F0500092B97855DDDCF9B3E757CF9D1B64687E24
:10F06000F54F94FF0F047C91CC85643E42E6718994
:10F07000A77C0143015D04DA415ADA7D81B454AAC8
:10F0800005221E0CDC4A2EB7614DAE4E77CB52776F
:10F09000D33C66352F7775088B92AA1A7F25FE50D0
:10F0A000089525E28B35D4375EDCEA5AEE6A35F1F5
:10F0B000065153E214D6188E07FCA1193116D5BC9F
:10F0C0007ED6A4197A5F88B943BDE168D01BD3C34B
:10F0D0002142649D5A54F706D8D278B0478BCE634C
:10F0E000D23F8695261C1B36E2EA213DD61C0FF93D
:10F0F00030486395BEA6B2DF1BF207B4A8CCB9377F
:10F100001209E83E1EE3AC7E6F345635ABDF303C6F
:10F1100046CC1BD33C41AFAF5F0F69953E8CA7C473
:10F12000282D833862F16848F3B3123F25C40DE1FE
:10F13000B35EAF1ED0FC335924AA1906F3B2F5DA38
:10F14000108B85D1B8410B61CA20BC684CB43FF428
:10F150000049D42FD7437DAC211C8E3177D0DBA75B
:10F16000B1CACA4A44B0D820A6C2BAA2438809C1CB
:10F17000F56931D683CE3A77DEA07B2151D25FF19B
:10F18000AA9A8B8A572D295E551514E56388F435A4
:10F19000357588804815AFAA074FCD3CC14ED3DCEA
:10F1A000EE350C8D571C2B652581380B1A6549FFF0
:10F1B000B1A8178A11120171C970586B0D6B84F2D6
:10F1C000D1D80AEF106BF31AEB8D7918DE8077082F
:10F1D0000D5DDE9E8086C51DF2063585EA8117AD80
:10F1E000DF1FF5A08197EA44FCC80A6121E3296189
:10F1F000D5738C79AC6AB044349DA6B67A6E5FBF85
:10F20000D25DE7E96CAD5FEEF2B42FEBE8F254119A
:10F210007EAA7D7506FB9A0CF6B564EF9A5DED71DA
:10F2200037D6372E710973F7EC3A4FB5A7C9B41129
:10F2300066B7CD5C93E25E93E25E9BE25E9BE25E2C
:10F2400097E25E6771C7F43459D2932CFFC670A859
:10F2500057EF8B47791B9E27FB0794AB470B61A9A0
:10F26000B2050B59F50571B2F7A11F0FB81A767BDD
:10F2700006AAB5A6A2D307E1F8FA235EFF3C56C260
:10F280006AE20C304B7CACB424CE2ED61BCA9C1C3C
:10F290008F11328FFF78781CB3D5DD96016FBA8756
:10F2A000FA5B34C6162E64D33D9E408D308A749529
:10F2B000C6F5502C128B7A626502550BF931E501C7
:10F2C0001D3A781891C1428C137D41EC6CE98B4357
:10F2D00029A9AE8366D4E96A29F17B4A2073E1DE6D
:10F2E0005E03FA13B4ABAAEAAAC020F4DDFE210340
:10F2F000068200C3168FD67303D8E256416F10E31F
:10F300005AD5EC407C8DC2DAC3016FB4598F6AA51F
:10F310001D65AC33DCC89660D23BC3BDB1016F54F0
:10F32000C3016883EED30C56BAA4B3B38C55B00DA9
:10F330005AD48094C08851C9FF2B36D454D5CCAE52
:10F34000AC9AE36C6B6FEE644BEA5B27A0B0593C60
:10F35000114D511D5C92AE06D8B7E915CB997B498A
:10F36000633A3F0DCBEA3B9A160623BD46855F37CD
:10F370007CE18AF57ACC59EA2B8322890C45F5BECB
:10F38000FE18ABA9AA9E5381F14340BE681886B708
:10F39000086B6E6FA9672E182FFD7E18D83A878CE0
:10F3A000981634204381381F332B9D4E3DE40B4784
:10F3B00023612C5218049645B45067833B356B1378
:10F3C00063BA1063AA612B60F4D3A221D6A4F7E933
:10F3D0003128DF4619563804619BE349435C0FF836
:10F3E00059729E41738C0DE8B17E168356DE1B0E5A
:10F3F00004C20362240C070CB362211951C8EC86C5
:10F400000BEA2AE2A1F5A1F040A8420BF456F4F968
:10F41000A0910DB67B7DEB59CBD26ED6E1EE6C841C
:10F42000823373D9D2D8C84A7911185A50E7B50730
:10F43000EDC608436FE9C17494CD6410608F1E2B34
:10F4400063732B6B2BAB9C180F0604498469A0A631
:10F45000B2767665354FBC7D3C37AB67790D25506C
:10F460008EAC62C45594B6B646DB78CCEA6350DE07
:10F4700091188DF18616D07CD09CA0AB7734E178C2
:10F48000CB08AFB4D4D02FD7A0171851DF32D17624
:10F49000A7F336E681103D9DAEC6AE651D9E4EF7C4
:10F4A000A5AE8AEAB232EC495571BBBF4823CCB154
:10F4B000DC135A847B79C7AAAD01179B8F9EA19854
:10F4C00006532A74A4052C4DE80A6B234B03521CE7
:10F4D000D03C3D81B06FBD07E75E289778481B8C14
:10F4E00040FA357F602865AEB4A4A333EA3B6E32A0
:10F4F0001483FAD1AC60D087DAE38DE838659426BE
:10F50000137842F94F9FDE81A81ED38E996033BDD8
:10F510007E23F669CA7B2F29ECC115AD50A1100AD4
:10F52000D30D18FCEA605A6DD31BA85DB469C12ED7
:10F53000A88F5240ABAD2943BA0AF097E827827FE3
:10F54000411DE2AFC02CC07003E96DF7C6780F8390
:10F55000F6E30D04984F0B040CB37FC05005D58E15
:10F56000CD701E6BECD7A04368306C3328062B9906
:10F5700085E3A72F1CF21F1791681D8A0BDD341637
:10F58000D1A2BDCC178B42278DB2458B4A8C050B7F
:10F59000CC7EAD87FCDA20B4A5FA8E8EFA2FF3026A
:10F5A0002B45F4C658545018C1B03F1E806AF66B04
:10F5B0003DF13E4E20A0330446F441040922410FA0
:10F5C0009DB7902DED6E6DA575A56C1F4811717FCF
:10F5D000F8E1216BF28CE985211DD35B6AF4F98394
:10F5E0005ED39D1378BC9CE365820EF768833198E7
:10F5F0004A34BFA727DEDBAB219182B48A3D56880F
:10F60000374D3050FB9D2D409878DC4DAD2ECB7C96
:10F61000FAB7A853CC704A586DBCA4C4CCCF2A49C1
:10F62000C789F5417590719A6F0D7920B24FE9D273
:10F63000835A380EB4220CCF711856B0724BA055B5
:10F6400040D57AA35E68F151B4E7042B270461BE6C
:10F650001B9C873F8CC9F49B74367E95508946BCB1
:10F660005103E9F0763BA90B332F84D8D8EA9EC921
:10F670005C9D8D7C245BAF47205C1607420627DC2F
:10F68000155E9D0F72D8468098818419B168DC2779
:10F690009B566970082752B79F2D5AC8079E25F5BB
:10F6A000408D712AAB8C4D87AE67BA2F4871AFE39E
:10F6B000EDA8B4FF98BEFB8FE537DD3AA0BAA26E85
:10F6C00016269DD73036A7C54A3B47DC44F020417B
:10F6D00045157031C14D02068D3E4F6C2802D4177E
:10F6E0003322DED0B25E7744EFD0FA74C8F490CD06
:10F6F0001D1A8F9E745A25EDD754CA2FAAF7509819
:10F70000D1D2058A300E3D150BD2DDEE064A86F1C8
:10F71000804AE233D1CEA7315F40F346A1ACF9FC79
:10F7200024723ECFD2B44AE2582F41A83FE8551E7A
:10F73000DE8B0D74074AC799B4F76B01243FC0C52F
:10F740006EDF1BD5348E4EF6D0B08C785083EE022F
:10F75000DD27862EC21E3205DD24E437CCA8D1DE9B
:10F760001C1780C2C3F5CC82647D2CED6EF3B4BB54
:10F770005C1D9D8A755C308C60CF2C088B7F787403
:10F78000310924FD43EF34C271C8B46DBC59168FE2
:10F79000A5F65B1A8716629179DAEA57F2E8967550
:10F7A000777576D52F6D722F6DF1342E6B6B6F756B
:10F7B00075B93AEDE3D609A22B88D754DF555F8996
:10F7C000F9F68583918016D360C189C1ACA98CD329
:10F7D000EA2A955EC0FABB24AEC5915EC465174E99
:10F7E0006E065BCC4A2265B4AE2BA58C5ADB357411
:10F7F0001FD1AA6521A669D56C69181B1EB406180D
:10F80000012EC328D82A203E1795F8D7F03AC851C0
:10F81000D402FC81757E417E9E9253A0A80E3527AE
:10F82000D791A7AA8E1C07FFC955D4FC0207FC2854
:10F83000609123C79F12631E7667BE1CAE87C123EB
:10F840008A5D86668579CEA2129A7930413057B5A5
:10F85000433B8CB5D6F09502ACEC0C419D6774E748
:10F86000EB4851FF5AD01719F2C022D713811197D4
:10F87000E363DE3AB55827764959AFA9F61E17DF7C
:10F8800016503AE221B775E96F1FBF61451B326020
:10F8900090C75EE2B1ED0860783498B7BB97245DFD
:10F8A000F892241EE14B57AB0F5F0032000D3DE68E
:10F8B00069EB74B7533B80D5018FB52BCC67DF362E
:10F8C000A3CF1DE2D52CC26F1713A0A7D51BB199EA
:10F8D0005BB4180EDB667B6A145DCBCD7B96A59D71
:10F8E000B589AE588F3D579968DF247AEE047B3E88
:10F8F000A9BB7B1BA9714E706F869EAD480AA703FA
:10F9000028BA06A4952CE58CF69CECB0384CB4EFE4
:10F91000E44B746897E6CCDD1C0D071187F75B3D5F
:10F920003404D38467A937A875851B837E37F61006
:10F930008F28779832D093C76D40758AF06B499DB8
:10F940004A2A755F4C9AEB66DBCD553536F3EC0BE6
:10F95000834CF96B54FBBDAA339DFD3DC5C25EEEE1
:10F960009CF567C0EB984BFB7E8704ECED526C78FE
:10F970008364DF3CD36E7F0DD9BFF98F76FB3D6486
:10F980005FD969B79F4670EE03B46F49F0C3AF0B00
:10F99000BCF3657C64BF89E0DB3B84BB243076919B
:10F9A000FD1E821B8229E93A903E9F1BE6D8CBE3DD
:10F9B0006D2A8FD01C3B7EAC4E981D643E4278ACC5
:10F9C000D88E7779AD4AE3945093EEA3FD5C66C779
:10F9D0007B3828CCB9727C22BC7B6AA8BC29FE4D3E
:10F9E000BD02E6115E15E13D7A2EE1550B7816F960
:10F9F000CB27BCC58477774AFA42B384B9405A1002
:10FA0000DEAE14BC2F9E47FBB4643E48F96D9D9654
:10FA1000522E5385B948F6B7FBD297F3F914EFD8B5
:10FA200003FFF2F2FFCFFA78ED71C9B9F6F6F87874
:10FA300086FEB9B9D8DE1E0F66C0EB29B6B7C7A7D8
:10FA400033E0AD26BC4D5721B10CED076100DA1B48
:10FA5000C27E45B95FBD6BC9996AEDD0856AED9FDD
:10FA6000EF576BF53B95F9DB4BD5F9454F28F34F35
:10FA7000F9A552DC3DA0149FB553BDE4BAE295331D
:10FA8000D4E2B3DE526A7BF3D5EAEB8A97CF51AA70
:10FA9000AFBBF33BF377BCA1163F7FBABAFBC60FEF
:10FAA00094E2E76AD4B6EB77DFF8ACF2C47515D709
:10FAB000EF7EF656E5AE86E5CA9C0DEDFF3CFF54A1
:10FAC0008F72D723BF558AF3EFFED5FCFC5F2B77EF
:10FAD000FDF97BEA5D8F74ABF39DCDA0EF8318FE3B
:10FAE00045DDDD1D548ACF5CA33E0361FF4C715F91
:10FAF000FFA3EB8ABBBF03315EC9BF0FE421D63B36
:10FB00006AF1A5658005695DF7A452BCFC37E05633
:10FB10007B117C75EB807927996ADFAC80BC80DE35
:10FB20007093EABE7EBE13DC9F835CDCB493C77522
:10FB300060FBBDCA25D7EDBEF12DA5F8F91990DE01
:10FB4000B2EB773F3747A9B87EFFF73E7E60F748B4
:10FB5000FC4B15B754DF72E0A401C8D5B96AF1CEE9
:10FB600084B2FBB92FA997EC28BEE915A5EDFAEAF6
:10FB70001DBB5FF957E5AE651FA9B58FDDAE1ED879
:10FB8000F19F6AEDC01C75F68E03D77AD403D7BEF9
:10FB90000B71DCA916BFA02BBB6FFC32FA79FE5E9D
:10FBA000E1E7B96FA9C5370DF1EFF9DB00EBAC77F1
:10FBB000D5DD97962BBBCF9CA7DEF52EE6E3B7E00D
:10FBC00076D7934F2ABBBBD7413EF692A9B6D7ADA5
:10FBD000DE1577433EEE86741EB8F64905E338F02D
:10FBE0004FEF4108BBD5E215572897ECD8DDFD8FC4
:10FBF000E0E30F3CECE255F395DA8BFBD439DB2ED6
:10FC00007BB4B860C68E7B6F39B0AD4FFDD9CDC522
:10FC10009321172B2037CBBFA4AED9B17BF22BCACF
:10FC2000333B16EE28F6FCAB52BBEC2DB5B665A106
:10FC30003A7FC7EB90939DF0FD7DF540FE2BCABD4A
:10FC4000DFDDFD424029DEF90348F76AF5373B8ADC
:10FC50005FB81FE2BA1772743394C946FEFDB3EF62
:10FC600016EF847CBC500EB99EC7717E4B389087CE
:10FC70009D7BF9776DDFA5907AD00333A03CEEBD74
:10FC8000656ADFBDB738FA7E7ACB94C75EEB3B700E
:10FC9000ED0AF5E703D3A6AF50E75FDBA2BE36302F
:10FCA000ADB445C5F70A7FDE37AD7C867AE0BAFD94
:10FCB000EAE681035B5F523EFFEB03FFB453BD7581
:10FCC000605AE54EF5C0F639EAD6BE696C4ECEFCF8
:10FCD000EBBEAF4E9BFAFD9CF2D8B5B175FA937AA4
:10FCE000F9BA6BD7F55EF1E815D3376EDDD81B7C1A
:10FCF000944B86D8FF56D1BAD16D03BD531ED9BFE0
:10FD0000BFEFC0E8B6156FAF7E64FF47A105A3DB68
:10FD100066CC99F2C4FE8F967D6F74DBF73B573F3C
:10FD2000B17FC5E72E19DDF6D18C29BFDC3F90B736
:10FD30007B74DB63D7ACFEE5FEB7B69C3BBA6DFFC8
:10FD4000B7A73CB3FF8557578D6EDBF9CC3496A728
:10FD50004C9B9AA7AC7E66F3A6A15F255F76C2771F
:10FD60009D905B6E4AFDDEE1CAEDF30B3E54CE3E44
:10FD700054337CC67F7C94E38B3FA6ACAE1F99B115
:10FD8000FA90EF54A763B448C93DB0DD5DCF5F037F
:10FD9000EC3B8CB759AF1D76E0FD852747966EADDD
:10FDA0001DB9481D6B572E9E9FDBA43E3F327D64DC
:10FDB000ECE0AF3F2ACECDFD64E9B7D48B9EDC3EAC
:10FDC000FFA4EDCAA8733CE7C23DBFE26EA77E3830
:10FDD000BABD28F740C1FCFA7F7FFB3F8EEE5EE1A3
:10FDE00057CEC8573E999FFFA16377B75FF976DE7C
:10FDF00093379EF7DDDD05F9CA750F35C4CE1819A6
:10FE000076486E24E465EBB8B1611DCAC73ACF1BD2
:10FE10006E579AD271BAC9771FF30F4F82F5C30F8D
:10FE20008777AF785EDD7DD305CA73D092B7AABB62
:10FE30009FCF576FCB7D46197D5E48C6BAB5A07877
:10FE400032BA4D3BF34FD0CAB6A9D3F21116A8E788
:10FE50006DB90DBE500ED6E8E4BB95353BA6E5FE68
:10FE6000489936F9F70ABE16335A10C9291FF6BD4C
:10FE7000F5D8E9780763FED6C7164F1DD9D98D3757
:10FE80004047CE191BF7BC3B53993A725EF3D8F842
:10FE900083EF6C69F989326DD36165CB8A7F566EC9
:10FEA0000338A569F70BDB946957E3D76DF0BBA561
:10FEB000E5B0326D33BABFAEDC0670B570DF825F7D
:10FEC000B76D41F73A75DA30BA9FAFDE0670CA12E5
:10FED000EE3E825FB78DA0FBCD7D397715E4FE7BCA
:10FEE0006ECE51C9ABE9D822DEB9997265F9F0F648
:10FEF000B1057ED58538DB1CBE53729424CEFD7DC2
:10FF000037F7DDDFF7C7FFB579E7D04B92236B8179
:10FF1000C643CBF1E5E4288E2D28E9ED1F2EAB3C3E
:10FF20003C7352FE7BF82A8CF946CCEB638B4F9FD7
:10FF3000FEDADAE48B3A53BCE5C3F72FFBFA63A58C
:10FF4000DEB148F83BD3AA727317F86FEEFBA41327
:10FF50006CFAC722CB6E465EB6291BB7FF7A976F45
:10FF60006E67D15B18F3272BC02D3016D9F1ED69E0
:10FF70000B7273B7CCC82DBA72E0CAC91FEFB8753F
:10FF8000EDB4D2C3852235F29D0D7CBFB3E3D5B26B
:10FF9000AEA127B6CCC82BDA3BAC368D7CED9DC725
:10FFA000B65C98A7546E1F1B4F1C2E1FEEFE23BE7F
:10FFB00060022D4B597B72F9F0297FCCD9BFDD71DE
:10FFC000C6E5E72865BFD8F2FDA282BB063E5646CD
:10FFD0003F2A587BD75B2DEAFF7868FA8863E729C8
:10FFE000BFBCC1BFF346ACAFBCC6C98F38389FE0B9
:10FFF000D8F8557F8210C6AF7AAF7C78F623A67BFF
:020000042023B7
:100000003DB9DF0F2E635FBFE3E68DDF79E866DF82
:10001000FDEB47209CCD3BCB875533246D91C07CB5
:10002000E3EEB1F157DEDBF2BDA282DAA17B9533BC
:10003000868AD6D6EA6ED5774A9182A17FE98F7FEC
:100040005931ED07870BB77C3FB7E8E3DDD3EE38D6
:100050005C786B04A52A595F6416727CF0CDD2E9F6
:10006000EFCD1DDABBAD727BAEEFC7DBCFC82B384F
:10007000323A9C7BE48CE18282D182BC42DF37B78A
:1000800029AAEBC23B7CCE22658AD7B76D86FABB24
:10009000B5D34746870B8EFC72FFAF2026CF7BDAA5
:1000A0006FEC72E2854CE8F2E1C2F875CDCEAD3B63
:1000B000FFCCDBAB31A66C5A72DA3B53C1C7A99BAC
:1000C00036B74C39F48D96298FDCDAB2FA10DACCD7
:1000D000FA03F2E448C9E4428AD1F44F04FFFA5724
:1000E0005E5FA0FD70FBD5D0B6F0F6FEB00FCA671C
:1000F0002BD663F9D6D17CC531F2B56F3D349ABFAA
:10010000CF3165EDED23935D39C88FE4D8E5FBD59C
:10011000F0E48BE0DBB9376F6CB1E3AB3BE17BF430
:10012000DA75B9932F06BB93D6E7EC0438FAB5F528
:100130000EDFD3B9B927FB273FC7CBFDCDE273CE86
:1001400051C6164FBDE2FCC191B23372730BB00CB5
:1001500046B7E516FAA61C762047B6DA8CAF7B8F39
:10016000EDFB53D7DEAD281BE4D291B13D1D4B769C
:100170007FED1CA583BF030E2571E7CBDB6F1FB995
:10018000682B62A91BF60E5F79E0D6F852C0FAC060
:10019000A5FF0C5F97027CD7EF7FFAFEC8648DA79E
:1001A00073856F8B53C1503E6814AED1C691F27304
:1001B000F6BF3FD23B225D3A1A84CBB3F523E52547
:1001C0000FFA76B5A8CB2174E817E3896FDDAA7D15
:1001D00085C7E40DEF1DF9D6FE95F573F261F65A69
:1001E000BE4DDD3D799B0A23D059DB943F5DFFDC9A
:1001F0008E43BDA35BF3C78B576C53E23B7EB303C7
:10020000656F2FBA11B95A9177195F64AB19D90983
:10021000A506EDEF07384AE3EB7B538FFCF8DA0BCA
:10022000B6DF373C76C307CA856F1CEA45B91EE5C1
:10023000C3639B6AD4A4BCC5FD1057F1E4111E66CC
:100240007D5F71F708DEC81B1FBA6ECD75F862FBC3
:10025000D7B9F4FDA923A9F2F777BE91C3EFBD2D5D
:100260001F19BB61EA15E5C345EF1CEABD88BFAFA6
:1002700036A63C3BE7999677F60B0CD772C4700C08
:10028000950F9F96C458ECC057B01C6BF6EFCCE3AB
:10029000E95D85383FDF600B65FCD0E9875A2ED9D0
:1002A0007F65977B7FF565533F9EFEE78BFEB4F439
:1002B0008F1DEF2C7FE3D2DFBFFCC96B47DE3CFC18
:1002C000EEF8FBEF5DB03DFF2F424EDDD8BEDFFB09
:1002D000CB8727AFC756F1B5B3464F521D9317C012
:1002E000F7C9AD778F3AD59CD1930FA9679C72B5AA
:1002F00063F494AB55B5CCF71594B7E5CB3FAC3C64
:10030000B722CFE53BF3F0E726EB805B5454DC7D6E
:1003100007CA48813EB7EF92DAF2D72FC594C76E6D
:10032000ED2BDFFADB9145F07D6BE8BC77BEB29533
:10033000BB8FFFEB1BBEC9799FDB1CEF811AFDF160
:10034000F9CF6F9DDC9BC3EF7509DF3F8A9FF244B5
:10035000C38AAFB7F8CEFAC831A5FE3B0F89563233
:10036000C2A07D9C27BE1F616307BFF48AC0AE5F39
:10037000553EFCD3FD6F6E5D4761875FAB7FC3B1B8
:1003800021B4ED792E936A6CFCDCD716BEF15A4B82
:10039000B4D977EE87B9B7C6B1ACA26ADB4B22CD30
:1003A0004F9C79EB88DA8CA15497C2C8D2CCE7CAAB
:1003B0007D97CDD8BB752AF8A678BF00EDF10BAAC2
:1003C000EBDDC845B1BD31E7D0BBFA45EBF6AE7306
:1003D000AE7FF38AE68DB76FCCBFF2CD60194A8944
:1003E00017E19DE67A507CDD79FA9AFDE26BFB29F4
:1003F0009791DD3B4EF7834397D529CEAD62AEBCD6
:10040000E8EDF2E11F0E8F8D8FFDE21F7EA936E32E
:10041000FD1BC8FBB9E5DBCDFEF5C5BD5B2FDABA28
:1004200053C35AFE5E42A4A6441DDBF38DD3E45BA6
:1004300044428ED8ADBD8E5ED1EFAEFAFD1BFBD728
:100440005CB6338E3E46DE98FE09DE8049DE7FD9FB
:100450003B3C76F090EABB34CF3176F0BCBAF2ADDB
:10046000022FEFDF45C879A741F99EA4A6BD7351BD
:100470003E7C3B9546C96D637BBA493D45EA74B9FC
:10048000AEBF5FAC1BEE2018A27D8233E4FA85EC90
:100490005F24F8F4A870FF3CB98F93FD11823FFCF4
:1004A00086703F53AE9F7F46EB6782CF6F16EE6735
:1004B000C9F530D9CF25B82124DC2793FB5AB2EFF8
:1004C00027F85DDA173847AEC3C8FE068235DF1459
:1004D000EE92CBE80EB2DF27DDBF2ADC8B65FEC8CB
:1004E000FE69828BAE14EE5364FEC8FE08C1C5944B
:1004F000FF7F90F9A3FD8AB3096EAE14EEAC311CF8
:100500000C7A437E3C3E0F7A8798CF1B373416898E
:10051000867B0278CC1D091B82A9A6D2D91ED0BC2D
:10052000E0C4F7D2F518F3F679F510D37BD950383B
:10053000CEFC5A2F6EFC69812136E00DC5F889C7C3
:10054000A0E68BE319528C6F6A274E4D2889A71EAF
:100550007AEAA1054F258E268E8E255E49BC94F839
:10056000CFC47F3E98B82A31F0D1CFC612E389F1CB
:10057000533F796AC153B54FFD3A3196783FF197B1
:10058000C45F5E493C983890F828F1D15557BC9C1F
:1005900000EFC8E9964840A3A8458D3F60F53E6A44
:1005A000FC790935FE1C408D3F03A8071203075E46
:1005B00042F7BF2D8048F2A04DB1F1EBF063B524B6
:1005C000C30E1EFC44F8E90216822F1C1962BDD12D
:1005D0007090E1B9365820DF02DFB98E74C6C2517F
:1005E0001918FAEBC60358A88250DC1B8062C403BA
:1005F000550827A6F3ED63BE4D2EEAABA5BDCBD3C0
:100600000C664C4EA7E68350F80E616919ED31CBAC
:100610007348CE28D56E8620CE44BC3111943883E1
:1006200030C333D1DCFEAE706B43BD38D03583644C
:10063000152CCE53474C21A6E789E7F39CC94CF013
:100640005FF5C3A71665A5257EB16D5F2659B184F8
:10065000BF091BA9F61C4049F4E93E7E0289876E5A
:100660001B0C264FA2854538CAA13D3CBE39BA5C59
:100670008BEABD436DE8DD12A4856F0CAB02193126
:10068000249F5D843390258F17201B558325012AD5
:100690006FAC42B3EABBC250811E6B4ADB697FA5D7
:1006A0003F6EDF075C4BF62F6FB6DB47C8FED91AEB
:1006B000BBFD26B22FAFB4EF9BDC40F6A16B52F628
:1006C00039C99E6DB2DBEF23FB0D6BEDF64F93FD49
:1006D000F22BEDF66F93FDDE2BECF685344ECEFB60
:1006E000AADDBE94ECBB2AECF6725F88D1FE6B29C2
:1006F000C1B904DB09AE24B8F6903D9F99F6912F5D
:1007000038C17D644739D9D7D3B96303C146824D17
:10071000045D04AF26B899E01682C30447081E2280
:10072000F873820F117C98E02304553ADF7410CCE3
:1007300021984B308F603DC106828D049B08BA081A
:100740005E4D7033C12D0487098E0888FB7293407B
:100750009F66990B8FB5EF37AEDBCBB33DC33E6AD7
:10076000EF7929FBC817DAFD1D0DD8F7059733FB84
:10077000FE9FC4CF4D31E7A598E53EF2F82EC5B6F1
:100780005F2CDD0B53CC452966678AF9A414F3C9A5
:10079000323FDD02F59414F3E752F04F4D314F2212
:1007A000732EB5AFD3E439C025C27C7A0ABEAC83C0
:1007B000CDB45FCDF0309073D15D1059B8507C044A
:1007C00002F601CDB4C573E7017FB84FF24FB060B8
:1007D000182696309F4D28DC5578E85EBD86715806
:1007E00043B09660DD9AE4780866C64FFC90A3217A
:1007F000D4A749BEB15525C61A84817038C207BD39
:100800005838BC5E7CE8BEF540059406BD8316B33F
:1008100060FF504A7DC896F48F2CC42AAACBD80218
:10082000E6436E29CB397450377CB37C1E2316EF18
:1008300031381F1247B07A00FFD670E2418F186E30
:100840008F111ECEAF29079D927325197E6A402213
:100850001E278EF2DD313DA0C7869CACA69249C60C
:10086000325651C17479C62C26033F672474B2DA1C
:100870004AF6E5B6654DAE36D6A1F934B043DC286C
:100880007D5A1820582F0CFE4E365B042A188D0016
:1008900093334D4DC0C3E90419F49A34AC5127BBCE
:1008A000A0925D1217C9B80CE1259DED6E33A14EE3
:1008B000D62918DCBC982F64E8765AEAD30353296A
:1008C0005017E128369ACE2F7776414A9BEBDDAD63
:1008D000DD1D2EB3DE91D081367C6E1666E17F057C
:1008E0003CDE7C737ECAFC9DE9FC682AE1E1C053D2
:1008F00062E09F18AF267D48F740FE8F80AF126CF4
:100900003F2CE04182EDFF21E03547E8DECA9F69D8
:10091000BD43E6FE8F295EF2BF87DC8F1C49A64FE0
:10092000B5D213969B1EF2B6472ECD5F79346FE594
:10093000D37C5540F35421CD3F27D1BC7332CD3702
:10094000A7A4B94922E749391F1628599555599541
:100950005559955559F5DFA5881FAEA67A8E8D3F5E
:10096000AEA6BACA6EAEAAB5F3D35D788130E7728F
:100970004202290715C985029CDF3985A19EC4372B
:1009800005F00BE7FEA23C89927475A8D2CE917453
:1009900045E4BC3CF9A5E6C9E00B387221DF59906B
:1009A0005FC9A054331939797295CE03C83103E079
:1009B0009488F8E2040DF781CB6B15E91AB5C04CA9
:1009C0006EA1695734318E64789CA271982915C63E
:1009D0005C337DFC9A6DBE0CD4910C2FE96A7EE5E8
:1009E00014DA5CF332B966F421ECD2849C0CCF9219
:1009F0000FB39872ED45C269B36489E79AA5913641
:100A0000F5F96659A9F602E351E6DBBF0AEDC634F3
:100A100078AA5956BC2A2CB1A50B2A99999C89CD44
:100A200047642BC568B6A664B6720A64C88E0233E2
:100A3000E4025BBC0EB381E4D973E950ED3E8AD287
:100A400064A1D0E69036804C59CD1C5132E7B9B63E
:100A5000DA529589D568A9D09C34494B4694D2E4A2
:100A6000331644813D1F85327D8EC2E39781E9377D
:100A7000A509FC1599CEB1757135D7DE947327B6EB
:100A8000EC9C94ACF29E9C6F6BCF29C970A44BB3C5
:100A9000FA29726929A1A24FDDA81D6616F2ECC6DB
:100AA000346D3C274DF7B35468E1F173895FB94564
:100AB000135B84E398ED25E937A5A1A7049573029C
:100AC0000D3D199E5906798AAD8DA71BAA72323544
:100AD0009A9C4CED2ADD9893F4EB48E612939B9B8D
:100AE0002F1D3ED52825BE52660DC53E549913864E
:100AF000A513E79A8D5AC930B571D7DCE4FCE6C876
:100B000034BFA5CCB0C9293557A2E4A5998E9393DB
:100B1000F549F6593CED1C6FF7ABCC247AA29CA0AA
:100B2000BC48554A1F439AB872110A5BEFC3294A61
:100B30005338E8D543257E861700CC9B4178CB48B7
:100B40005C1C31DDF981165E6991EE7EBB3B3A1982
:100B500016FFF29EB751E247D907261EDEAC0A8780
:100B6000504285C4A4EDE8C10AF921EEB7B509FFEA
:100B70003E37C10E822B08AE546CF12FD50663AC04
:100B8000DEEFC77B70D65069F727052FDA579D1225
:100B90007B5ABCB6B05FB3E7A7AD2208764EA593EB
:100BA00060B784E2B2B3B9D76486D3396474687825
:100BB0008A692FD74D57299B9408E8E3A8C5881761
:100BC00050365521EC4FE2EF4B9E676D4A31F333BF
:100BD000847B92E6838ADDCC79141E4F9A9F56EC73
:100BE00066E56CE46B48392F7BF550FA7DB44CE731
:100BF00068AB6729B67DB8B519F01EBE43B19DEB51
:100C0000BC9801EFD1B0C08BF0B3DB26CDF065B856
:100C10007FCA2F14CDB25F0BF5294A540B0AA119D4
:100C2000788FD4178F46B5504C5C3EC6AB5CBEFE89
:100C30007868BD07EFFACAF8FA02E11E6FC09D514D
:100C40005A49323E711149C289375E8F5D4EBFDD10
:100C5000692FA79519F056CEB29753A6F2BC94F01F
:100C600074BAD38EEC02DC0CC956F879873CE1A14A
:100C7000F3E1A8C651FC61818907EA013D6496034E
:100C8000BF5F6AB1881B3DFEA0E153E2905B8FC15C
:100C9000CBD18FE5E1A6F0BB503609DEB3D1B894D5
:100CA00012C57AB30BDD3B3528A4F6B67619BE34EF
:100CB000DB6F41413EB468D87A2FBF093A5720EC28
:100CC00095626D14927A60A2E075567E9C198D86AD
:100CD000F1AA555B4A3E53AA47E9D7BC81583F94D5
:100CE000866943F70AB4B8CD260CF1183DBA698776
:100CF000E252ACEED6E33359DED25C1A4F5E699D08
:100D0000605F9BC1BE26837DB5B0C7EB8C91702020
:100D100090926CFB3D6845DC03732F6934CB07EF81
:100D200095899B8DC20ADD5BC37D6619F37B6F6D70
:100D3000ED1EABB921EC8DFAC902CD28F3A4C11B7D
:100D40000A617D8BE3258F90EFE311F27D3C960ADB
:100D5000B3DE27ECD4FA8E73CF30790F51081E42E0
:100D6000A60A1465E1410144D66093E96AF5C634E8
:100D70008B83B727BC4163B17E18FEFBC3013FD410
:100D800063203C6031876679399E7659DC1B60B1FF
:100D9000B0796F086635AB9D8F1F5EFA99A1877C8D
:100DA0001A0B780D21C848697075737C7E2F9E35AB
:100DB000C40DC65B1AEBC6233EEA543C7DAEFAD6A0
:100DC000AE256DCB9652F8025FB4362B5E679BD58D
:100DD0005DDC5B27F94606D597C51D726DB99BCAC8
:100DE0008FF13B1A6B51668ECF1BF0C503FCD815F3
:100DF0006D5818459404B560388A021470AAA5721B
:100E000073AD6CEA866EE7D78D48C03B2451BC06B3
:100E1000A46D90F9E3C108F5AB76D752E85714AF4B
:100E2000942D6298573C3B5D2D225D148EA1F5F107
:100E30007850A608260CEA940BC591EE811A2EE193
:100E400006F98B9067C7BCF7D9EEEA686EECEA301A
:100E5000F184CC02942321C259D1B4ACC51ACF007D
:100E60008AC181BEC69302B1E93E11947B69F33217
:100E70002B9E0E0D86416388C7188DF28121338128
:100E800050AF49814D221DADEECE2E84019D18CF6D
:100E9000925C5086C86FABABB10BC77B714E0A53E7
:100EA00001B4333B22A70BDA1AC5BD313D34E40B44
:100EB00024C70B71C0CBEFBFCAC3DEB8387CC58373
:100EC0005A3F8D6ACC1B222E26C1B355A9342C5B08
:100ED000C6D3C5CF6EBBC4254D867C73422A86E03F
:100EE0007DEA839A8F5262A261988D0C531E5487BB
:100EF000ABD3D5C5C761A43D4C21392821A752B435
:100F000087563E063751B9F9882DCF88038486313C
:100F1000CBB4E9D702115EAC24084C44B1DCD5D186
:100F2000E986562EFD1B5C4E8D298266027E777BFC
:100F300097BBCD958C2F1E89E9416D225E93ABA1A5
:100F4000BBC5922ED10E27A0296DAEB62E17545DCB
:100F5000733C20440451838E6946AC92CF2BBCBEB7
:100F600078D9A0642E3CF6467B175554AABB06F6EA
:100F7000E9FC09C92FB3A4B322CC99F02A95F6FA5B
:100F80002FB72EAB6F9AE01EF10E61455726E7BDD5
:100F900014FF22798AAB51B4A326E8910C0CBCBD96
:100FA00043B522F98D9319F4462E77418E7C60C6A5
:100FB000A9AF391C6D84614ECEF6BCBD21B583F35B
:100FC00031EFD9CDDE983740E327CEAD501B861CDC
:100FD0004FF91CEC696F75375ACD30C6F121AEDB85
:100FE0009C2F847D5B3B8E847CE486D97869385461
:100FF000E1A36F5449335BD1D8C0E9013E1F6115AD
:1010000071728B2E423B89A06610285F7B1065CCE5
:101010005AB5505FAC9FE41F080E392E3761B937BF
:10102000A05BBB2FC3913BD9B12531D48D37A7E746
:10103000398B382275DA05664FF5706EC4454EA7B8
:10104000183F2D72CCA43F5FD407A368D5E0024EB1
:101050003078BC30DF2F426380276B912930C18804
:10106000F788F28F478841A2C4A01EC38521316250
:10107000866913633A65B1CD3BC85C839A8FE1BD45
:1010800072E86302671E6BC579A6490BC4BCD2A582
:10109000510C5E0203C32BA9BE10570FACBA168ABF
:1010A00065165F4DB01AF8E476B36D764E3E0E636A
:1010B000EB69D2A1D70F72F13C92AFA384D5CD36A4
:1010C000A54258F1BC7AA0311E9688640FADC61EA9
:1010D00080C51E3D980EC448829C43D8C5706211DD
:1010E00055C0A541245931E51C6878BCD1A8778842
:1010F000D3DCF392E2FB14B6444C9549FA8DF148E7
:101100000C9C21582CAAF7F5712E15595F307BE104
:10111000E475DC1AB3A48FBA34A6B2B4D71B08F4B2
:10112000787DEBCB32259844F39D67A64F0890322B
:10113000CD91AEF07A2D64590FD00420A194932460
:10114000F969E6CDE31C5126EDDE2EC605A5340473
:10115000035919AF9FB95CDE1F2B155FC81565A039
:10116000E032B170B4AE21051F2F0DA4C4BFE0F76B
:101170000A3ED37EC806A7F7F5501CA76E2171065C
:10118000E6934E41584C288F0C0540E80AEF6E86D6
:10119000D9D8759881FA214E2E9D8B8B3C81391EB2
:1011A000C6884A67B243F0D0821A5254BA11241149
:1011B0006132234EBB9C2EA80B215C8B75C67D38FB
:1011C00091C90C3A53F97D057754658F4EEC4E82E8
:1011D0005398A6D65220295A2B38E7B3CF0B045C7C
:1011E000A0CCACB7A077500FC683387F46750DB939
:1011F000E17C9AE64FF22F77D1420589074C3ED920
:101200003B9DC49BE5B770EC720E6B645D133417A5
:1012100094031750B7126273524A9262996492799A
:101220006A0D91BB5EA8EC21DE3253F2D70B146736
:10123000BFF4E2677EE8675C389FE068C6726B8F38
:1012400086FBA2DE60D05E6C0A67CC723559DA8507
:10125000D89030A77121074A883589619B159C7603
:10126000B8151247417D72FC453A438CB2488A4515
:10127000619E663121BB48D45F17F2E323F5C005B8
:10128000DE70B229DC2B6349B6CBE2558D049B247A
:1012900064F8BD68113BA175F1BC94FD83C10C7865
:1012A000D12DF675F1A60C787B2E576CFCA2D710C9
:1012B000DEBA5A61FF6DE28FFE44536C7CA4BB32F0
:1012C000845738A2D8F84BEFC8805747F9907CA7CD
:1012D000FB32E0D510DE9EA8707F9CE4C61EF901AB
:1012E000F1A5FE0BF117112C2578CF08E1137C91A5
:1012F000E0DB040F523877FCDC1EEF8B742FE355D4
:10130000824DD7DACB7BD283141FC19F0FDBCBB9C1
:101310009DEC57128C44ECE51B21FB4182F77DD3F9
:101320005EAEFBC8FE1E82FEABEDE5F92AD9BF2DED
:10133000E14DF6722C3C48FCB204D9563B3F6F1588
:10134000D9CF25F8F28D8A8DBFB7FF11E2E322F7DE
:10135000DF513B90FCBEFD641F21F8E176C5C6EF6E
:101360007B90CAED1A72BF83DC6521DF41F6FB0872
:10137000CE2377C91FFC38D93F4DF0A95A3BBFF0A7
:101380002E4ADF38B9DF4FEE923FB890F6E32611D0
:101390003C48F9E7F383E5F28165E9C34774D68DEC
:1013A0005BB81A127627C40F7FF609EEE33D5E693B
:1013B0006F1F99F8E68709EFEE378F260E827E0AB7
:1013C000F46BA09F05FD22E8DF81BEFEDDA389D27C
:1013D0003F1C4D2C02FD2C7CDF0FBA10BEDF053800
:1013E000FCE1D1C44AD083A0F78C1F4D6C06780F66
:1013F000E807406FC84B249E2E4A24C6013E00F0E9
:101400009A0201D1EE7C0B8C381389ADA0BF097A0A
:101410002FE87DA05F075D7A5222D101FAABA0D9F7
:101420009712890B403F053AD29048F436821D400E
:10143000DC0BD250869D5D4C9122D63F9E70C41726
:10144000F6A3F02D83D6DD1C3FC857E81E9F11E59B
:101450009219D3D973665EB28F01CDEED1C4469690
:10146000E1C579F272CDE3E71BCA8A0CC3138A0780
:101470006538C2C923AB5A49B5C7AD24208B90B596
:10148000D9DC1240F77E23E8E9E7FB78B1704449E4
:10149000A637691F3722429CAB82624C2940C3A306
:1014A00027F75DBE78AFA8CF54B82483FDFF6BF05B
:1014B000FD03C77647B95BF3589A5A48DE66C2798E
:1014C000D2A4D866F9227183EFEBF0FD3353A01C50
:1014D000588BF94CEB93FB9531440CAF17045D9896
:1014E000E43B0583F18AA4143ABEEF814285CD7DA9
:1014F000512E7C75A61779C22D663D68D08689A1CC
:10150000F702653113DD2BAA2BAB2AAB6CFED05A48
:10151000D898B3BF512105318AF447352475357FFA
:101520008558709BF1A65847711B0D629C86047EFE
:10153000051781C9F1A679C5118DB40AE2F1091424
:101540009AB1A1C4BFB8647066C9A0CCA7CD5E092A
:10155000852B82B892C5E14D92368D9D1DAC64DA23
:10156000209D33210183F7070D1D852CF393AAA03D
:10157000D7588FD4191E133895E3E0F50301AC87D3
:1015800036F06526B67EB128217CD16F8C6460640C
:101590006FF52470588FD7D016F20B5D2C1CF56BAD
:1015A000D1854871015DD7672C4C5EF392FEFD61D9
:1015B000202791B4EEF77212311AE4528B4550CEC7
:1015C000241E10EFBD503731D6A3C506342D642636
:1015D000A8F478D195F15DA3E3A3D9CB2784A75FC5
:1015E0003D62CF01B7206026A18A1377D590BC9EBB
:1015F0001193972EA99C9602B11B06CAD8DAE02750
:101600009E1FBA9B8458444E1C9B0B3FF4AF1B1E7D
:10161000912D8F995D1F177C4A1D8962263724E121
:10162000712310129852AE7CCC1C127E0D7B2F645D
:10163000A57C5C85786586C739C5B2C9D5D1318F9F
:10164000D67A0C8743D1045695C4D724C3E5385DB8
:10165000B0D0E16E3AD6BC59F9620737898F63780A
:10166000524024091BC67E1508687DDE8055DC6665
:101670003A3458B719106E1F8ABFE51B84A9381673
:1016800077486E544B45888784859F0B8C0D24A921
:10169000792559DE6E4ABB2C125E4650F1D44E7A43
:1016A000E3219FD964111FB32D640D4E2C46AB7BF3
:1016B000905FEA5D681EE7066310CF42FB41AB0D09
:1016C0001FDD6BACF8583A760F367C2DE2B3608B99
:1016D000A132257C8326B4A87762FA4A92C8D66FD5
:1016E000EE3146FEFA081A24B0DEA081D24B66AF76
:1016F0003493807A2F09B0F7CE265847700EC10B6D
:10170000281CC23708DF207C83F00DC23724FE85F9
:1017100004E7CAF45413140988517A62949E188518
:101720001FA3F063147E8CC28F5D70CCF248CA6731
:1017300037CCEE80A285F9AA550EB874C3989F7C69
:101740005BF1313CDD8F21CA5E81D40A102A0BCDBA
:101750006D3645C629208B057A60D4EB85852FAC84
:101760008811E361A0B15E057D7AA3809B5334DAD2
:10177000713A97D6355504E7125C4CB05DBEC7414F
:101780007012C1B3092EF1F69FE7F68743B1A59A0F
:10179000E67735BBDDCD2EBFA62D8DF1FBC97CAF25
:1017A00011FAB3794FD915E29B06968BB8F2B8A51A
:1017B000D7726B5A1358F212F1CC09B7889D721F79
:1017C000D38B361093E5C2344521F75D3019785537
:1017D000D99684A1862171F93AD21289CD4CC6CC12
:1017E0002D67B2E9113B7699D807E08F0EE0DE82D3
:1017F0000E1341C472433BCA5ABA6134C69455941D
:1018000054D5993FD68660F1CFEF5A8B2373F4DB22
:10181000DA50CFAACDF60245C8DA617437F71F3027
:101820007774253B0AB48E3815C870BBDA69C737A0
:1018300077553221CBF0E984872705D1614AB3611E
:10184000A3DC5BC4E33B83385120225419DF7ACCFC
:101850005C77698249ADB72522A5C91BE629D7F572
:1018600015B641E02785B1F242E3BB803C3C8B20BA
:101870006D2B8592C11F7FD4A0478F714A05FB92C3
:10188000758D879E6732980CC252CAB06273A7AB3F
:10189000EDA24FA6200A3CB1A38E274521BE4F3DA5
:1018A000B5C4986A0D47B8537AA07A207E0366FEC5
:1018B000284EB39130CCC643F271152C9F655DCB99
:1018C000A0CE2F8BE385493E5488BD4F119F943F96
:1018D0002D1122D170BF0E39C30D431998338DFCE1
:1018E000EF1401C2E67E6B5F3816E63F76CE0BC979
:1018F0000A64130D01751B71A6EC8FF1B91C7B8175
:101900009031508502A0AB53EF99C23086C7605A20
:10191000D464EB1002774998395EF1B495BE22F990
:1019200081948A8A0AC13741E609F9E705447BAE0A
:10193000302066280E214F5BE7F2B4ABCA1849D0BD
:1019400006B34D923B5FB44182FAB46819F17D3918
:10195000E511EE06F12A84D93F19F3804A27EADC23
:10196000C31DCC1F8F93B159F0C5564F449DC5314F
:1019700036821FB61AC3F26C74B28DF0873FE85BF3
:1019800084C6F8E74656EAE160A3A78C6D0490444C
:10199000653330F459188AF85C8D98AB79B80B9898
:1019A00044C588C837063B8B0923A8324BA8985CEE
:1019B000F4EE99B5915522161A36A2570FC7057B3A
:1019C000FECBBF2160523C12F90DF64ECBBCA647B0
:1019D0002FE32F73E8C9B7852610401C2FA267C4D8
:1019E00041779CEC8EE9AE07A19D1F2B16114F2469
:1019F000E08DE17928B3AEC793EB4D9B27C44FEE42
:101A0000458B775D7A4C56BE928C74B12D1E9839F9
:101A10003809798C84B54B5C2B1F2157626339A838
:101A2000F935A07C21DC99C47721588A4C7FCD1AE6
:101A30005071D06353FC99EE3CBDE2A109D33D6ED9
:101A40007147F608C19492DE7F172F5C0B06A763DF
:101A500017E368BFE4720B9E7C77C4C44C4D4767A4
:101A6000DB31E3696FEB3EA67B07E7B7B2A0A4B812
:101A700077F6C763C816606208F766B9346C40A190
:101A800038F6F2B52C7F92789D78DB3CA51EFCECF5
:101A900062F97E450714249E1BE1D040CC3616BC6B
:101AA000E448E1926B833EC1C0C1DADC9DF56C6510
:101AB000AB6BA94048B285C2189A1A5FDC697117EE
:101AC0002BC1D47691746F8FEA1BAC4911EED6F519
:101AD0003EAE792ADB56B6C264ED0BFBB910157326
:101AE000DF23190E2F204C648678D0C985738BC1F3
:101AF00017D013D3D1D69EDACEFCA9EE2D516F08A4
:101B0000792F70FE9B67934F63C7939350831E3367
:101B100052C3695BD2DE668D48B89BC533213CD980
:101B2000FFDBDC4DAE56574B0AEF2AD8BBD2D9F3B8
:101B3000FD3CE8F44838789039829B68F698892310
:101B400048C522B919C29DE8A1B158BF1EF5237935
:101B500034348B58E06605F49E590831485300D15F
:101B600071C29FCE23F01A065FAA5A22C0648AE18E
:101B70004B8C2ED85A338D5F7CBFF538E3A2AE056F
:101B8000BDBDFECB7C819E75B1C88650FFFA7074D6
:101B90006070E8F23E73BEB39D3742DDD0FE445420
:101BA0008A036A0EB5C72C4486FD3D93BE887C1F10
:101BB000EDD8F430928EA576A272082DCD642A0B52
:101BC00078CA2BE22124B4FC8B94081DF44B3E010F
:101BD000990069CFCFFF27B2BB4E74AF58643E7EE9
:101BE000E2B338997C9CC862900E19E9360B260E38
:101BF0008A7446CD2A1625CFAAB1EF798C98C950A0
:101C0000094B414F23BE6B21C4EC9BEB15411823BC
:101C1000DF51EADAC51D8A851BC4532E62FCE1B18F
:101C200052BE15143165E2C332C7EF49F2FB2141C0
:101C30009922FE5FC92096CABAEF2DDBD5C47D6D0F
:101C4000E893F84486E559B3B4EE2863CCE817EE80
:101C5000E61E3D6DBCF377077C49961BD929647954
:101C60009B7CA3E201377C91208E5B0A018FE81AEE
:101C70001E2458855B92DFF3727C424D848C0CC924
:101C800086878A2EA37BF20C82BB4B76B289DED389
:101C9000BB5B8E30B8BB4C348FC2E219F31F0E22EF
:101CA000B32C474B79926428BD7FFBF948DAF007E3
:101CB00053F93A01A7433CCED8188E6A367BE8B276
:101CC0009CFFA843D0CDD29FED5C025A1EEDBEF31F
:101CD0005236DD83DEE87A51B35E21402DB95F6E66
:101CE000F36FFAE6A9E54120B9CEF946679BEB060A
:101CF0005F388AEF49F06180F766BE658A343D8DB2
:101D00004A011805BC31B1D62097065737E3EB23BB
:101D100040AD9B0D638F942F21CFD5A49C09F37CFC
:101D2000F5B05DBE91943B919B5C7FCCC3873FBC7B
:101D3000219F1E08E8C8B2C799054CB96BB4E5C22B
:101D4000F1F02187088E7BBCDE2161CC1FE7439830
:101D5000DCA781950D74703E213A2DE167F407ED03
:101D600008266AA48925A1C0F1DB051322FA4832AE
:101D70006A59579384E72CFFDB95B39CADA8EF58C5
:101D8000EA5EDA42E79D8252A9609CE39C0F23C47D
:101D90005381AF40A57DD3A9FC334987255F0CB99A
:101DA000363DCDADF52D9ECE8BDDED1E62A6159593
:101DB0006229A7A2A5E1F467B44EE14EEFC8F0E7AF
:101DC000B066A6EC14944466F2B79C78BDF0C5AF3B
:101DD000EC51BCC171FFF2B1296F2F7F570A9A23D2
:101DE0000C5CE2893F59BFC9F77ACCA76AEA7172E5
:101DF000A11D0ADBA2019F78A43E0F7187193E390D
:101E000064EE1FD88E4CC4AC5292B2D761E61B6907
:101E1000F4FAC68BD909A40F87E0408CFC519ACC08
:101E20008C5AE4F6C9E8E5E904AFFD40F285347C5C
:101E3000FA074C3D019ADF6601361088261FB2B9B9
:101E40008C968F0A6151745AE67F49FDA45C049018
:101E50001B017CFC808923D3FD9DB3EF14E78473C1
:101E60006F57D2CB91831100FB7CF2FDC7D4072DB5
:101E70004FEC1EB91C3738FF04D08AFD7FB09FBFDE
:101E8000BF9DB09B67EE15E9693DCD6ECFEE4C9FCF
:101E90004EA92E5033C8C3A3F0D6A5F89FEBB0E3EC
:101EA0004F21F7D37F62C7F3139F01BBF5D8F1FF32
:101EB00077A95B52CC0952D9F464D37322CADCBF30
:101EC0003BC6F69D184B904CE16CCA35BABFCC7C32
:101ED0000F6FC278243767E4BA04C7C90E9A4870F6
:101EE0006AA0C515CEBD223671CA8D6401AE462CDE
:101EF0005B85AB4C6A47F7AFA9E4533B99707D60B3
:101F000071E4FDF928C9B722B88BE0E3048F102CE7
:101F1000A5F16625C16B08DE43900FA5A1085E03FD
:101F2000EA95DBA8FC71595CE330981C22719C4E49
:101F30007856F0005BDAD0739C78648ED4B0395652
:101F4000B82DE7A9E2C6093EC7D7D5C626506B848F
:101F5000DFE56E63711B2D87DCF626462B1EBA4229
:101F600010E270B50BE69B561D48A09EB8610D456A
:101F70005190139A22CC18560ADE316255940DD531
:101F800095FC640F6135413CCA330C5FB83712ECE5
:101F900095E1C5E86132036AD9CB219F7BB5906C8E
:101FA0002F464CEC83F357C6A0702521EDB60ACB23
:101FB0006DEC6864A525918A452591B279CCBC4B1E
:101FC000E43FC6C98BAAA82A5E8906E8C8C955AAF3
:101FD0002AEB2AAB6AEA14F9D03942DCAA1062145F
:101FE000D15C3DBFB63A08B0B63648EE020FECEB16
:101FF0008202D670F79AA0B407CC2FA6F49F5CBAE1
:10200000B78AF470CBD26EE59ADFFCE1C0EDD397CE
:10201000D42D99BCDCB5E8C60FD6DC55F9EA237F90
:102020005307559340B38C17523E67FB43789BBBD5
:1020300030794F53DECF257D95A427C2740EF95712
:102040002401E393F3F83519E4A47E5AC5B6DAD730
:102050001926FF2AC527239974E0B389AF6A9B3DEF
:10206000BE4D1F26E5AA5AE33B72DFDF27BE1733BA
:10207000C4F7EADF29BEAA8FD2C7F7F8DF29BE6B03
:102080003E526DB237E5FAF08ECF28BE83DB338740
:10209000636D9F91CF28BEFE9BD3B7CFD4F84A3F44
:1020A000A3F679CF77D2C7A77ECA702659D27822F5
:1020B00074F9671D6ECEDF29DCDCBF53B8925FDA9E
:1020C000B141D0F78B63749F3F2AE00F7401AF3D9D
:1020D0006522FD6F6D07BB3EA37657FACFC76EE74B
:1020E000B27C177F46ED6EDFFE138B6FED6794BFFA
:1020F00017EF3976BF927CF28F3FF0D9C437FE5884
:10210000E670ACB24EA5A4949C94F626F9FE257F09
:102110007F01E115122C2278124127C193099E42BA
:1021200070528672BDE7332AD7C15FA40FC7CB1F99
:102130009EAD081A037AFAF2A1F5F1FD04C7497EB3
:10214000AC84783F7F497D6BD789A6E3D9A714D3A8
:102150005F275E393A417F8B7F28FC0583F1E4E6F7
:10216000771A75FEDDD40FEF3EF67A3C95CE399E98
:102170005C59BEC64166E10C71AFA3F239FB171979
:10218000E375A4469C67297F7E867E8CF887FF27AF
:10219000BDBF4AB08BE0E20641E91D7950845F98EB
:1021A000CC20371FB9CA1EDFA7982FF8958FFBE404
:1021B0003ECC27749FE59363B7C7A87993F7AF53D5
:1021C000472EC911744947CE09B57B991F6C4F5DE5
:1021D000AD0D19F1FEED61515E1DC417BFEB23FB80
:1021E000BD8FC5E3F67C99F78152EC657FBF21C5B1
:1021F0005EF6FF7B52EC65BB7A75FCD8E5362905A7
:102200004A75FD8FD3B7A7B6CE253628D5CA8FD34A
:10221000E3BBDB0D1B946AF98F8EDD4F0A53CC3F75
:102220007E3E3D7E37894691F027D41F064F4A9F58
:10223000EFC6A5CD1D56689E4367E8B75D9DE24198
:102240007709F3A93EAF792A3DBEABCDDD65855256
:10225000DDF47CC6FC16D1D8CBE13594FE08411CD8
:1022600093552529EB3A57C9AAACCAAAACCAAAAC5D
:10227000CAAAACCAAAACCAAAACCAAAACCAAAACCAF4
:10228000AAACCAAAACCAAAACCAAAACCAAAACCAAA04
:10229000ACCAAAACCAAAACCAAAACCAAAACCAAAACF2
:1022A000CAAAACCAAAACCAAAACCAAAACCAAAACCAC4
:1022B000AAACCAAAACCAAAACCAAAACCAAAACCAAAD4
:1022C000ACCAAAACCAAAACCAAAACCAAAACCAAAACC2
:1022D000CAAAACCAAAACCAAAACCAAAACCAAAFF2AE1
:1022E000F57F01EF78C83100000000000000000019
:1022F000131705020193972700009387272D931644
:102300004700BE9694426383A6000290B726002041
:102310001207BA9703A74608DC47014501275D8FDE
:1023200023A2E60803A7860893C7F7FF0127F98FC2
:1023300023A4F60882804111F32700C09387C712B7
:102340003EE4732700C0A267E36DF7FE410182807F
:10235000B7270020D847C176FD160127758FD8C74B
:102360001307D007D8C7D847C1660127558FD8C7EC
:10237000828082803386C50297E7DCE0938787C836
:1023800088632A9690E382801C610347D50083C747
:10239000470193F7F70F5D8FA306E50013F50706D6
:1023A0008280A1E9029082800338050083474801BA
:1023B0000347D50093F7F70F5D8FA306E50093F76A
:1023C0000702EDD71B08060132879B0808001C6135
:1023D0002380D7009B0717001B8707008217819374
:1023E000AE9783C6070089CA4686E31207FFCDFE73
:1023F000828083C6050001473A86D5BF97E7DCE0B7
:10240000938747F76315F516B70700201CE197E798
:10241000DCE083C727EB93F7E70F17E7DCE0230344
:10242000F7EA1C61238207001C61238407001861FE
:102430008347870093E727002304F7001861834749
:10244000870093E747002304F7001861834787005C
:1024500093E717002304F70018618347070193F7F8
:10246000F70E2308F70018618347070193F7F70D6C
:102470002308F70018618347470393F7D70F230A10
:10248000F70218618347470393F7E70F230AF70220
:1024900018618347870393F7D70F230CF70218615E
:1024A0008347070393F7F70D2308F7021861834763
:1024B000070393F7F70B2308F70218618347070315
:1024C00093F7F7072308F70218618347870393F709
:1024D000770F230CF7021C611397050201932382E7
:1024E00007041C61238407041C6123860704B79733
:1024F0008647938707C033D7E7020CC5B70780002C
:102500006369F71E02901C612386C70018610CC521
:102510002306C50023380500233C050023300502AF
:102520002334050223380502233C05022330050429
:102530002334050423380504233C05042330050611
:10254000A30605008347070393F7770F2308F702D5
:1025500018618347470393F7B70F230AF7021861FF
:102560008347870393F7E70F230CF702828097E7EF
:10257000DCE0938727EE631CF500B70710201CE111
:1025800097E7DCE083C707D493F7D70F79B597E7D0
:10259000DCE0938727FA631CF500B72710201CE1C5
:1025A00097E7DCE083C707D293F7B70FBDB597E78E
:1025B000DCE093872706631CF500B74710201CE179
:1025C00097E7DCE083C707D093F7770FB9B597E7B4
:1025D000DCE093872712631CF500B76710201CE12D
:1025E00097E7DCE083C707CE93F7F70E3DB597E793
:1025F000DCE0938727D1631CF500B70700281CE1B6
:1026000097E7DCE083C707CC93E7170039B597E776
:10261000DCE0938727DD631CF500B70710281CE179
:1026200097E7DCE083C707CA93E72700FDB397E786
:10263000DCE0938727E9631CF500B72710281CE12D
:1026400097E7DCE083C707C893E74700F9B397E74C
:10265000DCE0938727F5631CF500B74710281CE1E1
:1026600097E7DCE083C707C693E787007DB397E76A
:10267000DCE093872701631FF500B767102817E791
:10268000DCE02331F70097E7DCE083C7A7C393E7DB
:10269000070161B3029071B31BD717009B986800C4
:1026A000BB0817410347C80093F7F707BB871741DB
:1026B000136707082306E80018612302D700186192
:1026C00023006700146103C7C6001377F70723864A
:1026D000E600146103C70603136707082388E602B0
:1026E0006373FE000290186193F7F70F230EF70251
:1026F00019BD9B0707001BD377009BD6F700130E6D
:10270000F00F9A880338050093F6F60FE366EEF8AB
:102710008347C80093E707082306F8001C6123825B
:10272000D7001C612380670018618347C70093F7B7
:10273000F7072306F70018618347070393F7F707A6
:102740002308F702C9B3397106FC22F826F44AF0CF
:102750004EEC52E897000000E780C0BFB7A7080022
:1027600037070837938707081CC737240020854799
:10277000232CF408B7273F0037770020938707F012
:102780001CC7B78700201307F04723AEE7C0714688
:1027900097E5DCE0938585A81305042097200000C9
:1027A000E78080C8714697E5DCE0938525AC13058A
:1027B000442397200000E78020C71306000397E515
:1027C000DCE09385A5A71305442597200000E7804A
:1027D000A0C5371708003734002013077790B717C4
:1027E00004002322E41C9387D7A02324F41C232273
:1027F000E41C85642324F41C938704F0232EF41A2C
:102800009384048097000000E78020B3232E941A5D
:1028100097000000E78060B2896793870780232EC6
:10282000F41A97000000E78040B191679387078012
:10283000232EF41AB704DE803774D0B7196985697E
:102840001304047789041309F907138AE9FF97E74A
:10285000DCE09387A7A79843B94763E9E70897E7C0
:10286000DCE083E7A7A6172700001307A7C48A07A1
:10287000BA979C43BA978287054797D7DCE023A78E
:10288000E778B78700209306101023A0D7C0B7F6CB
:10289000800823A0E7C09386F62323A2D7C0B7768B
:1028A000F0379386067723A6D7C0B706FE008906C1
:1028B00023A8D7C089669386860C23AAD7C0B756AB
:1028C00000F09386C60C23ACD7C0B70600FF23A246
:1028D000D7C2B70614809386161023A4D7C0B707B3
:1028E000403E98C397E7DCE023A2E79E97D7DCE061
:1028F0009387C7719C43A1FF97E7DCE09387978597
:1029000017E7DCE01307178597E6DCE093869684EB
:10291000639FE7340D47B707013E98C3B717003EE2
:1029200098C33707000193066701D4C3930600508C
:1029300094C79306071094CB13070730D8CB0567CD
:102940001307070298CF23A6070023A2070223A498
:10295000070213070006D8D7054798DB11670D0754
:1029600098D3B727003E1307501598C70D67130774
:1029700007C3B706203E98CA13078020D8C323AAEE
:10298000070023AC070023AE070002C41307700C36
:10299000A24781276370F72EB7070001938677015E
:1029A0003717003E54C3FD173EC23716003EB70628
:1029B000000258420127758F6302072CB7070540B4
:1029C000372700209507232CF70A0F00F00F02C6C7
:1029D0008327870B93F70704638C072A930740022A
:1029E0001CC7B727003E0D47D8C797000000E780F7
:1029F0006096E2704274A2740279E269426A01450B
:102A00002161828097E7DCE09387C78C9C43852710
:102A100017E7DCE02320F78CB787002083A707C2E5
:102A200093F70704E38407EC97E7DCE023A4078A25
:102A3000894717E7DCE0232BF7884DBD97E7DCE0FB
:102A4000938747899C4339479B861700B6876367FE
:102A5000D70017E7DCE0232FF78649BD97E7DCE0D6
:102A600023AA07868D47F1B7B737002023A00710A8
:102A70003707103E85471CC3370750361CC337073E
:102A800051361CC39306F04737870020232ED7C04A
:102A90009306F007232ED7C03707803E1CC32320A0
:102AA0000700914779B7B787002083A707C213971C
:102AB00017039547E34F07F615BD37870020832797
:102AC00007C2B70600408127D58F2320F7C23707FA
:102AD000803E5C4391668127D58F5CC3994791BF47
:102AE00085473707203E1CC33707083E1CC397D7CE
:102AF000DCE023A1077E9D472DBFB787002083A779
:102B000087C093F70708E38307DEA1471DB7B787A0
:102B1000002083A747C113978702A547E34B07F01F
:102B2000F1B3414597F0FFFFE780C07C414597F046
:102B3000FFFFE780207CB70611209846138609C066
:102B40000127518F98C6372711201C478127D18F25
:102B50001CC7A947F9BDB787002003A747C183A6B3
:102B600087C201271396060263580602054797D6C7
:102B7000DCE023AFE674370700DB23A2E7C2377738
:102B8000F0B71307077723A6E7C03707FE800907CA
:102B900023A8E7C0AD4771BD1B5707011377F7079F
:102BA000B14663E4E602094797D6DCE023A2E67269
:102BB000370700DB23A2E7C23777B0B713070777E1
:102BC00023A6E7C03707BE80D9B70D4797D6DCE00C
:102BD00023A0E670370700FF23A2E7C223A687C021
:102BE00023A897C045BFB787002023AE27C113078E
:102BF000F00723AEE7C097D7DCE09387676D984373
:102C00008547631AF70497D7DCE023A5076CB14723
:102C10000DB597D7DCE09387E76B9C431B871700C4
:102C2000BA87E378EAE297D7DCE023A5076AB547DD
:102C300009B5B787002003A787C2370700FF23A283
:102C4000E7C223A687C023A897C023AE27C11307D6
:102C5000F00723AEE7C0B947E9BB97D7DCE023A76D
:102C6000073A69B110439107110723AEC7FEE3EBA2
:102C7000D7FE4DB1A24785273EC419BB1247012795
:102C800009C712477D373AC22DB33EC2029015B331
:102C9000B24785273EC62DBB8947630DF50263CF3A
:102CA000A700054797E7DCE09387C7A46306E50024
:102CB00097D7DCE09387077A3E858280114797D7C4
:102CC000DCE093872779E349A7FE97E7DCE0938769
:102CD0006794DDB797D7DCE09387C769F1BF2A9681
:102CE000AA876393C70082802380B7008507D5BF7A
:102CF0009307F6FF63F8A5003387F5008147636209
:102D0000A70201A03307F5008147636CB70001A05B
:102D1000B386F50083C606003307F5008507230058
:102D2000D700E317F6FE82804D713EF4A2774AFA8F
:102D30005AEA5EE662E2E6FD86E6A2E226FE4EF68C
:102D400052F256EEEAF9EEF53A8B9C63186236E8D9
:102D500093764800338CE5003307FB003AE01B878D
:102D6000060032F03AEC2A89AE8CFD5B11E742672F
:102D7000FD17B30BEB40BE9B13861B00B3777601A8
:102D800081E7C2676378FB02A277755523B007001D
:102D9000827723B00700B6601664F2745279B27974
:102DA000127AF26A526BB26B126CEE7C4E7DAE7D83
:102DB00071618280833709048326090093055003DB
:102DC0003EE40324490083398903832D0902032A41
:102DD0004902032D8902E3E9D57A171E0000130E7C
:102DE0002E711395260072950C41F29582858547C8
:102DF000232EF900233409002328F9001374180046
:102E000071E4DA8AE6848149014D014A814D09461F
:102E100063F7841F850483C6F4FFB39686002124DC
:102E2000B3E9D900E37686FEA1AA13772800054509
:102E300011E3715505472320E900DA8AE684054746
:102E40006305E50071576318E510A2677D572322DB
:102E50008900331487002330F9041344F4FF827788
:102E6000B3793401233C39032320B90323224903D6
:102E70002324A903B384944184E3A277B38A6A41EB
:102E800023B05701E34905F085659385055B33F36E
:102E9000BA028327C901416E453E1396070341924A
:102EA0009BD70701E39B0A769B9707013B87C700E7
:102EB000232EE900E31105EE13781800E30D08EC6A
:102EC00083270901E389E7EC7955F1B58149368D0E
:102ED000368AB68D3684E3FA8CF583C50C0093866A
:102EE0001C002324B90063FB860703C506009384F6
:102EF0001600832689002326A900054A9B95860093
:102F0000A99D7D45BBF5A50291E983358900161A77
:102F10003D0A33FA4501611A333A4001E267012A5A
:102F20008DE39BD64600A1268545BB95D500216E35
:102F300005456366BE00B356D60013B51600336A66
:102F40004501DA8A630B0A0202901307400223202C
:102F5000E900DA8A7D551D476F00D063137728009A
:102F6000054511E3715509472320E900DA8AB68443
:102F7000F9B5E6868DBFE684C1BF8946E3F986E8E8
:102F800093F679009BD516001B06D4FF232AD9009F
:102F9000232CB90093D939001B040600639B05203C
:102FA0001D8A6363C40893767400B3D9D90061980D
:102FB000014A61CC9D4663F3860A93160A02819208
:102FC0003306D9008D66B29623843693613493D943
:102FD0008900052A8D46E3FE46FD8D66CA9603DA12
:102FE000869283D6A69293C6F6FFC216C192630F4D
:102FF000DA0C0290130770022320E900A1BF1377B7
:103000002800054511E371550D472320E90005BD52
:10301000DA8AE684EDBB13772800054511E3715584
:103020001547E5B7DA8AE684E3F784FF850483C6AB
:10303000F4FFB3968600B3E9D9009B0684001B8495
:1030400006009D8AE362D4FEB9BF137728000545C8
:1030500011E37155194755BFDA8AE6841D46E3F638
:1030600084FF850483C6F4FFB39686002124B3E968
:10307000D900E37686FE91B713772800054511E362
:1030800071551D4759B7DA8AE684E3F784FF931632
:103090000A0283C5040081923306D9008D66B29678
:1030A0002384B692850435B7DA8AE68499B79D46BB
:1030B00063F0860493FDF90F613493D98900826728
:1030C00063F6FA042380BA017D3A850A63070A0A87
:1030D00079FC826763E2FA0625471DA8137728006A
:1030E000054511E371551307300305B7DA8AE68405
:1030F0001D46E3F584FF850483C6F4FFB39686007E
:103100002124B3E9D900E37686FE6DB713074003A7
:103110002320E900094581B5DA8AE6844DB7DA8AC9
:10312000E68445BF13772800054511E37155130761
:103130006002E1BDDA8AE684E3F684FF8267B306C3
:103140009C40338657416373D600B28613160A0239
:1031500001926373D600B2863686A685568542FCF8
:1031600036F897000000E780E0B8C27662783B0A44
:10317000DA40B694B69AE31E0AF483264901858A9A
:10318000E38D06DE93767400E36ED432937674009A
:10319000B3D6D900619863F49C00E3150434FD595B
:1031A000B399890093C9F9FFB3F9D900E300043456
:1031B00001A08D466398D5000290294735BDDA8A73
:1031C000E684DDBF8546639DD508130600120565BC
:1031D0002326C902130585DE13060002930689041F
:1031E0002328C90295454A9542FC36F8970000000D
:1031F000E78020AF6278C2761306890DA145850667
:10320000A38FB6FEE39DC6FE13068914A545850669
:10321000A38FB6FEE39DC6FE130609169D458506DF
:10322000A38FB6FEE39DC6FE13068916A14585064B
:10323000A38FB6FEE39DC6FE032E8901635C0E14C8
:103240000D45054EF54EB3069C40635ED55882672A
:10325000B38657416347DE6AB94663FC8658C5ABFF
:10326000014A13160A020192971600009386066916
:10327000B29683C606006367D40893150A0281914B
:103280009716000093868667AE9603C606008546AD
:10329000052A1B050600BB96A600FD36B3F6D9002D
:1032A000119CB3D9A90013868500171500001305DA
:1032B000E5638A05AA958C410A064A96AD9E54C6D6
:1032C0008946E3F046FB0965130585B8130600122D
:1032D00081454A9542F897000000E78080A0427837
:1032E000014A832649036366DA04CD46232AD902BC
:1032F000A1B713772800054511E371552D4731B368
:10330000DA8AE68493160A028192171600001306E1
:10331000E65EB296E3FF84FD850403C6F4FF331630
:103320008600B3E9C90003C606002124E364C4FE95
:10333000A9B7894663F2860493150A02819197160C
:10334000000093862657AE9683C6060013F67900D2
:103350007534B305D9008966AE962384C6B893D96F
:103360003900052ABDBF13772800054511E37155C3
:10337000394761B9DA8AE6840946E3F684FF8504B1
:1033800083C6F4FFB39686002124B3E9D900E3761F
:1033900086FE5DB7130600048145A808C2E472F8F2
:1033A00097000000E780E093427E856E13860EDA78
:1033B00093180E0293D80802B386C802814513867B
:1033C0000E80F2E046FC138586164A9536F8970083
:1033D0000000E7800091C276856E13858E96369543
:1033E0001306004881454A9597000000E780608FEA
:1033F00083278901C276E27813960702019221069B
:103400000A064A96066E2668832FC6003306D90040
:10341000B285814E85056394DF0502ED9302810537
:103420002C099303410D814F014583A6420091056C
:103430009102359DBB86F6019B9F160023A2F501E4
:10344000E395B3FEC1666384DF12854663F1A6127D
:103450000290130730022320E9007D55CDB283C6C8
:1034600075049811852E8A06BA9603A586F7052558
:1034700023ACA6F645B7DA8AE684D9BF034E8604A4
:103480009B050E00B9C9130F010E93962500FA96FD
:1034900003AF86FB81439B021F0023AC56FAAE822A
:1034A00093761F009B931300B3E37600FD328123D4
:1034B0001B5F1F00E39602FEA94663E6B604260ED4
:1034C00033EECF011B1E0E0185461B5E0E41BB95E0
:1034D000B6009306F03F63FB7600852F0506E39F59
:1034E000FEF989466395D718014A1DAA93960302EF
:1034F0008192BA969386060B8606CA962394C601D5
:10350000BB837500F9B793F6F33FC6968606CA9655
:10351000039E861663160E002394A6162A8E79350E
:103520009BD393009BD3130093F613003B0EDE4016
:10353000134EFEFF012E639A65003A9E130E0E4B4A
:10354000060E4A9E2314FE0149BFB3061E018606DD
:10355000056ECA96F296039F86961B0E0F006316A1
:103560000F002394A6962A8E7935FD3565BF021E7D
:103570009306006D135E0E02814F7D55B388D8020D
:103580002D433307DE02A1BFB94663E78604B306C5
:103590009C4005466349D612856593F6F93F13862C
:1035A00005E5B2968606CA96039E860063470E0C12
:1035B0009B569E4099C26371D40263FC840F83C6FC
:1035C000040013861400B284B3968600B3E9D900D0
:1035D0002124B946E3F286FC856593F6F93F13860C
:1035E00005E5B2968606CA96839686001B85060078
:1035F000634B050E1356954013F5F61FBD469B0D04
:103600000500B3D9C900119C63C3A61093160A0222
:1036100081923306D9008D66B2962386A692052A3A
:103620000326C90283260903B19EE36FDAF4639986
:10363000461B8D669386C692CA960216B68501927F
:103640001305890442FC36F897F0FFFFE780806A93
:103650008365C902C276036609030565130585DE25
:10366000B6954A9597F0FFFFE780C0686278832699
:103670008901FD36232CD900C1B6A946E3FF86F2A5
:10368000294693850525B3D6C900134EFEFF858ACA
:10369000F296AE968606CA96039E86001B05160015
:1036A000E35C0EF29B0626001B060500E37DD4FCBE
:1036B00029B713772800054511E371554147B1B289
:1036C000DA8AE684DDBD83C614001B068400890403
:1036D000B396C60003C6E4FF33168600D18EB3E965
:1036E000D9004124D5BDA946938505251B86160022
:1036F000B3D6D9001345F5FF858AAA96AE968606FD
:10370000CA9603958600B286E34205FEC5BDC14652
:10371000631BD50063190A00C14D0290454725BBC4
:10372000DA8AE684DDBF9B870DFF939607028192BC
:10373000971700009387071DB69703CD07006364B2
:10374000A4091B860DFF9315060281911716000030
:103750001306C61B2E96854603460600BB96A60199
:10376000FD36B3F6D9000D6EB19E1305CE92131639
:103770000A0201924A9532954146B3D9A9013B0408
:10378000A4418145639ACD001B06FAFF02160192FF
:103790004A9672968345C69213960602019242FC9F
:1037A00036F897F0FFFFE780C053C27662783B8A15
:1037B0004601BDB513772800054511E3715549470A
:1037C000A9B0DA8AE684E3F784FF850483C6F4FFB0
:1037D000B3968600B3E9D900212495B7DA8AE68446
:1037E000029055478DB93946636386060546635294
:1037F000D60283C614001B0684008904B396C60053
:1038000003C6E4FF33168600D18EB3E9D900412404
:103810003DA893F6F93F9386060B8606CA96039554
:103820008600634605069B56954099C26371D40293
:1038300063F8840983C6040013861400B284B39627
:103840008600B3E9D9002124B946E3F486FC93F657
:10385000F93F9386060B8606CA96839686009B855B
:10386000060063CA050613D6954093F5F61F930626
:10387000F00F1B8A0500B3D9C900119C63C8B610AC
:10388000826763FBFA0623804A01850A55BAA94676
:10389000E3F086FA2946B3D6C900858A898E9386D5
:1038A000F64A8606CA96039586009B051600E350E5
:1038B00005FA9B0626001B860500E37ED4FC8DBF1F
:1038C00013772800054511E371555D476FF0EFF35D
:1038D000DA8AE684B1BFA9461B861600B3D6D900A2
:1038E000858A8D8E9386F64A8606CA9683958600CB
:1038F000B286E3C305FEA5BF614719B8DA8AE6843C
:1039000041B763E78E0203C6140083C60400910426
:103910002206558E83C6E4FFC206558E83C6F4FF89
:10392000E206D18EB3968600B3E9D9001B040402E7
:1039300093F6F93F9386060B8606CA968395860012
:1039400063CB05161BD695401B8A0500119C937608
:103950000A10B3D9C900228695EA93F6F93F9386F7
:10396000060B8606CA96039F860063480F161B54F3
:103970009F402380BA0093760F10B3D989003B048F
:103980008640638E0616850A1B0A0F00137AFA1FFB
:10399000930600106303DAFE1B0AFAEF021A135AA9
:1039A0000A0297170000938767F2D29703CD0700AA
:1039B000060A971600009386E6EB369A031A0A0069
:1039C00063000D02636CA4158546BB96A601FD3607
:1039D000B3F6D9003B04A441B3D9A9013B8A4601FF
:1039E000B94663E58604B3069C400546634BD6188A
:1039F00093F6F93F938606788606CA96039E86005C
:103A000063490E129B569E4099C26371D40263FFB4
:103A1000841583C6040013861400B284B39686000E
:103A2000B3E9D9002124B946E3F486FC93F7F93FC2
:103A3000938707788607CA97839787009B86070036
:103A400063C1061613D6964093F6F71F821681922D
:103A500097170000938707E0B69703CD0700B3D907
:103A6000C900119C8606171600001306A6DAB29646
:103A7000839D060063000D026364A4178546BB9610
:103A8000A601FD36B3F6D9003B04A441B3D9A90180
:103A9000BB8DB601C26793960D028192B387FA403F
:103AA0003EE463FDD714E267638A071402901307AC
:103AB00050026FF06FD4A9461B861600B3D6D9000A
:103AC000858AB385B6409385F54A8605CA95839560
:103AD0008500B286E3C205FE85BDA9461B8416009B
:103AE000B3D6D900858AB386E6419386F64A860620
:103AF000CA96039F8600A286E3420FFE9DBDA38067
:103B0000EA01890A6FF02FF413772800054511E3C5
:103B1000715565476FF06FCFDA8AE684E3F684FF6C
:103B2000850483C6F4FFB3968600B3E9D900212447
:103B300051BDA946E3FD86EC85652946938505B808
:103B4000B3D6C900134EFEFF858AF296AE9686065E
:103B5000CA96039E86001B051600E3590EEC9B06D1
:103B600026001B060500E37DD4FC55B5137728001D
:103B7000054511E3715569476FF02FC9DA8AE6846C
:103B800079B583C714009B0684008904B397D700D6
:103B900083C6E4FFB3968600D58FB3E9F9004124CC
:103BA00071B58565A947938505B81B861700B3D7FE
:103BB000F90093C6F6FF858BB697AE978607CA972E
:103BC00083968700B287E3C206FE49B513772800C3
:103BD000054511E371556D476FF02FC3DA8AE6840E
:103BE000E3F684FF850483C6F4FFB3968600B3E949
:103BF000D900212451B5DA8AE6844DBDA2675686E4
:103C0000B386D740C267B3F67601BE9663F3DA0097
:103C1000368693150A02826781912E9663E2C70663
:103C2000094663664607630D0AE083C506002380E4
:103C3000BA006316CA0083C61600A380DA00931682
:103C40000A028192B69A6FF0AFDF130750036FF04C
:103C50002FCCDA8AE6848267E3F9FAFEA2679396AC
:103C60000D028192B386D740C267B3F67601850A0A
:103C7000BE96A26783C606008507A38FDAFE3EE4E0
:103C8000D2867D5A638E06DA1B8AF6FFE9B783C5B2
:103C900006008D0A8D06A38EBAFE83C5E6FF753A2F
:103CA000238FBAFE83C5F6FFA38FBAFE9DBF13779D
:103CB0002800054511E37155130700026FF0EFB4BA
:103CC000DA8AE684E3F584FF850483C6F4FFB396BD
:103CD0008600B3E9D9009B0684001B8406009D8AF8
:103CE0006FF08FCAFD1461346FF0EFCA937618003D
:103CF000D9E6130720022320E90001456FF0AFA5A4
:103D00002DC89D4663FE860293F6F90F613493D960
:103D1000890003260901052A1B168600D18E232857
:103D2000D9008D46E3E746FDE1BF1377280005453E
:103D300011E37155130790026FF02FADDA8AE68414
:103D40001D46E3F484FF850483C6F4FFB396860022
:103D50002124B3E9D900E37686FE7DB713772800E6
:103D6000054511E371551307A0026FF00FAADA8A17
:103D7000E684E3F584FF83C60400850459BF014A45
:103D8000CDBFDA8AE684B5B7DA8AE6846FF0EFEC65
:103D9000FD14613463FB9C8AE36C87FE6FF0EF8A4D
:103DA00003470B00A128210B319F03469BFF399E3F
:103DB000BB06C700BD9E8347ABFF3B87C700834759
:103DC000BBFFB99EB99F0347CBFFBD9EB99F034779
:103DD000DBFFBD9E3D9F8347EBFFB99E3D9F834721
:103DE000FBFFB99E3B86E700BB87C6001B877800B8
:103DF00002170193E36667FA3B876841BB066701D8
:103E00008216819263ED6600B38A6A403B76C603F0
:103E10002E83BBF7C7036FF0EF888148C1BF050B46
:103E20008346FBFF359EB19FD1BF1171A2F9A6F564
:103E3000CAF12A842E89B28481451306000708102E
:103E400036E086FDCEEDD2E9D6E5DAE15EFD62F937
:103E500066F56AF16EED97F0FFFFE78080E80337C3
:103E600009008266FD5781933366D70063E7C72A4E
:103E7000867726F036D422FCBAC082DC02E182E8E2
:103E800002F882E402E591E797E7FFFF9387C74EC8
:103E9000BEF0A67791E797E7FFFF9387C74DBEF483
:103EA00046758677AD64138604B185458297715453
:103EB00063050522AAEC23200500854733079500FA
:103EC0000D6A2326F7B05295E6692330F5B0BD4759
:103ED000233C05AE2324F5B0638B092233844901CA
:103EE000832A84B0032704B0CE94232004B083A790
:103EF000C4B0B32A5001A10AA25B63C4072283277E
:103F000044B093E717002322F4B03DCB836701044C
:103F100062778275821BBA863EEC13E84A003C0841
:103F2000100893DB0B024E855EE897F0FFFFE780F9
:103F3000E0DF4267A256FD5593D705023378F700BC
:103F4000999E4277027623A6A4B042973AF803E7F7
:103F5000C901429632F03AE16266064736D4E2760B
:103F6000119FBAC02667F18FBE96BA9736FCBEE4A1
:103F70006349051A6306051823A6B4B06D5499A2C7
:103F80008327C4AF130ACAB04E9AF1EB7D5CA16CD3
:103F9000216D135C0C02FD1C854D83678102032794
:103FA00084AF82753EE8BB07ED408217021781930C
:103FB00001933EEC52973C08D286100856884E85F5
:103FC00097F0FFFFE78080D6C267A25623A6A4B071
:103FD000B3F587019D9EC2770276064BAE973EF8F9
:103FE00083E7C9012E9636D43EE1E24732F09B06C4
:103FF0000B00232EF4AE2A8763F3D7003E8B836534
:1040000084AF93160B02627581923686D2953AE49C
:1040100036E097F0FFFFE780E0CD8266E277266624
:104020002267B6973EFC86473696B2E4BB85674169
:104030008327C4AFAEC0BB866741832784AF232EDE
:10404000D4AE3B8B6701337B9B01232C64AF634A67
:10405000070C6314B70BE3830BF2A1F105B7864499
:104060001B87040063F3E700BE840D644E948365F0
:1040700084AF939A0402627593DA0A025686D29547
:1040800097F0FFFFE78000C7E2772666D6973EFCF1
:1040900086475696B2E4859FBEC08327C4AF3B8750
:1040A0009740832784AF232EE4AEA59FC617C59300
:1040B000232CF4AEAD67BE9983A7C9B0D98F8127F1
:1040C000A1C30144E66581C54675A6778297ED5781
:1040D0006315F400A25791E375542285EE704E7477
:1040E000AE740E79EE694E6AAE6A0E6BEA7B4A7C5C
:1040F000AA7C0A7DEA6D1161828025F3E39006E8CF
:10410000A667E6652330F90089E50144F9B77954DB
:1041100055BF4675A6778297CDBF79741304048F77
:104120006DBF755445B717C7DCE71307A7ED97C7F1
:10413000E4E7938727ED998F370708006373F7004B
:104140000290B70701022D47A1072FB0E708B72754
:10415000002023AA071617C7DCE91307A7EAB7064A
:10416000000A97C7E4E99387E7E96373D7000290F1
:10417000B706000C63E3D700029063F3E7000290F8
:104180003387E740935717019316F70293F7F70F1A
:1041900081C6852793F7F70F11476373F7000290E5
:1041A000B71701021307F00F938607802FB0E608B8
:1041B000938687802FB0E608938607812FB0E608A4
:1041C000938687812FB0E608938607822FB0E60892
:1041D000938607832FB0E608938687832FB0E6087F
:1041E000938607842FB0E608938687842FB0E6086D
:1041F000938607852FB0E608938687852FB0E6085B
:10420000938607862FB0E608938687862FB0E60848
:10421000938707872FB0E708970700009387075F0A
:1042200083B807003707020A930600100175371894
:104230000102B705020037060A0AB307A7001303F5
:1042400088822F30D3080F00F00F23B01701938717
:104250000704E39CE7FE86060F00F00F3387B700E4
:10426000E31DC7FCB71701021307F00F938787827E
:104270002FB0E7080F00F00F82803705080A828010
:10428000411106E43727002083278708B7060080FE
:10429000130500028127F58FB7060040F916232485
:1042A000D70881272324F708FD572322F7088547DD
:1042B0001CCB97E0FFFFE780E0031305100297E0B7
:1042C000FFFFE78020031305200297E0FFFFE78050
:1042D00060021305300297E0FFFFE780A001A260B3
:1042E00005454101828017C7DCE01307E7FD18434D
:1042F00097C7FEFF9387071B83B887023E8831EB81
:10430000854717C7DCE02321F7FC3785B8ED054763
:104310001305053217C3DCE01303C3449B070700F2
:104320002146BE8613FE17009BD517009B8705000C
:1043300063050E00B347B50081277D361376F60F6F
:1043400081276DF28A069A9605279CC21377F70F8C
:1043500071F77D5797C6DCE99386C6CA7D5697C527
:10436000DCE09385254031A883C706008506B98F18
:1043700093F7F70F8A07AE9788431B578700298F5B
:104380000127FD18E392C8FE032588011347F7FFB4
:10439000198D1335150082802A83B682054323A028
:1043A0006200014323A26200328323B462002A83A5
:1043B00023B862002E8323BC62001B03F00F13138B
:1043C000830123A262000D4323A062000F00F00FBF
:1043D0008280AA8203A3020013732300E31C03FE5E
:1043E00023A0020082802A83AE8311C623007300BB
:1043F0007D16050365FE82802A8309CA8383050032
:10440000230073007D16050385056DFA82802A83DB
:1044100009CA8393050023107300791609038905DF
:104420006DFA82802A8309CA83A3050023207300C2
:104430007116110391056DFA82802A8309CA83B32C
:1044400005002330730061162103A1056DFA8280F7
:104450002A83AE832A8E23300300833E0300130396
:104460000304E34A73FE370301022330C321130E12
:104470000E04E34C7EFE82802A83F32340F1854EB6
:10448000B39E7E00B3FE6E0063870E00F96273A0D8
:104490000230638203008280F96273B0023082804E
:1044A000000000000000000000000000000000000C
:1044B000C8E3FFFF54E5FFFF8CE5FFFFB8E5FFFF12
:1044C000F6E5FFFF0AE6FFFF30E6FFFF4AE6FFFFE3
:1044D0005EE6FFFF72E6FFFFA6E6FFFF36E7FFFF9F
:1044E00062E7FFFF82E7FFFFAAE7FFFF02E9FFFFA6
:1044F000EAE9FFFF86EAFFFF24EBFFFF9CF8FFFFDE
:1045000038EBFFFF6CEBFFFF9AEBFFFF9CF8FFFF20
:1045100032ECFFFFD2ECFFFF14EEFFFF9CF8FFFF31
:104520009CF8FFFF88EEFFFF9CF8FFFFD4F1FFFF30
:1045300034F2FFFFD6F2FFFF9CF8FFFF9CF8FFFF6D
:10454000F0F2FFFF9CF8FFFFE4F3FFFF10F4FFFF22
:104550002CF6FFFF90F6FFFFF0F6FFFF9CF8FFFF41
:104560009CF8FFFF9CF8FFFF9CF8FFFFD4F7FFFFCC
:104570009CF8FFFF96F8FFFF8AEFFFFF8AEAFFFF34
:104580000AF7FFFF48ECFFFFBCEBFFFF9CF8FFFFC3
:1045900050F8FFFF82F8FFFF9CF8FFFF9CF8FFFF39
:1045A0009CF8FFFF9CF8FFFF9CF8FFFF9CF8FFFFC3
:1045B0009CF8FFFF9CF8FFFF00ECFFFF2CECFFFFD7
:1045C00066F7FFFF00000000000000000000000090
:1045D00001000000200000000100000000000000B9
:1045E0000200000040000000020000000000000087
:1045F0000400000080000000030000000000000034
:10460000080000000001000004000000000000009D
:104610001000000000020000050000000000000083
:104620002000000000000000060000000000000064
:104630004000000000000000070000000000000033
:1046400080000000000000000800000000000000E2
:104650000001000000000000090000000000000050
:1046600000020000000000000A000000000000003E
:1046700000040000000400000B0000000000000027
:1046800000080000000800000C000000000000000E
:1046900000100000001000000D00000000000000ED
:1046A00000200000002000000E00000000000000BC
:1046B00000400000004000000F000000000000006B
:1046C00000800000008000001000000000000000DA
:1046D00000000100020000001100000000000000C6
:1046E00000000200040000001200000000000000B2
:1046F0000000040010000000130000000000000093
:10470000000008000000100014000000000000007D
:104710000000100000002000150000000000000054
:104720000000200000004000160000000000000013
:10473000000040000000040017000000000000001E
:1047400000008000000000001800000000000000D1
:10475000000000010000001019000000000000002F
:1047600000000002000001001A000000000000002C
:1047700000000004000008001B0000000000000012
:1047800000000008000000101C00000000000000F5
:1047900000000040080000001D00000000000000B4
:1047A00000000040080000001E00000000000000A3
:1047B00000000040080000001F0000000000000092
:1047C0000000008000000020200000000100000028
:1047D00001000000000000012100000001000000B5
:1047E00002000000000000022200000001000000A2
:1047F000040000000000000423000000010000008D
:104800000800000000000008000001C0BEEEFFC06C
:1048100001000200030004000500070009000D006C
:104820001100190021003100410061008100C10028
:104830000101810101020103010401060108010CCB
:10484000011001180120013001400160000000004A
:10485000000000000101020203030404050506062E
:104860000707080809090A0A0B0B0C0C0D0D0000BC
:1048700003000400050006000700080009000A0004
:104880000B000D000F001100130017001B001F008C
:1048900023002B0033003B004300530063007300F0
:1048A0008300A300C300E300020100000000000039
:1048B00010111200080709060A050B040C030D026B
:1048C0000E010F00000000000000000000000000CA
:1048D00001010101020202020303030304040404B0
:1048E00005050505000000000101000001000000B1
:1048F00004000000000000000505040000000000A6
:10490000020307000000000003030B00000000008A
:10491000040000001400000003000000474E550092
:1049200039C4712CF6026018E34277395D0171CA0F
:10493000B42E6B61000000000000000000000000C9
:10494000004001080000000001000000000000001D
:104950000000000000000000000000000000000057
:104960000000000000000000000000000000000047
:104970000000000000000000000000000000000037
:104980001B5B324A1B5B481B5B306D0D0A4853535F
:104990003A206465636F6D7072657373696E67202A
:1049A00066726F6D20654E564D20746F204C32201C
:1049B00053637261746368202E2E2E2000005061B4
:1049C000737365640D0A004661696C65640D0A00C5
:1049D00000000000000000000000000000000000D7
:1049E00000000000000000000000000000000000C7
:1049F00000000000000000000000000000000000B7
:104A000000000000000000000000000000000000A6
:104A10000000000000000000000000000000000096
:104A20000000000000000000000000000000000086
:104A30000000000000000000000000000000000076
:104A40000000000000000000000000000000000066
:104A50000000000000000000000000000000000056
:104A60000000000000000000000000000000000046
:104A70000000000000000000000000000000000036
:104A80000000000000000000000000000000000026
:104A90000000000000000000851000000000000081
:104AA000000000005FF55FF5BFFFFFFF3333FBFF42
:104AB0000000000000000000290829082908290832
:104AC000290829082908290829082908290829085E
:104AD000290829082908290829082908290829084E
:104AE000290829082908290830093009300930091E
:104AF00030093009280928093009300930093009FE
:104B00003009300900000000000000000000000033
:00000001FF
